127026;-170729;48899;26193;1
108103;-175723;47716;25881;1
109438;-164034;47799;26611;4
128229;-179889;48974;25620;1
102678;-176361;47377;25841;1
119118;-191255;48404;24910;2
99527;-168537;47180;26330;8
113232;-186155;48037;25229;2
122218;-185521;48598;25268;2
118217;-167929;48348;26368;2
101022;-166022;47273;26487;1
127358;-183177;48919;25415;1
113998;-170133;48084;26230;4
117401;-176699;48297;25820;4
123175;-181570;48658;25515;2
104484;-190045;47490;24986;8
118235;-174904;48349;25932;8
124699;-181642;48753;25511;8
123172;-177779;48658;25752;4
127318;-167846;48917;26373;2
128103;-170726;48966;26193;8
98683;-175546;47127;25892;2
127401;-179937;48922;25617;1
121674;-195531;48564;24643;2
117005;-183687;48272;25383;2
105738;-166130;47568;26480;8
129300;-167070;49041;26422;1
108215;-192754;47723;24816;2
129524;-170561;49055;26203;4
104563;-179782;47495;25627;1
118718;-174970;48379;25928;2
108171;-169685;47720;26258;1
100289;-164013;47228;26613;2
108435;-178632;47737;25699;4
113888;-190556;48078;24954;8
106478;-194465;47614;24709;8
120729;-193945;48505;24742;8
117690;-195621;48315;24637;4
119306;-173013;48416;26050;1
121580;-175661;48558;25885;2
123976;-173554;48708;26016;4
114595;-175860;48122;25872;1
126769;-172198;48883;26101;1
101470;-168059;47301;26360;1
115922;-170544;48205;26205;8
120040;-166581;48462;26452;1
108633;-175961;47749;25866;8
127210;-185486;48910;25271;1
109351;-178609;47794;25700;2
105890;-186396;47578;25214;4
120141;-180207;48468;25601;4
114691;-192104;48128;24857;4
125027;-179835;48774;25624;8
109398;-175064;47797;25922;1
127391;-168020;48921;26362;1
120281;-164503;48477;26582;4
112863;-189143;48013;25042;2
112700;-191249;48003;24910;1
113018;-180770;48023;25565;1
123780;-176241;48696;25848;8
123777;-187121;48696;25168;8
128672;-183498;49002;25395;8
120314;-175587;48479;25889;4
118935;-165566;48393;26516;8
115011;-170232;48148;26224;8
124761;-181698;48757;25507;8
109011;-193816;47773;24750;1
106999;-192180;47647;24852;4
127425;-186429;48924;25212;2
111351;-184556;47919;25329;4
110651;-180658;47875;25572;2
113082;-188853;48027;25060;2
123762;-189690;48695;25008;8
127852;-170105;48950;26232;4
130278;-184217;49102;25350;2
103981;-170863;47458;26185;1
110618;-180246;47873;25598;8
128325;-164371;48980;26590;1
121130;-165357;48530;26529;2
124551;-191165;48744;24916;1
124591;-190996;48746;24926;8
121162;-177315;48532;25781;4
99355;-167815;47169;26375;8
116477;-181230;48239;25537;1
115611;-187817;48185;25125;2
99106;-181601;47154;25513;1
117629;-174594;48311;25951;2
105371;-170526;47545;26206;1
120601;-191462;48497;24897;1
127591;-170150;48934;26229;2
98586;-176668;47121;25822;1
127192;-185889;48909;25245;2
104585;-188492;47496;25083;1
115983;-166670;48208;26447;1
113257;-186193;48038;25226;2
114355;-176415;48107;25838;8
125609;-190095;48810;24983;1
101316;-164423;47292;26587;8
108543;-181073;47743;25546;4
113887;-171647;48077;26136;4
121316;-183276;48542;25409;1
104825;-191007;47511;24926;8
110085;-178075;47840;25734;1
110159;-189789;47844;25002;1
123360;-193423;48670;24775;1
127500;-176672;48928;25822;4
116859;-194536;48263;24705;2
121665;-165570;48564;26515;2
98567;-175363;47120;25903;1
118584;-184018;48371;25362;1
123797;-189722;48697;25006;1
106557;-185622;47619;25262;1
115508;-188474;48179;25084;8
119580;-178079;48433;25734;4
110645;-195406;47875;24651;2
130443;-192531;49112;24830;2
126129;-196429;48843;24587;1
105394;-177752;47547;25754;8
113553;-168082;48057;26358;1
103857;-174406;47451;25963;1
110320;-181201;47855;25538;1
124210;-186718;48723;25194;1
100579;-177161;47246;25791;8
127246;-189617;48912;25012;4
118191;-164822;48346;26562;4
127685;-179567;48940;25641;4
102872;-173128;47389;26043;4
105085;-170940;47527;26180;1
116073;-179731;48214;25630;2
117674;-195710;48314;24632;8
120090;-183565;48465;25391;4
107463;-167898;47676;26370;4
105183;-163880;47533;26621;4
103922;-185996;47455;25239;1
112527;-180457;47992;25585;8
126083;-196383;48840;24590;4
107691;-191561;47690;24891;4
125860;-179785;48826;25627;8
118705;-172767;48379;26066;8
111107;-177607;47904;25763;8
106914;-189101;47642;25045;1
120879;-176015;48514;25863;8
99347;-167989;47169;26364;8
123134;-183631;48655;25387;1
115618;-193271;48186;24784;4
110315;-181429;47854;25524;2
118681;-184699;48377;25320;4
117486;-192189;48302;24852;8
122528;-165027;48618;26549;2
124735;-172881;48755;26058;8
126845;-186745;48887;25192;1
101488;-183412;47303;25400;8
106799;-189366;47634;25028;1
117425;-179543;48299;25642;8
130805;-165233;49135;26536;1
107352;-189224;47669;25037;2
98602;-176909;47122;25807;1
119889;-183892;48453;25370;2
123190;-177313;48659;25781;1
105796;-183177;47572;25415;8
110572;-165064;47870;26547;8
113726;-165884;48067;26496;4
117318;-187634;48292;25136;2
116299;-184332;48228;25343;2
127727;-174163;48942;25978;8
123923;-182768;48705;25441;4
110753;-177179;47882;25790;8
121357;-180687;48544;25571;4
130511;-186085;49116;25233;4
119266;-187286;48414;25158;4
107216;-181872;47661;25497;2
119313;-189294;48417;25033;8
107995;-176550;47709;25829;2
129744;-178907;49069;25682;4
119800;-190937;48447;24930;2
118486;-164515;48365;26581;2
126486;-190403;48865;24963;8
117117;-172388;48279;26089;1
99673;-169492;47189;26270;8
101938;-171759;47331;26129;8
113602;-192885;48060;24808;8
124086;-176338;48715;25842;8
110266;-181431;47851;25524;1
117163;-196005;48282;24613;8
125644;-180945;48812;25554;4
101762;-170274;47320;26221;4
107351;-189853;47669;24998;8
116870;-181589;48264;25514;4
99144;-183039;47156;25424;4
128697;-167321;49003;26406;8
116927;-168025;48267;26362;1
125591;-173560;48809;26016;8
125931;-177037;48830;25799;8
117671;-195557;48314;24641;4
104578;-172298;47496;26095;8
113137;-189186;48031;25039;2
125584;-178758;48809;25691;2
123536;-180301;48681;25595;2
104625;-190341;47499;24967;2
113025;-164572;48024;26578;1
110095;-176910;47840;25807;1
112281;-175549;47977;25892;8
118915;-181045;48392;25548;8
130778;-169014;49133;26300;2
102016;-174539;47336;25955;2
113311;-192745;48041;24817;2
101790;-174611;47321;25950;1
113634;-196074;48062;24609;1
121802;-173238;48572;26036;8
117988;-196200;48334;24601;2
120574;-187634;48495;25136;4
105376;-175292;47546;25908;1
111974;-178390;47958;25714;4
122785;-165158;48634;26541;2
105221;-178713;47536;25694;8
110451;-191459;47863;24897;8
125171;-186310;48783;25219;8
104857;-178678;47513;25696;8
125997;-174427;48834;25962;2
100917;-179600;47267;25639;4
107321;-164846;47667;26561;1
106862;-190794;47638;24939;2
99152;-172781;47157;26065;8
108610;-172059;47748;26110;4
104606;-189689;47497;25008;2
125622;-178715;48811;25694;8
116353;-175036;48232;25924;2
106501;-196291;47616;24595;1
113505;-186035;48054;25236;1
127591;-175858;48934;25872;1
124079;-182723;48714;25443;1
103521;-179283;47430;25658;1
103226;-174964;47411;25928;4
108120;-192311;47717;24844;2
127828;-164131;48949;26605;8
118760;-174114;48382;25981;1
110869;-183624;47889;25387;8
128541;-176047;48993;25861;1
130892;-164291;49140;26595;4
129859;-173388;49076;26027;8
109482;-191054;47802;24923;4
114545;-165552;48119;26517;8
119137;-171789;48406;26127;1
112794;-178916;48009;25681;1
127544;-183048;48931;25423;4
122416;-186055;48611;25235;8
98703;-175601;47128;25888;4
124855;-178322;48763;25718;4
118489;-164746;48365;26567;2
114940;-195165;48143;24666;8
127132;-185483;48905;25271;1
121374;-165881;48545;26496;1
103503;-174103;47428;25982;2
103341;-169185;47418;26289;1
109810;-185703;47823;25257;8
107676;-186911;47689;25182;1
109900;-187580;47828;25140;1
130453;-166744;49113;26442;2
104844;-172152;47512;26104;2
102030;-164022;47336;26612;8
119246;-187470;48412;25147;2
110362;-175610;47857;25888;4
128021;-177404;48961;25776;2
109248;-187622;47788;25137;8
99308;-172213;47166;26100;8
120654;-166763;48500;26441;8
108085;-188558;47715;25079;4
104537;-189749;47493;25004;1
126756;-171280;48882;26159;4
130024;-184312;49086;25344;1
112891;-189118;48015;25044;2
125265;-177938;48789;25742;1
126626;-192710;48874;24819;4
114484;-172373;48115;26090;8
114862;-194620;48138;24700;4
118256;-190897;48351;24932;1
114239;-195045;48099;24673;8
111484;-183757;47927;25379;4
101456;-182283;47301;25471;2
107155;-185869;47657;25247;1
100656;-180456;47251;25585;4
126266;-180254;48851;25598;1
126508;-167408;48866;26401;4
114096;-187989;48091;25114;4
127852;-164290;48950;26595;2
129414;-168783;49048;26315;8
109645;-191772;47812;24878;8
128231;-166596;48974;26451;4
107245;-185506;47662;25269;2
109553;-189200;47807;25039;4
124950;-181522;48769;25518;8
108148;-193044;47719;24798;2
103852;-174387;47450;25964;1
104681;-166739;47502;26442;1
123678;-175141;48689;25917;4
101702;-182491;47316;25458;4
113804;-196333;48072;24593;2
117301;-181595;48291;25514;4
119886;-182721;48452;25443;2
106575;-171851;47620;26123;4
127204;-181266;48910;25534;1
130371;-175230;49108;25912;4
121208;-171195;48535;26164;2
103308;-169164;47416;26291;4
125152;-189922;48782;24993;4
99362;-166715;47170;26444;4
99199;-183771;47159;25378;2
126137;-195987;48843;24614;8
120573;-167270;48495;26409;4
116107;-178823;48216;25687;4
124234;-193980;48724;24740;8
115958;-170623;48207;26200;1
106255;-166794;47600;26439;2
106894;-180471;47640;25584;2
105641;-172989;47562;26052;1
114393;-168379;48109;26340;8
128690;-179371;49003;25653;4
114085;-176605;48090;25826;4
119723;-180116;48442;25606;2
124015;-174560;48710;25954;2
101903;-164665;47328;26572;2
111170;-165567;47908;26516;8
104932;-194087;47518;24733;8
115336;-194512;48168;24707;2
124982;-190063;48771;24985;8
107001;-185580;47647;25265;2
113584;-189937;48059;24992;2
115794;-176733;48197;25818;1
115427;-190840;48174;24936;1
107775;-168019;47695;26362;4
110244;-181388;47850;25527;2
112446;-188224;47987;25100;2
125715;-178808;48817;25688;1
118845;-189705;48387;25007;4
101333;-170232;47293;26224;4
116415;-178898;48235;25682;8
106428;-168654;47611;26323;4
100107;-183772;47216;25378;2
128840;-171323;49012;26156;4
128984;-171096;49021;26170;8
105130;-192363;47530;24841;1
98641;-174602;47125;25951;1
105091;-193507;47528;24769;1
119922;-190011;48455;24988;4
113659;-195622;48063;24637;2
115551;-177262;48181;25785;2
121433;-188079;48549;25109;8
130381;-184569;49108;25328;1
120332;-188048;48480;25111;8
101749;-178246;47319;25723;4
103575;-166530;47433;26455;4
116429;-191943;48236;24867;1
104005;-172840;47460;26061;1
125238;-189795;48787;25001;1
110996;-183549;47897;25392;1
118040;-187353;48337;25154;4
110596;-177998;47872;25739;8
110045;-185321;47837;25281;2
103224;-165542;47411;26517;4
126632;-166162;48874;26478;8
112815;-190860;48010;24935;4
111302;-189568;47916;25016;2
129681;-189292;49065;25033;8
122704;-184101;48629;25357;8
127154;-180998;48907;25551;4
108156;-181163;47719;25541;2
116208;-185066;48223;25297;1
119455;-177843;48425;25748;2
105444;-178313;47550;25719;4
107236;-188133;47662;25105;8
99516;-179168;47179;25666;4
114265;-168415;48101;26338;8
124485;-164169;48740;26603;2
98635;-179039;47124;25674;4
104407;-187417;47485;25150;1
100272;-170369;47227;26215;1
104561;-179746;47495;25629;8
106572;-170900;47620;26182;2
126772;-191954;48883;24866;2
119872;-176752;48452;25817;4
106137;-178901;47593;25682;4
121754;-181575;48569;25515;1
99977;-177656;47208;25760;4
115276;-195281;48164;24658;4
117077;-172178;48277;26102;8
98921;-174460;47142;25960;1
110211;-186682;47848;25196;8
122364;-187046;48607;25173;8
107210;-168996;47660;26301;8
126062;-195735;48838;24630;4
101443;-182380;47300;25465;8
124119;-166307;48717;26469;8
101775;-183708;47320;25382;8
122837;-184930;48637;25305;2
114746;-175976;48131;25865;1
125167;-189901;48782;24995;1
106239;-192027;47599;24862;2
113287;-164341;48040;26592;8
130501;-181038;49116;25549;8
122535;-165056;48618;26548;4
124777;-184570;48758;25328;4
106026;-179217;47586;25662;1
115251;-193960;48163;24741;8
129115;-180110;49029;25607;1
114274;-184803;48102;25313;8
118860;-187458;48388;25147;2
111370;-173074;47920;26046;4
130508;-193627;49116;24762;1
129134;-167614;49030;26388;8
127990;-171920;48959;26119;2
110225;-191942;47849;24867;4
118234;-173754;48349;26004;4
129431;-171558;49049;26141;8
123219;-177668;48661;25759;8
124972;-188650;48770;25073;1
113802;-176640;48072;25824;8
104899;-164515;47516;26581;2
118351;-174495;48356;25958;8
101271;-181698;47289;25507;1
127567;-166765;48932;26441;1
117105;-195830;48279;24624;4
107564;-181787;47682;25502;4
102602;-176645;47372;25823;4
113247;-173888;48037;25996;8
117619;-163893;48311;26620;1
108136;-189237;47718;25036;1
120646;-182162;48500;25478;8
113991;-164856;48084;26560;8
124937;-185650;48768;25260;4
116316;-176895;48229;25808;1
124357;-175160;48732;25916;4
110378;-186542;47858;25205;8
126622;-168318;48873;26344;4
100958;-166692;47269;26445;8
126856;-180141;48888;25605;4
115303;-191656;48166;24885;1
118710;-184584;48379;25327;2
112146;-182407;47969;25463;4
123516;-191410;48679;24900;2
113241;-193243;48037;24786;4
99902;-176455;47203;25835;4
117663;-185800;48313;25251;8
108004;-168212;47710;26350;1
126500;-183520;48866;25394;1
117940;-175494;48331;25895;1
118781;-192028;48383;24862;8
113833;-196164;48074;24603;4
114522;-184912;48117;25307;8
117396;-179385;48297;25652;2
101828;-184296;47324;25345;2
112222;-164731;47973;26568;4
115838;-190840;48199;24936;4
103060;-184762;47401;25316;8
107337;-180170;47668;25603;1
120464;-170768;48489;26191;4
110795;-173797;47884;26001;2
117313;-182058;48292;25485;8
119785;-175862;48446;25872;4
108138;-168464;47718;26335;8
118326;-186467;48355;25209;4
101278;-183777;47289;25377;8
110245;-191220;47850;24912;4
118899;-181005;48391;25551;8
109366;-192898;47795;24807;8
111075;-193041;47902;24798;8
105339;-171989;47543;26114;1
98805;-179448;47135;25648;8
118107;-180666;48341;25572;2
107940;-188665;47706;25072;8
129924;-172456;49080;26085;4
119883;-183023;48452;25425;4
104050;-172756;47463;26066;1
116990;-187088;48271;25171;8
121719;-175053;48567;25923;1
114858;-191911;48138;24869;4
103934;-174403;47455;25963;1
109345;-191078;47794;24921;1
109722;-190332;47817;24968;1
124224;-176344;48724;25842;1
105993;-166127;47584;26481;1
114839;-170154;48137;26229;1
126651;-167219;48875;26412;4
129960;-173498;49082;26020;8
121897;-188571;48578;25078;1
122173;-165189;48595;26539;2
111909;-196033;47954;24611;4
107923;-188170;47705;25103;2
130086;-185576;49090;25265;4
100319;-166684;47229;26446;1
125607;-191097;48810;24920;8
115895;-167407;48203;26401;2
119935;-178097;48455;25732;2
108084;-172361;47715;26091;2
124900;-163866;48766;26622;2
113297;-192799;48041;24814;4
118615;-186916;48373;25181;1
128754;-194776;49007;24690;2
99764;-169855;47195;26248;2
99410;-184209;47173;25350;2
129852;-165356;49075;26529;1
124312;-181507;48729;25519;2
123930;-178650;48705;25698;1
124925;-169058;48767;26297;2
127008;-168392;48898;26339;4
126515;-172010;48867;26113;2
129741;-178776;49068;25690;4
117026;-195796;48274;24626;8
126089;-183771;48840;25378;2
99464;-170962;47176;26178;2
127147;-164887;48906;26558;2
118117;-181103;48342;25545;8
124073;-174626;48714;25949;8
126928;-176029;48893;25862;4
128504;-181250;48991;25535;4
120516;-180332;48492;25593;4
115073;-173408;48152;26026;8
120711;-171575;48504;26140;8
116875;-190904;48264;24932;2
127642;-179530;48937;25643;8
108030;-180555;47711;25579;4
123011;-165494;48648;26520;2
105013;-180556;47523;25579;8
113229;-178132;48036;25730;1
108350;-186807;47731;25188;8
130810;-186358;49135;25216;1
122286;-185484;48602;25271;1
115946;-196380;48206;24590;8
118785;-168988;48384;26302;4
101927;-164504;47330;26582;8
122953;-179888;48644;25621;4
99368;-167307;47170;26407;8
118466;-164572;48364;26578;8
110494;-182895;47865;25433;4
111915;-182191;47954;25477;1
101866;-174541;47326;25955;1
103358;-166006;47419;26488;2
106662;-185618;47626;25262;8
106302;-166793;47603;26439;4
130588;-167186;49121;26414;4
108061;-176996;47713;25801;2
120905;-191028;48516;24924;1
122209;-188336;48598;25093;8
126022;-165203;48836;26538;8
118988;-165562;48396;26516;4
129522;-165189;49055;26539;4
113577;-168017;48058;26362;2
122072;-164403;48589;26588;1
105624;-194583;47561;24702;1
107134;-190726;47655;24943;8
127067;-193602;48901;24763;1
111461;-179421;47926;25650;4
116918;-177862;48267;25747;1
122186;-174329;48596;25968;2
111246;-187704;47912;25132;1
99537;-171112;47181;26169;4
119348;-189154;48419;25041;8
127510;-170119;48929;26231;4
117806;-176313;48322;25844;2
123890;-170077;48703;26234;2
99954;-178952;47207;25679;4
113579;-176503;48058;25832;2
106342;-178953;47606;25679;4
128319;-179676;48979;25634;1
104591;-190708;47496;24944;1
122505;-164956;48616;26554;2
121147;-168754;48531;26316;1
101649;-168014;47313;26363;1
105362;-171066;47545;26172;4
102503;-176093;47366;25858;1
101778;-174498;47321;25957;1
104071;-164081;47464;26608;2
128755;-167397;49007;26401;4
128748;-179761;49006;25628;2
112952;-177114;48019;25794;2
127606;-170446;48935;26211;8
120766;-166521;48507;26456;8
114583;-187668;48121;25134;2
127016;-166856;48898;26435;8
101627;-165486;47311;26521;2
111180;-177590;47908;25764;8
101577;-180995;47308;25551;8
117774;-174338;48320;25967;8
104947;-191762;47519;24878;8
107395;-184609;47672;25325;1
123711;-175216;48691;25913;8
107693;-174245;47690;25973;2
114906;-195467;48141;24647;4
116137;-184542;48218;25330;8
100359;-185998;47232;25239;8
98656;-178991;47126;25677;8
114209;-194376;48098;24715;8
113544;-165393;48056;26526;1
111756;-178022;47944;25737;8
118489;-186860;48365;25185;2
107632;-188256;47687;25098;2
115219;-183013;48161;25425;2
121442;-165700;48550;26507;2
107194;-190824;47659;24937;4
126389;-182113;48859;25481;1
108387;-175867;47734;25872;1
104380;-172732;47483;26068;8
109412;-182340;47798;25467;2
124919;-169081;48767;26296;4
122525;-187889;48617;25120;2
107213;-185163;47660;25291;1
99720;-169956;47192;26241;1
119182;-187468;48408;25147;4
108431;-193431;47736;24774;1
126826;-176930;48886;25805;2
116189;-169719;48221;26256;8
99390;-168390;47171;26339;4
116934;-190970;48268;24928;4
118856;-172034;48388;26111;2
111811;-176834;47948;25811;1
122105;-165160;48591;26541;8
102643;-175259;47375;25910;1
102391;-164195;47359;26601;2
127548;-176750;48931;25817;2
119766;-175698;48445;25882;2
111581;-173322;47933;26031;8
117271;-192271;48289;24847;8
111405;-177758;47922;25754;2
102144;-172631;47344;26074;4
130479;-181211;49114;25538;8
120540;-167437;48493;26399;1
123770;-187246;48695;25161;2
120052;-166432;48463;26462;2
128712;-179389;49004;25652;1
127919;-166892;48954;26433;4
120129;-180635;48468;25574;8
122349;-173427;48606;26024;2
130055;-167652;49088;26385;4
102293;-173508;47353;26019;4
99563;-165722;47182;26506;4
110889;-164199;47890;26601;2
121099;-165250;48528;26535;1
118711;-192660;48379;24822;8
118629;-186552;48374;25204;4
120267;-175572;48476;25890;1
128489;-175533;48990;25893;8
107015;-180221;47648;25600;4
119623;-182494;48436;25458;8
109637;-194504;47812;24707;2
117617;-181896;48311;25495;8
113951;-182043;48081;25486;2
114738;-196003;48131;24613;2
123336;-193241;48668;24786;4
127822;-189392;48948;25027;4
121359;-187090;48544;25170;1
123234;-165627;48662;26512;2
99974;-183756;47208;25379;2
104627;-190202;47499;24976;8
109573;-196043;47808;24611;1
121313;-167512;48542;26394;1
121133;-196360;48530;24591;8
121674;-175628;48564;25887;2
113838;-184871;48074;25309;4
125519;-177864;48804;25747;1
104629;-183640;47499;25386;8
111230;-171781;47911;26127;4
128024;-168705;48961;26319;8
118371;-181785;48358;25502;8
127259;-190041;48913;24986;8
114074;-184586;48089;25327;4
110403;-186612;47860;25200;8
117081;-179449;48277;25648;2
120993;-175997;48522;25864;4
115835;-191076;48199;24921;8
129823;-178935;49073;25680;2
118720;-171436;48380;26149;1
102896;-174972;47391;25928;1
105302;-180699;47541;25570;2
104079;-163989;47464;26614;2
128145;-166755;48969;26441;2
117693;-176456;48315;25835;2
126381;-170952;48858;26179;1
100698;-178468;47253;25709;4
108075;-181100;47714;25545;4
127190;-175655;48909;25885;4
110748;-193857;47881;24747;8
119044;-172040;48400;26111;8
126407;-185762;48860;25253;1
107926;-189706;47705;25007;8
114276;-178825;48102;25687;4
102104;-170898;47341;26182;8
121265;-180752;48539;25567;8
117530;-185457;48305;25272;4
117072;-194218;48277;24725;2
127972;-165073;48958;26546;8
121468;-196146;48551;24604;2
128747;-183597;49006;25389;2
121256;-177909;48538;25744;1
127842;-166082;48950;26483;2
114367;-171034;48107;26174;1
108171;-180270;47720;25597;4
115079;-182499;48152;25457;8
128304;-166757;48979;26441;2
104646;-178766;47500;25691;2
108751;-189313;47756;25031;4
130540;-193345;49118;24779;1
99462;-168508;47176;26332;1
127020;-167904;48898;26370;1
98442;-178205;47112;25726;8
107287;-189157;47665;25041;8
130374;-166908;49108;26432;8
126253;-180310;48850;25594;1
98611;-174693;47123;25945;2
116978;-177851;48271;25748;1
127159;-189845;48907;24998;8
108567;-164835;47745;26561;1
128751;-180132;49006;25605;1
127113;-177065;48904;25797;2
114731;-177448;48130;25773;2
98550;-178121;47119;25731;2
124632;-176307;48749;25844;2
118699;-186663;48378;25197;2
118291;-174495;48353;25958;2
110508;-175094;47866;25920;2
127773;-187455;48945;25148;2
123821;-187917;48698;25119;4
116176;-184118;48221;25356;8
120172;-173529;48470;26018;8
125131;-182730;48780;25443;8
99154;-181504;47157;25520;2
118523;-177837;48367;25749;4
108123;-181117;47717;25544;2
106145;-182116;47594;25481;2
99284;-184111;47165;25357;2
120090;-176653;48465;25823;8
119150;-173696;48406;26008;8
115021;-176362;48148;25841;8
112866;-193944;48014;24742;2
117585;-176017;48309;25862;8
106264;-168545;47601;26329;8
112524;-164802;47992;26563;4
115691;-184104;48190;25357;2
119601;-173454;48435;26023;4
121969;-181365;48583;25528;1
120746;-166816;48506;26438;2
121673;-165539;48564;26517;2
122705;-184846;48629;25311;8
118980;-173677;48396;26009;2
101610;-170291;47310;26220;1
121646;-173274;48562;26034;1
107959;-177635;47707;25761;4
110166;-181380;47845;25527;4
110313;-174505;47854;25957;8
121318;-167356;48542;26404;8
105630;-194464;47561;24710;2
128414;-181331;48985;25530;8
128167;-176648;48970;25823;1
108124;-172331;47717;26093;1
117109;-185155;48279;25291;1
103861;-178917;47451;25681;2
101302;-183560;47291;25391;1
105150;-193367;47531;24778;4
119264;-171277;48414;26159;2
104789;-169242;47509;26286;4
120287;-167972;48477;26365;4
111812;-190999;47948;24926;1
115836;-178942;48199;25680;4
115289;-191689;48165;24883;2
124983;-188557;48771;25079;2
106223;-168108;47598;26357;4
116960;-175208;48270;25913;4
106303;-166875;47603;26434;4
114141;-195262;48093;24660;8
129740;-164642;49068;26573;4
106253;-193901;47600;24745;4
117651;-176594;48313;25826;4
114701;-191017;48128;24925;4
126768;-170505;48883;26207;2
118286;-170569;48352;26203;2
110452;-173664;47863;26010;4
116868;-171905;48264;26119;8
107930;-163931;47705;26618;8
122101;-165008;48591;26551;8
129240;-166928;49037;26431;2
128971;-178262;49020;25722;4
119914;-173207;48454;26038;1
108064;-191725;47714;24881;2
103910;-185936;47454;25243;1
128061;-170215;48963;26225;1
112749;-174915;48006;25931;4
130378;-177229;49108;25787;2
123157;-188352;48657;25092;1
129410;-165226;49048;26537;8
128005;-167305;48960;26407;4
111853;-178751;47950;25692;1
108100;-187141;47716;25167;1
126672;-185898;48877;25245;2
110195;-190288;47847;24971;1
128321;-190458;48980;24960;8
118121;-164622;48342;26575;2
116802;-186056;48260;25235;2
104872;-177358;47514;25779;1
124902;-167657;48766;26385;4
129825;-168529;49074;26330;8
103951;-174229;47456;25974;8
117920;-189242;48330;25036;8
110456;-183906;47863;25369;8
100479;-166816;47239;26438;1
125514;-182435;48804;25461;4
104635;-188824;47499;25062;4
100067;-177049;47214;25798;2
104697;-183626;47503;25387;1
126080;-170629;48840;26199;2
129189;-181116;49034;25544;2
131060;-176476;49151;25834;1
113612;-173507;48060;26019;4
106193;-177325;47597;25781;1
100772;-186047;47258;25236;2
106168;-168969;47595;26303;1
115557;-181540;48182;25517;8
98885;-174244;47140;25973;8
116857;-183361;48263;25403;2
125738;-163869;48818;26622;1
112479;-190222;47989;24975;1
114962;-164354;48145;26591;1
113302;-192518;48041;24831;4
107488;-180522;47678;25581;2
110899;-173480;47891;26021;4
111861;-178465;47951;25709;2
125310;-177996;48791;25739;2
99098;-182852;47153;25435;2
127210;-180988;48910;25552;1
121942;-188597;48581;25076;2
99524;-166128;47180;26481;1
112058;-193320;47963;24781;4
117861;-187105;48326;25169;4
99133;-182252;47155;25473;8
112331;-166402;47980;26463;8
103886;-169176;47452;26290;4
130441;-169095;49112;26295;2
106402;-166790;47610;26439;2
123454;-189624;48675;25012;8
118582;-170624;48371;26200;1
101289;-183169;47290;25415;8
126814;-166845;48885;26436;8
121196;-166610;48534;26450;1
102695;-174978;47378;25927;2
126683;-166241;48877;26473;4
113524;-175370;48055;25903;8
113200;-166129;48035;26480;8
126645;-177207;48875;25788;8
123224;-177372;48661;25778;1
99246;-184137;47162;25355;2
129746;-165539;49069;26517;4
126658;-180020;48876;25612;1
108394;-184814;47734;25313;4
125923;-178320;48830;25719;2
118895;-189158;48390;25041;1
110768;-184034;47883;25361;8
124011;-180829;48710;25562;4
112952;-166216;48019;26475;8
103868;-185248;47451;25286;8
122417;-184253;48611;25348;2
115501;-181616;48178;25513;4
113878;-192036;48077;24861;2
107372;-172628;47670;26074;1
126641;-186184;48875;25227;2
116413;-175175;48235;25915;2
127028;-189655;48899;25010;2
120622;-182151;48498;25479;4
119168;-191109;48408;24919;1
123978;-194503;48708;24707;4
107791;-180597;47696;25576;4
107411;-170450;47673;26210;1
111783;-183330;47946;25405;8
111103;-177906;47903;25744;4
113775;-188842;48070;25061;4
105237;-183520;47537;25394;8
121831;-164572;48574;26578;8
113680;-189803;48065;25001;2
130029;-190685;49086;24946;1
124718;-178808;48754;25688;2
115926;-190923;48205;24931;4
120605;-183874;48497;25371;2
105072;-192073;47527;24859;1
127695;-183245;48940;25411;2
108430;-181386;47736;25527;8
127763;-164474;48945;26584;8
121520;-181595;48555;25514;4
115461;-184036;48176;25361;8
98612;-174650;47123;25948;1
117998;-192664;48334;24822;8
109393;-187659;47797;25135;2
113180;-186390;48033;25214;2
114804;-167321;48135;26406;1
109927;-192404;47830;24838;1
120698;-166616;48503;26450;1
128105;-177482;48966;25771;8
106623;-184089;47623;25358;4
116602;-164939;48247;26555;1
117270;-184002;48289;25363;4
116823;-171797;48261;26126;2
117859;-174233;48326;25974;8
116955;-196214;48269;24600;2
118926;-180862;48392;25560;8
110208;-193834;47848;24749;8
128587;-178786;48996;25689;8
119391;-178899;48421;25682;2
113503;-164344;48053;26592;4
123365;-178046;48670;25736;2
115953;-181954;48207;25491;4
125753;-180720;48819;25569;8
130290;-185910;49103;25244;2
109147;-188004;47781;25113;8
120151;-180672;48469;25572;1
101370;-168200;47295;26351;1
118901;-189780;48391;25002;1
109283;-187732;47790;25130;1
129802;-184191;49072;25352;1
123389;-192979;48671;24802;4
116876;-196219;48264;24600;8
106921;-186135;47642;25230;2
129358;-174257;49044;25972;2
108266;-169816;47726;26250;4
130202;-165607;49097;26513;2
128096;-195971;48966;24615;2
101600;-175182;47310;25915;1
103635;-174129;47437;25980;4
105596;-190343;47559;24967;4
105908;-178316;47579;25719;4
119201;-171282;48410;26158;8
121483;-175713;48552;25881;2
106908;-192252;47641;24848;8
131055;-166700;49150;26445;1
114249;-178948;48100;25679;2
120497;-176643;48491;25823;1
112487;-176271;47990;25847;1
130466;-166718;49114;26444;8
117105;-187025;48279;25174;2
99966;-179675;47207;25634;4
126983;-167432;48896;26399;2
120443;-166523;48487;26456;2
124949;-191040;48769;24924;1
103418;-178397;47423;25714;1
127796;-164912;48947;26557;1
98679;-178964;47127;25678;2
118895;-183345;48390;25404;8
115881;-196339;48202;24592;2
127222;-172968;48911;26053;8
119007;-180774;48397;25565;4
99538;-169276;47181;26284;2
114139;-175548;48093;25892;1
117787;-171924;48321;26118;1
104004;-167129;47460;26418;4
102241;-169203;47350;26288;2
112640;-191280;48000;24909;2
117139;-177650;48281;25760;4
108477;-193109;47739;24794;1
124992;-190879;48772;24934;1
120156;-183036;48469;25424;1
121727;-188058;48567;25110;8
123825;-188124;48699;25106;8
109775;-192933;47820;24805;1
115788;-164212;48196;26600;2
103881;-170947;47452;26179;1
130228;-164124;49099;26606;8
109950;-194411;47831;24713;1
118184;-164705;48346;26569;1
114827;-195556;48136;24641;8
107760;-187860;47695;25122;8
118113;-174907;48342;25932;8
125680;-190092;48815;24983;2
103126;-176264;47405;25847;2
127410;-166438;48923;26461;4
122221;-174299;48598;25970;1
120683;-169676;48502;26259;2
115484;-177171;48177;25790;8
114375;-179322;48108;25656;4
118487;-171557;48365;26141;4
115861;-193560;48201;24766;8
105221;-180624;47536;25575;2
118679;-179350;48377;25654;2
101546;-170097;47306;26232;8
129926;-190615;49080;24950;4
101469;-183781;47301;25377;4
101124;-182376;47280;25465;8
123842;-187985;48700;25114;8
116188;-187785;48221;25127;4
126540;-186509;48868;25207;1
99154;-182811;47157;25438;2
109057;-187591;47776;25139;1
130515;-193499;49117;24770;8
107146;-184639;47656;25324;2
100963;-168601;47270;26326;8
130357;-193400;49107;24776;8
111315;-175199;47917;25914;8
129404;-174695;49047;25945;2
114509;-185198;48116;25289;8
124191;-181616;48721;25513;1
99985;-182647;47209;25448;2
112594;-166515;47997;26456;8
103583;-183636;47433;25386;2
107756;-174395;47694;25964;8
127006;-171100;48897;26170;2
115156;-193592;48157;24764;1
123620;-188982;48686;25052;2
119536;-179890;48431;25620;8
120500;-167576;48491;26390;4
102480;-184917;47365;25306;2
117896;-179145;48328;25667;8
128242;-180192;48975;25602;4
108057;-180824;47713;25562;4
109338;-163996;47793;26614;4
113637;-168224;48062;26350;8
100699;-181420;47253;25525;8
108024;-175514;47711;25894;1
107938;-187646;47706;25136;1
121252;-169801;48538;26251;2
124998;-167637;48772;26386;1
106410;-191853;47610;24873;2
127457;-165455;48926;26523;1
123441;-191293;48675;24908;4
109687;-195127;47815;24668;8
119064;-191359;48401;24904;8
125475;-188544;48802;25080;4
98578;-175450;47121;25898;1
114185;-165343;48096;26530;1
116725;-168072;48255;26359;4
117385;-164505;48296;26582;2
108451;-185128;47738;25293;4
117571;-184912;48308;25307;2
120008;-176663;48460;25822;2
119057;-172052;48401;26110;8
108971;-190096;47770;24983;4
124267;-181956;48726;25491;2
106774;-182953;47633;25429;2
119120;-171145;48405;26167;2
118860;-173937;48388;25992;8
122191;-174315;48596;25969;2
108210;-191185;47723;24914;4
109671;-191747;47814;24879;4
108115;-168572;47717;26328;2
109974;-188728;47833;25068;1
113142;-184406;48031;25338;2
126055;-182454;48838;25460;8
111335;-172600;47918;26076;8
121068;-170787;48526;26189;4
107800;-184897;47697;25307;4
119885;-176708;48452;25819;2
102734;-165187;47380;26539;4
103689;-174062;47440;25985;8
128449;-166720;48988;26444;8
114195;-165370;48097;26528;4
111739;-173985;47943;25989;2
100571;-178174;47245;25728;4
101616;-165472;47311;26522;2
107502;-167893;47678;26370;1
105053;-193545;47525;24767;8
128533;-176758;48993;25816;4
111750;-171666;47944;26134;1
118398;-181445;48359;25523;1
107253;-190596;47663;24951;8
121676;-193816;48564;24750;4
120985;-171304;48521;26157;1
121836;-181765;48574;25503;4
124416;-183518;48736;25394;4
122465;-182791;48614;25439;8
101404;-182198;47297;25476;1
128640;-177845;49000;25748;4
101716;-173346;47317;26029;1
127389;-168046;48921;26361;1
117724;-177766;48317;25753;4
121601;-180692;48560;25570;4
107286;-180562;47665;25578;8
108842;-177886;47762;25746;1
115816;-190785;48198;24939;4
123917;-174469;48704;25959;2
114533;-179396;48118;25651;4
127607;-166783;48935;26440;1
112260;-188930;47976;25055;4
112225;-185235;47974;25286;4
116816;-196076;48261;24609;2
126726;-170080;48880;26234;2
106671;-184174;47626;25353;1
111967;-175689;47957;25883;4
105472;-179197;47552;25664;8
115098;-191670;48153;24884;1
119081;-191235;48402;24911;4
114112;-165315;48092;26531;1
114509;-170460;48116;26210;8
100888;-166080;47265;26484;2
126637;-176264;48874;25847;8
104855;-164393;47513;26589;4
117717;-177744;48317;25755;1
112928;-175770;48018;25878;2
99231;-183830;47161;25374;4
110578;-182326;47871;25468;8
120741;-180930;48506;25555;8
115374;-173673;48170;26009;2
99327;-180423;47167;25587;2
121447;-183775;48550;25378;2
116119;-184567;48217;25328;2
126424;-186125;48861;25231;4
127844;-164117;48950;26606;8
118165;-183357;48345;25404;1
128644;-179766;49000;25628;4
120861;-182043;48513;25486;8
120457;-167532;48488;26393;1
113475;-175695;48052;25883;1
120637;-175378;48499;25902;8
128712;-183525;49004;25393;2
105569;-178413;47558;25713;2
126722;-185196;48880;25289;8
118073;-174233;48339;25974;1
126540;-165969;48868;26490;2
115053;-176367;48150;25841;1
116180;-172044;48221;26111;2
121095;-177319;48528;25781;4
111916;-164571;47954;26578;1
111607;-164075;47935;26609;1
130124;-175916;49092;25869;8
103483;-168567;47427;26328;4
107675;-180613;47689;25575;4
129928;-184951;49080;25304;2
106738;-169892;47631;26245;8
108939;-193145;47768;24792;1
117720;-174515;48317;25956;2
124815;-187800;48760;25126;8
118576;-188374;48371;25090;8
127939;-171950;48956;26117;2
130821;-176400;49136;25839;4
117210;-196093;48285;24608;2
120077;-187055;48464;25173;8
116881;-175168;48265;25916;1
115538;-184104;48181;25357;2
128417;-175503;48986;25895;1
118675;-170682;48377;26196;8
125074;-177894;48777;25745;1
108219;-169846;47723;26248;1
107423;-188905;47673;25057;8
111794;-174033;47947;25986;2
101552;-168006;47307;26363;8
126908;-180224;48891;25600;4
104645;-189044;47500;25048;1
102730;-167776;47380;26378;2
124103;-191614;48716;24888;8
101607;-183988;47310;25364;1
108110;-191672;47716;24884;1
113635;-168289;48062;26345;2
103511;-173548;47429;26017;2
100337;-185909;47231;25244;2
113290;-188944;48040;25055;4
102961;-179735;47395;25630;8
118124;-180635;48342;25574;4
114796;-175662;48134;25885;4
122539;-181511;48618;25519;8
121702;-165579;48566;26515;8
117364;-177456;48295;25773;1
104997;-193787;47522;24752;2
108840;-193509;47762;24769;4
104727;-180133;47505;25605;4
114135;-174837;48093;25936;2
121630;-196330;48561;24593;1
111930;-173978;47955;25990;2
123406;-177614;48672;25763;8
127149;-189817;48906;25000;4
118183;-187569;48346;25140;8
127481;-165392;48927;26527;8
114485;-170277;48115;26221;4
117515;-181636;48304;25511;4
128090;-195732;48965;24630;8
111732;-178514;47943;25706;4
100910;-166081;47266;26483;8
120375;-166779;48483;26440;2
112817;-175412;48011;25900;2
118126;-171240;48342;26161;2
130294;-176452;49103;25835;8
124042;-186546;48712;25204;4
122751;-188760;48631;25066;4
110468;-187661;47864;25135;2
112946;-180587;48019;25577;2
123795;-188973;48697;25053;8
108174;-191126;47720;24918;2
100887;-166158;47265;26479;2
108054;-176960;47713;25804;2
118721;-181060;48380;25547;1
119769;-180019;48445;25612;1
125128;-182700;48780;25445;4
101270;-175079;47289;25921;1
109278;-191977;47789;24865;2
120077;-175449;48464;25898;8
114942;-191896;48143;24870;1
125323;-165370;48792;26528;4
129632;-164535;49062;26580;4
122031;-185388;48586;25277;8
126013;-195595;48835;24639;8
105507;-169226;47554;26287;8
114406;-185120;48110;25294;1
106548;-180493;47619;25583;1
121363;-183430;48545;25399;4
106657;-180410;47626;25588;2
119260;-179815;48413;25625;1
128356;-179655;48982;25635;1
109924;-192459;47830;24835;8
114544;-179401;48119;25651;2
121103;-189033;48528;25049;1
114132;-174904;48093;25932;2
101184;-176118;47284;25856;4
110482;-174498;47865;25957;4
128535;-176806;48993;25813;4
111973;-176104;47958;25857;8
115562;-169097;48182;26295;8
98702;-179313;47128;25656;1
100260;-185887;47226;25246;8
124243;-182641;48725;25448;8
120463;-183588;48488;25389;8
118720;-170602;48380;26201;4
107378;-181828;47671;25499;8
121419;-169791;48548;26252;2
128556;-163978;48994;26615;8
126756;-170843;48882;26186;1
125144;-185772;48781;25253;2
112483;-163859;47990;26622;8
104216;-165343;47473;26530;2
116746;-177953;48256;25741;1
120989;-195875;48521;24621;1
129872;-178420;49077;25712;8
114951;-193464;48144;24772;8
102106;-173179;47341;26040;4
124249;-196426;48725;24587;8
123563;-177251;48682;25785;8
130336;-175954;49106;25866;4
103962;-179110;47457;25669;2
111262;-177278;47913;25784;2
110954;-176830;47894;25812;2
103871;-170387;47451;26214;8
99057;-174063;47151;25985;4
112271;-175512;47976;25894;8
104701;-183587;47503;25389;1
129259;-184292;49038;25345;8
121208;-177675;48535;25759;8
113524;-166237;48055;26474;1
113781;-192931;48071;24805;8
104791;-190855;47509;24935;8
128406;-168654;48985;26323;8
101022;-174373;47273;25965;4
117772;-178636;48320;25699;1
121693;-184971;48565;25303;1
123042;-179971;48650;25615;2
120683;-190967;48502;24928;1
99407;-171825;47172;26124;4
98463;-179015;47113;25675;2
105060;-164173;47526;26603;2
115997;-165849;48209;26498;8
119823;-178730;48448;25693;8
111201;-189700;47910;25007;2
101048;-177028;47275;25799;1
128137;-166756;48968;26441;4
130984;-176390;49146;25839;4
128275;-167371;48977;26403;8
124844;-180270;48762;25597;4
125452;-172905;48800;26057;8
120731;-183090;48505;25420;4
115262;-194110;48163;24732;2
115730;-184493;48193;25333;8
117995;-167818;48334;26375;4
114291;-184761;48103;25316;8
106369;-184035;47608;25361;2
120157;-184172;48469;25353;1
100656;-182833;47251;25436;8
107406;-177475;47672;25771;2
129187;-170449;49034;26210;2
102005;-169830;47335;26249;8
115141;-192701;48156;24820;8
122089;-188434;48590;25086;1
126803;-186697;48885;25195;4
125579;-190927;48808;24931;8
101746;-168507;47319;26332;4
126237;-188465;48849;25084;2
106423;-195950;47611;24617;2
102784;-167055;47384;26423;2
114500;-165564;48116;26516;2
121199;-165285;48534;26533;2
109115;-192624;47779;24825;1
101833;-185412;47324;25275;4
114711;-167513;48129;26394;4
120331;-191056;48480;24923;2
126016;-180348;48836;25592;2
115469;-191684;48176;24883;1
109753;-179818;47819;25625;8
114508;-170253;48116;26223;8
127423;-168179;48923;26352;1
117716;-184346;48317;25342;1
126738;-186826;48881;25187;2
105093;-164117;47528;26606;4
114254;-165351;48100;26529;8
101297;-165565;47291;26516;2
107656;-165644;47688;26511;2
107375;-169748;47670;26254;2
106654;-180438;47625;25586;1
118485;-191536;48365;24893;1
99852;-170842;47200;26186;8
123265;-193309;48664;24782;1
127607;-167177;48935;26415;1
129143;-172113;49031;26106;4
116990;-186710;48271;25194;4
119702;-178105;48441;25732;2
102031;-171546;47336;26142;8
116983;-178239;48271;25724;4
126698;-166220;48878;26475;8
128516;-176715;48992;25819;8
126405;-170117;48860;26231;4
102114;-164587;47342;26577;8
105251;-171955;47538;26116;2
117791;-191815;48321;24875;1
117723;-177092;48317;25795;8
114046;-164785;48087;26564;8
121853;-184596;48575;25326;8
107090;-185167;47653;25291;1
107665;-190853;47689;24935;8
104344;-171611;47481;26138;4
128340;-180685;48981;25571;1
130385;-166122;49109;26481;2
107446;-188819;47675;25062;1
118882;-165651;48390;26510;1
123322;-176963;48667;25803;8
106494;-181986;47615;25489;4
115933;-178194;48205;25726;2
115445;-170756;48175;26191;8
122689;-187644;48628;25136;8
108809;-187012;47760;25175;1
127323;-182956;48917;25429;8
121876;-191787;48577;24877;2
108483;-181043;47740;25548;1
104698;-166737;47503;26442;4
120484;-169620;48490;26262;1
103662;-173833;47438;25999;4
110649;-183764;47875;25378;4
108687;-193419;47752;24775;1
121142;-168730;48531;26318;2
118353;-178879;48357;25684;2
120796;-180433;48509;25586;8
107721;-185306;47692;25282;4
124638;-185107;48749;25294;1
104910;-164535;47516;26580;8
107775;-177726;47695;25756;1
111543;-178575;47931;25703;8
126265;-180685;48851;25571;4
119099;-169410;48403;26275;8
107181;-185561;47658;25266;4
111431;-173134;47924;26043;1
117980;-176141;48333;25855;1
109452;-164542;47800;26580;2
115846;-170568;48200;26203;4
104186;-164023;47471;26612;4
126662;-183817;48876;25375;4
118293;-178926;48353;25681;2
122089;-188865;48590;25059;4
107338;-175468;47668;25897;2
124209;-165888;48723;26496;4
124109;-185148;48716;25292;2
124965;-177812;48770;25750;2
107365;-180216;47670;25600;4
108114;-175504;47717;25895;8
102056;-174517;47338;25956;4
114157;-171051;48094;26173;1
115177;-164495;48158;26583;1
105174;-167061;47533;26422;2
99079;-172409;47152;26088;2
105790;-166020;47571;26487;1
114732;-184899;48130;25307;8
102050;-164508;47338;26582;4
117513;-181826;48304;25499;2
126435;-177245;48862;25786;1
103434;-173458;47424;26022;2
130411;-175193;49110;25914;8
111096;-177952;47903;25742;4
126328;-188660;48855;25072;8
115561;-176888;48182;25808;4
99980;-183615;47208;25388;1
112909;-191711;48016;24882;8
111218;-173413;47911;26025;2
116069;-171481;48214;26146;1
119618;-182534;48436;25455;1
129992;-166058;49084;26485;1
105809;-176352;47573;25842;1
109462;-191177;47801;24915;4
126745;-191977;48881;24865;1
112846;-191730;48012;24880;1
116512;-189855;48242;24998;8
113151;-178184;48031;25727;8
108655;-185284;47750;25283;8
126490;-165667;48865;26509;8
119428;-173026;48424;26049;4
111217;-193752;47911;24754;1
116951;-168042;48269;26361;1
104693;-188626;47503;25074;8
123158;-190535;48657;24955;4
111595;-173366;47934;26028;8
120530;-167308;48493;26407;8
123781;-187983;48696;25115;1
118933;-169470;48393;26272;8
116306;-186889;48229;25183;8
106250;-168906;47600;26307;8
110355;-188462;47857;25085;8
100241;-166607;47225;26451;1
127352;-185982;48919;25240;8
98767;-175775;47132;25878;2
115410;-194057;48173;24735;4
125161;-183229;48782;25412;4
107327;-188926;47667;25056;4
127823;-171998;48948;26114;2
112009;-193938;47960;24742;4
111002;-189783;47897;25002;8
126667;-193046;48876;24798;2
130516;-180879;49117;25559;4
111894;-178327;47953;25718;4
114187;-171837;48096;26124;8
111282;-172584;47915;26077;1
115740;-171738;48193;26130;1
129168;-171145;49033;26167;1
123797;-187056;48697;25173;8
110471;-190881;47864;24933;1
126088;-182119;48840;25481;8
111731;-179294;47943;25658;2
125325;-195101;48792;24670;8
109915;-171802;47829;26126;2
116903;-173295;48266;26033;4
124910;-192368;48766;24841;4
106630;-190696;47624;24945;1
113212;-186489;48035;25208;4
121593;-176215;48559;25850;4
109044;-190392;47775;24964;1
123613;-194283;48685;24721;4
116906;-164069;48266;26609;2
130368;-175266;49108;25909;2
112445;-196007;47987;24613;2
124898;-182364;48766;25466;2
122270;-184075;48601;25359;8
111433;-196353;47924;24591;4
119348;-170785;48419;26189;4
101500;-182235;47303;25474;1
115039;-193420;48149;24775;4
118415;-181447;48360;25523;2
118501;-164950;48366;26554;1
101405;-173630;47297;26012;2
103837;-167102;47449;26420;8
122539;-164919;48618;26556;1
118877;-181366;48389;25528;2
111116;-189916;47904;24994;2
102890;-173065;47390;26047;2
119245;-191379;48412;24902;4
124556;-184490;48744;25333;1
110475;-173691;47864;26008;1
118428;-188860;48361;25060;8
125664;-191212;48814;24913;1
115038;-177036;48149;25799;1
128773;-171389;49008;26152;8
124731;-191190;48755;24914;1
107571;-186265;47683;25222;8
126180;-186327;48846;25218;8
110785;-180935;47884;25555;1
115372;-191678;48170;24884;8
106565;-181904;47620;25495;4
130365;-167713;49107;26381;8
116888;-172669;48265;26072;4
109341;-192584;47793;24827;4
119798;-181232;48447;25537;4
127468;-170478;48926;26209;4
102289;-173302;47353;26032;1
118459;-181281;48363;25533;2
106650;-180109;47625;25607;8
116588;-192164;48246;24853;2
112265;-175505;47976;25894;4
108515;-192645;47742;24823;1
130154;-172997;49094;26051;8
115251;-165346;48163;26529;2
105887;-186414;47577;25213;2
105637;-182689;47562;25445;1
99722;-175551;47192;25892;4
105245;-192813;47537;24813;8
112574;-176742;47995;25817;1
126820;-163989;48886;26614;2
101607;-183325;47310;25406;4
114516;-175829;48117;25874;2
117084;-194466;48277;24709;4
126472;-170963;48864;26178;4
117369;-187629;48295;25137;1
118442;-191516;48362;24894;4
129804;-164599;49072;26576;8
125666;-170741;48814;26192;1
113165;-178024;48032;25737;1
100218;-170300;47223;26220;2
107995;-189381;47709;25027;8
104635;-183524;47499;25393;8
107953;-168220;47707;26350;8
117521;-184984;48305;25302;2
106726;-194497;47630;24707;2
114780;-176598;48133;25826;1
121631;-180457;48561;25585;8
100015;-185219;47210;25287;2
116631;-164170;48249;26603;4
104576;-183500;47496;25395;2
113276;-163884;48039;26621;1
128283;-179764;48977;25628;4
110253;-181243;47850;25536;4
113999;-195622;48084;24637;1
120718;-183770;48504;25378;1
109476;-164172;47802;26603;1
107774;-168063;47695;26360;1
119354;-178164;48419;25728;4
122852;-193062;48638;24797;2
128028;-168769;48961;26315;1
104587;-189536;47496;25018;8
116518;-172845;48242;26061;4
108307;-186803;47729;25188;2
113066;-165221;48026;26537;4
100592;-168541;47247;26330;2
130516;-171142;49117;26167;2
122261;-165769;48601;26503;4
129551;-188630;49056;25074;8
111040;-182954;47900;25429;1
124089;-191994;48715;24864;2
126208;-167634;48848;26386;2
108029;-188059;47711;25110;1
119864;-176690;48451;25820;2
130450;-169158;49113;26291;4
127450;-179064;48925;25672;8
110714;-173753;47879;26004;1
125558;-188490;48807;25083;1
116499;-192078;48241;24859;2
122901;-179721;48641;25631;1
112814;-187387;48010;25152;2
120509;-186497;48491;25207;8
121597;-196079;48559;24609;8
130181;-178735;49096;25693;4
126718;-183877;48879;25371;4
130722;-184789;49130;25314;2
107772;-187881;47695;25121;2
127820;-195160;48948;24666;4
131065;-186422;49151;25212;8
108114;-188355;47717;25091;2
118261;-187462;48351;25147;1
105881;-178776;47577;25690;4
125066;-189901;48776;24995;8
101344;-186094;47294;25233;8
114931;-195150;48143;24667;4
100634;-182161;47249;25478;2
127501;-176056;48928;25860;4
129987;-168243;49084;26348;1
124465;-181946;48739;25492;4
127913;-195095;48954;24670;1
124741;-184633;48756;25324;4
120909;-165663;48516;26510;8
106620;-190639;47623;24949;8
115469;-188650;48176;25073;2
123959;-194538;48707;24705;2
120021;-191483;48461;24896;8
112454;-195807;47988;24626;4
116154;-184808;48219;25313;4
127202;-164440;48910;26586;4
118014;-167829;48335;26374;8
112601;-174103;47997;25982;2
110138;-192917;47843;24806;8
101777;-168571;47321;26328;4
106302;-181891;47603;25495;1
127254;-180743;48913;25567;1
120262;-175392;48476;25902;1
108085;-177004;47715;25801;8
115971;-184713;48208;25319;1
126565;-182582;48870;25452;4
124705;-172806;48754;26063;2
106352;-195529;47607;24643;2
119843;-175788;48450;25877;2
107539;-181501;47681;25520;2
103450;-166348;47425;26467;4
130305;-166898;49104;26432;4
100724;-180420;47255;25587;8
118163;-164827;48345;26562;4
128522;-178693;48992;25695;1
106473;-195914;47614;24619;1
127157;-164502;48907;26582;2
120526;-165571;48492;26515;1
108784;-185342;47759;25280;1
111059;-194147;47901;24729;2
126584;-185586;48871;25264;2
104818;-190973;47511;24928;4
102644;-184928;47375;25306;8
122311;-173884;48604;25996;4
108359;-175868;47732;25872;2
119269;-179830;48414;25624;8
118974;-181428;48395;25524;2
115388;-193103;48171;24795;2
98808;-176149;47135;25854;1
121056;-189801;48526;25001;1
129401;-194233;49047;24724;4
128637;-165454;48999;26523;4
104486;-174307;47490;25969;1
114433;-185103;48112;25295;8
122668;-179395;48626;25651;1
112956;-178694;48019;25695;2
109281;-193716;47790;24756;1
109884;-192412;47827;24838;8
115395;-190833;48172;24936;2
105172;-180501;47533;25582;4
112097;-188484;47966;25083;4
102832;-184711;47387;25319;2
115995;-179789;48209;25627;4
114196;-174027;48097;25987;2
129348;-172550;49044;26079;1
125708;-192258;48816;24847;1
122909;-186355;48641;25216;2
126758;-171388;48882;26152;4
110464;-193866;47864;24747;8
123302;-189634;48666;25011;1
124128;-185436;48718;25274;4
100391;-166429;47234;26462;1
109828;-195137;47824;24667;8
128395;-166765;48984;26441;8
112525;-174292;47992;25970;8
113379;-164387;48046;26589;1
99339;-171488;47168;26146;4
107128;-187262;47655;25160;1
117402;-164321;48297;26593;8
107093;-190754;47653;24941;2
125144;-193985;48781;24739;1
125002;-179240;48772;25661;1
121610;-193816;48560;24750;4
120823;-183160;48511;25416;4
123719;-186961;48692;25178;8
126013;-182304;48835;25470;1
125447;-167214;48800;26413;4
125493;-172806;48803;26063;1
104718;-190940;47504;24930;2
101659;-183654;47313;25385;8
127318;-164692;48917;26570;2
101936;-168527;47331;26331;2
128208;-179498;48973;25645;1
105191;-171895;47534;26120;4
119057;-173602;48401;26013;4
124086;-179109;48715;25669;4
122648;-193203;48625;24788;2
107589;-170460;47684;26210;1
125508;-169346;48804;26279;2
102055;-164023;47338;26612;2
122169;-193561;48595;24766;4
101612;-185832;47310;25249;4
125455;-193208;48800;24788;1
127455;-186596;48925;25201;1
115455;-183126;48175;25418;2
130762;-184615;49132;25325;1
105862;-184740;47576;25317;8
102382;-171251;47358;26160;1
130323;-193011;49105;24800;2
99974;-163851;47208;26623;1
110348;-173933;47856;25993;4
117347;-168068;48294;26359;2
104292;-182928;47478;25431;1
106194;-169970;47597;26240;1
98499;-178670;47116;25697;2
104554;-189816;47494;25000;8
111562;-164026;47932;26612;4
118811;-188803;48385;25063;2
106345;-175424;47606;25900;4
116352;-185149;48232;25292;4
107564;-190904;47682;24932;1
108235;-193424;47724;24775;8
108121;-176925;47717;25806;1
124961;-167596;48770;26389;1
126697;-185963;48878;25241;4
124760;-180100;48757;25607;4
126396;-185828;48859;25249;1
122522;-189137;48617;25042;2
128847;-171320;49012;26156;8
118734;-171543;48380;26142;4
112365;-195941;47982;24617;8
102556;-169011;47369;26300;8
101097;-177114;47278;25794;1
122519;-165905;48617;26494;8
112025;-188391;47961;25089;4
119787;-179972;48446;25615;8
122783;-181560;48633;25516;8
129699;-171308;49066;26157;1
126134;-195912;48843;24619;4
107050;-187696;47650;25133;8
117455;-179547;48300;25642;4
103187;-167905;47409;26369;4
126589;-177889;48871;25745;4
127595;-176126;48934;25856;2
118648;-174512;48375;25957;2
112520;-164845;47992;26561;4
116389;-177014;48234;25800;8
115144;-188680;48156;25071;2
110654;-180658;47875;25572;8
122976;-181262;48646;25535;1
122220;-181861;48598;25497;4
111681;-190360;47940;24966;4
113710;-165875;48066;26496;8
126895;-175338;48890;25905;1
105326;-177603;47542;25763;2
124438;-181595;48737;25514;2
109859;-187863;47826;25122;1
113572;-189280;48058;25034;2
120033;-178403;48462;25713;8
124262;-179347;48726;25654;2
99541;-179284;47181;25658;1
102465;-172439;47364;26086;4
117330;-179645;48293;25636;2
111119;-177642;47904;25761;8
119397;-181005;48422;25551;1
124147;-166055;48719;26485;2
113792;-189360;48072;25029;4
107458;-185772;47676;25253;4
102908;-184832;47391;25312;2
109105;-190151;47779;24979;2
110899;-182637;47891;25449;4
121433;-180718;48549;25569;1
111388;-177091;47921;25795;2
118015;-170819;48335;26187;8
105065;-192010;47526;24863;8
112453;-189264;47988;25035;1
102806;-173156;47385;26041;1
99044;-179954;47150;25616;4
116863;-187113;48263;25169;4
114769;-165608;48133;26513;2
130916;-165181;49142;26540;4
107492;-172589;47678;26077;8
103577;-178563;47433;25703;4
116783;-178253;48258;25723;4
118990;-188925;48396;25056;1
113818;-194510;48073;24707;1
112758;-177374;48007;25778;1
107198;-191092;47659;24920;2
100372;-164161;47233;26603;4
111426;-177043;47924;25798;2
111002;-183486;47897;25396;4
100036;-183574;47212;25390;8
112432;-171923;47987;26118;8
124912;-191460;48767;24897;8
116110;-186594;48216;25201;1
113909;-196196;48079;24601;4
130613;-177356;49123;25779;2
99453;-178730;47175;25693;1
126640;-172139;48875;26105;2
117115;-181932;48279;25493;4
107052;-185091;47650;25295;2
128237;-166667;48974;26447;4
118252;-168076;48350;26359;1
126809;-168285;48885;26346;8
125440;-193186;48800;24789;2
113183;-176764;48033;25816;4
103954;-172852;47457;26060;1
111332;-190743;47918;24942;1
106554;-170908;47619;26182;8
102855;-166850;47388;26435;4
120281;-167942;48477;26367;2
123014;-186537;48648;25205;2
116085;-186566;48215;25203;1
102319;-164174;47354;26603;8
116892;-178305;48265;25719;2
107601;-177702;47685;25757;1
119058;-169401;48401;26276;8
115398;-170345;48172;26217;8
131029;-176425;49149;25837;2
122960;-176530;48645;25830;4
129228;-180811;49036;25563;2
100678;-176436;47252;25836;2
101972;-168792;47333;26314;1
121048;-171291;48525;26158;4
130769;-166236;49133;26474;8
105294;-171988;47540;26114;1
128592;-171633;48997;26136;4
122141;-174281;48593;25971;1
116962;-180966;48270;25553;8
122110;-188903;48591;25057;4
114999;-176268;48147;25847;4
103228;-170279;47411;26221;4
101867;-183210;47326;25413;1
112982;-164504;48021;26582;8
109732;-195735;47818;24630;8
117987;-178604;48334;25701;1
126676;-182284;48877;25471;4
123450;-188098;48675;25107;2
116144;-186439;48219;25211;2
110423;-196320;47861;24594;1
105186;-185964;47534;25241;4
120682;-166007;48502;26488;2
104450;-172387;47488;26089;1
129902;-184046;49078;25361;8
109373;-173115;47795;26044;2
130642;-184603;49125;25326;2
126582;-165753;48871;26504;8
116465;-186913;48239;25181;4
101941;-173703;47331;26007;4
124450;-181562;48738;25516;4
121816;-164459;48573;26585;1
98638;-176886;47124;25808;1
123299;-179580;48666;25640;8
102001;-166417;47335;26462;4
112862;-178881;48013;25683;2
112584;-163936;47996;26618;8
129859;-167244;49076;26411;2
106806;-184254;47635;25348;1
111422;-195019;47923;24675;2
122910;-163948;48641;26617;1
103002;-179846;47397;25623;4
105980;-186429;47583;25212;4
122369;-165194;48608;26539;1
126815;-177171;48885;25790;2
102172;-172326;47345;26093;4
108402;-185893;47735;25245;4
105979;-169170;47583;26290;4
129221;-165492;49036;26520;4
115695;-179823;48190;25625;2
115725;-184474;48192;25334;4
99162;-183134;47157;25418;8
125914;-178306;48829;25719;1
105797;-183200;47572;25414;4
123508;-169506;48679;26269;4
100523;-168601;47242;26326;4
114933;-185001;48143;25301;8
105706;-172936;47566;26055;8
107485;-180611;47677;25575;8
124995;-192501;48772;24832;4
105822;-165483;47573;26521;4
130368;-166777;49108;26440;2
116044;-190534;48212;24955;1
99440;-171630;47175;26137;1
125704;-192155;48816;24854;1
108106;-188487;47716;25083;1
103864;-185233;47451;25286;2
129698;-178551;49066;25704;2
126207;-177049;48847;25798;1
121978;-192062;48583;24860;1
120652;-182349;48500;25467;1
125171;-184671;48783;25322;2
129589;-174610;49059;25950;4
121868;-191761;48576;24878;4
108366;-188569;47732;25078;8
116453;-178290;48238;25720;4
126860;-173248;48888;26036;8
116468;-167727;48239;26381;2
111471;-189949;47926;24992;2
122068;-168301;48589;26345;2
101892;-163986;47328;26614;1
126506;-183499;48866;25395;4
119661;-179941;48438;25617;8
108431;-164544;47736;26580;2
111405;-179679;47922;25634;8
110120;-189054;47842;25048;8
117151;-179236;48281;25661;8
127178;-181197;48908;25539;1
111233;-196356;47912;24591;8
122189;-185511;48596;25269;8
118239;-171019;48349;26175;8
103723;-166785;47442;26439;8
113384;-168124;48046;26356;2
109134;-188129;47780;25105;4
108364;-193627;47732;24762;4
113194;-192919;48034;24806;1
111578;-178566;47933;25703;2
105432;-178898;47549;25682;2
115603;-189114;48185;25044;1
109563;-178857;47807;25685;1
110485;-174562;47865;25953;4
114480;-179357;48115;25654;1
127760;-195175;48945;24665;2
105362;-166936;47545;26430;8
129742;-189301;49068;25032;8
122662;-181612;48626;25513;1
128881;-180730;49015;25568;8
125135;-189833;48780;24999;4
123587;-190797;48684;24939;1
102086;-167938;47340;26367;1
118502;-168807;48366;26313;2
118726;-171544;48380;26142;8
105152;-164318;47532;26594;1
107372;-180035;47670;25611;8
111043;-193130;47900;24793;1
108647;-172123;47750;26106;1
118838;-172103;48387;26107;2
108116;-189691;47717;25008;1
117673;-177675;48314;25759;8
114923;-178896;48142;25683;1
122474;-165017;48614;26550;4
108221;-191924;47723;24868;4
119893;-182827;48453;25437;1
122743;-185127;48631;25293;4
126701;-183852;48878;25373;4
110514;-195198;47867;24664;2
127372;-180023;48920;25612;2
119131;-166189;48405;26477;2
110360;-188460;47857;25085;1
129979;-172348;49083;26092;8
128010;-164191;48960;26602;4
104283;-183026;47477;25424;4
117479;-195821;48302;24625;4
107361;-192653;47670;24823;4
118315;-174865;48354;25934;1
117908;-187168;48329;25166;2
130864;-167273;49139;26409;4
125835;-179744;48824;25630;2
119501;-189434;48428;25024;8
124209;-196440;48723;24586;1
115566;-179588;48182;25639;4
127800;-179636;48947;25636;1
101356;-175085;47294;25921;1
118064;-186116;48339;25231;1
102835;-164828;47387;26562;1
111771;-194762;47945;24691;2
98484;-177041;47115;25798;4
115008;-164583;48148;26577;2
100044;-163851;47212;26623;2
108500;-193149;47741;24792;8
105963;-170900;47582;26182;2
117874;-182066;48327;25484;4
98484;-179000;47115;25676;8
122539;-187884;48618;25121;2
112333;-187525;47980;25143;8
123058;-174904;48651;25932;2
126403;-168261;48860;26347;2
129779;-188733;49071;25068;8
107882;-174524;47702;25956;2
129818;-178368;49073;25716;2
101714;-168458;47317;26335;4
107579;-186432;47683;25212;2
129918;-166393;49079;26464;1
98628;-176597;47124;25826;4
118918;-165445;48392;26523;1
115077;-190015;48152;24988;2
118256;-170573;48351;26203;1
121686;-185087;48565;25296;1
127132;-166352;48905;26467;2
98918;-174296;47142;25970;8
101616;-175420;47311;25900;2
111446;-179404;47925;25651;8
121386;-188193;48546;25101;1
106526;-191291;47617;24908;2
119847;-181435;48450;25524;8
130211;-176653;49098;25823;1
106324;-168506;47605;26332;8
110248;-174584;47850;25952;8
117857;-191922;48326;24868;8
105026;-193680;47524;24759;4
122506;-189089;48616;25045;4
117635;-176731;48312;25818;1
109363;-178648;47795;25698;1
122786;-181515;48634;25519;4
117051;-182011;48275;25488;8
107092;-185854;47653;25248;4
103213;-169858;47410;26247;2
117340;-180587;48293;25577;2
127454;-170258;48925;26222;1
130542;-168869;49118;26309;2
101151;-173662;47281;26010;4
107384;-188901;47671;25057;1
119287;-178832;48415;25687;8
120379;-170695;48483;26195;8
117879;-185950;48327;25242;2
110208;-174481;47848;25958;8
109863;-171778;47826;26127;4
110657;-191621;47876;24887;8
109898;-184427;47828;25337;4
106364;-195749;47607;24629;1
129305;-186501;49041;25207;4
124654;-184298;48750;25345;4
101621;-183267;47311;25409;2
107566;-185279;47682;25284;8
105160;-163861;47532;26622;8
107768;-180282;47695;25596;4
127801;-175263;48947;25910;8
119028;-165362;48399;26528;2
123984;-178627;48709;25699;1
120463;-170938;48488;26180;4
127546;-168869;48931;26309;4
127134;-188130;48905;25105;8
98506;-178680;47116;25696;8
107255;-192526;47663;24831;2
124932;-184790;48768;25314;8
102315;-181562;47354;25516;2
102522;-180812;47367;25563;4
121797;-193208;48572;24788;8
99452;-171492;47175;26145;1
107356;-188909;47669;25057;8
120323;-176728;48480;25818;1
98402;-178024;47110;25737;1
128243;-166712;48975;26444;1
109488;-188852;47803;25060;4
127358;-192578;48919;24827;1
130233;-166157;49099;26479;8
101289;-183410;47290;25400;8
104510;-187015;47491;25175;4
120013;-178320;48460;25719;4
107133;-187216;47655;25163;4
116052;-196330;48213;24593;4
118931;-187591;48393;25139;8
126922;-175233;48892;25911;8
125965;-165195;48832;26539;1
100274;-173099;47227;26045;8
130243;-178740;49100;25692;2
118252;-183370;48350;25403;4
103039;-184830;47399;25312;2
127244;-180814;48912;25563;8
119707;-181194;48441;25539;1
126148;-165246;48844;26536;8
121771;-173378;48570;26027;4
99406;-167336;47172;26405;2
101051;-179467;47275;25647;4
105136;-164339;47531;26592;2
121184;-186162;48534;25228;8
107604;-174187;47685;25977;1
118277;-174889;48352;25933;1
113390;-192269;48046;24847;1
127249;-187296;48913;25158;4
108584;-182036;47746;25486;4
119085;-181960;48402;25491;4
129778;-178813;49071;25688;2
120404;-179410;48485;25650;4
101574;-165449;47308;26523;1
113509;-176320;48054;25844;4
119131;-187358;48405;25154;8
106681;-185671;47627;25259;4
116655;-164410;48250;26588;8
101544;-185768;47306;25253;8
109673;-196490;47814;24583;1
123006;-179782;48647;25627;8
113437;-175639;48049;25886;4
111992;-175727;47959;25881;1
117840;-191971;48325;24865;1
115593;-192873;48184;24809;8
110354;-183186;47857;25414;8
112813;-164608;48010;26576;4
127404;-187430;48922;25149;4
108983;-190479;47771;24959;2
108634;-182064;47749;25485;8
103297;-177261;47416;25785;4
128880;-180972;49015;25553;1
126744;-176026;48881;25862;8
114981;-176952;48146;25804;2
119909;-181386;48454;25527;1
130788;-164300;49134;26595;1
114991;-165513;48146;26519;8
121617;-174849;48561;25935;1
119682;-190423;48440;24962;1
127401;-179827;48922;25624;4
104975;-164577;47520;26577;4
122452;-184219;48613;25350;1
109178;-188106;47783;25107;2
120558;-187872;48494;25122;8
127397;-178960;48922;25679;4
109984;-194667;47834;24697;1
120735;-187267;48505;25159;2
120009;-191250;48460;24910;2
112646;-185537;48000;25267;1
106430;-166812;47611;26438;1
120079;-180652;48464;25573;4
113168;-176641;48033;25823;2
124058;-192000;48713;24864;4
128122;-170238;48967;26224;4
110641;-180814;47875;25563;4
109730;-193938;47818;24742;1
130592;-184768;49122;25316;1
114288;-184717;48103;25319;8
122729;-187568;48630;25141;4
104768;-170889;47508;26183;4
120439;-165545;48487;26517;8
128043;-195915;48962;24619;8
128310;-179759;48979;25629;8
119526;-171821;48430;26125;4
126849;-173203;48888;26038;4
124186;-183015;48721;25425;1
118146;-175406;48344;25901;4
101525;-183947;47305;25367;4
108488;-188796;47740;25064;8
129807;-168503;49072;26332;1
125525;-183010;48805;25425;8
110556;-174372;47869;25965;4
104869;-191349;47514;24904;2
112584;-164792;47996;26564;2
118670;-169400;48376;26276;1
106688;-179938;47628;25617;4
109485;-178881;47802;25683;8
108435;-192678;47737;24821;2
116220;-167590;48223;26389;2
121594;-196019;48559;24612;4
116880;-180453;48265;25585;2
124098;-174447;48716;25961;2
117032;-173247;48274;26036;8
99772;-169838;47195;26249;2
130809;-166406;49135;26463;4
122785;-188008;48634;25113;4
105641;-176221;47562;25850;8
125027;-165335;48774;26530;8
111118;-190948;47904;24929;8
127945;-177302;48956;25782;4
104562;-179748;47495;25629;2
106150;-183835;47594;25374;1
113240;-196288;48037;24596;4
127029;-168412;48899;26338;8
112291;-195916;47978;24619;8
129010;-171013;49023;26175;2
126005;-182277;48835;25471;8
112509;-177380;47991;25777;8
108159;-168533;47719;26330;8
127246;-164398;48912;26589;1
103534;-166041;47430;26486;2
117443;-177299;48300;25782;2
117361;-189231;48295;25037;1
99417;-166748;47173;26442;2
104904;-164301;47516;26595;4
117298;-181658;48291;25510;8
128275;-169749;48977;26254;1
109632;-196568;47812;24578;1
109828;-187552;47824;25142;4
127400;-170273;48922;26221;8
99751;-184879;47194;25309;2
127350;-183017;48919;25425;4
101738;-182625;47318;25449;1
99516;-184572;47179;25328;4
121670;-179086;48564;25671;2
129486;-168740;49052;26317;1
118656;-171643;48376;26136;8
126502;-165429;48866;26524;8
115335;-165044;48168;26548;4
103963;-179010;47457;25675;4
106714;-190649;47629;24948;2
118228;-181476;48349;25521;4
101096;-186019;47278;25237;4
116603;-195590;48247;24639;2
110861;-183474;47888;25396;1
128962;-180657;49020;25572;4
117284;-182655;48290;25448;2
122455;-164702;48613;26570;2
126631;-178243;48874;25723;4
118742;-186656;48381;25198;8
107574;-181817;47683;25500;2
103715;-170373;47442;26215;4
111134;-196260;47905;24597;1
118129;-180229;48343;25599;8
115176;-182633;48158;25449;2
128554;-183310;48994;25407;8
115275;-195399;48164;24651;4
107328;-181873;47668;25496;4
124498;-187459;48741;25147;1
101091;-184777;47278;25315;1
106710;-190752;47629;24942;2
102027;-164418;47336;26587;1
119965;-184097;48457;25357;1
100976;-167961;47271;26366;4
129824;-190945;49074;24929;4
125539;-193166;48806;24791;1
107201;-180510;47660;25582;8
104027;-172756;47461;26066;1
109676;-190453;47814;24960;1
101564;-173569;47307;26015;8
114867;-190544;48139;24955;8
107323;-180568;47667;25578;2
113143;-191496;48031;24895;4
120405;-183160;48485;25416;4
120042;-180122;48462;25606;2
127154;-183044;48907;25423;8
116489;-164987;48240;26552;2
106277;-181942;47602;25492;1
127745;-186402;48944;25213;2
119256;-172944;48413;26055;1
112228;-196234;47974;24599;8
106418;-195898;47611;24620;4
114777;-167537;48133;26392;2
118112;-171118;48342;26169;8
122613;-184071;48623;25359;2
118080;-180493;48340;25583;2
130519;-184947;49117;25304;4
110963;-182522;47895;25456;4
128030;-166630;48961;26449;2
120732;-166119;48505;26481;8
124094;-174448;48715;25961;1
118094;-180525;48340;25581;1
114014;-163987;48085;26614;1
101976;-171659;47333;26135;4
101754;-178604;47319;25701;4
123087;-178690;48652;25695;8
127487;-182935;48927;25430;2
112500;-174793;47991;25939;2
98485;-178769;47115;25690;2
118698;-181114;48378;25544;4
114304;-175743;48104;25880;1
124030;-182680;48711;25446;1
113239;-176705;48037;25819;1
99053;-174332;47150;25968;8
117076;-181768;48277;25503;4
124433;-190998;48737;24926;2
118745;-172924;48381;26056;8
107080;-180485;47652;25583;1
129495;-181090;49053;25545;8
99360;-168279;47170;26346;1
130728;-166475;49130;26459;1
104429;-186773;47486;25190;8
106284;-168366;47602;26341;1
107625;-174279;47686;25971;2
114827;-194902;48136;24682;8
103446;-184733;47425;25318;8
126470;-177860;48864;25747;2
112458;-187642;47988;25136;4
114520;-171954;48117;26116;8
115158;-193567;48157;24766;8
100995;-179290;47272;25658;2
107144;-180589;47656;25577;2
110631;-180841;47874;25561;8
125159;-186457;48782;25210;2
119915;-181505;48454;25519;8
124112;-194039;48717;24736;4
119645;-167735;48437;26380;8
105437;-166992;47549;26427;4
103778;-185386;47446;25277;1
130007;-165006;49085;26551;2
116209;-184844;48223;25311;8
114150;-176567;48094;25828;8
120032;-173326;48462;26031;4
114940;-191134;48143;24918;8
106523;-181994;47617;25489;1
101944;-164036;47331;26611;4
110280;-181365;47852;25528;8
125784;-182520;48821;25456;4
110946;-183350;47894;25404;8
105178;-192895;47533;24808;2
109881;-171811;47827;26125;8
117816;-179296;48323;25658;4
118010;-182110;48335;25482;1
130012;-184829;49085;25312;2
121180;-186160;48533;25229;8
124102;-191932;48716;24868;1
124755;-191898;48757;24870;2
118827;-179371;48386;25653;8
117720;-196224;48317;24600;8
113400;-192530;48047;24830;8
124040;-186406;48712;25213;1
105026;-192125;47524;24856;4
128340;-177149;48981;25792;2
100478;-164652;47239;26573;4
110911;-194090;47891;24733;2
125169;-177756;48783;25754;1
101051;-174362;47275;25966;2
105241;-175407;47537;25901;1
106497;-191346;47616;24904;4
109956;-194723;47832;24693;8
119742;-181230;48443;25537;8
107624;-172058;47686;26110;8
104842;-166147;47512;26479;8
126142;-174983;48843;25927;4
130151;-164286;49094;26596;2
108581;-168707;47746;26319;2
107525;-187240;47680;25161;8
106447;-195938;47612;24617;1
117593;-177880;48309;25746;1
128096;-190223;48966;24975;4
119073;-187212;48402;25163;4
99153;-180109;47157;25607;4
129572;-165730;49058;26505;8
127917;-165007;48954;26551;8
112463;-189249;47988;25035;1
111474;-176867;47927;25809;2
120037;-169696;48462;26258;2
122927;-179932;48642;25618;1
129097;-167335;49028;26405;4
109947;-171684;47831;26133;1
106535;-179367;47618;25653;2
126137;-182367;48843;25466;1
108075;-192244;47714;24848;2
114059;-175228;48088;25912;4
111258;-178915;47913;25681;1
125554;-167285;48807;26408;8
113754;-190653;48069;24948;1
117612;-178667;48310;25697;4
108502;-191663;47741;24885;8
107501;-177512;47678;25769;1
120827;-176720;48511;25819;8
107606;-164937;47685;26555;2
129869;-190857;49076;24935;2
106786;-185281;47634;25283;8
117972;-164553;48333;26579;4
129677;-168169;49064;26353;2
129508;-171474;49054;26146;8
128334;-180707;48980;25569;1
117267;-184044;48289;25361;8
123172;-189138;48658;25042;1
126293;-180286;48853;25596;4
123234;-165515;48662;26519;8
106058;-196394;47588;24589;2
126153;-180305;48844;25594;2
113168;-166039;48033;26486;2
108498;-183200;47741;25414;2
124349;-193523;48731;24768;8
116748;-195122;48256;24668;4
115452;-181718;48175;25506;8
124126;-178902;48717;25682;1
102326;-181510;47355;25519;2
101143;-164042;47281;26611;4
127024;-166913;48899;26431;1
127330;-166215;48918;26475;4
100492;-178133;47240;25730;1
124930;-186033;48768;25236;1
101609;-183908;47310;25369;4
113702;-192433;48066;24836;8
123549;-186789;48681;25189;4
107545;-177792;47681;25752;8
115151;-176022;48156;25862;4
118060;-186206;48338;25226;8
128725;-179752;49005;25629;2
128041;-195816;48962;24625;1
116560;-180586;48245;25577;2
101719;-178627;47317;25699;4
118269;-175873;48351;25871;1
119202;-166686;48410;26446;1
104288;-178015;47478;25738;4
119218;-171510;48411;26144;4
126610;-170256;48873;26223;4
115612;-182934;48185;25430;2
119939;-180160;48456;25604;2
121634;-165719;48562;26506;2
113692;-189764;48065;25003;8
100527;-178150;47242;25729;2
121676;-188480;48564;25084;8
118115;-167357;48342;26404;1
127359;-183013;48919;25425;2
116437;-185491;48237;25270;2
105145;-175326;47531;25906;4
103692;-169149;47440;26292;1
116797;-192280;48259;24846;8
106812;-194560;47635;24704;8
122841;-165152;48637;26542;2
114085;-184596;48090;25326;1
110042;-186164;47837;25228;2
120766;-183692;48507;25383;8
111890;-176131;47953;25855;8
100073;-165292;47214;26533;1
103982;-172712;47458;26069;2
125872;-166374;48827;26465;2
121211;-170886;48535;26183;4
119059;-171203;48401;26163;4
112550;-174714;47994;25944;4
117226;-181047;48286;25548;2
105189;-193470;47534;24772;8
113358;-188954;48044;25054;1
121982;-165595;48583;26514;2
127347;-192674;48919;24821;1
111073;-177787;47902;25752;8
127286;-190583;48915;24952;8
119990;-183923;48459;25368;2
104867;-172631;47514;26074;2
125548;-177565;48806;25766;4
104733;-175767;47505;25878;2
106441;-185071;47612;25297;2
127598;-166777;48934;26440;2
105927;-178392;47580;25714;4
124467;-172922;48739;26056;1
129199;-184216;49034;25350;4
113649;-183552;48063;25392;1
124377;-193623;48733;24762;4
114566;-184591;48120;25327;2
117028;-181620;48274;25512;4
120068;-175267;48464;25909;1
122806;-193975;48635;24740;4
112386;-189668;47984;25009;2
118750;-169432;48381;26274;4
113552;-165390;48057;26527;8
120539;-167263;48493;26410;4
124618;-164074;48748;26609;2
110607;-184952;47872;25304;2
113598;-176465;48059;25834;4
122387;-183709;48609;25382;8
116720;-185806;48255;25251;2
128080;-167387;48965;26402;2
110183;-174218;47846;25975;1
112068;-164683;47964;26571;4
114632;-167575;48124;26390;4
115091;-164553;48153;26579;8
111402;-184800;47922;25314;8
108075;-181105;47714;25544;8
123328;-192790;48668;24814;2
127136;-166451;48906;26460;1
120239;-191316;48474;24906;4
116148;-172286;48219;26096;2
101269;-170171;47289;26228;2
108395;-185908;47734;25244;8
131032;-187280;49149;25159;2
123281;-181569;48665;25515;1
114331;-194699;48105;24695;1
123722;-178427;48692;25712;8
121294;-181780;48540;25502;8
115868;-193553;48201;24766;1
118737;-192042;48381;24861;4
123843;-189773;48700;25003;8
114360;-175647;48107;25886;2
126312;-168187;48854;26352;8
111638;-164030;47937;26612;2
118080;-180897;48340;25557;2
101359;-164463;47294;26585;1
127517;-166157;48929;26479;1
130512;-193496;49117;24770;8
113721;-190665;48067;24947;4
101082;-166070;47277;26484;8
122953;-187256;48644;25160;8
102325;-179426;47355;25649;2
104908;-191889;47516;24870;8
128191;-179250;48971;25660;1
120578;-167008;48496;26426;4
106424;-183961;47611;25366;1
120625;-182364;48499;25466;8
105086;-164558;47527;26579;4
108156;-189615;47719;25013;1
103330;-184774;47418;25315;4
99093;-183045;47153;25423;2
112537;-195812;47993;24625;1
108638;-168895;47749;26308;4
121643;-193903;48562;24745;4
107442;-171276;47675;26159;1
116250;-185434;48225;25274;8
117973;-164588;48333;26577;8
104686;-183416;47502;25400;1
124386;-193547;48734;24767;8
127149;-166764;48906;26441;1
127778;-166085;48946;26483;2
107722;-188845;47692;25061;4
113796;-192070;48072;24859;4
119927;-182683;48455;25446;4
121450;-169773;48550;26253;8
106033;-179298;47587;25657;1
100831;-180821;47261;25562;8
105249;-178743;47538;25692;4
126773;-193104;48883;24795;4
115411;-173640;48173;26011;4
122573;-188173;48620;25103;2
111741;-190697;47943;24945;4
107180;-186948;47658;25179;4
127899;-189350;48953;25029;4
127128;-183000;48905;25426;4
111740;-190568;47943;24953;2
111165;-190103;47907;24982;8
121763;-191682;48570;24883;8
121422;-188037;48548;25111;4
108472;-188558;47739;25079;8
126158;-168002;48844;26363;4
114363;-172637;48107;26074;2
112777;-176515;48008;25831;8
123088;-182759;48653;25441;1
119480;-171830;48427;26124;8
106790;-194555;47634;24704;8
121436;-183374;48549;25403;4
117784;-179430;48321;25649;8
109118;-179255;47779;25660;8
116938;-186301;48268;25220;1
102378;-164306;47358;26594;2
125395;-166301;48797;26470;1
106317;-194351;47604;24717;4
105335;-177451;47543;25773;4
127398;-185603;48922;25263;8
122833;-179652;48637;25635;2
101248;-168104;47288;26357;8
104051;-172756;47463;26066;4
106813;-181974;47635;25490;2
120486;-180604;48490;25576;2
123510;-193543;48679;24767;1
110732;-180617;47880;25575;4
102278;-164139;47352;26605;1
127366;-173189;48920;26039;8
115466;-181931;48176;25493;1
129787;-171389;49071;26152;4
117534;-182959;48305;25429;2
105245;-178607;47537;25701;2
116987;-172624;48271;26075;2
119096;-171603;48403;26138;8
99099;-181513;47153;25519;4
129099;-172232;49028;26099;8
118297;-174549;48353;25954;2
112066;-188528;47964;25081;8
104034;-178882;47462;25683;1
114362;-171959;48107;26116;1
111458;-194991;47926;24677;4
119476;-171748;48427;26129;4
126189;-188605;48846;25076;8
127327;-164731;48917;26568;8
118194;-167776;48347;26378;8
128871;-177963;49014;25741;8
106726;-194464;47630;24710;4
129233;-166931;49037;26430;1
111934;-181859;47955;25497;1
126648;-171502;48875;26145;4
118556;-189110;48369;25044;4
116706;-165158;48254;26541;4
125249;-189312;48788;25032;4
105731;-166111;47568;26482;1
119287;-171871;48415;26122;1
114777;-167471;48133;26397;2
99341;-178494;47168;25708;8
116598;-174960;48247;25929;2
108486;-178673;47740;25696;1
105862;-177044;47576;25798;2
131038;-176516;49149;25831;8
112250;-163912;47975;26619;8
124678;-180214;48752;25600;4
107009;-170750;47648;26192;2
101069;-168011;47276;26363;2
109980;-180661;47833;25572;4
121997;-185419;48584;25275;4
122012;-179121;48585;25668;2
126483;-164692;48865;26570;4
101705;-183259;47316;25410;4
107537;-181374;47681;25528;4
116538;-191886;48243;24871;8
103410;-169407;47423;26276;8
123032;-183622;48649;25387;2
111057;-183457;47901;25397;8
108609;-172109;47748;26107;4
121874;-192079;48577;24859;8
128657;-180115;49001;25606;1
111390;-172972;47921;26053;1
127913;-189369;48954;25028;8
108459;-176339;47738;25842;8
114847;-195574;48137;24640;2
101730;-178581;47318;25702;1
116648;-165087;48250;26546;4
122063;-188911;48588;25057;2
128517;-165447;48992;26523;1
123255;-177197;48663;25789;1
116191;-165771;48221;26503;1
130335;-165731;49105;26505;1
124442;-183679;48737;25384;2
99819;-169939;47198;26242;2
116157;-184867;48219;25309;4
100783;-166303;47258;26470;4
114985;-195353;48146;24654;8
128873;-165417;49014;26525;2
127568;-167617;48933;26387;2
126354;-193698;48857;24757;1
109147;-194380;47781;24715;4
120162;-175326;48470;25906;1
101141;-182478;47281;25459;1
124245;-180973;48725;25553;1
121137;-176909;48531;25807;2
114478;-186959;48114;25179;8
113622;-167026;48061;26424;8
118816;-186799;48386;25189;4
120113;-184078;48467;25359;2
105756;-166132;47569;26480;4
99021;-174273;47148;25971;4
123304;-194172;48666;24728;1
98577;-174720;47121;25944;8
120778;-165649;48508;26510;4
123345;-179698;48669;25632;4
106354;-166599;47607;26451;1
123788;-188074;48696;25109;8
111336;-184529;47918;25330;1
105815;-170993;47573;26176;4
118807;-190051;48385;24985;4
102092;-174530;47340;25955;1
108503;-188614;47741;25075;8
123477;-189586;48677;25014;4
105685;-171208;47565;26163;1
127853;-186654;48950;25198;4
126907;-188936;48891;25055;4
118812;-165552;48385;26517;2
111825;-165946;47949;26492;1
120371;-170820;48483;26187;8
116883;-190883;48265;24933;1
119004;-187029;48397;25174;8
105459;-175231;47551;25912;8
112948;-175764;48019;25878;8
124175;-182865;48720;25434;1
109458;-193885;47801;24746;8
129553;-174596;49057;25951;4
125531;-169391;48805;26277;1
120307;-180596;48479;25576;1
115839;-194789;48199;24689;4
102546;-176332;47369;25843;1
130653;-184668;49125;25322;2
123261;-181887;48663;25496;8
107615;-188184;47685;25102;8
117752;-184589;48319;25327;8
126154;-195867;48844;24622;4
106946;-176091;47644;25858;4
109346;-191045;47794;24923;2
114412;-164466;48110;26584;2
106947;-192205;47644;24851;2
113204;-163902;48035;26620;1
110172;-177968;47845;25741;4
116207;-165518;48222;26519;4
116347;-171554;48231;26141;4
123953;-174588;48707;25952;2
120447;-166694;48487;26445;1
111659;-173093;47938;26045;2
124142;-194454;48718;24710;4
121692;-172802;48565;26063;8
101340;-173634;47293;26011;8
111808;-176895;47948;25808;1
117812;-179626;48323;25637;1
127049;-171059;48900;26172;2
115921;-178213;48205;25725;8
129752;-165525;49069;26518;1
127229;-164824;48911;26562;8
115290;-179776;48165;25628;4
117403;-183532;48297;25393;1
125235;-193037;48787;24799;2
118106;-183394;48341;25401;1
121269;-195956;48539;24616;2
117073;-195717;48277;24631;8
99694;-178738;47190;25692;4
107185;-189884;47659;24996;8
104084;-182938;47465;25430;8
101048;-186033;47275;25236;2
105368;-175105;47545;25919;8
130294;-166840;49103;26436;8
105101;-171666;47528;26134;2
99663;-169414;47188;26275;2
128228;-178968;48974;25678;2
102251;-173764;47350;26003;8
129327;-165509;49042;26519;1
122125;-183618;48592;25387;8
107050;-180541;47650;25580;4
119178;-187316;48408;25156;8
122272;-183777;48602;25377;4
105500;-171272;47553;26159;1
102266;-167399;47351;26401;4
106915;-173123;47642;26043;2
116983;-177621;48271;25762;8
129240;-184237;49037;25349;8
100583;-180534;47246;25580;2
125424;-182531;48799;25455;2
119087;-171198;48402;26164;4
120519;-179269;48492;25659;4
127607;-176018;48935;25862;4
107232;-184653;47662;25323;2
126497;-193800;48866;24751;2
114929;-165551;48143;26517;1
111597;-164041;47934;26611;2
115116;-182861;48154;25435;4
117825;-174199;48324;25976;4
124248;-183028;48725;25424;8
125637;-170745;48812;26192;4
101891;-168249;47328;26348;1
108474;-176312;47739;25844;4
110177;-191950;47846;24867;1
104120;-165124;47467;26543;4
111778;-182239;47946;25474;4
108129;-180801;47718;25563;2
111252;-189852;47913;24998;2
128276;-167586;48977;26389;8
125211;-189811;48785;25000;1
119571;-181606;48433;25513;4
110210;-176213;47848;25850;4
120403;-179348;48485;25654;4
118419;-189559;48361;25016;1
122344;-185512;48606;25269;1
106809;-183663;47635;25385;2
120612;-187129;48498;25168;4
106524;-169950;47617;26242;8
129564;-178462;49057;25710;2
113817;-194435;48073;24711;1
112547;-174614;47994;25950;2
101682;-183249;47315;25410;8
116922;-190701;48267;24945;1
112317;-195862;47979;24622;4
106957;-173135;47644;26043;2
110009;-188705;47835;25069;8
121706;-180401;48566;25588;8
109906;-175110;47829;25919;2
116774;-177217;48258;25787;4
106286;-184950;47602;25304;1
104655;-183680;47500;25384;8
109458;-188438;47801;25086;1
100751;-180792;47256;25564;4
112139;-187535;47968;25143;2
125673;-191556;48814;24891;2
122321;-185444;48605;25273;2
122034;-165165;48587;26541;1
107767;-181771;47695;25503;8
129257;-174615;49038;25950;2
126531;-167378;48868;26402;8
103463;-178623;47426;25700;2
120343;-180588;48481;25577;8
128143;-177109;48968;25794;2
110998;-189144;47897;25042;2
111530;-173439;47930;26024;2
113411;-176352;48048;25842;2
113677;-167633;48064;26386;4
124983;-188670;48771;25072;1
106946;-173062;47644;26047;1
129745;-177769;49069;25753;1
101172;-182966;47283;25428;4
112405;-163937;47985;26617;4
99357;-167913;47169;26369;1
120362;-186858;48482;25185;2
107425;-179467;47674;25647;4
100584;-177255;47246;25785;4
120085;-168279;48465;26346;1
111796;-182489;47947;25458;8
99542;-168834;47181;26311;1
113666;-189800;48064;25001;8
109599;-196187;47809;24602;4
116244;-178120;48225;25731;4
120370;-190570;48483;24953;4
105459;-178005;47551;25738;8
130100;-164258;49091;26597;4
116420;-185496;48236;25270;2
107905;-180521;47704;25581;8
126133;-196261;48843;24597;2
101760;-173288;47320;26033;1
118154;-178712;48344;25694;8
105341;-175174;47543;25915;2
100708;-181271;47254;25534;8
107308;-164916;47666;26556;8
101843;-178409;47325;25713;2
126450;-183125;48863;25418;1
103291;-169626;47415;26262;2
117732;-164221;48318;26600;8
129808;-173266;49073;26034;2
110503;-174439;47866;25961;1
122704;-185192;48629;25289;1
118028;-167393;48336;26401;2
115417;-170279;48173;26221;4
110030;-186137;47836;25230;2
111745;-181876;47944;25496;1
123486;-179700;48677;25632;1
122914;-187629;48642;25137;1
115539;-191704;48181;24882;2
126831;-172199;48886;26101;8
117993;-196155;48334;24604;8
114579;-190513;48121;24956;8
102144;-172355;47344;26091;4
130559;-186000;49119;25239;8
126676;-180088;48877;25608;2
114203;-168410;48097;26338;8
120639;-183612;48499;25388;8
126752;-172220;48882;26100;1
106932;-172831;47643;26062;2
101780;-174752;47321;25942;8
115885;-196352;48202;24592;8
107163;-188631;47657;25074;1
114631;-196123;48124;24606;4
104455;-166816;47488;26438;2
116155;-186581;48219;25202;2
117149;-177559;48281;25766;1
123477;-169639;48677;26261;4
107631;-186339;47686;25217;2
125569;-191238;48808;24911;2
103938;-186343;47456;25217;8
128852;-178456;49013;25710;2
107131;-186919;47655;25181;1
105337;-178582;47543;25702;8
109094;-190207;47778;24976;2
99258;-180541;47163;25580;8
128009;-195794;48960;24626;4
106241;-194438;47600;24711;4
99098;-183721;47153;25381;4
101719;-182707;47317;25444;4
101725;-182471;47317;25459;1
126548;-171394;48869;26151;1
129395;-194206;49047;24726;1
106515;-185654;47617;25260;2
103885;-185897;47452;25245;1
122318;-172513;48604;26081;8
120814;-169714;48510;26256;4
124221;-182843;48723;25436;8
109254;-178505;47788;25707;2
126861;-170325;48888;26218;2
114806;-185887;48135;25246;1
100876;-180293;47264;25595;1
99462;-165697;47176;26507;8
116781;-195912;48258;24619;4
120498;-167168;48491;26416;1
117639;-177680;48312;25759;1
117801;-196113;48322;24606;2
99847;-175905;47200;25869;4
128193;-170818;48972;26187;2
123028;-181504;48649;25520;8
102567;-173943;47370;25992;1
114332;-176438;48105;25836;1
120895;-166119;48515;26481;8
113808;-190482;48073;24958;2
103777;-169246;47446;26286;1
98744;-175779;47131;25877;2
115049;-164597;48150;26576;4
103775;-166904;47445;26432;2
130475;-171220;49114;26162;8
109390;-173119;47796;26044;8
115137;-182198;48156;25476;2
105076;-177345;47527;25779;1
130744;-168768;49131;26316;8
116940;-193862;48268;24747;1
128150;-167318;48969;26406;4
111253;-183304;47913;25407;8
113417;-165043;48048;26548;1
108994;-179105;47772;25669;8
98605;-177001;47122;25801;4
106896;-192354;47641;24841;1
119959;-178555;48457;25704;4
100512;-180903;47242;25557;2
100923;-180434;47267;25586;1
115013;-195575;48148;24640;1
100701;-168794;47253;26314;1
117069;-193854;48276;24748;2
109915;-195156;47829;24666;8
99155;-182017;47157;25487;8
107923;-180221;47705;25600;1
129718;-178474;49067;25709;8
118335;-164549;48355;26579;1
114252;-176473;48100;25834;4
109913;-171662;47829;26135;2
124580;-193234;48746;24786;1
117498;-182022;48303;25487;8
111256;-189658;47913;25010;4
107046;-188937;47650;25055;2
114860;-194564;48138;24703;2
125626;-181840;48811;25499;1
105678;-178272;47564;25722;8
130216;-193311;49098;24782;2
128290;-166740;48978;26442;8
115016;-167817;48148;26375;2
111846;-178500;47950;25707;1
102395;-179544;47359;25642;2
121347;-183307;48544;25407;2
129442;-171578;49050;26140;1
118836;-173875;48387;25996;8
122978;-186372;48646;25215;4
115408;-173432;48173;26024;1
101179;-177274;47283;25784;4
114497;-179326;48116;25656;1
105519;-167006;47554;26426;8
121998;-165112;48584;26544;1
117779;-182850;48321;25435;1
130542;-166162;49118;26478;8
124531;-193170;48743;24790;8
127242;-164372;48912;26590;1
99193;-182290;47159;25470;4
117383;-183899;48296;25370;4
117014;-181263;48273;25535;1
102473;-176050;47364;25860;8
116884;-195115;48265;24669;2
119568;-171732;48433;26130;8
110580;-183808;47871;25376;1
113140;-176586;48031;25827;4
103431;-166173;47424;26478;8
105997;-186157;47584;25229;2
129968;-172532;49083;26080;8
122559;-165931;48619;26493;4
105517;-190371;47554;24965;1
104871;-191479;47514;24896;1
110650;-180645;47875;25573;8
101470;-183388;47301;25402;1
117003;-192336;48272;24843;2
120287;-168017;48477;26362;8
110994;-185624;47897;25262;4
112443;-190545;47987;24954;1
119217;-173034;48411;26049;2
109534;-189019;47805;25050;4
101819;-168510;47323;26332;2
122280;-165133;48602;26543;2
120114;-180697;48467;25570;2
101516;-170330;47304;26218;4
128104;-166565;48966;26453;1
122109;-193016;48591;24800;2
107883;-174679;47702;25946;2
117840;-191951;48325;24867;8
108426;-169853;47736;26248;1
116880;-180883;48265;25558;1
112421;-189193;47986;25039;8
123295;-193174;48665;24790;2
115668;-190770;48189;24940;2
118203;-175382;48347;25902;4
120172;-169638;48470;26261;4
129669;-165737;49064;26505;2
118727;-183409;48380;25400;1
98647;-175468;47125;25897;8
116602;-180189;48247;25602;2
125118;-165254;48779;26535;1
127692;-190308;48940;24969;1
113461;-175749;48051;25879;4
117990;-164597;48334;26576;2
127614;-166515;48935;26456;2
99487;-169051;47177;26298;2
119866;-168219;48451;26350;2
129482;-170573;49052;26203;2
101850;-168458;47325;26335;4
113440;-165982;48050;26490;2
118440;-179294;48362;25658;8
111323;-192446;47917;24836;4
122662;-193150;48626;24792;4
114271;-165352;48101;26529;2
126575;-165975;48870;26490;4
118156;-189339;48344;25030;4
124461;-181632;48738;25512;1
99233;-172153;47162;26104;8
117785;-191992;48321;24864;4
124682;-179184;48752;25665;2
115996;-193768;48209;24753;4
112749;-190671;48006;24947;2
99275;-180688;47164;25571;8
102753;-176326;47382;25843;2
104841;-191628;47512;24887;1
99969;-170778;47208;26190;1
124047;-185379;48712;25277;1
100487;-177141;47240;25792;4
120455;-170846;48488;26186;2
123125;-181720;48655;25506;1
124979;-193982;48771;24740;8
128926;-171364;49017;26153;4
118500;-170502;48366;26207;8
113430;-194155;48049;24729;4
126567;-185596;48870;25264;8
110310;-174543;47854;25955;4
99115;-182044;47154;25486;8
124149;-196305;48719;24594;2
101037;-184803;47274;25313;4
111322;-190626;47917;24949;2
107797;-168201;47697;26351;2
119333;-173532;48418;26018;2
127340;-190016;48918;24988;2
117486;-195309;48302;24657;1
111063;-190469;47901;24959;2
117042;-195516;48275;24644;2
127452;-176214;48925;25850;1
110880;-177474;47890;25771;2
105401;-177645;47547;25761;4
114638;-196215;48124;24600;4
101109;-179521;47279;25643;4
105085;-177957;47527;25741;8
122782;-187921;48633;25118;4
109785;-171998;47821;26114;1
118266;-175932;48351;25868;8
108322;-187725;47730;25131;2
114936;-170769;48143;26190;1
111689;-185050;47940;25298;2
114172;-176553;48095;25829;1
130334;-165189;49105;26539;1
116336;-185331;48231;25280;1
121177;-165357;48533;26529;4
104813;-191042;47510;24923;4
114735;-194223;48130;24725;4
111561;-164177;47932;26602;4
107201;-190730;47660;24943;1
129179;-174689;49033;25945;4
112014;-165852;47960;26498;4
101521;-175404;47305;25901;4
102838;-184774;47387;25315;4
117424;-188725;48299;25068;1
105331;-180974;47543;25553;1
99989;-182756;47209;25441;1
120732;-166416;48505;26463;2
127394;-189680;48922;25009;8
114578;-187660;48121;25135;4
125854;-179794;48825;25626;4
116054;-184819;48213;25312;2
129339;-170510;49043;26207;8
105354;-171417;47544;26150;8
114895;-176942;48140;25805;4
114870;-164917;48139;26556;2
99857;-176467;47201;25834;2
118070;-170098;48339;26232;2
103954;-186364;47457;25216;8
128774;-178015;49008;25738;2
130561;-193218;49120;24787;1
117892;-179899;48328;25620;8
109655;-196593;47813;24576;2
128575;-164074;48995;26609;1
125894;-177185;48828;25789;8
101203;-168076;47285;26359;4
101903;-167029;47328;26424;8
100618;-180402;47248;25588;8
115131;-182710;48155;25444;2
101458;-175177;47301;25915;2
123474;-194246;48677;24723;2
121608;-175004;48560;25926;8
118475;-177935;48364;25743;8
119101;-172254;48403;26098;8
130595;-171298;49122;26157;2
100719;-166395;47254;26464;8
115066;-177123;48151;25793;1
126580;-166097;48871;26482;8
99045;-179623;47150;25637;4
99321;-172135;47167;26105;1
120719;-193999;48504;24739;8
111545;-178450;47931;25710;4
100120;-170318;47217;26219;2
108504;-185741;47741;25255;4
112842;-194867;48012;24684;2
127380;-182923;48921;25431;2
127338;-189571;48918;25015;1
124282;-182583;48727;25452;8
125782;-166796;48821;26439;1
109538;-177607;47806;25763;1
120657;-179216;48501;25663;4
126942;-167444;48893;26398;1
121771;-175508;48570;25894;8
119794;-190940;48447;24930;1
128671;-165444;49001;26523;2
118427;-177895;48361;25745;8
121867;-191756;48576;24879;1
124690;-193412;48753;24775;4
130690;-176293;49128;25845;8
122821;-176554;48636;25829;2
117773;-191947;48320;24867;4
102098;-168014;47341;26363;8
120565;-170903;48495;26182;4
117922;-192675;48330;24821;2
117380;-167197;48296;26414;2
130687;-165147;49127;26542;4
124747;-184535;48756;25330;1
100193;-166627;47222;26449;2
113301;-164254;48041;26598;2
127375;-164146;48920;26604;4
113440;-176288;48050;25846;2
125139;-189189;48781;25039;1
108191;-191931;47721;24868;4
124217;-182000;48723;25489;1
126958;-177168;48894;25791;8
126856;-171576;48888;26140;2
99088;-172967;47153;26053;4
127200;-187146;48910;25167;2
116596;-190032;48247;24987;8
125668;-191865;48814;24872;1
99339;-171140;47168;26167;1
116257;-180426;48226;25587;2
119980;-187085;48458;25171;4
116596;-171760;48247;26129;4
101882;-178391;47327;25714;1
126140;-163880;48843;26621;8
120827;-166416;48511;26463;4
122562;-187851;48620;25123;1
118600;-175492;48372;25895;2
99354;-167459;47169;26397;2
104836;-194046;47512;24736;1
102117;-185060;47342;25297;2
114576;-165520;48121;26519;8
114152;-171771;48094;26128;2
126600;-186025;48872;25237;8
108159;-175517;47719;25894;4
126523;-185585;48867;25264;4
127750;-170073;48944;26234;2
111213;-196578;47910;24577;4
123728;-190510;48693;24957;2
128660;-180410;49001;25588;2
122763;-184001;48632;25363;1
101974;-167109;47333;26419;8
101412;-165473;47298;26521;4
109707;-194112;47816;24732;2
119820;-177894;48448;25745;8
120435;-190397;48487;24964;4
127497;-168861;48928;26310;8
101572;-178422;47308;25712;2
127301;-166258;48916;26472;4
100617;-182277;47248;25471;8
120479;-180534;48489;25580;2
106923;-185658;47642;25260;1
105400;-171449;47547;26148;8
107056;-187137;47651;25167;2
121224;-169769;48536;26253;8
106688;-180053;47628;25610;8
118046;-186721;48337;25193;4
99133;-180019;47155;25612;8
120360;-190083;48482;24983;2
124921;-175478;48767;25896;8
115069;-165598;48151;26514;4
99555;-178639;47182;25699;2
118081;-174930;48340;25930;1
100305;-167532;47229;26393;8
127911;-195516;48954;24644;2
121528;-175696;48555;25883;1
112099;-194022;47966;24737;1
112318;-195722;47979;24631;4
121212;-186322;48535;25218;4
113326;-168617;48042;26325;4
99429;-166344;47174;26467;8
123137;-181574;48656;25515;8
125351;-193185;48794;24789;4
102484;-180815;47365;25563;4
108856;-177904;47763;25745;8
110164;-191877;47845;24871;2
130575;-181179;49120;25540;4
103725;-175727;47442;25881;1
109689;-195139;47815;24667;2
108718;-181130;47754;25543;4
118166;-183423;48345;25400;2
129475;-165130;49052;26543;1
126242;-188586;48850;25077;4
102450;-168526;47363;26331;8
117225;-177879;48286;25746;2
130838;-184735;49137;25318;2
118796;-193610;48384;24763;2
108815;-187030;47760;25174;8
106356;-166454;47607;26460;8
115961;-167297;48207;26407;8
114543;-179468;48118;25647;1
107643;-187187;47687;25164;8
122876;-193126;48639;24793;2
126731;-192066;48880;24859;4
99901;-179335;47203;25655;2
121861;-164513;48576;26581;8
100067;-177086;47214;25796;1
128248;-166743;48975;26442;4
118722;-171546;48380;26142;1
111313;-175122;47917;25918;4
105769;-194865;47570;24684;2
110918;-176896;47892;25808;2
112430;-189222;47986;25037;4
115401;-170873;48172;26184;2
129745;-168115;49069;26356;1
123171;-165630;48658;26512;1
128235;-167630;48974;26387;2
118061;-180914;48338;25556;8
116929;-178318;48268;25719;1
98503;-178301;47116;25720;1
126476;-180054;48864;25610;1
118969;-172903;48395;26057;1
119193;-187508;48409;25144;4
127269;-180856;48914;25560;8
127813;-171958;48948;26116;4
116261;-185178;48226;25290;2
100417;-164630;47236;26574;2
108453;-181100;47738;25545;2
122280;-183555;48602;25391;1
105426;-178279;47549;25721;8
122234;-165283;48599;26533;2
111228;-171891;47911;26120;4
128236;-179035;48974;25674;4
100287;-175082;47227;25921;2
101672;-178668;47314;25697;8
110132;-189945;47843;24992;1
100958;-184516;47269;25331;4
127425;-170455;48924;26210;4
100945;-184574;47269;25328;8
110581;-174563;47871;25953;2
113852;-181207;48075;25538;1
109218;-193486;47786;24771;1
129292;-186600;49040;25201;2
105112;-192313;47529;24844;8
114117;-164052;48092;26610;2
108996;-191595;47772;24889;2
119416;-179959;48423;25616;8
111135;-195490;47905;24645;8
106231;-184878;47599;25309;2
128421;-166966;48986;26428;2
121238;-181825;48537;25499;4
107089;-189147;47653;25042;1
104535;-171509;47493;26144;8
130699;-166261;49128;26472;8
114575;-195509;48120;24644;4
107595;-192668;47684;24822;4
102298;-181185;47353;25539;8
112295;-188952;47978;25054;8
117531;-185300;48305;25282;8
127761;-166531;48945;26455;4
104551;-189927;47494;24993;1
107215;-169082;47660;26296;4
108469;-169835;47739;26249;1
112567;-190832;47995;24937;2
122872;-164096;48639;26608;2
105516;-183707;47554;25382;2
99072;-183493;47152;25395;2
105395;-171037;47547;26174;4
118924;-192405;48392;24838;2
103429;-168761;47424;26316;8
130345;-175151;49106;25917;1
118716;-172425;48379;26087;4
107178;-174379;47658;25965;4
119104;-188924;48404;25056;8
99991;-182576;47209;25453;4
106245;-168573;47600;26328;8
108492;-185236;47740;25286;1
108118;-180883;47717;25558;1
127992;-189394;48959;25026;8
109622;-186264;47811;25222;8
100675;-186009;47252;25238;1
107688;-174276;47690;25971;2
127395;-191026;48922;24924;8
110023;-195766;47836;24628;1
114997;-195541;48147;24642;4
123554;-189079;48682;25046;2
116430;-167774;48236;26378;8
111206;-196295;47910;24595;8
109462;-186631;47801;25199;2
123202;-181778;48660;25502;4
104130;-182931;47468;25430;8
106153;-186146;47594;25229;1
99153;-183185;47157;25414;4
108462;-176012;47738;25863;1
109451;-179529;47800;25643;8
125024;-179145;48774;25667;4
100956;-180248;47269;25598;8
111362;-179359;47920;25654;4
116863;-178007;48263;25738;2
127787;-179660;48946;25635;8
117068;-170893;48276;26183;8
114641;-167513;48125;26394;2
113531;-192278;48055;24846;1
110608;-177954;47873;25741;2
119906;-182372;48454;25465;8
124794;-191954;48759;24866;4
109323;-187605;47792;25138;1
113308;-178808;48041;25688;8
102320;-173574;47355;26015;1
117077;-185287;48277;25283;1
107741;-187735;47693;25130;4
118632;-179241;48374;25661;8
115576;-188590;48183;25077;1
104265;-172402;47476;26088;2
114808;-190226;48135;24974;8
120070;-186926;48464;25181;1
104994;-170845;47522;26186;1
107308;-188922;47666;25056;8
124025;-180697;48711;25570;4
110719;-181465;47879;25522;8
117884;-171908;48327;26119;2
107026;-190237;47649;24974;4
101629;-170296;47311;26220;1
126163;-196270;48845;24597;2
118721;-188816;48380;25063;4
108082;-186653;47715;25198;8
106963;-192129;47645;24855;1
123212;-183560;48660;25391;4
118555;-188906;48369;25057;1
114021;-171719;48086;26131;4
98586;-174801;47121;25938;4
111336;-177262;47918;25785;2
127715;-176497;48942;25832;4
114899;-164940;48141;26555;4
123757;-195520;48694;24644;1
129406;-171437;49047;26149;2
119353;-191027;48419;24924;4
127231;-164099;48911;26607;2
102591;-184889;47371;25308;2
130266;-192785;49101;24814;8
118613;-184173;48373;25353;2
103677;-173204;47439;26038;1
129574;-189815;49058;25000;1
114414;-172607;48110;26076;4
107642;-174270;47687;25972;8
130037;-165101;49087;26545;8
124467;-188745;48739;25067;8
111855;-182282;47950;25471;4
127227;-185850;48911;25248;4
127643;-176156;48937;25854;2
117828;-176983;48324;25802;1
121663;-181571;48563;25515;2
119194;-175024;48409;25925;2
122010;-184978;48585;25302;2
99564;-171213;47182;26163;8
124380;-193625;48733;24762;4
116549;-195458;48244;24647;8
120770;-171592;48508;26139;4
111030;-177338;47899;25780;4
104277;-172314;47477;26094;4
124643;-181548;48750;25517;2
117782;-174308;48321;25969;2
98918;-179661;47142;25635;8
118647;-189508;48375;25019;4
123944;-180672;48706;25572;1
114383;-184847;48108;25311;2
121240;-177815;48537;25750;4
104125;-174187;47467;25977;8
125777;-177236;48821;25786;4
124936;-167561;48768;26391;8
105350;-169340;47544;26280;2
120706;-180413;48504;25588;1
100668;-168260;47251;26347;2
101837;-174631;47324;25949;2
105542;-169301;47556;26282;2
105192;-167129;47534;26418;8
102194;-164090;47347;26608;1
104018;-167260;47461;26410;2
101940;-173764;47331;26003;1
127032;-176924;48899;25806;2
106662;-185266;47626;25284;4
115298;-196158;48166;24604;2
123477;-188689;48677;25070;2
105669;-176256;47564;25848;1
122320;-184541;48605;25330;4
112761;-190602;48007;24951;2
117228;-172574;48286;26078;2
110964;-193566;47895;24766;1
113992;-164025;48084;26612;4
122186;-185940;48596;25242;4
103352;-178463;47419;25710;8
106595;-185732;47622;25255;1
128250;-179196;48975;25664;4
120341;-179447;48481;25648;4
128094;-166789;48965;26439;1
123668;-187090;48689;25170;1
126833;-176939;48887;25805;8
114726;-190423;48130;24962;2
99856;-176496;47201;25833;4
126022;-163906;48836;26619;4
120385;-170846;48484;26186;1
129280;-170430;49040;26212;8
103977;-177441;47458;25773;4
117550;-185142;48306;25292;4
109841;-171885;47825;26121;1
122639;-176766;48624;25816;4
129668;-178760;49064;25691;1
111067;-189645;47901;25011;4
125563;-165087;48807;26546;4
118215;-190743;48348;24942;2
121046;-195916;48525;24619;1
116991;-177511;48271;25769;4
108720;-185145;47755;25292;8
108570;-181210;47745;25538;4
105245;-175480;47537;25896;8
107400;-180643;47672;25573;8
114270;-175713;48101;25881;8
113562;-192499;48057;24832;2
128039;-190535;48962;24955;1
124146;-178946;48719;25679;4
101033;-166082;47274;26483;2
127782;-186376;48946;25215;1
115057;-168173;48151;26353;4
102788;-169485;47384;26271;1
127143;-181163;48906;25541;4
103733;-173137;47443;26042;1
111454;-176959;47925;25804;2
118586;-186920;48371;25181;2
107627;-174300;47686;25970;4
107432;-164747;47674;26567;1
107925;-175536;47705;25893;1
109354;-179363;47794;25653;2
128943;-186143;49018;25230;8
130972;-165059;49145;26547;1
118850;-172042;48388;26111;2
110898;-185084;47891;25296;4
104205;-171554;47472;26141;2
117612;-185177;48310;25290;1
118087;-180864;48340;25560;4
116916;-177632;48267;25762;2
114579;-187682;48121;25133;1
112139;-177061;47968;25797;2
109997;-187721;47834;25131;1
102042;-171424;47337;26150;8
115661;-190879;48188;24934;8
126720;-178372;48880;25715;2
120573;-179222;48495;25662;4
124777;-184491;48758;25333;2
106738;-185066;47631;25297;1
120065;-187063;48464;25172;1
100030;-183749;47211;25379;2
107224;-185143;47661;25292;4
101410;-175005;47298;25926;1
124874;-175527;48764;25893;1
107567;-186399;47682;25214;1
122955;-181366;48644;25528;2
101221;-165671;47286;26509;1
120584;-183586;48496;25389;1
101708;-182121;47316;25481;8
102661;-174763;47376;25941;1
118345;-180426;48356;25587;2
125812;-163949;48823;26617;2
100781;-168706;47258;26319;2
105086;-180506;47527;25582;8
128200;-167660;48972;26385;1
104633;-167762;47499;26378;8
123036;-181429;48649;25524;4
106726;-180028;47630;25612;2
130239;-176754;49099;25816;2
103763;-183365;47445;25403;8
116419;-193695;48236;24758;2
99490;-170897;47178;26182;1
125822;-192479;48823;24834;4
117739;-164650;48318;26573;4
111065;-189675;47901;25009;4
121466;-183798;48551;25376;8
114995;-190632;48147;24949;8
107950;-188107;47706;25107;8
106060;-184928;47588;25306;1
100418;-164569;47236;26578;2
120623;-166992;48498;26427;1
118680;-170744;48377;26192;8
126159;-182395;48844;25464;8
123134;-166046;48655;26486;1
129107;-180536;49029;25580;8
130225;-193403;49099;24776;1
117085;-194550;48277;24704;2
117758;-196119;48319;24606;4
126547;-183485;48869;25396;8
124924;-175461;48767;25897;4
106623;-190621;47623;24950;4
109405;-178788;47797;25689;4
107704;-191583;47691;24890;2
115317;-187896;48167;25120;1
114280;-175710;48102;25882;8
129207;-167049;49035;26423;8
122858;-184856;48638;25310;2
107295;-165007;47665;26551;1
117699;-164657;48316;26572;1
118439;-188836;48362;25061;2
128530;-164001;48993;26613;2
121341;-180849;48543;25560;8
113319;-191679;48042;24884;1
110360;-191402;47857;24901;1
105096;-171718;47528;26131;2
112498;-190443;47991;24961;2
128644;-183570;49000;25390;1
129349;-189376;49044;25028;4
102363;-168297;47357;26345;8
119750;-177974;48444;25740;2
113253;-176697;48038;25820;4
110912;-193428;47892;24774;8
118739;-177753;48381;25754;2
100367;-178058;47232;25735;1
101557;-185789;47307;25252;1
119971;-178237;48458;25724;1
125694;-190649;48815;24948;1
116983;-171943;48271;26117;2
113174;-163846;48033;26623;8
126923;-188909;48892;25057;8
118351;-168617;48356;26325;1
121414;-165751;48548;26504;8
114487;-179362;48115;25653;1
125398;-182469;48797;25459;1
122721;-179338;48630;25655;8
116973;-180328;48270;25593;4
129109;-177896;49029;25745;4
112604;-176178;47997;25852;2
106463;-168542;47613;26330;1
120056;-178541;48463;25705;1
115199;-175844;48159;25873;4
116217;-186581;48223;25202;8
126153;-188576;48844;25078;4
111445;-179825;47925;25624;2
111303;-187734;47916;25130;8
127841;-179941;48950;25617;8
110174;-189500;47845;25020;4
115593;-190941;48184;24930;2
114526;-179671;48117;25634;2
127996;-167016;48959;26425;1
127952;-164341;48957;26592;8
106839;-184210;47637;25350;2
108980;-190178;47771;24977;2
118379;-168801;48358;26313;2
117489;-164360;48303;26591;2
112921;-190952;48017;24929;2
109389;-178679;47796;25696;8
126416;-187808;48861;25126;8
117566;-185051;48307;25298;2
118374;-168671;48358;26322;1
130127;-178848;49092;25686;8
117101;-167539;48278;26392;8
107690;-173972;47690;25990;2
120558;-184041;48494;25361;1
103874;-174441;47452;25961;8
113977;-165637;48083;26511;8
128566;-171597;48995;26139;8
130541;-192574;49118;24828;4
103102;-169261;47403;26285;2
107364;-179969;47670;25615;1
110192;-190080;47847;24984;1
99443;-166324;47175;26468;4
126459;-181969;48863;25490;4
108351;-193032;47731;24799;2
106656;-180129;47626;25605;4
109342;-194427;47793;24712;8
109739;-188925;47818;25056;2
111987;-181840;47959;25499;4
111633;-174181;47937;25977;8
99106;-182511;47154;25457;2
118737;-177365;48381;25778;4
120365;-191139;48482;24917;2
107630;-181153;47686;25541;1
105008;-192147;47523;24854;4
126128;-183765;48843;25378;2
123290;-178027;48665;25737;4
115389;-177153;48171;25791;1
111892;-175900;47953;25870;2
127104;-185733;48904;25255;4
104697;-189417;47503;25025;4
101226;-170415;47286;26213;2
108032;-188707;47712;25069;2
122553;-182092;48619;25483;1
118575;-189559;48370;25016;4
107379;-185669;47671;25259;2
105476;-171386;47552;26152;2
117701;-174712;48316;25944;8
124878;-175470;48764;25897;2
126269;-185801;48851;25251;2
115752;-181792;48194;25502;2
105067;-164165;47526;26603;4
111047;-183477;47900;25396;2
116710;-185769;48254;25253;4
127177;-164417;48908;26587;4
119742;-180224;48443;25600;2
106303;-194440;47603;24711;2
119730;-180916;48443;25556;4
112572;-174166;47995;25978;2
114016;-182056;48086;25485;4
128091;-174842;48965;25936;1
129035;-167212;49024;26413;8
113351;-163912;48044;26619;1
127223;-164363;48911;26591;2
101994;-166838;47334;26436;2
111481;-196384;47927;24590;4
128458;-180757;48988;25566;4
120385;-167700;48484;26382;8
124005;-182735;48710;25443;2
118429;-174888;48361;25933;8
129375;-174598;49045;25951;8
120647;-169625;48500;26262;1
113525;-175709;48055;25882;4
104656;-178763;47501;25691;1
108927;-172306;47767;26094;8
126508;-186847;48866;25186;2
115010;-167796;48148;26376;4
119584;-171573;48434;26140;1
127950;-165054;48956;26548;1
108033;-176932;47712;25805;2
107640;-177423;47687;25775;1
120692;-183075;48503;25421;1
110040;-187673;47837;25134;2
129270;-165263;49039;26535;4
127317;-173307;48917;26032;1
126525;-182634;48867;25449;2
129005;-186205;49022;25226;8
129607;-164535;49060;26580;8
105314;-163924;47542;26618;2
123432;-180347;48674;25592;2
123518;-188743;48679;25067;1
128609;-168830;48998;26312;1
130424;-167382;49111;26402;4
118855;-181391;48388;25527;2
113733;-165767;48068;26503;2
103420;-165853;47423;26498;4
120109;-168200;48466;26351;1
124400;-188652;48735;25073;4
116113;-165871;48217;26497;1
117020;-192448;48273;24836;1
128756;-177856;49007;25748;1
128549;-178692;48994;25695;8
117386;-181320;48296;25531;8
98558;-178756;47119;25691;1
130808;-165192;49135;26539;2
126193;-183688;48847;25383;1
114072;-174890;48089;25933;2
116261;-167476;48226;26396;1
127389;-179866;48921;25622;4
114517;-168323;48117;26343;8
114784;-175836;48134;25874;1
124740;-178743;48756;25692;4
111637;-173438;47937;26024;8
110783;-180713;47883;25569;2
104885;-166199;47515;26476;2
125108;-185621;48779;25262;4
122768;-193054;48633;24798;1
124889;-178243;48765;25723;1
104769;-188331;47508;25093;8
103846;-183154;47450;25416;4
107274;-186079;47664;25234;2
117389;-176731;48296;25818;4
107925;-180565;47705;25578;8
112419;-174888;47986;25933;4
107132;-185112;47655;25294;2
114876;-170861;48139;26185;4
120757;-183737;48507;25380;1
114062;-175083;48088;25921;4
110980;-189628;47896;25012;2
109725;-171428;47817;26149;4
106203;-169915;47597;26244;4
109629;-164793;47811;26564;2
118352;-164612;48357;26575;2
122256;-172967;48601;26053;2
105304;-171541;47541;26142;2
114141;-165508;48093;26519;8
122269;-173901;48601;25995;4
104380;-186939;47483;25180;8
109814;-185808;47823;25251;8
113398;-188981;48047;25052;4
129578;-178437;49058;25711;2
130658;-193215;49126;24788;2
101486;-182233;47302;25474;4
121985;-188443;48584;25086;2
109142;-186061;47781;25235;2
106413;-195941;47610;24617;4
122920;-187574;48642;25140;8
104861;-178594;47513;25701;4
108586;-192675;47746;24821;2
127324;-167882;48917;26371;8
109792;-172042;47822;26111;4
109189;-193736;47784;24755;8
102957;-179715;47394;25631;1
113807;-177355;48072;25779;8
118277;-186487;48352;25208;8
117569;-181264;48308;25535;1
120876;-170734;48514;26193;4
121755;-181870;48569;25497;4
122939;-181339;48643;25530;1
108191;-192646;47721;24823;8
108517;-181098;47742;25545;8
107533;-185297;47680;25282;4
104981;-192070;47521;24859;8
113409;-166254;48048;26473;2
109382;-178652;47796;25698;4
111858;-182583;47951;25452;1
113709;-189717;48066;25006;2
115153;-191680;48157;24884;2
129569;-164498;49058;26582;1
124193;-184264;48722;25347;1
105387;-171129;47546;26168;2
112636;-164864;47999;26560;1
124061;-186601;48713;25201;4
108557;-175956;47744;25866;8
107695;-177369;47690;25778;4
129276;-170425;49039;26212;4
117131;-180506;48280;25582;8
127446;-168009;48925;26363;1
115642;-187859;48187;25122;8
124543;-164131;48743;26605;8
100670;-182250;47251;25473;2
120703;-180598;48503;25576;4
126985;-184206;48896;25351;1
130839;-165160;49137;26541;1
98380;-177911;47108;25744;8
118111;-184871;48341;25309;2
113317;-168147;48042;26354;2
127400;-167984;48922;26365;1
130557;-169105;49119;26294;8
119343;-173468;48418;26022;1
100142;-166532;47218;26455;2
127794;-187499;48947;25145;4
118256;-168084;48351;26358;8
126593;-182330;48872;25468;1
106910;-191712;47641;24882;8
118374;-180367;48358;25591;8
130354;-177245;49107;25786;8
98949;-174289;47144;25970;8
127281;-185816;48915;25250;2
120387;-190158;48484;24979;8
122790;-192966;48634;24803;2
108056;-188309;47713;25094;1
130685;-184814;49127;25313;2
120165;-180106;48470;25607;2
124250;-194474;48725;24709;2
118074;-164710;48339;26569;4
99094;-181559;47153;25516;4
115758;-184562;48194;25328;8
114429;-174788;48111;25939;4
130550;-168885;49119;26308;1
116933;-164090;48268;26608;1
113710;-181137;48066;25542;1
121658;-165729;48563;26505;4
124198;-165810;48722;26500;1
112790;-194921;48009;24681;1
109617;-185783;47811;25252;1
116571;-192199;48245;24851;4
127796;-179925;48947;25618;8
130581;-193199;49121;24789;8
120417;-170772;48486;26190;1
110535;-173737;47868;26005;4
109908;-172009;47829;26113;4
110131;-189363;47843;25028;2
107163;-189538;47657;25017;2
114789;-175628;48134;25887;8
131013;-165020;49148;26550;4
121685;-193901;48565;24745;1
126715;-177180;48879;25790;4
107705;-180269;47691;25597;8
112958;-176841;48019;25811;4
107504;-186238;47679;25224;8
108424;-164607;47736;26576;1
114266;-165287;48101;26533;1
114309;-167142;48104;26417;1
117866;-183647;48326;25386;8
100936;-166718;47268;26444;8
100953;-168656;47269;26323;4
114158;-194431;48094;24712;1
104917;-191310;47517;24907;8
119903;-177881;48453;25746;2
106098;-179344;47591;25655;4
125736;-193195;48818;24789;8
116367;-191977;48232;24865;8
124298;-165575;48728;26515;4
115887;-179730;48202;25630;8
119390;-187613;48421;25138;8
125525;-182937;48805;25430;2
114587;-184636;48121;25324;4
130853;-171782;49138;26127;2
128739;-165564;49006;26516;4
101646;-166276;47312;26471;8
122026;-168190;48586;26352;4
122431;-183300;48611;25407;8
117779;-174348;48321;25967;2
107706;-181774;47691;25503;8
125196;-193015;48784;24800;2
123207;-192412;48660;24838;4
116074;-163898;48214;26620;8
124442;-181602;48737;25513;1
114329;-194475;48105;24709;4
110049;-187800;47838;25126;4
118941;-192385;48393;24839;8
113877;-165763;48077;26503;1
116277;-186900;48227;25182;2
109502;-179492;47803;25645;1
111083;-173795;47902;26001;2
120450;-165531;48488;26518;4
124988;-169449;48771;26273;1
100245;-170669;47225;26197;1
113142;-188924;48031;25056;8
125913;-179727;48829;25631;2
127034;-171000;48899;26176;4
107064;-185599;47651;25264;2
123357;-193225;48669;24787;4
118773;-179437;48383;25649;2
107049;-180447;47650;25586;2
130218;-191691;49098;24883;4
103124;-167974;47405;26365;1
104531;-171459;47493;26147;1
113712;-181126;48067;25543;4
119002;-192353;48397;24841;8
130174;-193284;49095;24783;2
118933;-175246;48393;25911;4
99947;-169886;47206;26246;1
128789;-178463;49009;25710;8
121348;-187786;48544;25127;8
102655;-176379;47375;25840;2
111377;-184927;47921;25306;4
127665;-190317;48939;24969;2
118807;-170625;48385;26199;8
118948;-173594;48394;26014;1
101401;-164053;47297;26610;4
116503;-165280;48241;26534;8
129373;-194177;49045;24727;8
129879;-164518;49077;26581;1
121130;-176938;48530;25805;1
103788;-183314;47446;25406;2
99410;-166736;47173;26443;4
106238;-177313;47599;25781;1
118695;-192618;48378;24825;4
103394;-165587;47422;26514;2
104487;-187049;47490;25173;8
127455;-180053;48925;25610;1
102227;-185025;47349;25299;2
99371;-178674;47170;25696;1
123971;-194526;48708;24706;2
114727;-195291;48130;24658;8
129050;-180140;49025;25605;8
114732;-178817;48130;25687;1
103707;-169248;47441;26286;2
117780;-191693;48321;24883;1
111372;-177107;47920;25794;8
99745;-184836;47194;25311;8
117908;-182132;48329;25480;2
119977;-166837;48458;26436;1
116921;-180909;48267;25557;8
126042;-183697;48837;25382;1
109289;-185909;47790;25244;2
117599;-181996;48309;25489;8
113864;-196022;48076;24612;1
127560;-168834;48932;26311;1
127153;-177039;48907;25799;1
110411;-191476;47860;24896;8
108656;-182075;47751;25484;2
121604;-195574;48560;24640;1
129584;-174719;49059;25944;1
126978;-183067;48896;25422;4
99382;-168047;47171;26361;8
109073;-188041;47777;25111;2
117261;-175726;48288;25881;1
110091;-189940;47840;24992;2
102250;-167381;47350;26402;2
124641;-176365;48750;25841;8
106598;-169934;47622;26243;1
109513;-189169;47804;25040;8
124949;-190057;48769;24985;4
122804;-187451;48635;25148;4
106784;-183626;47634;25387;2
122478;-165457;48614;26522;4
117787;-179578;48321;25640;4
98453;-178604;47113;25701;1
126491;-180026;48865;25612;2
106636;-179833;47624;25624;8
113499;-175599;48053;25889;4
104967;-171335;47520;26155;1
126288;-170423;48853;26212;1
119052;-172046;48400;26111;2
121794;-165664;48572;26510;1
119930;-181636;48455;25511;4
122393;-184264;48609;25347;4
101989;-168521;47334;26331;4
114790;-184712;48134;25319;1
129729;-193343;49068;24780;2
109375;-192997;47795;24801;1
114887;-170150;48140;26229;8
125987;-165170;48834;26540;2
98702;-176253;47128;25848;2
128236;-166586;48974;26452;1
111939;-177490;47956;25770;8
104340;-186797;47481;25189;2
116110;-185019;48216;25300;4
125157;-185432;48782;25274;2
112514;-166466;47992;26459;1
122181;-185589;48596;25264;1
107520;-174131;47680;25980;8
121928;-181304;48580;25532;2
102802;-169150;47385;26292;4
109460;-171220;47801;26162;8
115732;-190731;48193;24943;1
113072;-191763;48027;24878;1
115401;-179924;48172;25618;1
130909;-184798;49141;25314;2
101199;-182888;47284;25433;2
106203;-167982;47597;26365;1
121712;-179129;48567;25668;4
107660;-191702;47688;24882;2
107477;-190369;47677;24965;2
106183;-168964;47596;26303;8
115814;-178239;48198;25724;4
116020;-193771;48211;24753;2
110379;-192340;47858;24842;8
130042;-191206;49087;24913;4
112513;-180364;47992;25591;2
127308;-189573;48916;25015;8
129193;-171229;49034;26162;8
127286;-183159;48915;25416;8
112907;-166379;48016;26465;1
114069;-194577;48089;24702;4
110434;-183020;47862;25425;1
100988;-166638;47271;26449;4
108276;-169734;47727;26255;2
100759;-180834;47257;25561;4
122941;-183904;48643;25370;8
122384;-165013;48609;26550;8
116425;-169966;48236;26241;1
120922;-190066;48517;24984;4
116869;-195740;48264;24630;2
114030;-187984;48086;25115;8
126714;-178022;48879;25737;1
103865;-186077;47451;25234;2
124251;-174851;48725;25935;1
124106;-174594;48716;25951;1
105576;-179088;47558;25671;8
113188;-191967;48034;24866;8
111930;-176790;47955;25814;4
112610;-174102;47998;25982;1
104507;-175894;47491;25870;1
120063;-181020;48463;25550;2
99112;-181897;47154;25495;4
117891;-179793;48328;25626;4
124438;-181902;48737;25495;4
106258;-166902;47601;26432;4
128300;-178822;48978;25687;8
123704;-190517;48691;24956;8
101256;-164169;47288;26603;8
117020;-193798;48273;24751;4
111303;-192512;47916;24832;4
103049;-169281;47400;26283;1
120951;-165739;48519;26505;8
117509;-181248;48304;25536;1
127324;-186073;48917;25234;8
126685;-182735;48877;25443;8
125835;-193210;48824;24788;1
118985;-192314;48396;24844;4
104810;-180143;47510;25605;8
112867;-193687;48014;24758;2
121294;-167378;48540;26402;2
129492;-171456;49053;26148;2
107990;-187752;47709;25129;1
116618;-195089;48248;24670;2
126540;-177224;48868;25787;8
120587;-191136;48496;24918;1
124770;-178594;48758;25701;8
116045;-193749;48212;24754;8
106727;-185580;47630;25265;8
99382;-178486;47171;25708;1
107157;-189647;47657;25011;4
113822;-171569;48073;26140;4
127484;-168145;48927;26354;4
127737;-182763;48943;25441;8
109553;-188659;47807;25072;4
119598;-167754;48434;26379;8
123161;-187195;48657;25164;1
114911;-164933;48141;26555;4
117318;-180908;48292;25557;4
113258;-186441;48038;25211;4
119132;-187157;48405;25166;2
108596;-175914;47747;25869;1
119578;-171561;48433;26141;1
123606;-180270;48685;25597;8
101507;-182999;47304;25426;2
103474;-174515;47427;25956;8
110226;-181299;47849;25532;2
128897;-180731;49016;25568;1
120782;-171257;48508;26160;8
103173;-178340;47408;25717;2
127466;-170496;48926;26208;1
104835;-191233;47512;24911;8
103413;-165970;47423;26490;2
116098;-168051;48216;26360;1
109859;-193514;47826;24769;1
128243;-177062;48975;25797;1
103180;-178315;47408;25719;4
128398;-166671;48984;26447;4
118519;-180378;48367;25590;1
118521;-164980;48367;26552;1
104589;-167651;47496;26385;1
99764;-170870;47195;26184;2
100600;-168320;47247;26344;1
109639;-186361;47812;25216;1
111564;-164129;47932;26605;4
120305;-176738;48479;25817;2
121817;-173371;48573;26028;1
120842;-189979;48512;24990;2
107980;-192547;47708;24829;8
105940;-177029;47581;25799;1
117387;-192181;48296;24852;8
126500;-185477;48866;25271;8
108944;-178124;47769;25731;1
128660;-168624;49001;26325;2
99225;-180151;47161;25604;2
110136;-189635;47843;25011;2
121176;-177754;48533;25754;8
103403;-174138;47422;25980;8
99092;-181992;47153;25489;8
130553;-168835;49119;26311;1
101854;-174553;47325;25954;8
104620;-188896;47498;25058;2
108227;-174702;47724;25945;2
115573;-184117;48183;25356;1
101020;-184826;47273;25312;4
125474;-167241;48802;26411;2
113955;-195717;48082;24631;1
129821;-168280;49073;26346;2
124023;-173543;48711;26017;1
118154;-168005;48344;26363;1
110930;-194159;47893;24729;4
123594;-189074;48684;25046;4
122041;-185383;48587;25277;1
105248;-192863;47538;24810;2
123201;-190545;48660;24954;4
115758;-191867;48194;24872;2
122602;-185287;48622;25283;1
114094;-174842;48090;25936;2
113358;-191719;48044;24881;1
98608;-179032;47123;25674;1
102960;-169285;47395;26283;4
106139;-193599;47593;24764;4
103286;-167929;47415;26368;4
117622;-167403;48311;26401;1
114320;-164430;48105;26587;2
127039;-177217;48899;25787;4
99968;-170117;47208;26231;8
99967;-175138;47207;25917;2
125883;-189683;48827;25008;8
120121;-190827;48467;24937;4
99072;-181947;47152;25492;1
104274;-165312;47477;26532;2
126995;-184374;48897;25340;1
99928;-175037;47205;25924;1
110182;-177991;47846;25739;1
127851;-191988;48950;24864;8
115679;-168931;48189;26305;8
128111;-164686;48966;26571;1
114279;-165296;48102;26533;4
115487;-191722;48177;24881;1
108747;-189328;47756;25031;2
102986;-169278;47396;26284;2
103238;-179455;47412;25648;8
101985;-174476;47334;25959;2
106250;-168403;47600;26338;2
126951;-170932;48894;26180;8
126276;-163879;48852;26621;1
98621;-175302;47123;25907;8
105981;-179106;47583;25669;2
124090;-193906;48715;24744;2
109541;-189368;47806;25028;2
121202;-177345;48535;25779;4
101745;-182525;47319;25456;1
109245;-179250;47787;25660;1
113427;-175533;48049;25893;1
107715;-187728;47692;25131;8
111755;-176884;47944;25808;1
122167;-185511;48595;25269;8
110994;-189693;47897;25008;1
115111;-164422;48154;26587;1
126850;-189374;48888;25028;2
129237;-167105;49037;26419;4
98729;-175645;47130;25886;2
123565;-186992;48682;25177;2
106835;-179728;47637;25631;1
122959;-165127;48644;26543;2
120199;-167936;48472;26368;1
124523;-187470;48742;25147;8
127809;-175272;48948;25909;2
98663;-179188;47126;25664;2
115567;-187800;48182;25126;1
130080;-178745;49090;25692;4
115716;-181797;48192;25501;2
130251;-166901;49100;26432;2
125484;-182504;48802;25457;8
117433;-179694;48299;25633;2
129289;-179426;49040;25649;1
104637;-190202;47499;24976;1
120013;-175943;48460;25867;1
125543;-177843;48806;25748;1
119937;-176648;48456;25823;4
109732;-190283;47818;24971;1
113522;-163999;48055;26614;2
100025;-165231;47211;26537;2
127020;-185535;48898;25268;1
128715;-194529;49004;24705;8
99203;-180766;47160;25566;4
127357;-187386;48919;25152;8
110616;-177793;47873;25751;4
121035;-170990;48524;26177;4
116528;-190029;48243;24987;4
121830;-173330;48574;26030;1
128327;-179747;48980;25629;2
127412;-188160;48923;25104;1
122852;-185674;48638;25259;2
100572;-178084;47245;25733;1
110960;-177981;47895;25740;1
122000;-184870;48585;25309;4
124772;-193514;48758;24769;4
119147;-181050;48406;25548;2
126850;-173284;48888;26033;8
109848;-192458;47825;24835;1
104046;-172825;47462;26062;2
101806;-174645;47322;25948;1
124884;-192200;48765;24851;1
111584;-196381;47934;24590;2
116166;-184164;48220;25353;8
117857;-187074;48326;25171;8
101543;-165378;47306;26527;8
109107;-179270;47779;25659;4
115639;-184092;48187;25358;2
130743;-166148;49131;26479;8
110456;-185775;47863;25253;4
111175;-177455;47908;25773;1
127224;-173031;48911;26049;2
109372;-192584;47795;24827;8
120819;-165708;48511;26507;4
125277;-179620;48789;25637;8
128486;-167337;48990;26405;4
109184;-188479;47784;25084;2
123256;-165549;48663;26517;1
130138;-166272;49093;26472;8
126728;-191921;48880;24868;8
112484;-166563;47990;26453;2
124338;-175138;48731;25917;1
123866;-188995;48701;25051;1
106605;-180361;47622;25591;1
124441;-170386;48737;26214;8
127206;-173047;48910;26048;4
114414;-184602;48110;25326;2
128017;-166541;48961;26455;1
124240;-176269;48725;25847;1
121885;-164435;48577;26586;8
104579;-167712;47496;26382;2
100565;-168407;47245;26338;4
115060;-176371;48151;25840;2
115132;-170176;48155;26228;4
127428;-164028;48924;26612;2
116142;-165363;48218;26528;1
112910;-180814;48016;25563;2
105807;-170909;47572;26182;1
109300;-188522;47791;25081;2
103260;-174479;47413;25959;4
109960;-194754;47832;24691;4
115543;-170668;48181;26197;8
130345;-175995;49106;25864;4
111027;-193081;47899;24796;4
126411;-186613;48860;25200;2
119997;-178440;48459;25711;1
100000;-163940;47210;26617;2
101784;-183790;47321;25377;4
109420;-175353;47798;25904;2
107186;-185627;47659;25262;1
116177;-172268;48221;26097;4
110912;-183678;47892;25384;8
104873;-191886;47514;24871;1
124893;-167630;48765;26387;8
114290;-175654;48103;25885;1
109461;-179367;47801;25653;8
116962;-175303;48270;25907;4
125582;-190628;48808;24949;8
120114;-183890;48467;25370;4
117549;-181598;48306;25514;2
99920;-176530;47205;25830;1
126870;-183262;48889;25410;2
126931;-182244;48893;25473;1
116938;-196138;48268;24605;4
111010;-192906;47898;24807;2
108988;-191607;47771;24888;8
124645;-184084;48750;25358;4
128923;-186153;49017;25229;2
99204;-183901;47160;25370;8
109453;-188588;47800;25077;1
99953;-175195;47207;25914;1
119577;-182297;48433;25470;2
108533;-192701;47743;24820;1
126480;-165363;48865;26528;2
117638;-178683;48312;25696;8
116926;-183419;48267;25400;8
110595;-191628;47872;24887;8
115917;-170972;48204;26178;8
126956;-188599;48894;25076;2
101369;-183016;47295;25425;4
111215;-175111;47910;25919;8
124237;-191773;48724;24878;1
103821;-174370;47448;25965;2
124143;-165205;48718;26538;1
107990;-176626;47709;25824;1
106537;-180381;47618;25590;2
128838;-165502;49012;26520;8
107620;-186523;47686;25206;1
121024;-189830;48524;24999;4
106610;-185226;47623;25287;8
111439;-173164;47924;26041;8
108666;-164773;47751;26565;4
128196;-167652;48972;26385;8
102118;-169551;47342;26267;8
129155;-173482;49032;26021;1
124879;-187878;48764;25121;4
122538;-164350;48618;26592;2
121709;-193845;48566;24748;2
108129;-164008;47718;26613;2
110098;-192960;47841;24804;4
123849;-195771;48700;24628;2
107129;-189044;47655;25048;2
111694;-178087;47940;25733;4
115575;-177422;48183;25775;4
114919;-194770;48142;24690;2
101167;-182973;47282;25428;2
118367;-164586;48357;26577;2
114993;-170656;48147;26198;1
99896;-179516;47203;25644;1
99298;-167137;47166;26417;2
129771;-166319;49070;26469;2
108408;-186789;47735;25189;8
101123;-176098;47280;25857;4
126552;-170302;48869;26220;4
107685;-180667;47690;25572;4
101649;-184171;47313;25353;2
99793;-169883;47197;26246;1
116671;-176953;48251;25804;4
106274;-194334;47602;24718;8
99579;-168735;47183;26318;2
112486;-196067;47990;24609;4
126902;-167540;48891;26392;1
124858;-192350;48763;24842;8
114954;-179231;48144;25662;2
124409;-188564;48735;25078;8
104343;-186916;47481;25181;2
104500;-189928;47491;24993;1
110498;-165032;47866;26549;2
112473;-189520;47989;25019;4
124137;-196232;48718;24599;8
125851;-177202;48825;25788;8
106999;-186165;47647;25228;4
128067;-167936;48964;26368;1
102382;-168263;47358;26347;1
108171;-188635;47720;25074;1
130702;-166468;49128;26459;4
115621;-183945;48186;25367;2
130935;-166263;49143;26472;8
109047;-190374;47775;24965;1
114828;-176949;48136;25804;8
105287;-177510;47540;25769;4
125251;-166177;48788;26477;1
120683;-166637;48502;26449;1
107529;-174284;47680;25971;2
106045;-186647;47587;25198;4
126581;-166801;48871;26438;8
119014;-180750;48398;25567;2
128048;-170140;48963;26230;2
102393;-181032;47359;25549;2
124058;-183119;48713;25419;2
128146;-179890;48969;25620;8
118827;-169450;48386;26273;8
115679;-184081;48189;25358;1
117312;-181641;48292;25511;1
101024;-173573;47274;26015;2
118389;-164486;48359;26583;2
118595;-164882;48372;26558;2
126732;-174598;48880;25951;2
122295;-186103;48603;25232;4
126113;-183683;48842;25383;2
127182;-164856;48908;26560;1
116815;-195854;48260;24623;2
114854;-194825;48138;24687;8
102491;-168703;47365;26320;4
109032;-177976;47774;25740;4
107965;-177451;47707;25773;8
127762;-186652;48945;25198;4
128740;-179302;49006;25657;1
101345;-170165;47294;26228;8
104504;-171907;47491;26119;4
101175;-177037;47283;25799;1
117675;-164451;48314;26585;2
108057;-187316;47713;25156;2
123355;-192994;48669;24801;4
106669;-194534;47626;24705;8
113254;-186414;48038;25213;4
105301;-171987;47541;26114;4
110047;-185990;47837;25239;2
126511;-165886;48866;26496;1
123850;-194451;48700;24710;4
108437;-178688;47737;25696;1
127425;-179934;48924;25618;2
114551;-179387;48119;25652;2
122306;-184119;48604;25356;1
126611;-186136;48873;25230;4
106862;-179898;47638;25620;4
127034;-167483;48899;26396;2
108917;-187116;47767;25169;4
99691;-169624;47190;26262;4
107737;-168237;47693;26349;1
127524;-175946;48930;25867;4
99424;-184389;47174;25339;2
129800;-183655;49072;25385;2
127538;-167357;48931;26404;4
121722;-195533;48567;24643;2
105358;-167131;47544;26418;8
126937;-170608;48893;26201;4
116635;-176982;48249;25802;8
106128;-183783;47593;25377;1
116737;-171989;48256;26114;2
119268;-172159;48414;26104;4
116727;-183819;48255;25375;8
111508;-171344;47929;26155;2
108982;-190383;47771;24965;1
120544;-169604;48494;26263;8
122264;-184276;48601;25346;2
119829;-177906;48449;25744;2
112953;-166312;48019;26469;1
121341;-176605;48543;25826;2
126252;-186522;48850;25206;8
108139;-170924;47718;26181;8
115462;-188622;48176;25075;2
119117;-171183;48404;26165;1
100593;-176716;47247;25819;2
122541;-187891;48618;25120;4
107244;-185094;47662;25295;8
111569;-178522;47933;25706;4
126289;-186011;48853;25238;8
111437;-185564;47924;25266;8
130532;-186026;49118;25237;8
105495;-178181;47553;25727;2
103467;-178608;47426;25701;4
117827;-185875;48324;25246;8
125804;-163907;48822;26619;1
102323;-174023;47355;25987;4
126499;-164666;48866;26572;8
127057;-184272;48901;25347;4
128038;-190509;48962;24957;4
129381;-173463;49046;26022;8
103138;-167861;47406;26372;1
130118;-177373;49092;25778;4
107368;-185436;47670;25274;4
106551;-180723;47619;25568;2
112923;-190951;48017;24929;4
110675;-177758;47877;25754;8
123012;-189185;48648;25039;1
119105;-173605;48404;26013;4
111450;-183719;47925;25381;1
124256;-182650;48726;25448;4
125199;-179674;48784;25634;1
106240;-171043;47600;26173;2
104850;-177356;47513;25779;2
128265;-177106;48976;25794;2
98585;-175371;47121;25903;1
101954;-171851;47332;26123;8
111793;-172794;47947;26064;8
106989;-191477;47646;24896;4
120634;-191244;48499;24911;8
123992;-194527;48709;24706;1
107303;-187027;47666;25174;4
118227;-190765;48349;24941;4
123539;-169623;48681;26262;1
117634;-182028;48312;25487;8
104054;-170611;47463;26200;1
103967;-179074;47457;25671;2
107096;-170642;47653;26198;8
122309;-185456;48604;25273;4
112511;-174740;47991;25942;2
106857;-190756;47638;24941;2
118051;-174949;48338;25929;8
102565;-184852;47370;25310;2
107912;-176992;47704;25802;2
115298;-183022;48166;25425;8
121502;-174786;48553;25939;2
114754;-190082;48132;24983;8
108433;-178599;47737;25701;4
126162;-196070;48845;24609;2
126374;-186831;48858;25187;4
105001;-171284;47522;26158;2
114651;-190174;48125;24978;8
122218;-165035;48598;26549;8
124343;-165632;48731;26512;4
108563;-189429;47745;25024;4
106454;-168766;47613;26316;4
122302;-184491;48603;25333;4
127229;-164987;48911;26552;4
118775;-177398;48383;25776;1
129988;-178714;49084;25694;8
125368;-164973;48795;26553;2
120003;-166588;48460;26452;4
115182;-182410;48158;25463;1
122042;-192990;48587;24802;8
122319;-173062;48604;26047;4
104211;-171576;47473;26140;2
117544;-180929;48306;25555;1
103205;-169641;47410;26261;2
111061;-182961;47901;25428;4
123876;-186986;48702;25177;4
117670;-174653;48314;25948;4
126698;-176053;48878;25860;1
126195;-196396;48847;24589;1
101945;-164723;47331;26568;8
107094;-187498;47653;25145;1
106372;-181900;47608;25495;1
105770;-165336;47570;26530;2
130556;-166746;49119;26442;4
123441;-170531;48675;26205;1
114653;-167491;48125;26395;1
106674;-180164;47627;25603;1
100515;-166310;47242;26469;4
112684;-166295;48002;26470;4
115174;-182843;48158;25436;1
129242;-165412;49037;26525;1
113254;-163960;48038;26616;1
100222;-183749;47223;25379;1
128018;-171912;48961;26119;4
107976;-180157;47708;25604;1
112712;-178847;48004;25686;1
100504;-166259;47241;26472;2
130023;-166140;49086;26480;8
100341;-175069;47231;25922;1
128260;-167213;48976;26413;8
108002;-188222;47710;25100;2
128105;-174812;48966;25938;2
130738;-166604;49131;26451;8
113078;-164607;48027;26576;2
108149;-180869;47719;25559;2
106375;-166883;47608;26433;8
129246;-171280;49037;26159;4
105871;-186465;47576;25209;1
119081;-171728;48402;26131;4
98560;-175326;47120;25906;1
106663;-185312;47626;25282;8
120042;-173319;48462;26031;2
116209;-181956;48223;25491;1
108407;-188620;47735;25075;8
115303;-195359;48166;24654;2
121001;-189760;48522;25004;4
114324;-179273;48105;25659;4
120822;-170656;48511;26198;4
99229;-180632;47161;25574;4
107192;-184704;47659;25320;4
123972;-194525;48708;24706;8
118532;-180899;48368;25557;4
114459;-171968;48113;26116;2
127352;-190477;48919;24959;1
109457;-188642;47801;25073;8
112795;-194852;48009;24685;4
129336;-178919;49043;25681;1
101489;-175780;47303;25877;4
123342;-176859;48668;25810;1
126361;-183495;48857;25395;4
124228;-196471;48724;24584;8
108129;-192255;47718;24848;1
104947;-194200;47519;24726;1
126975;-170292;48895;26220;8
118162;-178772;48345;25690;4
106319;-174826;47604;25937;8
117327;-183858;48292;25372;1
114850;-195631;48138;24637;8
110455;-173895;47863;25995;1
102027;-179502;47336;25645;1
120680;-179214;48502;25663;4
114778;-195206;48133;24663;1
125156;-183195;48782;25414;2
116788;-185963;48259;25241;8
129749;-178832;49069;25687;1
119012;-171121;48398;26168;8
111415;-185406;47923;25276;4
103601;-173296;47435;26033;4
107441;-171275;47675;26159;4
126670;-176031;48876;25862;8
124180;-182828;48721;25437;4
105860;-184769;47576;25315;2
110270;-174517;47851;25956;1
99134;-172619;47155;26075;8
121123;-177631;48530;25762;2
122022;-184915;48586;25306;1
111705;-178254;47941;25723;4
115731;-181867;48193;25497;4
115589;-190774;48184;24940;1
115407;-194557;48172;24704;8
123353;-177805;48669;25751;1
102832;-169968;47387;26241;2
117079;-181384;48277;25527;4
111476;-183510;47927;25394;2
102492;-184007;47365;25363;4
114824;-190487;48136;24958;8
120290;-180484;48478;25583;1
130839;-187264;49137;25160;2
105099;-164306;47528;26594;1
115474;-170741;48177;26192;2
116759;-171910;48257;26119;1
118516;-165004;48367;26551;1
117660;-176633;48313;25824;8
110882;-173472;47890;26022;1
114705;-195204;48129;24663;8
109318;-178645;47792;25698;8
104549;-177199;47494;25789;4
127683;-174140;48940;25980;1
113697;-189663;48066;25010;1
124186;-191380;48721;24902;2
128512;-176118;48992;25856;4
102100;-171546;47341;26142;4
125252;-195305;48788;24657;2
99847;-180336;47200;25593;1
127369;-182958;48920;25429;4
100021;-185437;47211;25274;2
112612;-177332;47998;25780;2
108361;-175872;47732;25872;4
104937;-194315;47518;24719;2
106588;-184178;47621;25352;8
110903;-176782;47891;25815;8
122391;-164567;48609;26578;4
121449;-165883;48550;26496;2
129719;-188775;49067;25065;8
100635;-181310;47249;25532;1
121786;-191626;48571;24887;2
105705;-182844;47566;25436;4
114412;-172546;48110;26079;1
122884;-186384;48640;25215;8
120467;-167306;48489;26407;4
114713;-168407;48129;26338;1
99875;-175131;47202;25918;2
117600;-185133;48310;25293;2
118770;-175485;48383;25896;4
111908;-176009;47954;25863;8
120395;-169653;48484;26260;4
126255;-188596;48850;25076;1
116617;-171881;48248;26121;1
127220;-185931;48911;25243;4
123512;-188465;48679;25084;8
104551;-187555;47494;25141;1
104356;-187447;47482;25148;1
111363;-192399;47920;24839;8
112515;-174360;47992;25966;1
106953;-180255;47644;25598;8
119804;-171736;48447;26130;4
106116;-178880;47592;25684;1
128710;-164003;49004;26613;2
130522;-193517;49117;24769;2
99930;-183635;47205;25386;2
113020;-175679;48023;25884;2
107185;-187892;47659;25120;2
121569;-179553;48558;25641;1
114211;-179099;48098;25670;8
122173;-186046;48595;25236;8
123717;-187026;48692;25174;1
123692;-190551;48690;24954;2
128238;-179845;48974;25623;2
126400;-185816;48860;25250;4
110340;-192129;47856;24855;1
115397;-194639;48172;24699;4
104095;-177985;47465;25739;2
121095;-165343;48528;26530;8
124621;-194455;48748;24710;8
124072;-174754;48714;25941;4
115005;-179237;48147;25661;2
121720;-173123;48567;26043;8
120229;-179384;48474;25652;4
124782;-191117;48758;24919;4
122661;-165098;48626;26545;1
130508;-193769;49116;24753;4
118351;-189507;48356;25019;8
116146;-193778;48219;24752;2
106540;-195989;47618;24614;1
118173;-190737;48345;24942;8
111592;-179172;47934;25665;8
101195;-182974;47284;25428;2
100087;-185262;47215;25285;1
110268;-186697;47851;25195;4
99414;-168001;47173;26363;4
116782;-194490;48258;24708;8
99195;-181429;47159;25524;1
111248;-196374;47913;24590;1
106358;-193742;47607;24755;8
106450;-169932;47613;26243;2
106101;-166473;47591;26459;8
122355;-186099;48607;25232;2
118453;-183319;48363;25406;8
112622;-174113;47998;25981;4
126838;-170842;48887;26186;2
128364;-178918;48982;25681;2
108002;-192735;47710;24818;2
114739;-167333;48131;26405;4
122426;-164571;48611;26578;4
126512;-164715;48867;26569;2
107215;-169746;47660;26254;1
123748;-178374;48694;25715;1
106906;-190727;47641;24943;1
124073;-174658;48714;25947;2
106672;-180561;47627;25578;8
114565;-176457;48120;25835;8
130120;-164167;49092;26603;2
102096;-173968;47341;25991;8
125786;-172730;48821;26068;1
122555;-165103;48619;26545;1
100193;-173172;47222;26040;8
127807;-195145;48947;24667;4
99543;-169155;47181;26291;2
114751;-187699;48131;25132;4
103197;-178317;47409;25719;8
99101;-181940;47153;25492;4
121773;-173308;48570;26032;1
117500;-168540;48303;26330;4
98437;-177130;47112;25793;1
122731;-192984;48630;24802;8
106665;-179874;47626;25621;4
126719;-192712;48879;24819;1
115038;-195466;48149;24647;8
128442;-168649;48987;26323;2
125563;-177791;48807;25752;8
111186;-196489;47909;24583;2
112578;-189907;47996;24994;2
127399;-180759;48922;25566;4
114684;-179827;48127;25624;1
116740;-196019;48256;24612;8
122375;-182055;48608;25485;4
127198;-185804;48909;25251;1
115496;-193694;48178;24758;1
127269;-189963;48914;24991;1
128197;-166769;48972;26440;4
124565;-175277;48745;25909;8
101972;-172013;47333;26113;4
119522;-171796;48430;26126;2
119250;-166779;48413;26440;8
130078;-172964;49089;26053;8
102333;-181138;47355;25542;1
114139;-175373;48093;25903;1
119264;-171329;48414;26155;8
106678;-181988;47627;25489;1
119150;-187353;48406;25154;8
115014;-164657;48148;26572;1
117335;-181630;48293;25512;8
113377;-168107;48046;26357;1
113590;-194049;48059;24735;8
116890;-178207;48265;25726;1
108002;-188137;47710;25105;4
130250;-166601;49100;26451;1
117498;-164344;48303;26592;2
120928;-195083;48518;24671;8
123335;-177891;48668;25745;4
130130;-170983;49093;26177;1
99548;-169008;47181;26301;1
129416;-168809;49048;26313;4
107014;-190418;47648;24962;1
115333;-194689;48168;24695;1
130383;-165126;49108;26543;1
109545;-186194;47806;25226;4
116326;-180951;48230;25554;8
101630;-183919;47311;25369;1
106880;-180264;47640;25597;2
121552;-187616;48557;25138;8
122308;-187022;48604;25175;4
118943;-180756;48393;25566;2
115067;-190507;48151;24957;2
127710;-176300;48941;25845;8
109604;-194556;47810;24704;4
115064;-168304;48151;26345;2
110339;-186571;47856;25203;8
118762;-174009;48382;25988;2
121792;-193193;48572;24789;8
125194;-177885;48784;25746;1
117357;-175635;48294;25886;4
125621;-182498;48811;25457;4
106617;-196429;47623;24587;1
110123;-181463;47842;25522;8
119047;-171725;48400;26131;4
110768;-193870;47883;24747;8
122456;-185985;48613;25239;2
129742;-187660;49068;25135;8
116258;-180918;48226;25556;4
109719;-191868;47817;24872;8
115523;-183089;48180;25420;1
118855;-165642;48388;26511;4
115644;-194563;48187;24703;2
116432;-178147;48237;25729;8
110047;-187893;47837;25120;8
104970;-170911;47520;26182;2
109779;-190217;47821;24975;4
119095;-180844;48403;25561;2
109443;-189435;47800;25024;8
123519;-178062;48679;25735;4
107074;-190741;47652;24942;1
121691;-185744;48565;25255;8
103605;-169225;47435;26287;2
107405;-180570;47672;25578;4
108148;-177576;47719;25765;1
110538;-190909;47868;24932;4
102142;-164545;47343;26579;4
117762;-171970;48320;26115;2
118924;-183348;48392;25404;2
101321;-173576;47292;26015;8
130795;-165819;49134;26500;1
111233;-178836;47912;25686;2
99302;-184035;47166;25361;8
126091;-165385;48840;26527;8
130495;-184144;49115;25355;4
110729;-193350;47880;24779;1
121725;-185055;48567;25298;4
121647;-172908;48562;26057;1
121844;-184666;48575;25322;8
99952;-170834;47207;26186;1
109242;-187699;47787;25132;4
103767;-175711;47445;25882;8
120686;-187122;48502;25168;8
127590;-170156;48934;26229;2
129985;-174737;49084;25942;1
109796;-190224;47822;24975;2
111114;-189870;47904;24997;2
125553;-188523;48807;25081;2
108376;-192641;47733;24823;8
119233;-175168;48412;25916;8
99852;-170003;47200;26238;8
122014;-165128;48585;26543;1
114009;-195695;48085;24633;2
127167;-164387;48907;26589;1
119090;-181092;48403;25545;4
127697;-185619;48941;25262;2
105509;-182725;47554;25443;1
116542;-172936;48243;26055;2
118799;-171137;48384;26167;4
109783;-172124;47821;26106;2
129371;-178834;49045;25686;1
104627;-188763;47499;25066;1
113489;-177625;48053;25762;8
114311;-176449;48104;25835;8
103425;-169064;47424;26297;1
119241;-178943;48412;25680;2
119734;-178081;48443;25733;4
110557;-190905;47869;24932;8
129327;-179348;49042;25654;2
127421;-186500;48923;25207;8
125755;-165284;48819;26533;2
100222;-165127;47223;26543;4
119085;-166287;48402;26471;2
98553;-178704;47119;25695;2
107647;-169707;47687;26257;4
113298;-186453;48041;25210;1
105471;-171529;47551;26143;2
107189;-185118;47659;25294;2
125823;-193286;48823;24783;2
110811;-177025;47885;25799;1
107627;-172101;47686;26107;4
109755;-188132;47819;25105;2
117696;-172588;48316;26077;4
114620;-165573;48123;26515;1
113135;-166148;48030;26479;4
112520;-195823;47992;24625;8
117835;-196196;48324;24601;4
117746;-178636;48319;25699;1
114594;-184888;48122;25308;1
114697;-175975;48128;25865;2
119085;-190746;48402;24942;2
100859;-180851;47263;25560;1
107364;-180073;47670;25609;4
109703;-195382;47816;24652;8
102352;-179350;47357;25654;8
105218;-175364;47536;25903;8
127087;-189521;48902;25018;1
106520;-179425;47617;25649;2
107813;-184912;47698;25307;4
115109;-170127;48154;26231;8
101885;-182725;47327;25443;1
125205;-193002;48785;24801;4
123400;-191386;48672;24902;8
116118;-179726;48217;25631;1
126703;-167059;48878;26422;4
127395;-179754;48922;25629;1
118512;-171626;48367;26137;8
107999;-174841;47709;25936;4
120839;-175995;48512;25864;2
126504;-183482;48866;25396;8
121215;-170913;48535;26181;8
106125;-169000;47592;26301;1
106305;-195147;47604;24667;8
117688;-191820;48315;24875;4
98661;-176762;47126;25816;2
125032;-179155;48774;25666;8
121614;-175894;48560;25870;8
113062;-167245;48026;26411;2
128951;-180486;49019;25583;2
110168;-189501;47845;25020;2
130220;-165732;49098;26505;4
125628;-191613;48811;24888;8
105475;-177951;47552;25742;1
123684;-188913;48690;25056;4
131061;-167729;49151;26380;4
119514;-174964;48429;25928;4
101268;-165615;47289;26513;1
110398;-184382;47859;25340;2
124093;-176568;48715;25828;8
117481;-172640;48302;26074;1
122728;-179401;48630;25651;2
114044;-170160;48087;26229;1
110887;-173736;47890;26005;8
127527;-176106;48930;25857;2
119976;-187063;48458;25172;4
107356;-172578;47669;26077;4
127441;-191099;48925;24920;4
125512;-193247;48804;24786;4
109879;-195491;47827;24645;1
121267;-181792;48539;25502;8
121632;-173135;48562;26043;8
118731;-174482;48380;25958;8
127192;-183370;48909;25403;8
120570;-183078;48495;25421;2
116875;-196131;48264;24605;2
101875;-164965;47327;26553;2
105777;-194940;47571;24680;2
130750;-165847;49131;26498;1
102222;-173805;47348;26001;8
116648;-164519;48250;26581;2
129621;-194213;49061;24725;8
110492;-174250;47865;25973;2
118472;-179054;48364;25673;8
120955;-175786;48519;25877;4
111586;-194619;47934;24700;2
113569;-189222;48058;25037;4
107578;-190330;47683;24968;4
112965;-166305;48020;26469;4
109697;-187961;47816;25116;4
119903;-181520;48453;25519;2
127294;-168317;48915;26344;4
129852;-173988;49075;25989;4
104876;-177360;47514;25779;2
122827;-181559;48636;25516;4
124657;-164074;48751;26609;4
116651;-186843;48250;25186;2
112942;-190136;48018;24980;1
113200;-164832;48035;26562;2
129852;-168226;49075;26349;1
114654;-187692;48125;25133;1
119804;-175854;48447;25873;1
128233;-180124;48974;25606;8
103918;-185312;47454;25282;1
103544;-174123;47431;25981;2
109648;-195238;47813;24661;1
107248;-187924;47663;25118;1
101927;-168308;47330;26344;4
125305;-179994;48791;25614;2
125792;-178723;48822;25693;8
111139;-175597;47906;25889;8
104513;-179654;47492;25635;1
101819;-164020;47323;26612;2
128256;-164368;48976;26591;4
103441;-168192;47425;26352;4
114125;-195388;48092;24652;1
119016;-174982;48398;25927;4
116677;-183774;48252;25378;1
118218;-181381;48348;25527;2
102192;-172858;47347;26060;2
105051;-171923;47525;26118;2
130782;-168388;49133;26339;4
123648;-187028;48688;25174;4
114655;-168363;48125;26341;8
104698;-190440;47503;24961;8
111542;-173319;47931;26031;1
119726;-179992;48442;25614;8
100956;-166762;47269;26441;4
120178;-184149;48471;25354;8
122710;-187170;48629;25165;1
101957;-164628;47332;26574;8
117018;-181731;48273;25505;8
103651;-166563;47438;26453;8
109594;-196563;47809;24578;2
128659;-183915;49001;25369;2
107647;-181425;47687;25524;4
110462;-196259;47863;24597;2
124413;-194435;48735;24711;1
124168;-181930;48720;25493;8
112217;-182454;47973;25460;8
113646;-168288;48062;26346;8
126084;-174987;48840;25927;8
102105;-169482;47341;26271;2
111814;-171734;47948;26130;2
103939;-165016;47456;26550;4
111695;-183385;47940;25402;1
119494;-190958;48428;24929;4
127049;-166959;48900;26429;4
127388;-190997;48921;24926;1
116968;-194129;48270;24730;1
119067;-187140;48401;25167;1
117554;-182976;48307;25428;8
118004;-167919;48335;26369;2
110862;-181973;47888;25490;8
120385;-190611;48484;24950;4
117711;-191780;48316;24877;2
110487;-193518;47865;24769;1
119748;-180194;48444;25601;4
127608;-176728;48935;25818;8
123473;-169648;48677;26261;4
111522;-176750;47930;25817;2
107736;-187865;47693;25122;1
130637;-166153;49124;26479;4
99168;-183762;47158;25378;4
105891;-183185;47578;25414;4
118539;-179342;48368;25655;8
124531;-176659;48743;25822;4
113615;-176639;48060;25824;8
116047;-193750;48212;24754;4
120952;-190005;48519;24988;1
109693;-194509;47815;24707;8
119471;-171707;48426;26132;4
114710;-167332;48129;26405;2
108458;-183250;47738;25410;4
122434;-184136;48612;25355;2
112419;-174788;47986;25939;8
114493;-193367;48115;24778;1
103425;-166053;47424;26485;1
100979;-166721;47271;26443;2
128924;-172252;49017;26098;1
109278;-180344;47789;25592;8
105576;-182749;47558;25442;1
114633;-187122;48124;25168;1
122608;-188216;48623;25100;2
126610;-183308;48873;25407;8
114944;-182161;48144;25478;1
118791;-187467;48384;25147;1
110208;-186279;47848;25221;8
120445;-190094;48487;24983;1
99807;-165416;47197;26525;2
117113;-170835;48279;26186;8
110013;-194620;47835;24700;4
110055;-194710;47838;24694;2
122767;-184933;48632;25305;4
101144;-177202;47281;25788;2
127805;-164323;48947;26593;8
120807;-194041;48510;24736;4
127548;-167585;48931;26389;2
108556;-185268;47744;25284;4
126483;-165680;48865;26509;8
116152;-168032;48219;26362;8
126016;-182523;48836;25456;2
116938;-179622;48268;25637;2
107775;-174063;47695;25985;8
107121;-177206;47655;25788;8
126789;-175467;48884;25897;8
115117;-170155;48154;26229;8
117147;-184201;48281;25351;8
122247;-178969;48600;25678;2
120427;-187764;48486;25128;8
102592;-178888;47372;25683;2
107338;-175551;47668;25892;8
125495;-177838;48803;25749;4
117645;-174682;48312;25946;4
129759;-164331;49069;26593;1
121160;-177354;48532;25779;1
113000;-190139;48022;24980;2
115196;-182223;48159;25475;8
119596;-181268;48434;25534;8
112218;-188196;47973;25101;2
114191;-179008;48096;25676;2
117428;-179317;48299;25656;8
119268;-187403;48414;25151;1
117595;-167339;48309;26405;1
103595;-179243;47434;25661;1
105924;-169196;47580;26289;4
104689;-183309;47503;25407;8
112496;-190123;47991;24981;2
103087;-177104;47402;25795;4
123290;-192892;48665;24808;2
128823;-166965;49011;26428;8
116510;-177532;48241;25768;4
115239;-170197;48162;26226;2
127416;-168268;48923;26347;8
103803;-166870;47447;26434;4
122514;-187470;48617;25147;8
103205;-165596;47410;26514;2
106794;-194517;47634;24706;8
117933;-176139;48330;25855;4
117285;-177483;48290;25771;4
124518;-170536;48742;26205;1
104661;-183494;47501;25395;2
103656;-174097;47438;25982;8
101118;-168015;47279;26363;8
108551;-164771;47744;26565;1
117749;-177717;48319;25756;2
127891;-195078;48953;24671;2
113261;-186488;48038;25208;4
99029;-174272;47149;25972;4
115649;-176800;48188;25814;4
114239;-165566;48099;26516;2
116549;-176941;48244;25805;8
115640;-189067;48187;25047;2
120502;-179213;48491;25663;8
111076;-186315;47902;25219;1
130433;-193421;49112;24775;4
109400;-179432;47797;25649;1
114914;-195661;48142;24635;4
127724;-189998;48942;24989;4
127815;-164304;48948;26595;4
120614;-183063;48498;25422;2
101674;-183309;47314;25407;4
121193;-186257;48534;25222;2
104972;-172002;47520;26113;2
122400;-186054;48610;25235;1
129206;-164462;49035;26585;2
120298;-191335;48478;24905;4
111862;-178046;47951;25736;1
116699;-186821;48253;25187;4
120341;-170509;48481;26207;8
126730;-167092;48880;26420;4
120316;-186939;48479;25180;4
121151;-177237;48531;25786;2
129468;-174202;49051;25976;8
104258;-167995;47476;26364;4
128048;-166814;48963;26438;4
118226;-192154;48349;24854;8
125107;-187925;48779;25118;2
122796;-185611;48634;25263;2
111156;-196531;47907;24580;4
128901;-171065;49016;26172;8
99141;-181720;47156;25506;8
124823;-163892;48761;26620;1
122549;-189181;48619;25040;8
109191;-180696;47784;25570;2
108940;-179095;47768;25670;4
126530;-167398;48868;26401;4
123790;-195830;48696;24624;1
123396;-194303;48672;24720;4
110580;-177968;47871;25741;4
121089;-195825;48528;24624;1
124881;-178841;48765;25686;2
127292;-164422;48915;26587;2
104477;-171973;47489;26115;2
112474;-171996;47989;26114;1
120752;-180391;48507;25589;2
111786;-178696;47946;25695;8
107740;-174070;47693;25984;8
109752;-193995;47819;24739;4
124860;-182372;48763;25465;8
123023;-180050;48648;25610;1
119458;-181230;48426;25537;8
120474;-187051;48489;25173;2
129454;-170497;49050;26207;2
129597;-166393;49059;26464;2
125350;-178029;48794;25737;4
101424;-165458;47299;26522;4
111345;-190719;47919;24944;1
127360;-168178;48920;26352;1
117877;-172182;48327;26102;2
107414;-188828;47673;25062;1
119126;-166321;48405;26468;1
116795;-171839;48259;26124;2
126982;-170627;48896;26199;2
127939;-166820;48956;26437;2
114651;-167621;48125;26387;4
116738;-177056;48256;25798;4
109778;-193974;47821;24740;1
125227;-166172;48786;26478;1
124494;-170621;48740;26200;8
98642;-174933;47125;25930;4
119591;-181440;48434;25524;1
121563;-193958;48557;24741;8
125101;-182702;48778;25445;4
122663;-176827;48626;25812;1
118189;-187638;48346;25136;4
109018;-178372;47773;25715;8
100432;-166524;47237;26456;8
130769;-165857;49133;26497;8
125450;-181063;48800;25547;8
115998;-184371;48209;25340;8
112014;-164609;47960;26575;1
104328;-172330;47480;26093;4
105491;-178032;47553;25737;1
117775;-167713;48320;26381;1
111764;-177811;47945;25750;2
127410;-185683;48923;25258;4
100490;-168825;47240;26312;4
104441;-171585;47487;26139;8
125213;-177915;48785;25744;4
120784;-169616;48509;26263;2
125007;-166936;48772;26430;1
108215;-175634;47723;25886;2
113168;-193943;48033;24742;4
117800;-183800;48322;25376;4
122335;-183367;48605;25403;8
109895;-180126;47828;25606;2
112820;-164507;48011;26582;2
118023;-183311;48336;25407;4
128095;-164193;48965;26601;1
105969;-183713;47583;25381;2
98764;-179391;47132;25652;1
128123;-170036;48967;26236;2
102049;-164470;47338;26584;1
99716;-175577;47192;25890;8
125555;-188510;48807;25082;8
125163;-166920;48782;26431;8
130107;-168396;49091;26339;2
116914;-195101;48267;24670;4
111666;-190391;47939;24964;1
118040;-181473;48337;25521;2
116659;-164595;48251;26576;1
119514;-171643;48429;26136;1
116131;-191923;48218;24868;8
103598;-172931;47434;26055;4
117647;-177706;48312;25757;1
110073;-192556;47839;24829;8
106193;-183170;47597;25415;8
101967;-166893;47332;26433;2
101166;-177106;47282;25794;4
99927;-179346;47205;25654;8
128231;-179583;48974;25640;8
112747;-173548;48006;26017;8
107190;-184648;47659;25323;4
116968;-168836;48270;26311;1
118392;-168764;48359;26316;8
109397;-175084;47797;25921;4
121628;-175925;48561;25868;2
110251;-176129;47850;25855;4
130802;-184803;49135;25313;8
102568;-173704;47370;26007;4
122472;-182130;48614;25480;1
125152;-177851;48782;25748;4
127418;-170199;48923;26226;8
105263;-177532;47538;25768;1
113289;-164303;48040;26595;2
100188;-185718;47221;25256;2
124152;-186455;48719;25210;8
102803;-169108;47385;26294;8
120229;-168054;48474;26360;4
116156;-182002;48219;25488;8
105042;-178592;47525;25702;8
128500;-177077;48991;25796;4
127467;-164147;48926;26604;2
111541;-164212;47931;26600;4
124073;-174384;48714;25965;4
111466;-184652;47926;25323;1
130442;-193449;49112;24773;1
101308;-183696;47291;25383;2
106962;-185676;47645;25259;2
108019;-177570;47711;25765;2
124066;-166181;48714;26477;2
106909;-180228;47641;25599;1
117896;-179955;48328;25616;4
103536;-168042;47431;26361;8
117032;-194548;48274;24704;2
98705;-175999;47129;25864;4
100656;-168201;47251;26351;2
101886;-166219;47327;26475;2
129703;-187675;49066;25134;4
101841;-170346;47325;26217;8
129154;-167381;49032;26402;4
115509;-184280;48179;25346;2
102089;-171625;47340;26137;2
129384;-168804;49046;26313;8
103137;-177065;47406;25797;4
105830;-171113;47574;26169;8
115917;-170518;48204;26206;2
117270;-169049;48289;26298;2
127048;-184132;48900;25355;2
118563;-188327;48370;25093;4
109676;-185835;47814;25249;8
126402;-183070;48860;25422;4
106260;-195469;47601;24647;4
108534;-193460;47743;24772;1
128927;-186192;49017;25227;4
117051;-181570;48275;25515;2
118429;-181413;48361;25525;8
121717;-184586;48567;25327;1
129986;-187321;49084;25156;2
103345;-179319;47419;25656;1
122006;-185835;48585;25249;2
118754;-187245;48382;25161;4
101837;-170341;47324;26217;1
121750;-181364;48569;25528;2
129998;-190743;49084;24942;1
104083;-167377;47465;26402;2
106591;-196225;47621;24599;1
124942;-181212;48768;25538;1
107601;-185542;47685;25267;4
102774;-176172;47383;25853;4
117849;-176955;48325;25804;8
109952;-190763;47832;24941;8
118608;-181024;48373;25550;8
110334;-186286;47855;25221;2
111348;-184477;47919;25334;8
103954;-167044;47457;26423;4
113990;-171654;48084;26135;8
117015;-179406;48273;25651;4
130251;-184300;49100;25345;4
118632;-188332;48374;25093;4
122186;-165035;48596;26549;2
130794;-166463;49134;26460;4
129179;-178601;49033;25701;4
116848;-172003;48263;26113;1
130310;-175113;49104;25919;1
115365;-196259;48170;24597;1
101643;-183642;47312;25386;8
124735;-179327;48755;25656;1
112434;-190121;47987;24981;2
103290;-178320;47415;25719;8
111287;-178842;47915;25686;2
118539;-181088;48368;25546;4
118863;-174866;48388;25934;1
127965;-171929;48957;26118;4
100766;-168010;47257;26363;1
110143;-175179;47843;25915;1
117421;-167170;48298;26415;2
107968;-176978;47708;25802;8
115901;-184100;48203;25357;1
114492;-170272;48115;26222;8
112259;-195858;47976;24622;2
113817;-181180;48073;25540;2
111036;-186305;47899;25219;8
122175;-185525;48595;25268;8
130296;-177337;49103;25780;1
120382;-190719;48483;24944;1
127035;-166483;48899;26458;1
117157;-179416;48282;25650;8
111549;-165474;47931;26521;2
129615;-178528;49060;25706;1
111896;-177532;47953;25768;1
115514;-187845;48179;25123;2
100890;-180505;47265;25582;1
122341;-183664;48606;25385;4
117790;-176323;48321;25843;2
104734;-172219;47505;26100;2
120977;-170991;48521;26177;4
113165;-166458;48032;26460;1
107114;-187888;47654;25121;4
130792;-177745;49134;25754;1
114424;-168327;48111;26343;4
103203;-169604;47410;26263;8
125182;-192571;48783;24828;8
114492;-185211;48115;25288;1
126452;-168236;48863;26349;4
109404;-175904;47797;25870;4
105615;-182623;47560;25450;1
113874;-189488;48077;25021;2
108218;-188277;47723;25096;4
101713;-182652;47317;25448;2
119350;-194173;48419;24728;2
100699;-176507;47253;25832;1
117410;-177371;48298;25778;4
127803;-195095;48947;24670;2
126969;-170545;48895;26204;8
126001;-195824;48835;24625;2
111656;-179116;47938;25669;1
116412;-175326;48235;25906;1
108526;-169854;47742;26248;1
118862;-165321;48388;26531;1
129250;-165401;49038;26526;1
128510;-175586;48991;25889;1
124831;-178299;48761;25720;2
118911;-191839;48391;24874;2
126520;-165931;48867;26493;8
122836;-176750;48637;25817;1
130261;-166824;49101;26437;8
124286;-179571;48727;25640;8
122307;-183354;48604;25404;4
119098;-180786;48403;25564;4
109299;-189527;47791;25018;1
120921;-166701;48517;26445;4
103396;-174580;47422;25952;4
99940;-169938;47206;26242;4
122515;-164782;48617;26565;4
123496;-191466;48678;24897;2
112306;-195738;47979;24630;4
116538;-172963;48243;26053;4
116115;-184851;48217;25310;2
119139;-188847;48406;25061;1
107852;-180593;47700;25576;8
106862;-187505;47638;25144;2
129873;-167130;49077;26418;4
111583;-194531;47933;24705;8
106469;-195730;47614;24630;1
129423;-165733;49048;26505;4
118587;-184088;48371;25358;4
108056;-189378;47713;25027;8
121315;-195833;48542;24624;8
108610;-192706;47748;24819;8
130337;-175928;49106;25868;8
121499;-181601;48553;25513;4
105240;-192972;47537;24803;8
108037;-191813;47712;24875;8
118067;-191117;48339;24919;4
108629;-175986;47749;25864;2
118534;-188408;48368;25088;2
124014;-190105;48710;24982;4
106564;-196331;47620;24593;2
108904;-175978;47766;25865;2
116496;-177016;48241;25800;2
109787;-171321;47821;26156;2
122458;-164555;48613;26579;1
129835;-168530;49074;26330;2
116776;-183465;48258;25397;2
122976;-181282;48646;25533;1
127130;-189929;48905;24993;1
111334;-178136;47918;25730;4
119971;-187031;48458;25174;2
114053;-176631;48088;25824;2
130507;-184092;49116;25358;2
118045;-180298;48337;25595;1
108278;-193598;47727;24764;8
110474;-174731;47864;25943;8
105067;-192071;47526;24859;2
121725;-172861;48567;26060;8
130140;-172954;49093;26054;2
121737;-196174;48568;24603;1
111909;-181992;47954;25489;4
105215;-170824;47535;26187;1
125574;-190385;48808;24964;2
101233;-173584;47287;26015;8
110331;-176154;47855;25854;4
99708;-170998;47191;26176;4
129190;-184339;49034;25342;8
100476;-166339;47239;26467;4
120734;-175757;48505;25879;4
123183;-187254;48658;25160;2
119615;-179046;48435;25673;8
107887;-177672;47702;25759;4
100735;-178104;47255;25732;2
116327;-191901;48230;24870;1
118235;-183416;48349;25400;4
115257;-196217;48163;24600;1
127574;-175979;48933;25865;1
119313;-189569;48417;25015;1
103555;-169222;47432;26287;4
128124;-167891;48967;26370;4
108537;-176060;47743;25860;4
111344;-183302;47919;25407;4
113916;-196128;48079;24606;4
104929;-172634;47518;26074;4
124258;-182589;48726;25452;8
122454;-184936;48613;25305;2
106095;-169177;47590;26290;1
129321;-168781;49042;26315;1
119136;-175008;48406;25926;1
126190;-196115;48846;24606;4
107887;-174600;47702;25951;1
128654;-165495;49000;26520;8
129886;-165527;49077;26518;4
126601;-182662;48872;25447;4
122329;-172954;48605;26054;2
103530;-166058;47430;26485;4
117642;-178578;48312;25702;4
102112;-164000;47342;26614;4
126067;-190553;48839;24954;1
108127;-189580;47717;25015;4
105489;-178535;47553;25705;8
118960;-181117;48395;25544;2
99401;-166454;47172;26460;1
118929;-180822;48393;25562;4
116897;-177415;48266;25775;4
120396;-190679;48484;24946;8
115001;-167699;48147;26382;2
118699;-189672;48378;25009;2
126070;-180281;48839;25596;8
109875;-185640;47827;25261;2
118724;-174481;48380;25958;4
99129;-172334;47155;26093;4
127872;-170091;48952;26233;8
107020;-192596;47648;24826;1
100959;-184557;47269;25329;1
107620;-174312;47686;25969;2
124166;-179679;48720;25634;2
116799;-171995;48259;26114;8
115327;-196110;48167;24607;8
111360;-184588;47920;25327;1
114832;-183576;48137;25390;2
121764;-196124;48570;24606;8
122552;-187465;48619;25147;8
130289;-178731;49103;25693;2
104768;-188408;47508;25088;2
122568;-166016;48620;26488;1
122618;-164999;48623;26551;1
127509;-186690;48929;25195;4
126494;-165360;48865;26529;2
103870;-178854;47451;25685;4
125178;-167015;48783;26425;4
121955;-192010;48582;24863;2
114852;-195460;48138;24647;1
101794;-164925;47322;26556;2
119433;-173452;48424;26023;4
115274;-176037;48164;25861;4
120259;-190750;48476;24942;8
106621;-180418;47623;25587;2
105116;-177517;47529;25769;1
108255;-188489;47725;25083;2
118149;-191028;48344;24924;4
99112;-181922;47154;25493;8
106985;-187493;47646;25145;8
122738;-189118;48631;25044;8
128475;-167176;48989;26415;2
117570;-180798;48308;25564;1
99151;-182278;47156;25471;4
118962;-172849;48395;26060;4
123139;-181547;48656;25517;4
106378;-184847;47608;25311;1
129189;-167366;49034;26403;2
119596;-173510;48434;26019;2
124949;-180377;48769;25590;1
122571;-185238;48620;25286;4
108830;-192923;47761;24806;8
127286;-183127;48915;25418;2
121200;-188951;48535;25054;8
103964;-170848;47457;26186;8
125645;-191013;48812;24925;4
117844;-164421;48325;26587;2
117730;-184512;48318;25332;2
128435;-167264;48987;26410;1
103646;-169037;47437;26299;4
129774;-193355;49070;24779;8
116443;-170711;48237;26194;2
100523;-176829;47242;25812;2
120641;-182241;48500;25473;4
106515;-190733;47617;24943;8
113619;-165426;48061;26524;2
111741;-179321;47943;25656;4
128865;-178483;49014;25708;4
122291;-183224;48603;25412;1
106198;-193651;47597;24760;1
106507;-180131;47616;25605;2
103252;-174481;47413;25958;8
116034;-187976;48212;25115;4
114782;-196101;48133;24607;2
120304;-175475;48479;25896;1
115606;-182920;48185;25431;1
104205;-172072;47472;26109;4
127773;-179683;48945;25633;1
123103;-165404;48653;26526;1
105905;-178612;47579;25700;4
109690;-189279;47815;25034;4
121549;-181602;48556;25513;4
119706;-175851;48441;25873;4
120744;-183704;48506;25382;8
111288;-184454;47915;25335;8
119332;-194104;48418;24732;2
123708;-175127;48691;25918;4
109077;-180554;47777;25579;8
101500;-185970;47303;25240;2
120648;-182269;48500;25472;2
123176;-196230;48658;24599;4
117437;-179690;48299;25633;2
120090;-175277;48465;25909;1
123367;-179417;48670;25650;1
115802;-184125;48197;25356;1
122806;-185711;48635;25257;2
127165;-167879;48907;26371;4
121167;-177226;48532;25787;8
112997;-180717;48022;25569;4
113730;-194210;48068;24725;2
120737;-169633;48506;26261;1
118174;-167684;48345;26383;1
101532;-184098;47305;25357;8
131015;-186139;49148;25230;8
124782;-178269;48758;25722;1
115178;-182596;48158;25451;1
108772;-190075;47758;24984;1
126903;-182229;48891;25474;8
120562;-182880;48495;25434;2
112455;-174921;47988;25931;4
109388;-182328;47796;25468;4
104422;-174040;47486;25986;8
110964;-181892;47895;25495;8
106345;-186632;47606;25199;2
120015;-191327;48460;24906;2
120231;-170524;48474;26206;2
109442;-188531;47800;25080;2
105707;-194568;47566;24703;4
103699;-175640;47441;25886;4
112465;-195754;47989;24629;2
121367;-181379;48545;25527;8
102344;-179419;47356;25650;8
126625;-177131;48874;25793;2
126450;-178131;48863;25730;2
128532;-171598;48993;26139;1
125912;-189613;48829;25013;2
112849;-185788;48013;25252;1
101478;-185863;47302;25247;8
122139;-183337;48593;25405;4
113235;-166061;48037;26485;2
124784;-179275;48759;25659;4
115410;-164966;48173;26553;1
122212;-165742;48598;26505;1
120054;-183921;48463;25368;4
98848;-174330;47138;25968;8
121754;-164601;48569;26576;2
129711;-178913;49066;25681;2
115754;-191074;48194;24921;8
128851;-184709;49013;25319;8
127428;-166484;48924;26458;4
121027;-165439;48524;26524;1
105121;-193503;47530;24770;1
105371;-175320;47545;25906;4
125905;-166355;48829;26466;8
125732;-193254;48818;24785;8
101800;-185280;47322;25284;4
115554;-164392;48182;26589;4
118036;-170533;48337;26205;4
118043;-171212;48337;26163;4
101459;-182177;47301;25477;4
102754;-167713;47382;26381;1
115639;-182919;48187;25431;4
109418;-188217;47798;25100;2
117361;-183853;48295;25373;8
127598;-176069;48934;25859;2
119887;-176709;48452;25819;4
116356;-169871;48232;26247;8
107928;-192536;47705;24830;1
103503;-168659;47428;26322;2
115037;-165525;48149;26518;1
111556;-178980;47932;25677;2
111092;-189900;47903;24995;2
114407;-164329;48110;26593;2
102885;-164416;47390;26588;1
117277;-179625;48289;25637;2
121028;-189267;48524;25034;2
124079;-166080;48714;26484;8
121570;-174805;48558;25938;2
112547;-174231;47994;25974;2
129499;-165140;49053;26542;2
114577;-185005;48121;25301;8
114628;-195990;48124;24614;8
119582;-182604;48433;25451;2
129566;-181083;49057;25546;4
111053;-173351;47900;26029;1
105181;-184999;47533;25301;4
116072;-165805;48214;26501;4
129703;-178762;49066;25691;4
125351;-182619;48794;25450;1
111262;-190599;47913;24951;4
110344;-188200;47856;25101;8
107483;-181768;47677;25503;1
109439;-187638;47799;25136;4
117154;-195412;48282;24650;2
123730;-189693;48693;25008;4
127468;-187507;48926;25144;4
119602;-178120;48435;25731;1
118524;-170501;48367;26207;4
113532;-164038;48055;26611;1
127088;-167907;48903;26369;1
125352;-182418;48794;25462;1
129315;-180814;49042;25563;4
121093;-171112;48528;26169;8
125942;-179816;48831;25625;8
115311;-170632;48166;26199;2
106073;-169103;47589;26295;4
110313;-173643;47854;26011;1
101494;-181284;47303;25533;4
123220;-180034;48661;25611;2
118001;-184314;48335;25344;8
128300;-167351;48978;26404;8
101670;-168570;47314;26328;2
123817;-173811;48698;26000;8
126998;-167037;48897;26424;8
117038;-183744;48274;25380;4
108061;-168471;47713;26334;4
128629;-176782;48999;25815;4
127988;-195118;48959;24669;2
108205;-175724;47722;25881;8
129838;-178877;49074;25684;1
99223;-167263;47161;26410;8
121863;-179141;48576;25667;8
121634;-195543;48562;24642;2
130985;-165497;49146;26520;2
127616;-182772;48936;25440;1
119065;-187156;48401;25166;8
110781;-177083;47883;25796;1
108694;-189960;47753;24991;1
116920;-183315;48267;25406;2
127911;-180666;48954;25572;2
127250;-173189;48913;26039;4
105542;-170379;47556;26215;2
114982;-180938;48146;25555;8
127326;-191043;48917;24923;4
99941;-179918;47206;25619;1
111411;-176802;47923;25813;4
113928;-176629;48080;25824;1
102646;-176329;47375;25843;4
101763;-176687;47320;25821;4
107786;-177440;47696;25774;2
106562;-184963;47620;25303;2
119913;-182761;48454;25441;2
105186;-164321;47534;26593;4
101781;-164795;47321;26564;8
107372;-180342;47670;25592;2
99957;-175937;47207;25867;8
122655;-176707;48625;25819;2
108060;-175663;47713;25885;1
127912;-177332;48954;25780;4
115354;-194846;48169;24686;1
108034;-168535;47712;26330;4
114926;-194909;48142;24682;1
106901;-192331;47641;24843;8
111665;-178777;47939;25690;2
115360;-196312;48170;24594;2
120337;-190711;48481;24944;4
101853;-182867;47325;25434;1
110410;-185530;47860;25268;8
124198;-186685;48722;25196;1
109841;-194424;47825;24712;4
99140;-172292;47156;26095;8
107538;-181446;47681;25523;8
102073;-171562;47339;26141;8
108817;-177877;47761;25746;4
129320;-170611;49042;26200;2
101503;-175116;47303;25919;4
102744;-166933;47381;26430;1
124202;-193973;48722;24740;4
121648;-185784;48563;25252;2
100814;-183053;47260;25423;4
113293;-186116;48040;25231;8
125000;-165258;48772;26535;4
109885;-171894;47827;26120;1
111983;-166295;47958;26470;2
124972;-191102;48770;24920;8
119628;-173090;48436;26045;2
106026;-168202;47586;26351;2
101663;-166388;47313;26464;4
101408;-178592;47298;25702;1
123489;-189754;48678;25004;2
128114;-190548;48967;24954;8
129198;-186389;49034;25214;4
100839;-168803;47262;26313;4
105614;-178771;47560;25690;4
106554;-184165;47619;25353;8
114077;-187966;48089;25116;1
101308;-164102;47291;26607;1
116751;-196087;48256;24608;2
107338;-189254;47668;25035;4
110540;-178098;47868;25732;4
127101;-167963;48903;26366;2
119966;-184097;48457;25357;2
127186;-187157;48909;25166;4
129161;-171176;49032;26165;4
104342;-186375;47481;25215;4
129038;-167386;49024;26402;2
117268;-182087;48289;25483;2
114592;-175752;48122;25879;4
107770;-185122;47695;25293;4
113597;-173884;48059;25996;4
114099;-169233;48091;26286;1
113394;-168089;48047;26358;1
113562;-189837;48057;24999;4
121997;-164930;48584;26555;4
128159;-179352;48969;25654;8
112508;-190597;47991;24951;1
116241;-184359;48225;25341;2
112283;-195729;47977;24630;1
125747;-192422;48819;24837;8
101829;-170234;47324;26224;2
117779;-177021;48321;25800;2
114196;-178881;48097;25683;2
119760;-177855;48445;25748;2
116990;-186436;48271;25211;8
123582;-188970;48683;25053;4
108327;-193066;47730;24797;1
112900;-176772;48016;25815;4
126685;-167107;48877;26419;8
108308;-172042;47729;26111;8
101500;-163988;47303;26614;8
127686;-185777;48940;25252;4
116219;-167402;48223;26401;2
124595;-184221;48747;25350;8
126411;-186571;48860;25203;2
127168;-164453;48908;26585;1
100560;-168618;47245;26325;2
119993;-180808;48459;25563;1
105638;-170960;47562;26179;8
129963;-168211;49082;26350;8
116048;-190557;48213;24954;8
113385;-178725;48046;25693;8
109942;-180229;47831;25599;1
117702;-178596;48316;25701;4
129906;-166278;49079;26471;2
121729;-175423;48568;25900;8
110700;-180723;47878;25568;4
122256;-173215;48601;26038;8
107047;-180425;47650;25587;1
124012;-180495;48710;25583;2
120395;-188139;48484;25105;1
108068;-180928;47714;25556;4
105910;-186504;47579;25207;8
114140;-176598;48093;25826;1
130606;-181238;49122;25536;1
110496;-165069;47866;26547;8
115436;-164955;48174;26554;4
109935;-180176;47830;25603;4
116895;-196207;48265;24601;1
113584;-188843;48059;25061;2
110253;-196424;47850;24587;8
100728;-181221;47255;25537;8
127179;-185529;48908;25268;2
102083;-164433;47340;26586;1
106983;-172968;47646;26053;1
118188;-189413;48346;25025;4
118007;-177542;48335;25767;2
104477;-171488;47489;26146;8
118854;-189122;48388;25043;2
127062;-170828;48901;26187;8
102004;-185209;47335;25288;1
118684;-189136;48377;25043;1
125009;-188597;48773;25076;1
109462;-188867;47801;25059;8
105936;-178641;47581;25698;1
128246;-167255;48975;26410;8
107222;-185497;47661;25270;4
111628;-173180;47936;26040;1
116953;-186300;48269;25220;8
127958;-164341;48957;26592;1
118713;-192066;48379;24859;4
101247;-165835;47287;26499;2
117687;-185765;48315;25253;8
116865;-186748;48264;25192;8
112724;-195282;48005;24658;8
118032;-180242;48337;25598;1
127098;-183139;48903;25417;4
120546;-187605;48494;25138;1
127145;-164790;48906;26564;1
114188;-174060;48096;25985;2
110079;-195810;47839;24625;1
99439;-166308;47174;26469;1
129632;-194041;49062;24736;2
118976;-180746;48396;25567;4
108614;-181197;47748;25539;4
106530;-184978;47618;25302;4
117737;-176128;48318;25856;2
109590;-190390;47809;24964;2
103499;-170338;47428;26217;4
118939;-171721;48393;26131;8
117796;-179744;48322;25630;8
114825;-169210;48136;26288;8
127211;-189665;48910;25009;2
118833;-176874;48387;25809;2
100185;-170835;47221;26186;1
101568;-181110;47308;25544;2
102745;-174981;47381;25927;1
113086;-165211;48027;26538;8
120746;-166069;48506;26484;8
128030;-196011;48961;24613;2
124179;-179701;48721;25632;8
129231;-165061;49036;26547;4
99093;-182994;47153;25426;8
120486;-181796;48490;25501;1
120387;-190501;48484;24957;2
109345;-175045;47794;25923;2
117572;-181339;48308;25530;1
118737;-177884;48381;25746;8
107700;-181750;47691;25504;4
116059;-188014;48213;25113;4
127104;-189858;48904;24997;8
122032;-185959;48587;25241;1
109516;-193870;47804;24747;8
123803;-176263;48697;25847;8
107259;-185491;47663;25270;4
108523;-172238;47742;26099;4
102043;-184125;47337;25356;4
104611;-190116;47498;24981;8
127756;-174147;48944;25979;1
115774;-171684;48195;26133;4
100679;-180443;47252;25586;1
117868;-192887;48326;24808;8
108249;-193097;47725;24795;8
107103;-177198;47653;25789;2
125803;-166863;48822;26435;2
114012;-165704;48085;26507;1
105377;-178322;47546;25718;8
110567;-180590;47870;25577;2
107270;-189291;47664;25033;4
120439;-167772;48487;26378;2
116149;-186457;48219;25210;2
129404;-193316;49047;24781;2
122412;-165108;48610;26544;2
98639;-175029;47124;25924;8
117278;-183893;48289;25370;1
105403;-182676;47547;25446;8
100690;-182718;47253;25444;1
117999;-189224;48334;25037;2
114147;-165329;48094;26530;4
116399;-179011;48234;25675;1
119109;-171810;48404;26125;1
111442;-179345;47925;25654;1
130079;-167569;49089;26390;4
104443;-186589;47487;25202;2
115431;-191692;48174;24883;1
124982;-181511;48771;25519;1
109095;-187939;47778;25117;1
114395;-164444;48109;26586;1
101758;-177634;47319;25761;8
107498;-186114;47678;25231;2
105617;-182649;47561;25448;4
99059;-179640;47151;25636;2
126973;-188783;48895;25065;1
124558;-194523;48744;24706;2
125277;-189190;48789;25039;4
117546;-183022;48306;25425;4
113983;-181224;48083;25537;4
125519;-193204;48804;24788;2
112498;-188288;47991;25096;4
106856;-194435;47638;24711;4
126085;-196366;48840;24591;4
115807;-191785;48197;24877;4
110427;-184165;47861;25353;4
104558;-187657;47494;25135;8
121120;-166011;48530;26488;2
105575;-178383;47558;25715;2
127988;-195112;48959;24669;4
101267;-173675;47289;26009;4
101235;-184780;47287;25315;4
129676;-165556;49064;26516;1
110367;-196378;47857;24590;8
121320;-180602;48542;25576;1
121937;-164413;48581;26588;8
105237;-180703;47537;25570;2
107025;-182016;47649;25488;8
124709;-191160;48754;24916;8
129336;-180751;49043;25567;8
98467;-177710;47114;25757;1
98591;-175429;47121;25899;1
119611;-173113;48435;26044;2
115665;-189130;48189;25043;8
113423;-164071;48048;26609;4
116828;-185939;48261;25242;8
126741;-178432;48881;25712;1
120440;-181585;48487;25514;1
110814;-180987;47885;25552;8
122888;-187575;48640;25140;1
127631;-195257;48936;24660;2
122312;-165879;48604;26496;2
108458;-169774;47738;26253;1
107221;-189922;47661;24993;8
107000;-191516;47647;24894;1
114362;-170587;48107;26202;8
104353;-172336;47482;26093;4
103920;-183430;47455;25399;2
114589;-167570;48121;26390;1
111396;-173105;47922;26044;2
129425;-170589;49049;26202;2
127671;-195183;48939;24665;8
115442;-180211;48175;25600;8
107209;-189683;47660;25008;2
120420;-166410;48486;26463;8
125171;-166144;48783;26480;2
127526;-174115;48930;25981;1
101182;-165638;47283;26511;4
118907;-192745;48391;24817;4
109406;-175102;47797;25920;1
127516;-187955;48929;25116;2
116216;-172277;48223;26096;1
103606;-169231;47435;26287;2
104407;-173966;47485;25991;8
98473;-178761;47114;25691;4
116382;-170650;48233;26198;2
113095;-166259;48028;26472;8
123885;-188438;48702;25086;8
110117;-177984;47842;25740;2
125007;-181631;48772;25512;1
121201;-168805;48535;26313;1
106748;-190695;47631;24945;2
100864;-180340;47264;25592;2
117525;-192155;48305;24854;1
101411;-168053;47298;26360;4
120608;-191336;48498;24905;4
106807;-191641;47635;24886;1
109097;-188213;47778;25100;4
109968;-192515;47833;24831;4
102568;-184959;47370;25304;4
109692;-164805;47815;26563;8
130720;-184657;49130;25322;4
104635;-183677;47499;25384;1
108252;-188169;47725;25103;8
117759;-172592;48319;26077;8
106277;-168959;47602;26304;4
116107;-185017;48216;25300;2
127453;-179756;48925;25629;2
120761;-170742;48507;26192;1
129345;-173478;49044;26021;1
113433;-176004;48049;25863;1
129202;-180784;49035;25565;4
104009;-168169;47460;26353;2
124118;-182731;48717;25443;2
106211;-168215;47598;26350;2
127480;-188135;48927;25105;4
117259;-180533;48288;25580;1
115454;-194646;48175;24698;8
130033;-187469;49087;25147;8
127722;-185570;48942;25265;2
113778;-192097;48071;24857;2
129714;-165596;49067;26514;1
126177;-177054;48846;25798;4
102683;-167157;47377;26416;4
118695;-187116;48378;25169;4
121595;-191570;48559;24890;1
116556;-186887;48244;25183;8
111914;-178422;47954;25712;4
122314;-173680;48604;26009;4
120505;-187054;48491;25173;2
112685;-163888;48002;26621;8
115898;-170972;48203;26178;1
101906;-176392;47329;25839;8
129309;-179266;49041;25659;8
109780;-185837;47821;25249;8
127633;-179681;48937;25633;4
105162;-175401;47532;25901;4
110308;-191132;47854;24918;1
117853;-192026;48325;24862;8
114901;-194268;48141;24722;2
130194;-166583;49097;26452;8
124263;-182687;48726;25446;2
105507;-179076;47554;25671;4
101243;-177117;47287;25794;4
129499;-189782;49053;25002;2
101260;-168136;47288;26355;1
114148;-165317;48094;26531;8
111739;-177060;47943;25797;1
116926;-177134;48267;25793;1
108104;-186707;47716;25194;2
126835;-176918;48887;25806;4
108695;-189406;47753;25026;4
109821;-188132;47823;25105;1
120502;-180555;48491;25579;4
118032;-171209;48337;26163;1
114311;-170450;48104;26210;2
119475;-171001;48427;26176;1
110391;-186517;47859;25206;4
113424;-175794;48049;25876;8
118028;-187274;48336;25159;8
116111;-176892;48216;25808;1
117577;-164115;48308;26606;2
107134;-192638;47655;24824;2
130682;-193174;49127;24790;8
106386;-166844;47609;26436;8
126894;-167522;48890;26393;1
103549;-164830;47431;26562;2
117415;-164517;48298;26581;4
114629;-185007;48124;25301;4
113185;-196173;48034;24603;4
101851;-170245;47325;26223;1
109017;-175857;47773;25872;1
126754;-170037;48882;26236;1
110863;-177421;47888;25775;1
99173;-181141;47158;25542;1
100389;-185993;47234;25239;1
110844;-195530;47887;24643;8
100441;-164986;47237;26552;2
127039;-184703;48899;25320;2
105706;-170961;47566;26178;4
115603;-184358;48185;25341;2
125111;-185780;48779;25252;2
102276;-173422;47352;26025;8
101421;-185946;47298;25242;8
118207;-187502;48347;25145;8
116662;-170783;48251;26190;4
115737;-183995;48193;25364;4
99088;-172303;47153;26095;2
125105;-165435;48779;26524;8
113840;-189380;48075;25027;1
99079;-172673;47152;26071;8
104787;-180264;47509;25597;4
102675;-176370;47377;25840;8
99960;-182368;47207;25466;1
109457;-194136;47801;24730;1
111384;-192476;47921;24834;1
107771;-184652;47695;25323;8
117419;-164334;48298;26593;4
114805;-190949;48135;24929;2
99131;-180157;47155;25604;8
124076;-174690;48714;25945;1
103437;-168124;47424;26356;2
127273;-183207;48914;25413;8
112351;-193685;47981;24758;4
107167;-189390;47657;25027;2
125020;-190869;48773;24934;4
106443;-175411;47612;25900;1
104644;-189799;47500;25001;1
122720;-187639;48630;25136;2
103484;-164815;47427;26563;8
113802;-189531;48072;25018;4
108166;-185682;47720;25258;1
106572;-177558;47620;25766;4
119682;-177941;48440;25742;4
127790;-189687;48946;25008;2
123278;-189633;48664;25011;1
102297;-168317;47353;26344;2
124653;-185101;48750;25295;1
116814;-183550;48260;25392;4
110333;-191155;47855;24916;1
101740;-182671;47318;25447;2
102178;-164025;47346;26612;4
101861;-170279;47326;26221;4
126416;-183074;48861;25421;1
109908;-191784;47829;24877;4
117457;-179357;48301;25654;8
110478;-175004;47864;25926;8
114059;-175314;48088;25906;4
107406;-180695;47672;25570;8
126144;-165152;48844;26542;8
102765;-175149;47382;25917;4
107954;-189728;47707;25006;4
126066;-195675;48839;24634;8
109680;-177371;47815;25778;8
106751;-179714;47631;25631;8
113280;-191702;48040;24882;4
121191;-176869;48534;25809;8
107536;-185519;47681;25269;8
127648;-183388;48938;25402;1
104189;-179195;47471;25664;1
119055;-171567;48400;26141;1
117911;-171400;48329;26151;8
101380;-164003;47296;26613;1
103580;-178680;47433;25696;2
110584;-190872;47871;24934;1
110054;-187823;47838;25125;8
115565;-169180;48182;26290;1
114076;-168463;48089;26335;2
120434;-169629;48487;26262;2
121001;-171303;48522;26157;1
127876;-170829;48952;26187;2
115171;-195145;48158;24667;1
111319;-173419;47917;26025;2
115258;-195304;48163;24657;8
105204;-192367;47535;24841;8
100991;-166264;47271;26472;8
129294;-180751;49040;25567;4
118807;-189927;48385;24993;2
126735;-170727;48880;26193;4
107935;-193256;47705;24785;8
100046;-163901;47212;26620;1
100205;-166552;47222;26454;4
124251;-165762;48725;26503;4
109223;-164150;47786;26604;4
99817;-179035;47198;25674;1
129032;-171104;49024;26170;4
115713;-171694;48192;26133;1
119121;-187275;48405;25159;1
101904;-173758;47329;26004;2
105823;-165254;47573;26535;4
115145;-195106;48156;24669;8
120556;-180291;48494;25595;4
110673;-177887;47877;25746;2
102042;-164526;47337;26581;8
125672;-177521;48814;25768;4
118379;-177730;48358;25755;2
100332;-166638;47230;26449;1
112357;-193713;47982;24756;4
124532;-181510;48743;25519;1
117633;-185708;48312;25257;8
129790;-171266;49071;26159;8
115071;-189097;48151;25045;4
116490;-195576;48240;24640;2
128125;-180731;48967;25568;4
111557;-179306;47932;25657;2
121710;-175728;48566;25881;8
128338;-166674;48981;26446;1
100320;-170702;47230;26195;1
113599;-192051;48059;24860;1
127278;-185970;48914;25240;1
103878;-169287;47452;26283;2
105993;-186205;47584;25226;4
103431;-184745;47424;25317;1
122118;-184566;48592;25328;2
107594;-181425;47684;25524;2
116190;-172174;48221;26103;2
106201;-169892;47597;26245;1
130264;-178152;49101;25729;4
123191;-188308;48659;25094;1
110765;-186845;47882;25186;2
130553;-171210;49119;26163;4
127487;-179913;48927;25619;2
119447;-177873;48425;25746;1
100437;-166464;47237;26460;8
102205;-164049;47347;26610;2
107011;-191816;47648;24875;8
105575;-179132;47558;25668;2
119499;-171881;48428;26121;8
126862;-189015;48888;25050;4
101611;-173614;47310;26013;1
126834;-172252;48887;26098;4
130002;-172361;49085;26091;8
117821;-167621;48323;26387;4
127361;-166222;48920;26475;1
123512;-179680;48679;25634;4
127541;-175785;48931;25877;8
123856;-190404;48701;24963;1
100914;-168622;47267;26325;1
113515;-175562;48054;25891;1
100469;-186049;47239;25235;4
105382;-167105;47546;26419;2
100296;-177883;47228;25746;2
117935;-177554;48330;25766;4
118373;-170509;48358;26207;8
99632;-169529;47187;26268;4
110069;-188614;47839;25075;1
127722;-176637;48942;25824;4
113464;-186538;48051;25205;1
117344;-182638;48294;25449;8
130020;-187885;49086;25121;2
101258;-185986;47288;25239;8
111117;-193715;47904;24756;1
119094;-171146;48403;26167;1
124402;-175118;48735;25919;2
114303;-176449;48103;25835;8
125048;-165365;48775;26528;1
114590;-190534;48121;24955;2
100493;-166358;47240;26466;4
109187;-180283;47784;25596;8
122923;-183383;48642;25402;1
118721;-170983;48380;26177;4
116096;-186537;48216;25205;4
130493;-168844;49115;26311;8
126859;-189020;48888;25050;4
117854;-183934;48325;25368;8
109055;-190185;47775;24977;2
106128;-183853;47593;25373;1
101884;-168244;47327;26348;4
115816;-181812;48198;25500;4
121415;-173984;48548;25990;2
127886;-174646;48952;25948;4
126018;-182299;48836;25470;8
113646;-166179;48062;26477;2
116669;-193871;48251;24747;2
127135;-167828;48905;26374;4
130460;-181021;49113;25550;1
100416;-175671;47236;25884;8
104379;-167484;47483;26396;1
125044;-190908;48775;24932;8
127578;-188026;48933;25112;1
103905;-185865;47454;25247;8
130292;-177945;49103;25742;1
118473;-171553;48364;26141;4
110337;-193412;47856;24775;2
108943;-191489;47768;24895;4
120907;-166740;48516;26442;1
129677;-166339;49064;26467;1
108204;-175545;47722;25892;4
130422;-175204;49111;25913;2
129373;-167336;49045;26405;4
120677;-193600;48502;24764;4
115004;-182266;48147;25472;2
125655;-173561;48813;26016;8
118687;-171164;48377;26166;4
124503;-187505;48741;25144;1
98861;-179333;47138;25655;8
108834;-177873;47762;25746;1
123003;-187631;48647;25137;8
115153;-165454;48157;26523;8
111844;-178784;47950;25690;2
111116;-177568;47904;25766;2
110952;-183541;47894;25392;4
122274;-173042;48602;26048;4
125235;-189205;48787;25038;1
109025;-187848;47774;25123;8
119618;-181346;48436;25529;4
121996;-192982;48584;24802;1
101058;-170628;47276;26199;1
107166;-185107;47657;25294;1
107606;-169698;47685;26257;1
112389;-171991;47984;26114;8
120869;-176083;48514;25858;1
111070;-165392;47901;26527;4
113087;-181298;48027;25532;2
120325;-191306;48480;24907;2
129490;-170557;49053;26204;2
130447;-177174;49112;25790;1
101101;-184763;47278;25316;1
101954;-166839;47332;26436;2
113085;-168309;48027;26344;1
119559;-181496;48432;25520;4
106586;-182014;47621;25488;4
100824;-167591;47261;26389;4
102060;-172267;47338;26097;2
99995;-182656;47209;25448;2
118104;-180639;48341;25574;8
102313;-164112;47354;26607;1
121656;-180619;48563;25575;8
115701;-188875;48191;25059;2
106028;-194205;47586;24726;8
104032;-178989;47462;25677;2
126457;-186775;48863;25190;4
106286;-194372;47602;24715;1
104060;-173754;47463;26004;8
115062;-176302;48151;25845;1
110027;-190760;47836;24941;2
109354;-191082;47794;24921;8
107602;-172038;47685;26111;1
122882;-179753;48640;25629;1
118459;-183356;48363;25404;8
109268;-191722;47789;24881;1
109025;-187821;47774;25125;4
106912;-187447;47642;25148;2
118409;-168819;48360;26312;2
104853;-191549;47513;24892;8
112428;-195982;47986;24615;4
117192;-172637;48284;26074;4
114743;-175838;48131;25874;1
108358;-187503;47732;25145;1
124636;-193228;48749;24787;1
122816;-187249;48636;25160;1
104615;-190623;47498;24950;4
130219;-177385;49098;25777;2
127842;-195161;48950;24666;2
121160;-170941;48532;26180;4
109531;-178840;47805;25686;8
116493;-175408;48240;25901;1
104240;-183015;47475;25425;1
104883;-193962;47515;24741;2
103233;-170334;47412;26218;4
127141;-173291;48906;26033;8
101764;-174765;47320;25941;2
108327;-193046;47730;24798;4
101622;-182872;47311;25434;2
110076;-185660;47839;25260;8
121801;-164417;48572;26587;8
105410;-176555;47548;25829;1
116948;-190112;48269;24982;4
104227;-171525;47474;26143;4
100882;-179365;47265;25653;2
127503;-176657;48928;25822;1
119146;-187702;48406;25132;1
122742;-189182;48631;25040;4
123467;-186813;48676;25188;1
100034;-185401;47212;25276;1
105033;-177969;47524;25740;2
107805;-168281;47697;26346;4
124060;-191584;48713;24890;2
124545;-185129;48744;25293;1
114889;-165614;48140;26513;4
121316;-177857;48542;25747;4
101800;-183280;47322;25409;4
114175;-195244;48095;24661;1
122317;-173691;48604;26008;2
107979;-189377;47708;25027;2
125172;-177774;48783;25753;8
129089;-172160;49028;26104;2
114577;-190166;48121;24978;1
128739;-179785;49006;25627;8
128113;-177295;48967;25783;4
101941;-167282;47331;26408;2
120451;-165571;48488;26515;4
99349;-167662;47169;26385;8
120354;-190295;48482;24970;4
110587;-180324;47871;25593;8
113309;-178839;48041;25686;8
111617;-164001;47936;26613;8
118714;-179443;48379;25648;8
119975;-173396;48458;26026;1
126177;-170541;48846;26205;8
101845;-170247;47325;26223;1
118145;-171545;48344;26142;2
109389;-184604;47796;25326;4
124705;-192065;48754;24859;8
118747;-177872;48381;25747;8
105640;-172945;47562;26054;1
128941;-194721;49018;24693;1
127683;-190227;48940;24974;2
117925;-178644;48330;25698;8
111564;-178527;47932;25706;4
99057;-173713;47151;26006;4
129534;-180985;49055;25552;4
100242;-170449;47225;26210;8
101622;-183795;47311;25376;2
129184;-174621;49034;25950;4
110363;-191405;47857;24901;1
130737;-176001;49131;25863;1
107938;-175507;47706;25894;8
115991;-190750;48209;24942;4
122578;-181572;48621;25515;4
119715;-189659;48442;25010;2
100521;-166289;47242;26470;4
129888;-165832;49078;26499;8
106712;-190835;47629;24936;2
120679;-179287;48502;25658;8
115729;-184118;48193;25356;1
110161;-174280;47845;25971;4
103451;-168922;47425;26306;8
111766;-183338;47945;25405;1
115764;-194740;48195;24692;2
111102;-189933;47903;24993;8
114125;-195366;48092;24653;2
104001;-186198;47460;25226;4
101604;-182894;47310;25433;1
115095;-164475;48153;26584;4
110527;-184585;47867;25327;8
109321;-184585;47792;25327;2
115313;-179801;48167;25626;8
106595;-180213;47622;25600;1
111111;-165210;47904;26538;2
121742;-164492;48568;26583;1
126773;-176103;48883;25857;8
101519;-175208;47304;25913;1
124007;-194453;48710;24710;8
107844;-185110;47700;25294;2
128629;-176703;48999;25820;4
112425;-189856;47986;24998;1
122022;-188537;48586;25080;1
116496;-192165;48241;24853;8
113914;-189456;48079;25023;4
127658;-179524;48938;25643;1
117224;-195972;48286;24615;2
114380;-175720;48108;25881;8
111697;-174161;47941;25978;4
128791;-180975;49009;25553;8
130063;-193503;49088;24770;4
112751;-185551;48006;25267;4
123263;-177694;48663;25758;4
125538;-177797;48806;25751;2
127168;-166718;48908;26444;4
127308;-176588;48916;25827;4
120218;-180337;48473;25592;4
123029;-181634;48649;25511;8
112491;-176293;47990;25845;2
113104;-189361;48029;25028;1
129696;-164264;49066;26597;8
112234;-194037;47974;24736;1
123509;-178088;48679;25733;2
99194;-183530;47159;25393;8
117990;-184234;48334;25349;8
128472;-166720;48989;26444;8
122419;-183357;48611;25404;1
118442;-177837;48362;25749;4
127085;-170557;48902;26204;8
110803;-180813;47885;25563;8
126246;-186508;48850;25207;8
104855;-183239;47513;25411;8
122626;-184994;48624;25301;2
128173;-176710;48970;25819;2
123024;-165258;48649;26535;1
101626;-183247;47311;25411;1
130413;-165230;49110;26537;2
107051;-190222;47650;24975;2
107282;-185469;47665;25272;8
106570;-171795;47620;26126;2
123447;-188449;48675;25085;8
128059;-164545;48963;26579;1
105240;-193192;47537;24789;2
100276;-170425;47227;26212;4
112583;-190947;47996;24929;8
127380;-180053;48921;25610;8
116844;-192257;48262;24847;2
130324;-175241;49105;25911;4
105704;-182624;47566;25450;1
110487;-180299;47865;25595;4
105769;-166102;47570;26482;1
111839;-176901;47949;25807;2
125061;-180717;48776;25569;1
110888;-164200;47890;26601;1
124078;-179212;48714;25663;2
119555;-181252;48432;25535;8
127043;-167425;48900;26399;1
128895;-167039;49015;26424;4
101391;-165387;47296;26527;4
113273;-163911;48039;26619;8
109604;-189270;47810;25034;1
114773;-190434;48133;24961;1
116100;-165291;48216;26533;1
104457;-187014;47488;25175;4
112418;-189260;47986;25035;4
103444;-169062;47425;26297;1
112247;-166472;47975;26459;4
121652;-192814;48563;24813;1
118224;-175441;48349;25898;1
118167;-168118;48345;26356;4
130652;-171462;49125;26147;2
126571;-192964;48870;24803;4
115639;-179785;48187;25627;8
124220;-165871;48723;26497;8
119894;-168314;48453;26344;8
126384;-178111;48859;25732;2
124983;-185683;48771;25258;1
117530;-177231;48305;25787;8
118622;-172742;48373;26067;2
98631;-175036;47124;25924;4
128328;-176914;48980;25806;2
107180;-190825;47658;24937;2
104795;-191034;47509;24924;2
128191;-166564;48971;26453;8
125141;-186452;48781;25210;2
99790;-184851;47196;25310;2
106108;-171145;47591;26167;1
105377;-170466;47546;26209;1
123818;-187068;48698;25172;1
118708;-168896;48379;26308;8
116897;-179645;48266;25636;1
124653;-185368;48750;25278;2
117962;-186042;48332;25236;8
102325;-164339;47355;26592;8
122318;-181555;48604;25516;1
99900;-170218;47203;26225;1
113694;-189674;48065;25009;4
107824;-185134;47699;25293;8
118674;-174515;48377;25956;4
130320;-175973;49105;25865;1
100405;-164168;47235;26603;4
99549;-166167;47181;26478;4
125625;-165177;48811;26540;1
106086;-196389;47590;24589;8
126207;-175043;48847;25923;4
108418;-188581;47736;25077;1
112662;-174934;48001;25930;8
130892;-168203;49140;26351;8
112506;-189479;47991;25021;8
102613;-184889;47373;25308;2
120028;-178183;48461;25727;4
108296;-184803;47728;25313;2
129301;-174122;49041;25981;4
130960;-176416;49145;25838;2
119450;-171682;48425;26133;4
99219;-180408;47161;25588;8
101518;-170038;47304;26236;4
124906;-178282;48766;25721;4
106987;-172902;47646;26057;4
127064;-165994;48901;26489;2
110518;-175053;47867;25923;8
103435;-170269;47424;26222;1
108169;-185560;47720;25266;4
107556;-188427;47682;25087;2
111497;-171303;47928;26157;8
116547;-165307;48244;26532;1
111379;-194400;47921;24714;2
122161;-184542;48595;25330;1
110882;-183539;47890;25392;8
130016;-170880;49086;26184;4
103377;-165744;47421;26505;4
116682;-195146;48252;24667;1
122470;-183333;48614;25405;4
130506;-186053;49116;25235;4
123755;-189184;48694;25040;2
106811;-184277;47635;25346;4
117817;-183685;48323;25383;1
113190;-164788;48034;26564;2
116372;-176932;48233;25805;4
113739;-167579;48068;26390;2
116773;-193880;48258;24746;2
109223;-178546;47786;25704;2
104911;-193993;47516;24739;2
129205;-167343;49035;26405;1
112577;-190783;47996;24940;8
111254;-189565;47913;25016;1
115362;-173421;48170;26025;1
101618;-175157;47311;25916;4
113924;-164797;48080;26564;1
105092;-193482;47528;24771;1
129920;-165029;49080;26549;2
116102;-184287;48216;25346;2
130609;-167231;49123;26412;4
109442;-188495;47800;25083;2
101952;-168815;47332;26313;4
99195;-183058;47159;25422;8
103808;-186061;47448;25235;2
126444;-193750;48862;24754;2
99237;-180550;47162;25579;1
121042;-170862;48525;26185;1
99935;-179008;47205;25676;1
102283;-173456;47352;26023;2
101402;-164049;47297;26610;2
118665;-175366;48376;25903;2
118693;-174172;48378;25978;1
106679;-190761;47627;24941;4
105868;-184762;47576;25316;8
116210;-184985;48223;25302;2
115445;-194938;48175;24680;1
118736;-192245;48381;24848;2
102761;-184862;47382;25310;8
103241;-174491;47412;25958;8
103772;-178815;47445;25688;4
104347;-165389;47481;26527;2
114886;-194721;48140;24693;8
108934;-193045;47768;24798;2
115468;-168824;48176;26312;8
118884;-175233;48390;25911;2
106371;-175414;47608;25900;1
101766;-174813;47320;25938;8
100290;-170596;47228;26201;1
106195;-192094;47597;24858;2
100660;-182702;47251;25445;2
119616;-179914;48436;25619;8
102008;-185187;47335;25289;1
101789;-174566;47321;25953;8
104023;-182951;47461;25429;8
109572;-196299;47808;24595;4
108482;-187619;47740;25137;2
118808;-173834;48385;25999;1
103754;-169181;47444;26290;8
119151;-166356;48406;26466;1
114932;-183586;48143;25389;8
125704;-193211;48816;24788;1
117638;-192172;48312;24853;1
130508;-166686;49116;26446;8
119924;-181682;48455;25508;8
100684;-181342;47252;25530;8
122719;-186002;48629;25238;2
122500;-183736;48616;25380;1
109449;-178857;47800;25685;1
130317;-165219;49104;26537;8
101218;-168077;47286;26359;1
118243;-175921;48350;25868;8
120653;-182399;48500;25464;1
116844;-183464;48262;25397;1
102227;-167404;47349;26401;4
106375;-184011;47608;25363;1
129812;-178845;49073;25686;2
110513;-187504;47867;25145;1
100076;-177102;47214;25795;1
119113;-181950;48404;25492;2
111878;-196090;47952;24608;4
106054;-169122;47588;26293;2
116813;-171807;48260;26126;1
127109;-167375;48904;26403;4
115979;-186559;48208;25204;2
123460;-170523;48676;26206;8
126596;-170055;48872;26235;4
113696;-168808;48066;26313;2
106421;-168523;47611;26331;2
106124;-192009;47592;24863;2
107673;-191428;47689;24899;2
119421;-171462;48423;26147;4
105194;-164347;47534;26592;2
105398;-178308;47547;25719;8
106546;-185116;47619;25294;2
111888;-178205;47953;25726;1
117483;-186945;48302;25179;1
102927;-169808;47392;26251;8
116731;-164157;48255;26604;2
124053;-185150;48713;25292;2
107340;-188926;47668;25056;2
122366;-184511;48607;25332;4
130126;-164107;49092;26607;1
106989;-172897;47646;26057;1
104311;-167939;47479;26367;8
108523;-188434;47742;25086;2
101422;-175162;47298;25916;2
109783;-187978;47821;25115;8
120375;-186805;48483;25188;1
105772;-194193;47570;24726;2
129860;-174691;49076;25945;1
108456;-188736;47738;25068;1
120191;-175396;48471;25901;8
108929;-190136;47768;24980;4
126952;-188993;48894;25051;4
116430;-178806;48236;25688;1
118681;-174479;48377;25959;8
124969;-178948;48770;25679;4
121540;-178150;48556;25729;2
99811;-178867;47198;25684;4
122358;-183780;48607;25377;8
118113;-174905;48342;25932;4
130431;-166066;49111;26484;8
126910;-188585;48891;25077;8
109436;-175251;47799;25910;8
107280;-164994;47665;26551;8
114733;-167303;48130;26407;1
129587;-189811;49059;25000;4
123738;-189149;48693;25042;4
110470;-183786;47864;25377;8
127075;-184434;48902;25336;2
127163;-189769;48907;25003;4
127698;-176461;48941;25835;1
108962;-186924;47770;25181;1
117671;-185632;48314;25262;8
112640;-177052;48000;25798;2
126389;-183160;48859;25416;2
112494;-174862;47990;25935;8
119857;-189936;48451;24993;2
105460;-169335;47551;26280;2
124497;-191193;48741;24914;4
109597;-179601;47809;25638;8
106343;-194310;47606;24719;2
128729;-179687;49005;25633;1
126449;-187890;48863;25120;4
116109;-167486;48216;26396;8
117575;-181910;48308;25494;1
118949;-186923;48394;25181;8
105140;-192758;47531;24816;2
108723;-185232;47755;25287;4
109824;-180060;47824;25610;8
116234;-185219;48224;25287;1
98604;-176985;47122;25802;2
115566;-191719;48182;24881;4
113960;-194179;48082;24727;8
114252;-178871;48100;25684;4
130591;-180957;49121;25554;1
108743;-193531;47756;24768;4
126931;-188315;48893;25094;8
119140;-187258;48406;25160;1
108704;-189389;47754;25027;2
114058;-172189;48088;26102;1
103478;-164748;47427;26567;4
106402;-168625;47610;26324;8
127920;-177239;48955;25786;4
129231;-180860;49036;25560;4
115070;-167702;48151;26382;1
118761;-192566;48382;24828;1
122239;-185497;48599;25270;4
109642;-190200;47812;24976;1
127172;-182954;48908;25429;8
126011;-177119;48835;25794;1
99186;-180044;47159;25611;4
100924;-166710;47267;26444;8
119294;-171828;48415;26124;1
120088;-190809;48465;24938;1
117313;-192263;48292;24847;8
108634;-189696;47749;25008;2
116646;-178422;48250;25712;1
108045;-181174;47712;25540;4
119711;-178966;48441;25678;8
117113;-184872;48279;25309;8
110703;-181446;47878;25523;4
111641;-188361;47937;25091;2
118723;-192158;48380;24854;1
116147;-168037;48219;26361;1
119889;-190052;48453;24985;4
119508;-179871;48429;25622;4
107343;-188784;47668;25065;1
127400;-164482;48922;26583;2
107347;-175418;47669;25900;2
120154;-180211;48469;25600;2
119921;-173513;48455;26019;2
104842;-166342;47512;26467;2
118564;-171870;48370;26122;4
99104;-182686;47154;25446;4
111247;-163938;47912;26617;4
127133;-166875;48905;26434;1
126014;-195613;48835;24638;4
107243;-174341;47662;25967;1
114245;-194898;48100;24682;1
107380;-180165;47671;25603;8
117615;-186916;48310;25181;1
127273;-176576;48914;25828;4
115350;-191645;48169;24886;1
129219;-167166;49036;26416;8
122677;-193132;48627;24793;4
101782;-185399;47321;25276;1
112557;-166501;47994;26457;2
127820;-175351;48948;25904;8
114369;-175700;48108;25882;8
115339;-194327;48168;24718;2
127891;-166832;48953;26437;1
99105;-182076;47154;25484;1
104853;-166391;47513;26464;2
110069;-188595;47839;25076;2
103926;-185235;47455;25286;2
130387;-169458;49109;26272;8
113632;-176537;48062;25830;8
104455;-179788;47488;25627;4
128714;-164001;49004;26613;2
128045;-170058;48962;26235;8
109899;-195531;47828;24643;1
118253;-192230;48350;24849;1
130937;-171873;49143;26121;1
113117;-184340;48029;25342;8
119236;-166529;48412;26455;8
103753;-175182;47444;25915;1
100144;-164007;47219;26613;1
124438;-193209;48737;24788;4
116181;-189733;48221;25005;8
101746;-166082;47319;26483;2
113384;-192472;48046;24834;2
115962;-191974;48207;24865;1
106388;-184053;47609;25360;2
104836;-193965;47512;24741;2
109238;-188484;47787;25083;2
111802;-182178;47947;25477;8
106293;-175457;47603;25897;8
101027;-173584;47274;26015;4
100196;-185655;47222;25260;4
109764;-171457;47820;26147;2
114531;-170263;48118;26222;1
112720;-185499;48005;25270;2
109347;-187543;47794;25142;1
121900;-174579;48578;25952;4
126570;-178678;48870;25696;4
98449;-177203;47113;25788;4
114335;-171053;48105;26173;4
101846;-167977;47325;26365;4
115203;-173620;48160;26012;8
102666;-165186;47376;26539;4
109863;-194356;47826;24716;4
118853;-191829;48388;24874;1
123827;-176338;48699;25842;8
104082;-165592;47465;26514;4
119775;-190867;48445;24934;1
116467;-192108;48239;24857;8
120168;-173658;48470;26010;2
100483;-168711;47240;26319;8
123056;-165424;48651;26525;4
105662;-172951;47563;26054;8
109364;-193714;47795;24756;8
107286;-165023;47665;26550;2
127406;-186937;48922;25180;1
118434;-188927;48362;25056;8
113098;-190155;48028;24979;2
126366;-182133;48857;25480;1
114894;-167598;48140;26389;2
120398;-186850;48484;25185;1
126155;-196215;48844;24600;1
102122;-174003;47342;25988;8
118059;-186332;48338;25218;8
107769;-187780;47695;25127;8
120988;-165839;48521;26499;2
127128;-175624;48905;25887;8
114634;-175921;48124;25868;1
101240;-184746;47287;25317;4
112789;-190890;48009;24933;2
104460;-171911;47488;26119;8
122982;-165225;48646;26537;2
108063;-187296;47713;25158;8
125557;-172804;48807;26063;4
113167;-164752;48032;26567;2
101711;-178408;47316;25713;2
110389;-184182;47859;25352;8
127677;-176129;48939;25855;8
130273;-184290;49102;25345;4
123545;-177239;48681;25786;2
106391;-195179;47609;24665;4
127376;-185508;48921;25269;4
117113;-194461;48279;24710;1
126478;-171408;48864;26151;4
124743;-192051;48756;24860;8
107128;-170638;47655;26199;2
110522;-174801;47867;25938;1
105409;-171441;47548;26148;2
111239;-196372;47912;24590;2
126553;-164642;48869;26573;8
123125;-178902;48655;25682;2
119881;-182454;48452;25460;4
119531;-177826;48430;25749;4
127390;-177624;48921;25762;1
115342;-194867;48168;24684;8
117254;-175493;48288;25895;2
130360;-192989;49107;24802;2
130399;-167717;49109;26381;4
117765;-179969;48320;25615;1
124952;-168570;48769;26328;8
130493;-192920;49115;24806;8
120588;-190999;48496;24926;8
111890;-166284;47953;26471;4
99594;-184816;47184;25313;4
100275;-172154;47227;26104;1
116090;-178078;48215;25734;1
107309;-190450;47666;24960;2
116924;-168899;48267;26307;8
118748;-170665;48381;26197;8
113793;-194483;48072;24708;8
118548;-165091;48369;26545;2
116773;-193900;48258;24745;4
127091;-175272;48903;25909;2
115154;-194960;48157;24679;4
105714;-182649;47567;25448;1
105050;-177880;47525;25746;8
113489;-192309;48053;24844;8
125628;-193177;48811;24790;1
127341;-190557;48918;24954;4
124059;-166253;48713;26473;8
102537;-173925;47368;25993;1
108258;-182245;47726;25473;8
107730;-177297;47693;25782;4
117160;-189088;48282;25046;4
100502;-186006;47241;25238;4
104008;-186211;47460;25225;4
101672;-168262;47314;26347;1
129594;-189720;49059;25006;4
104569;-189846;47495;24998;8
114628;-184838;48124;25311;1
114892;-177003;48140;25801;2
123243;-177364;48662;25778;8
99414;-167569;47173;26390;2
101106;-166078;47279;26484;4
101598;-175139;47309;25917;1
130352;-175126;49107;25918;8
111582;-177353;47933;25779;1
115945;-181969;48206;25490;2
123176;-188303;48658;25095;4
128373;-166731;48983;26443;1
99460;-165807;47176;26501;1
102117;-181105;47342;25544;4
121350;-165689;48544;26508;1
122239;-181871;48599;25497;2
125077;-186501;48777;25207;8
130776;-168716;49133;26319;8
110543;-193521;47868;24768;4
113528;-175464;48055;25897;2
101548;-170163;47306;26228;4
122197;-165008;48597;26551;8
114720;-175872;48130;25872;2
121864;-165519;48576;26519;8
114733;-190202;48130;24976;2
118995;-180785;48397;25564;8
104821;-188526;47511;25081;1
126483;-186593;48865;25201;8
110385;-192268;47859;24847;1
125935;-179785;48830;25627;2
117570;-180966;48308;25553;2
118775;-189691;48383;25008;1
127859;-189661;48951;25010;4
126336;-170169;48856;26228;1
120548;-181614;48494;25513;2
126023;-183772;48836;25378;1
116125;-193755;48217;24754;4
129984;-173562;49084;26016;8
107291;-189269;47665;25034;1
121209;-167657;48535;26385;4
122136;-181522;48593;25518;1
127100;-166766;48903;26441;8
103807;-165598;47447;26514;1
116290;-193790;48228;24752;4
99063;-179868;47151;25622;2
118726;-187264;48380;25160;2
110901;-182586;47891;25452;2
116150;-185035;48219;25299;2
124975;-190867;48770;24934;4
111404;-185566;47922;25266;8
124860;-188927;48763;25056;4
102269;-172414;47351;26088;1
105864;-179193;47576;25664;8
108406;-186760;47735;25191;8
126695;-176264;48878;25847;1
125861;-183619;48826;25387;1
114262;-175618;48101;25887;4
108399;-188584;47734;25077;1
107946;-188242;47706;25098;8
125146;-180506;48781;25582;2
117743;-178654;48318;25698;2
129185;-171234;49034;26161;4
121646;-192856;48562;24810;2
102821;-169886;47386;26246;8
119210;-171812;48410;26125;8
101732;-167940;47318;26367;4
113467;-175587;48051;25889;2
105497;-178240;47553;25724;8
118797;-179823;48384;25625;8
113968;-170129;48083;26230;4
126585;-167238;48871;26411;2
99957;-180200;47207;25601;2
98741;-176321;47131;25843;2
103945;-186227;47456;25224;4
105245;-193133;47537;24793;8
119158;-187091;48407;25170;1
112273;-187487;47977;25146;8
110511;-175409;47866;25900;1
115030;-190632;48149;24949;4
122830;-187452;48636;25148;8
117893;-182080;48328;25484;1
104451;-174288;47488;25971;8
104402;-171428;47485;26149;4
125060;-186742;48776;25192;8
128050;-177076;48963;25796;2
99791;-169830;47196;26249;8
100962;-179334;47270;25655;2
101648;-168284;47313;26346;8
103504;-164775;47429;26565;1
121107;-171163;48529;26166;4
104886;-164341;47515;26592;8
128857;-177923;49013;25743;2
119059;-166282;48401;26471;8
122052;-164363;48588;26591;4
123465;-188093;48676;25108;8
109899;-171952;47828;26117;8
104637;-180016;47499;25613;8
110479;-182221;47864;25475;4
119133;-173827;48405;25999;2
105565;-176125;47557;25856;8
126491;-182609;48865;25450;4
106331;-178997;47605;25676;2
105390;-178002;47546;25738;8
124657;-164053;48751;26610;2
104629;-190450;47499;24960;4
114463;-179605;48113;25638;1
124580;-185367;48746;25278;2
128629;-176835;48999;25811;1
115832;-164144;48199;26605;8
117915;-196178;48329;24602;8
101345;-183195;47294;25414;2
105449;-177841;47550;25748;8
126082;-188636;48840;25074;4
111026;-189889;47899;24995;1
126940;-167164;48893;26416;8
120389;-190258;48484;24972;4
126951;-180184;48894;25602;4
110043;-187841;47837;25123;8
105977;-178343;47583;25717;4
109262;-164175;47788;26603;8
126632;-192759;48874;24816;1
127423;-185029;48923;25299;8
105106;-171692;47529;26133;8
110477;-190969;47864;24928;4
116368;-167707;48233;26382;8
108208;-189105;47723;25044;4
123205;-180086;48660;25608;8
129237;-170489;49037;26208;1
123801;-173819;48697;26000;8
129395;-170442;49047;26211;8
127634;-195237;48937;24661;4
103979;-173802;47458;26001;4
123152;-165570;48657;26515;4
126192;-163876;48847;26621;1
121504;-181591;48554;25514;4
101336;-181664;47293;25510;1
110812;-173736;47885;26005;2
118392;-164723;48359;26568;1
103136;-176231;47406;25849;4
109547;-189096;47806;25045;8
114881;-184950;48140;25304;8
123320;-181578;48667;25515;2
102613;-169085;47373;26296;2
126781;-193088;48883;24796;8
120424;-169657;48486;26260;4
129163;-165411;49032;26525;1
122112;-183341;48592;25405;2
106242;-195457;47600;24647;1
110530;-191003;47868;24926;4
120452;-183065;48488;25422;2
121503;-195970;48553;24615;8
120868;-170694;48514;26195;4
128062;-166144;48963;26480;4
122616;-188189;48623;25102;1
111560;-165466;47932;26522;8
110126;-195024;47842;24675;2
128087;-167344;48965;26405;1
118110;-181195;48341;25539;2
113408;-175699;48048;25882;8
118085;-170924;48340;26181;2
116328;-185428;48230;25274;2
122678;-184139;48627;25355;4
124983;-179338;48771;25655;2
129783;-167356;49071;26404;1
98538;-178864;47118;25685;4
117319;-180543;48292;25580;2
105994;-179439;47584;25649;8
103146;-167965;47406;26366;2
110479;-187742;47864;25130;1
99205;-180574;47160;25578;2
106152;-191999;47594;24864;4
123238;-181847;48662;25498;4
107786;-180511;47696;25582;4
130805;-168410;49135;26338;1
105123;-192472;47530;24834;4
103459;-166201;47426;26476;8
129921;-173665;49080;26009;8
129069;-180193;49026;25601;1
101002;-175904;47272;25870;1
101978;-169730;47333;26255;4
114934;-195177;48143;24665;2
118116;-186243;48342;25223;2
103815;-170410;47448;26213;4
117954;-186086;48332;25233;4
105175;-185066;47533;25297;2
114424;-171126;48111;26168;4
103503;-168709;47428;26319;2
127463;-177623;48926;25762;2
107910;-187527;47704;25143;4
118777;-177504;48383;25770;1
111441;-177752;47925;25754;8
106345;-184836;47606;25311;8
126857;-182361;48888;25466;1
104392;-179470;47484;25647;2
121664;-175668;48564;25884;1
117250;-195801;48288;24626;4
106874;-191656;47639;24885;8
106127;-193596;47592;24764;4
121682;-185758;48565;25254;2
119943;-175980;48456;25865;1
127744;-179950;48944;25617;2
116517;-165322;48242;26531;2
101668;-182573;47314;25453;2
116420;-169769;48236;26253;8
101109;-177038;47279;25799;2
101570;-178801;47308;25688;2
106245;-195655;47600;24635;8
103842;-186060;47450;25235;4
125520;-177851;48805;25748;1
108620;-193526;47748;24768;2
128361;-179728;48982;25631;4
115394;-173687;48172;26008;4
116977;-175403;48271;25901;4
98457;-177370;47113;25778;8
119257;-187729;48413;25130;8
127103;-168354;48903;26341;8
108448;-172213;47738;26100;8
122181;-185888;48596;25246;8
100093;-185380;47215;25277;4
116228;-185318;48224;25281;8
127301;-165568;48916;26516;2
129688;-187705;49065;25132;2
118597;-172753;48372;26066;8
130135;-178812;49093;25688;1
125005;-180402;48772;25588;4
116026;-171519;48211;26144;1
116812;-195079;48260;24671;1
129187;-171307;49034;26157;2
116212;-177950;48223;25742;1
107603;-185309;47685;25282;4
112591;-189917;47996;24994;8
118475;-168712;48364;26319;2
112113;-188369;47967;25090;8
124057;-194454;48713;24710;1
118425;-188841;48361;25061;4
101764;-168559;47320;26329;2
122786;-187855;48634;25123;8
130538;-169208;49118;26288;2
118950;-175332;48394;25905;1
107552;-190874;47682;24934;1
105762;-194258;47570;24722;4
118263;-192160;48351;24854;2
121328;-195951;48543;24617;2
108243;-185689;47725;25258;2
107762;-187727;47695;25131;2
105498;-178104;47553;25732;2
118651;-165002;48375;26551;4
111781;-177827;47946;25749;8
107957;-188130;47707;25105;2
104402;-171407;47485;26151;4
119883;-169619;48452;26262;2
117641;-196153;48312;24604;1
123771;-188805;48695;25063;2
125670;-173590;48814;26014;4
99252;-180403;47163;25588;8
119560;-178173;48432;25728;8
116896;-172445;48266;26086;4
114945;-177197;48144;25789;2
103602;-174003;47435;25988;4
109682;-196304;47815;24595;1
127155;-165210;48907;26538;4
107392;-180683;47672;25571;1
128883;-184732;49015;25318;4
109587;-177307;47809;25782;1
117424;-172770;48299;26065;4
114459;-172026;48113;26112;2
112813;-178789;48010;25689;4
119934;-169628;48455;26262;4
110506;-187489;47866;25145;2
101296;-183183;47291;25415;8
129099;-180206;49028;25601;1
107014;-187486;47648;25146;2
116920;-168836;48267;26311;2
113520;-165116;48055;26544;2
130578;-184958;49121;25304;8
130761;-184589;49132;25327;1
115814;-194788;48198;24689;1
102261;-168488;47351;26333;2
99340;-178436;47168;25711;2
103796;-185387;47447;25277;1
107419;-190366;47673;24966;1
118538;-175567;48368;25891;4
128659;-179591;49001;25639;2
108457;-188502;47738;25082;2
119386;-173502;48421;26020;4
103675;-166549;47439;26454;2
113620;-195992;48061;24614;8
107675;-187790;47689;25127;8
127225;-173257;48911;26035;1
104763;-178139;47507;25730;1
127746;-187437;48944;25149;2
105111;-185885;47529;25246;4
122103;-185938;48591;25242;4
98718;-175834;47129;25874;1
115749;-171404;48194;26151;4
102514;-180845;47367;25561;1
104325;-186543;47480;25205;8
104957;-191463;47519;24897;1
117522;-181363;48305;25528;4
107077;-185566;47652;25266;4
114983;-165582;48146;26515;1
108853;-187027;47763;25174;2
121541;-196040;48556;24611;8
126516;-178635;48867;25699;1
122899;-163873;48641;26621;8
111208;-191405;47910;24901;1
119944;-187129;48456;25168;4
119611;-182714;48435;25444;4
115313;-189143;48167;25042;8
105976;-176419;47583;25837;2
126897;-186598;48891;25201;2
109577;-179685;47808;25633;8
127449;-173224;48925;26037;2
128389;-175657;48984;25885;4
109685;-186150;47815;25229;4
117461;-181267;48301;25534;4
117955;-184277;48332;25346;1
114578;-165572;48121;26515;2
119907;-181745;48454;25504;8
99326;-172079;47167;26109;2
124559;-181593;48744;25514;8
110527;-187965;47867;25116;8
100670;-182834;47251;25436;4
106672;-179647;47627;25636;8
114286;-179139;48102;25667;8
128592;-176834;48997;25811;4
129749;-178809;49069;25688;4
107239;-190642;47662;24948;1
121442;-187900;48550;25120;1
118774;-192165;48383;24853;1
121188;-176861;48534;25810;1
101019;-184769;47273;25315;8
126876;-183211;48889;25413;1
107075;-181913;47652;25494;1
111832;-176312;47949;25844;1
121022;-189825;48523;24999;1
103601;-173221;47435;26037;1
121524;-187584;48555;25140;1
130068;-166228;49089;26474;1
101499;-175176;47303;25915;2
109672;-163970;47814;26615;8
124132;-183093;48718;25420;4
116630;-168085;48249;26358;8
120519;-167261;48492;26410;8
102031;-164408;47336;26588;4
124263;-181537;48726;25517;4
103773;-174013;47445;25988;2
99601;-169537;47185;26267;4
120835;-195088;48512;24671;8
119252;-166484;48413;26458;2
129280;-174231;49040;25974;8
124522;-191256;48742;24910;4
121567;-180644;48557;25573;1
112874;-193884;48014;24746;8
100686;-174135;47252;25980;4
118601;-186614;48372;25200;1
107775;-181756;47695;25504;1
114103;-176528;48091;25831;4
107970;-187563;47708;25141;1
126730;-175380;48880;25902;1
119577;-173098;48433;26045;4
126659;-192686;48876;24821;4
122418;-164503;48611;26582;4
120689;-193585;48503;24764;2
101685;-182626;47315;25449;2
99773;-175552;47195;25892;8
124161;-165847;48720;26498;1
106258;-175389;47601;25902;1
114234;-195012;48099;24675;1
117662;-186256;48313;25223;1
118391;-168831;48359;26312;4
122936;-187419;48643;25150;4
115073;-175748;48152;25879;1
127610;-186924;48935;25181;4
99877;-183650;47202;25385;4
109859;-195125;47826;24668;2
104333;-187422;47480;25150;8
126400;-177216;48860;25788;8
118518;-164733;48367;26568;1
129311;-174222;49041;25975;4
109581;-186147;47808;25229;2
127122;-172938;48905;26055;2
124209;-165812;48723;26500;4
130792;-168746;49134;26317;2
100249;-166762;47225;26441;1
121293;-169736;48540;26255;4
124838;-175644;48762;25886;4
125175;-166958;48783;26429;8
106525;-196336;47617;24593;8
112429;-189398;47986;25026;2
129592;-181106;49059;25544;8
126908;-183266;48891;25409;1
116950;-172450;48269;26085;1
115645;-168857;48187;26310;1
103993;-186155;47459;25229;8
99086;-181188;47152;25539;1
110171;-195053;47845;24673;2
127221;-168324;48911;26343;8
109423;-192963;47798;24803;1
116806;-192268;48260;24847;2
112399;-195768;47984;24628;2
108422;-164557;47736;26579;4
99119;-179893;47154;25620;2
119351;-181003;48419;25551;1
126402;-178160;48860;25729;8
121993;-179178;48584;25665;4
126713;-183382;48879;25402;4
107143;-187040;47656;25174;1
117507;-185233;48304;25286;4
103897;-169232;47453;26287;8
104967;-171318;47520;26156;8
109684;-196212;47815;24600;8
113101;-184417;48028;25337;2
107378;-180163;47671;25603;2
123743;-186985;48693;25177;2
126460;-186871;48863;25184;2
118876;-175317;48389;25906;2
112468;-192566;47989;24828;4
124935;-194478;48768;24709;1
127471;-178983;48926;25677;8
102123;-178170;47342;25728;8
110778;-177423;47883;25775;8
119347;-194077;48419;24734;1
113952;-181790;48082;25502;1
108469;-185422;47739;25275;1
117383;-179497;48296;25645;1
124559;-194457;48744;24710;2
99490;-165995;47178;26489;8
129126;-167601;49030;26388;1
124618;-184339;48748;25342;2
117798;-167727;48322;26381;2
127417;-186525;48923;25206;1
124733;-178709;48755;25694;1
129315;-172574;49042;26078;4
110394;-191485;47859;24896;2
114337;-168439;48106;26336;4
117372;-175546;48295;25892;2
125335;-164935;48793;26555;8
123238;-183617;48662;25387;1
123385;-193323;48671;24781;1
129873;-178704;49077;25695;4
119147;-171930;48406;26118;1
104951;-164612;47519;26575;4
99868;-179023;47201;25675;1
118885;-173849;48390;25998;8
110032;-185271;47837;25284;4
110409;-188486;47860;25083;2
119040;-171518;48400;26144;4
129908;-173983;49079;25990;2
126174;-196403;48845;24588;1
104402;-172309;47485;26094;1
127626;-179523;48936;25643;2
130722;-186319;49130;25219;8
123740;-195560;48693;24641;4
101482;-181268;47302;25534;2
101140;-170420;47281;26212;1
121030;-189151;48524;25042;2
106354;-174820;47607;25937;2
129289;-174226;49040;25974;8
126587;-178586;48871;25702;1
111384;-189865;47921;24997;8
102556;-178871;47369;25684;8
126139;-183574;48843;25390;1
124057;-186086;48713;25233;4
126528;-187749;48868;25129;8
128693;-180415;49003;25588;2
125406;-165339;48797;26530;8
115286;-195428;48165;24649;8
116474;-191997;48239;24864;2
119117;-172195;48404;26101;2
120249;-190822;48475;24937;8
104529;-166859;47493;26435;2
104325;-179464;47480;25647;2
111573;-194498;47933;24707;4
103909;-178931;47454;25680;2
126203;-165449;48847;26523;1
111695;-177124;47940;25793;4
100354;-178115;47232;25731;8
106622;-180669;47623;25572;2
122018;-164457;48586;26585;2
120526;-170914;48492;26181;8
114533;-175827;48118;25874;4
118755;-175437;48382;25899;4
100669;-182324;47251;25468;8
112391;-174768;47984;25941;1
100055;-183652;47213;25385;8
106535;-186695;47618;25195;4
115906;-184216;48204;25350;1
119439;-189210;48424;25038;1
129659;-177665;49063;25759;1
114457;-186936;48113;25180;4
107999;-193270;47709;24784;2
121969;-188568;48583;25078;8
104561;-189821;47495;25000;1
126431;-168296;48861;26345;1
119813;-181438;48448;25524;1
111213;-190169;47910;24978;8
120233;-175508;48474;25894;2
109632;-193980;47812;24740;8
123383;-193428;48671;24774;4
119667;-182406;48439;25463;2
116846;-171946;48262;26117;8
117138;-177554;48281;25766;1
111067;-189860;47901;24997;2
126382;-186174;48858;25228;2
107960;-180487;47707;25583;1
123863;-189603;48701;25013;4
113844;-196062;48075;24610;1
123769;-195496;48695;24645;1
126702;-167315;48878;26406;4
110409;-196332;47860;24593;8
106212;-169079;47598;26296;1
105028;-164526;47524;26581;4
125448;-188506;48800;25082;1
114699;-195870;48128;24622;2
114649;-168937;48125;26305;8
118302;-186382;48353;25215;8
103520;-174155;47430;25979;8
111206;-195565;47910;24641;2
117849;-185945;48325;25242;4
130069;-177334;49089;25780;1
124165;-179639;48720;25636;4
109177;-188054;47783;25110;2
122380;-185452;48608;25273;8
126982;-183513;48896;25394;4
104619;-187941;47498;25117;4
119484;-190958;48427;24929;4
117731;-176587;48318;25827;4
118253;-190972;48350;24928;2
117782;-183830;48321;25374;4
121311;-167211;48541;26413;8
124091;-179192;48715;25664;4
100713;-178551;47254;25704;1
109934;-194330;47830;24718;8
130943;-164239;49143;26599;1
107695;-185252;47690;25285;8
117516;-164212;48304;26600;2
126133;-170608;48843;26201;2
115734;-181925;48193;25493;2
109498;-192948;47803;24804;4
124839;-187881;48762;25121;2
111592;-179100;47934;25670;2
126711;-183406;48879;25401;2
115614;-184177;48185;25352;4
102361;-171147;47357;26167;8
107814;-177527;47698;25768;2
118287;-186047;48352;25236;2
127496;-176112;48928;25857;2
125291;-166974;48790;26428;8
99371;-167841;47170;26373;1
117791;-192229;48321;24849;1
122969;-183422;48645;25400;1
110200;-176994;47847;25801;4
130321;-193304;49105;24782;8
128828;-181184;49011;25540;8
121937;-192078;48581;24859;8
111709;-178268;47941;25722;4
123678;-178375;48689;25715;4
130502;-168854;49116;26310;4
125071;-167035;48776;26424;4
115008;-180976;48148;25553;4
120519;-182205;48492;25476;4
113060;-195946;48026;24617;8
103797;-184533;47447;25330;4
126017;-167794;48836;26376;8
104419;-178010;47486;25738;2
107156;-180571;47657;25578;1
110396;-186578;47859;25202;1
104972;-180571;47520;25578;1
114041;-164829;48087;26562;2
127351;-192577;48919;24827;2
110344;-184147;47856;25354;2
105266;-180718;47539;25569;2
120487;-170904;48490;26182;2
118021;-180113;48336;25606;4
121138;-177178;48531;25790;1
109969;-195829;47833;24624;1
119860;-190185;48451;24977;8
110898;-176781;47891;25815;2
122316;-183570;48604;25390;2
114265;-185191;48101;25289;2
108644;-168926;47750;26306;8
102201;-169159;47347;26291;1
122580;-182121;48621;25481;1
105081;-177789;47527;25752;8
113380;-165925;48046;26493;2
118839;-192652;48387;24823;4
130789;-168445;49134;26336;1
106076;-179418;47589;25650;1
115187;-176034;48159;25861;2
104286;-172301;47477;26095;4
108111;-189421;47716;25025;4
100511;-168443;47241;26336;2
112224;-163932;47974;26618;8
118574;-192424;48370;24837;4
109911;-171754;47829;26129;4
117574;-181629;48308;25512;4
129665;-168125;49064;26356;4
109766;-188849;47820;25060;8
127859;-164959;48951;26554;2
116804;-178211;48260;25725;2
112564;-196375;47995;24590;8
99321;-180594;47167;25576;2
104260;-174031;47476;25987;1
112597;-190789;47997;24939;1
107601;-180841;47685;25561;4
116385;-186971;48234;25178;8
130200;-178813;49097;25688;8
111404;-176052;47922;25860;1
125640;-182434;48812;25461;4
116644;-185801;48250;25251;4
111008;-189816;47898;25000;4
113330;-193014;48043;24800;2
100584;-168309;47246;26344;4
103458;-178583;47426;25702;8
116405;-178970;48235;25678;4
105214;-171834;47535;26124;1
105236;-170498;47537;26207;2
111610;-196413;47935;24588;2
130361;-175310;49107;25907;1
120527;-179282;48492;25658;2
119800;-168068;48447;26359;2
122148;-165352;48594;26529;8
119275;-173824;48414;26000;8
107639;-177742;47687;25755;4
107642;-185555;47687;25266;1
115789;-164144;48196;26605;2
118057;-180306;48338;25594;2
117817;-174264;48323;25972;8
116256;-191947;48226;24867;8
120746;-183080;48506;25421;2
116218;-169699;48223;26257;2
117206;-184291;48285;25345;8
101880;-176956;47327;25804;2
119983;-183891;48458;25370;1
110518;-182187;47867;25477;4
99846;-185034;47200;25299;1
123011;-186514;48648;25206;8
120579;-191190;48496;24914;2
125634;-177361;48812;25778;4
119403;-173054;48422;26048;4
122048;-184454;48588;25335;2
126175;-180334;48845;25593;1
112451;-189531;47988;25018;1
120038;-166449;48462;26460;2
116644;-185735;48250;25255;1
130746;-176378;49131;25840;2
99220;-180801;47161;25563;8
122952;-183896;48644;25370;8
128497;-175251;48991;25910;2
126239;-167626;48849;26387;1
130746;-164295;49131;26595;2
111158;-185297;47907;25282;2
117429;-195789;48299;24627;1
100241;-167426;47225;26399;4
104693;-167652;47503;26385;8
106516;-185123;47617;25293;1
108810;-192761;47760;24816;4
121396;-181421;48547;25525;1
104858;-172637;47513;26074;1
119522;-173493;48430;26020;2
115371;-177268;48170;25784;4
127916;-189494;48954;25020;8
100563;-180580;47245;25577;8
124171;-194021;48720;24737;4
105308;-177638;47541;25761;2
128329;-167083;48980;26421;1
112756;-164622;48007;26575;4
101415;-165431;47298;26524;8
127066;-184209;48901;25350;8
112591;-174866;47996;25934;4
126205;-183587;48847;25389;2
105553;-178190;47557;25727;8
123415;-188849;48673;25060;8
106556;-185057;47619;25297;8
108964;-186940;47770;25180;1
111025;-194175;47899;24728;1
126046;-195593;48837;24639;8
106760;-194533;47632;24705;8
128671;-165619;49001;26512;4
105151;-185084;47531;25296;1
123101;-182702;48653;25445;1
120698;-180342;48503;25592;2
103811;-170423;47448;26212;1
124683;-172807;48752;26063;2
107196;-185119;47659;25294;4
127525;-188551;48930;25079;1
111990;-172693;47959;26070;1
127380;-165432;48921;26524;8
110553;-184788;47869;25314;8
115543;-177211;48181;25788;8
128083;-167630;48965;26387;8
119299;-178325;48416;25718;8
106539;-186081;47618;25233;8
129202;-174597;49035;25951;8
122185;-181393;48596;25526;1
110816;-173494;47886;26020;8
129398;-178579;49047;25702;4
100473;-166412;47239;26463;4
105167;-180537;47532;25580;8
106689;-180103;47628;25607;2
126161;-183695;48845;25383;1
128551;-168661;48994;26322;4
103471;-175811;47426;25875;8
130701;-168512;49128;26332;1
101073;-170663;47277;26197;1
121731;-181339;48568;25530;1
104850;-191602;47513;24888;4
121217;-180798;48536;25564;8
105278;-170147;47539;26229;4
119153;-172111;48407;26107;8
109391;-192906;47796;24807;4
109560;-189220;47807;25037;2
115065;-170701;48151;26195;8
111105;-171662;47904;26135;4
127750;-179686;48944;25633;4
127518;-188547;48929;25079;1
102291;-172534;47353;26080;8
125126;-185413;48780;25275;1
117773;-192194;48320;24851;4
127640;-185608;48937;25263;4
107859;-163962;47701;26616;1
113967;-170168;48082;26228;8
126985;-184592;48896;25327;4
123340;-177867;48668;25747;2
104453;-172337;47488;26092;8
109620;-190175;47811;24978;4
118189;-190914;48346;24931;8
107617;-172060;47686;26110;8
114884;-194242;48140;24723;1
123407;-188436;48672;25086;2
112026;-177360;47961;25779;8
118575;-184105;48370;25357;8
129465;-174207;49051;25976;4
121107;-188987;48529;25052;4
120358;-166782;48482;26440;8
124574;-193197;48745;24789;2
118594;-189101;48372;25045;2
129750;-164262;49069;26597;8
115757;-176709;48194;25819;4
123150;-189386;48656;25027;8
122355;-186052;48607;25235;1
104637;-167655;47499;26385;2
109451;-188895;47800;25058;2
119992;-173532;48459;26018;2
118661;-192561;48376;24828;1
111598;-164122;47934;26606;8
102868;-174738;47389;25942;1
107043;-187528;47650;25143;2
102357;-179192;47357;25664;4
119620;-181502;48436;25520;8
119830;-178107;48449;25732;2
103150;-168012;47406;26363;1
123059;-186576;48651;25203;1
99636;-178811;47187;25688;8
125002;-178992;48772;25677;1
118193;-173839;48347;25999;1
119813;-182485;48448;25458;4
104642;-190345;47500;24967;8
99401;-167555;47172;26391;1
129465;-165665;49051;26509;8
119145;-169376;48406;26278;4
117451;-179491;48300;25645;4
126183;-163884;48846;26621;1
128957;-181065;49019;25547;1
125123;-186360;48780;25216;2
109132;-190104;47780;24982;1
124578;-190998;48746;24926;8
111620;-194708;47936;24694;4
110300;-191136;47853;24918;2
104205;-172768;47472;26066;8
118416;-188913;48361;25056;1
128192;-175060;48972;25922;8
104213;-186405;47473;25213;1
123295;-176740;48665;25817;8
126253;-168171;48850;26353;4
121758;-196161;48569;24603;1
121413;-181605;48548;25513;8
124251;-186079;48725;25234;8
118942;-175274;48393;25909;1
121989;-165216;48584;26538;1
116463;-186941;48238;25180;8
127212;-183415;48910;25400;2
107072;-190408;47652;24963;4
101579;-170381;47308;26215;1
118251;-174937;48350;25930;4
103093;-173608;47403;26013;4
103370;-165787;47420;26502;8
123421;-186855;48673;25185;1
107749;-185327;47694;25281;4
129868;-184165;49076;25353;2
99600;-177130;47185;25793;1
121545;-188664;48556;25072;4
111452;-163898;47925;26620;4
117006;-181719;48272;25506;8
126719;-185634;48879;25261;1
101331;-183240;47293;25411;8
99413;-167455;47173;26398;8
125104;-189877;48779;24996;1
100319;-164426;47229;26587;2
118879;-179774;48389;25628;2
108814;-193015;47760;24800;1
121156;-177181;48532;25790;2
100943;-184170;47268;25353;8
107551;-192698;47681;24820;1
108099;-187194;47716;25164;1
126957;-184862;48894;25310;2
111744;-182561;47944;25453;2
127086;-170506;48902;26207;1
126491;-178672;48865;25697;4
121830;-193179;48574;24790;4
125632;-190630;48812;24949;1
125088;-180728;48778;25568;8
116938;-190859;48268;24935;8
115133;-173463;48155;26022;8
119949;-186958;48456;25179;1
127831;-186538;48949;25205;2
129084;-194521;49027;24706;2
101268;-183108;47289;25419;1
102315;-168291;47354;26345;1
116055;-167651;48213;26385;8
123679;-189142;48689;25042;1
99579;-168844;47183;26311;4
109438;-175999;47799;25864;2
124956;-180458;48769;25585;2
128869;-180954;49014;25554;1
106847;-184433;47637;25336;8
100284;-164429;47227;26587;1
114461;-171928;48113;26118;2
111706;-194710;47941;24694;8
126125;-170465;48842;26209;2
98844;-174307;47137;25969;1
108277;-193429;47727;24774;4
130395;-168645;49109;26323;4
115541;-188526;48181;25081;8
99504;-170885;47179;26183;2
111025;-182911;47899;25432;4
102099;-171997;47341;26114;1
98542;-178526;47118;25706;8
101392;-175071;47297;25922;8
129357;-193375;49044;24778;1
129648;-177746;49063;25754;8
123226;-190353;48661;24966;1
118269;-171291;48351;26158;4
99566;-169120;47182;26294;8
126228;-185859;48849;25247;4
122570;-188245;48620;25098;2
101395;-183371;47297;25403;8
99161;-182447;47157;25461;2
128703;-183847;49003;25373;8
109606;-164739;47810;26567;2
108104;-188653;47716;25073;1
118258;-189362;48351;25028;2
102587;-176607;47371;25826;8
119906;-173254;48454;26035;4
113272;-196118;48039;24606;8
104447;-167901;47487;26370;8
114991;-177087;48146;25796;4
111715;-185058;47942;25297;2
118385;-174537;48359;25955;2
114121;-184608;48092;25326;8
119581;-179042;48433;25673;4
120327;-187684;48480;25133;4
127182;-182966;48908;25428;1
122469;-184299;48614;25345;2
130574;-186152;49120;25229;2
118654;-179327;48375;25656;2
106984;-180330;47646;25593;2
111449;-183719;47925;25381;1
101957;-171680;47332;26134;4
126206;-193227;48847;24787;4
124108;-186532;48716;25205;8
124266;-176426;48726;25837;1
117618;-174657;48311;25947;2
110857;-173556;47888;26016;4
99850;-175921;47200;25868;4
106120;-186681;47592;25196;2
110996;-185545;47897;25267;1
126298;-185943;48853;25242;4
113170;-196197;48033;24601;8
102914;-175673;47392;25884;8
100645;-178338;47250;25717;2
100155;-183772;47219;25378;1
107921;-188553;47705;25079;8
110535;-173879;47868;25996;2
116118;-181855;48217;25498;8
130882;-168197;49140;26351;1
121917;-192878;48579;24809;4
119159;-173600;48407;26014;2
119466;-173528;48426;26018;2
100801;-180792;47260;25564;1
104052;-165223;47463;26537;2
124675;-184561;48752;25328;4
121466;-165676;48551;26509;1
113412;-186564;48048;25203;4
101124;-182895;47280;25433;4
130299;-185866;49103;25247;1
108066;-189409;47714;25025;1
120683;-193265;48502;24784;8
111801;-176815;47947;25813;4
99096;-181833;47153;25499;4
109806;-193430;47822;24774;8
123249;-177751;48663;25754;1
128244;-177065;48975;25797;1
102523;-168455;47367;26335;4
113562;-165412;48057;26525;1
99129;-181466;47155;25522;4
120700;-193660;48503;24760;2
119251;-191451;48413;24898;4
126707;-183906;48879;25369;8
103126;-176239;47405;25849;2
118382;-181865;48358;25497;4
109305;-188499;47791;25082;2
121152;-186186;48532;25227;8
103801;-170437;47447;26211;1
126709;-167318;48879;26406;1
112181;-196228;47971;24599;8
112732;-163852;48005;26623;1
106382;-195073;47608;24671;8
128286;-167643;48977;26386;8
119028;-183346;48399;25404;4
99942;-179541;47206;25642;2
111514;-178646;47929;25698;1
112872;-189175;48014;25040;8
120133;-168293;48468;26345;4
126412;-170125;48860;26231;4
120168;-168261;48470;26347;4
124179;-174909;48721;25932;2
127474;-180791;48927;25564;1
115263;-190791;48163;24939;1
118323;-177692;48355;25758;4
123354;-178046;48669;25736;8
121006;-195954;48522;24616;8
115105;-167911;48154;26369;2
108408;-174674;47735;25946;2
124609;-185384;48748;25277;4
117903;-196006;48328;24613;4
120134;-182821;48468;25437;1
117563;-181268;48307;25534;1
100444;-164371;47237;26590;8
127171;-183004;48908;25426;2
110377;-185518;47858;25269;2
125021;-180373;48773;25590;8
104905;-164416;47516;26588;4
109531;-164517;47805;26581;1
113073;-173215;48027;26038;1
127179;-193774;48908;24753;8
120807;-179317;48510;25656;1
116409;-191914;48235;24869;8
99868;-179432;47201;25649;4
114437;-165582;48112;26515;4
123633;-170048;48687;26236;8
118685;-187094;48377;25170;4
118805;-174853;48385;25935;2
105629;-194495;47561;24708;2
101271;-164353;47289;26591;4
110717;-193835;47879;24749;1
108106;-181197;47716;25539;8
109122;-190185;47780;24977;8
126886;-188852;48890;25060;1
114492;-186976;48115;25178;2
123390;-192887;48671;24808;4
111632;-185037;47937;25299;1
120014;-178214;48460;25725;4
122729;-186112;48630;25232;8
104488;-189817;47490;25000;1
125694;-170736;48815;26193;4
130185;-169838;49096;26249;1
126135;-196111;48843;24607;1
113836;-195985;48074;24614;2
118766;-172713;48382;26069;8
127142;-164875;48906;26559;4
119821;-190175;48448;24978;8
101349;-183795;47294;25376;4
126921;-167066;48892;26422;8
98363;-178038;47107;25736;2
106347;-184508;47606;25332;4
122715;-188874;48629;25059;4
107908;-174686;47704;25946;4
129371;-193949;49045;24742;1
126741;-178345;48881;25717;4
127357;-183055;48919;25423;2
127826;-166562;48949;26453;1
114325;-168419;48105;26337;4
115064;-167601;48151;26388;8
113167;-176889;48032;25808;1
111048;-165418;47900;26525;8
115034;-164677;48149;26571;4
104250;-172782;47475;26065;1
121186;-167647;48534;26386;2
106941;-187448;47643;25148;4
105634;-194607;47562;24701;8
121323;-195904;48542;24620;8
127416;-166448;48923;26461;1
128573;-176044;48995;25861;4
108110;-189438;47716;25024;2
105604;-194778;47560;24690;2
103768;-174337;47445;25967;1
110694;-182500;47878;25457;4
118231;-187485;48349;25146;1
123328;-192870;48668;24809;4
128754;-168579;49007;26327;8
120103;-176677;48466;25821;2
116795;-177135;48259;25793;1
116998;-185116;48272;25294;4
117829;-176334;48324;25843;1
112507;-163932;47991;26618;8
106163;-193330;47595;24780;8
123640;-170093;48687;26233;2
112137;-187401;47968;25151;8
126330;-188525;48855;25081;1
117145;-184267;48281;25347;1
127156;-165224;48907;26537;4
113933;-187989;48080;25114;2
108266;-185519;47726;25269;4
112705;-191257;48004;24910;4
102676;-167800;47377;26376;2
106379;-186678;47608;25196;1
106197;-183279;47597;25409;4
123147;-177452;48656;25773;8
125261;-195096;48788;24670;1
117926;-176213;48330;25850;1
107303;-167761;47666;26378;1
122398;-165422;48609;26525;1
128909;-179021;49016;25675;8
103890;-185898;47453;25245;1
116453;-193786;48238;24752;8
115995;-171029;48209;26174;8
100901;-184482;47266;25333;8
124899;-182285;48766;25471;1
117332;-192351;48293;24842;2
110105;-189794;47841;25001;8
105428;-175371;47549;25903;4
129644;-167039;49062;26424;4
119714;-175741;48442;25880;4
130458;-181047;49113;25548;1
129158;-167366;49032;26403;1
119055;-171896;48400;26120;8
108201;-188213;47722;25100;2
128527;-183363;48992;25403;8
119918;-178938;48454;25680;1
110690;-173787;47878;26002;2
114463;-175842;48113;25873;4
129181;-173463;49033;26022;2
114831;-191966;48136;24866;8
105340;-183528;47543;25393;2
102256;-172566;47351;26078;2
109948;-171946;47831;26117;2
104584;-189401;47496;25026;4
118337;-188826;48356;25062;4
118646;-186552;48375;25204;8
117660;-182035;48313;25486;1
120613;-191095;48498;24920;4
115397;-177247;48172;25786;1
122103;-188805;48591;25063;8
123375;-179470;48670;25647;2
116165;-193728;48220;24756;4
120481;-175417;48490;25900;1
116119;-186587;48217;25202;1
101842;-168225;47325;26349;2
110114;-189706;47842;25007;2
99397;-168246;47172;26348;2
105397;-178356;47547;25716;4
122325;-188257;48605;25097;4
128865;-184931;49014;25305;4
108128;-189655;47718;25010;4
116170;-181766;48220;25503;2
114299;-194894;48103;24683;4
113187;-196141;48034;24605;4
122395;-164510;48609;26582;8
110203;-178084;47847;25733;4
121440;-183483;48550;25396;4
116440;-163877;48237;26621;2
111533;-178526;47930;25706;2
124962;-179231;48770;25662;4
122336;-173125;48606;26043;1
101733;-178335;47318;25718;4
126929;-176112;48893;25857;1
123422;-188041;48673;25111;8
127134;-175399;48905;25901;1
107253;-185699;47663;25257;8
128123;-170037;48967;26236;2
110395;-193411;47859;24775;2
112876;-190868;48014;24934;2
124720;-181642;48755;25511;8
103998;-165185;47459;26539;1
121507;-179477;48554;25646;1
103565;-170436;47432;26211;1
111432;-183652;47924;25385;8
117371;-169617;48295;26262;1
101156;-176005;47282;25863;4
113568;-195697;48058;24632;4
126513;-182536;48867;25455;2
123073;-182686;48652;25446;2
118955;-180815;48394;25563;8
120386;-187726;48484;25131;1
126512;-186773;48867;25190;4
129618;-178474;49061;25709;8
122211;-188366;48598;25091;8
108814;-175915;47760;25869;1
106571;-185276;47620;25284;2
113538;-192860;48056;24810;1
114316;-176445;48104;25836;2
106417;-195893;47611;24620;4
104738;-175790;47506;25877;8
123642;-169620;48687;26262;8
111025;-173427;47899;26024;4
116921;-175130;48267;25918;1
123208;-177799;48660;25751;8
103454;-169307;47425;26282;2
129801;-183603;49072;25388;1
114212;-175612;48098;25888;1
113421;-186065;48048;25234;8
100716;-180401;47254;25588;2
124084;-176348;48715;25842;8
106146;-167967;47594;26366;4
100202;-173137;47222;26042;4
126276;-164508;48852;26582;8
129838;-174703;49074;25945;4
115508;-184074;48179;25359;4
112694;-175007;48003;25926;4
108372;-180214;47733;25600;4
113122;-163883;48030;26621;8
120478;-167194;48489;26414;2
116972;-180264;48270;25597;8
118801;-165758;48385;26504;1
118320;-189542;48355;25017;8
117782;-183688;48321;25383;4
128570;-176788;48995;25814;8
106219;-168229;47598;26349;1
106063;-171199;47588;26164;4
121332;-167418;48543;26400;8
118994;-173654;48397;26010;8
108437;-172250;47737;26098;8
116038;-184388;48212;25339;1
127222;-182943;48911;25430;4
128776;-180601;49008;25576;8
122574;-187881;48620;25121;4
113674;-192120;48064;24856;4
122853;-165124;48638;26543;8
98728;-174588;47130;25952;4
114164;-172231;48095;26099;1
121791;-173228;48571;26037;8
101079;-179243;47277;25661;2
115832;-191059;48199;24922;1
112763;-195211;48007;24663;8
99952;-178975;47207;25678;2
112468;-177394;47989;25776;1
102373;-173538;47358;26017;1
123815;-188035;48698;25111;2
105492;-169227;47553;26287;4
106325;-181898;47605;25495;8
103830;-186039;47449;25236;1
110653;-183695;47875;25383;4
114671;-190487;48126;24958;4
100394;-164478;47234;26584;8
114345;-164384;48106;26590;2
109888;-179553;47828;25641;2
111269;-189594;47914;25014;4
108070;-191701;47714;24882;2
108673;-189328;47752;25031;4
129111;-167410;49029;26400;1
110659;-180258;47876;25597;2
100729;-182748;47255;25442;8
128715;-194767;49004;24691;8
110870;-183518;47889;25394;8
130406;-167324;49110;26406;4
104080;-177993;47465;25739;2
111208;-189769;47910;25003;2
106307;-184472;47604;25334;2
107108;-170669;47654;26197;8
108410;-185874;47735;25246;2
111980;-181845;47958;25498;8
130128;-195059;49093;24672;4
101631;-183978;47311;25365;1
99842;-185070;47200;25297;8
119118;-171876;48404;26121;8
105007;-192217;47522;24850;8
107807;-189356;47697;25029;8
124799;-181705;48759;25507;8
101549;-183854;47306;25373;4
117820;-174224;48323;25975;1
115698;-188839;48191;25061;8
109096;-187948;47778;25117;1
126394;-186519;48859;25206;4
110612;-173708;47873;26007;4
104573;-167803;47495;26376;8
119684;-181175;48440;25540;8
99131;-182137;47155;25480;2
107127;-184337;47655;25342;1
124272;-179338;48727;25655;2
115797;-184074;48197;25359;2
130540;-184115;49118;25356;1
123215;-190568;48660;24953;4
101053;-186098;47275;25232;8
103508;-166074;47429;26484;4
129297;-174244;49041;25973;8
124086;-186065;48715;25234;4
104632;-189570;47499;25015;4
129292;-189324;49040;25031;4
104900;-166159;47516;26479;8
99482;-168918;47177;26306;4
129780;-189233;49071;25036;2
120690;-194035;48503;24736;2
110154;-189956;47844;24991;1
121281;-183285;48540;25408;1
102267;-173774;47351;26003;2
105130;-185984;47530;25240;8
120634;-183649;48499;25385;8
121123;-191175;48530;24915;1
129156;-165489;49032;26520;4
120617;-193966;48498;24741;2
115622;-193201;48186;24788;4
113936;-176607;48081;25826;1
105617;-182882;47561;25433;1
107579;-181784;47683;25502;4
119000;-171785;48397;26127;4
107290;-175403;47665;25901;4
109714;-187721;47817;25131;1
109518;-164176;47804;26603;4
115987;-167636;48209;26386;4
121750;-173325;48569;26031;1
102335;-179478;47355;25646;1
101871;-182705;47326;25444;8
109562;-191114;47807;24919;2
104863;-164549;47513;26579;2
110976;-182804;47896;25438;1
113078;-189265;48027;25034;2
102211;-164376;47348;26590;1
100439;-164140;47237;26605;4
123821;-187964;48698;25116;4
99307;-184064;47166;25360;2
108199;-188623;47722;25075;8
122557;-186062;48619;25235;8
116402;-175311;48235;25907;1
130143;-191081;49093;24921;1
119568;-171547;48433;26142;4
121399;-183378;48547;25402;1
122035;-185644;48587;25261;1
117714;-185689;48317;25258;2
100253;-164323;47225;26593;4
115296;-193113;48166;24794;8
118939;-172174;48393;26103;4
108892;-177891;47765;25745;8
110054;-194748;47838;24692;1
109480;-188777;47802;25065;1
101616;-178340;47311;25717;8
110104;-186052;47841;25235;8
118294;-164814;48353;26563;8
124097;-179261;48716;25660;8
106125;-193372;47592;24778;8
123366;-177880;48670;25746;8
108009;-188003;47710;25113;1
113783;-176574;48071;25828;2
126923;-188389;48892;25089;8
126981;-177232;48896;25787;8
118586;-184164;48371;25353;1
111656;-190704;47938;24945;1
108933;-193853;47768;24748;8
125588;-165392;48809;26527;8
114851;-169153;48138;26291;1
118736;-170732;48381;26193;4
121150;-171249;48531;26160;1
124912;-178626;48767;25699;1
114838;-190497;48137;24957;2
102817;-175861;47386;25872;2
107063;-185211;47651;25288;8
127568;-167577;48933;26390;1
101680;-173435;47315;26024;2
114516;-186990;48117;25177;8
116843;-164130;48262;26605;1
105462;-178343;47551;25717;1
114852;-187661;48138;25135;2
110321;-193883;47855;24746;2
105010;-193543;47523;24767;1
103957;-174269;47457;25972;1
115431;-194359;48174;24716;8
111422;-174630;47923;25949;2
122135;-184518;48593;25331;4
125001;-195361;48772;24653;4
105832;-169294;47574;26283;2
122158;-164945;48594;26554;1
99920;-175995;47205;25864;1
117847;-179942;48325;25617;1
117491;-187006;48303;25176;1
105462;-171124;47551;26168;8
121379;-169837;48546;26249;8
117592;-184923;48309;25306;4
101852;-170149;47325;26229;4
122961;-187484;48645;25146;8
99227;-183833;47161;25374;8
113214;-166504;48035;26457;4
104928;-193825;47518;24749;2
116894;-172924;48265;26056;1
108197;-191148;47722;24917;2
100320;-170462;47230;26210;2
107579;-174317;47683;25969;8
106600;-179420;47622;25650;4
118740;-183346;48381;25404;2
108493;-188888;47740;25058;8
121430;-183497;48549;25395;1
118012;-193455;48335;24773;8
107865;-177493;47701;25770;4
110202;-190279;47847;24971;8
117288;-179630;48290;25637;8
113478;-175769;48052;25878;1
103351;-174572;47419;25953;1
127828;-164893;48949;26558;4
106154;-186715;47594;25194;8
126659;-180089;48876;25608;2
119439;-171813;48424;26125;8
112717;-175098;48004;25920;2
116385;-175293;48234;25908;2
112863;-194031;48013;24737;4
101253;-165610;47288;26513;2
130057;-185596;49088;25264;4
99322;-180920;47167;25556;2
115466;-181630;48176;25512;1
114083;-175159;48090;25916;8
111733;-194741;47943;24692;8
110946;-193610;47894;24763;1
111935;-166181;47955;26477;8
121497;-193928;48553;24743;2
102006;-173223;47335;26037;8
127473;-176098;48927;25857;8
120231;-176674;48474;25821;1
118493;-181770;48365;25503;2
114866;-183638;48139;25386;2
122095;-192998;48590;24801;1
125543;-165210;48806;26538;4
110769;-193806;47883;24751;8
107715;-174166;47692;25978;4
127775;-179947;48945;25617;8
130503;-192620;49116;24825;8
118633;-181009;48374;25550;4
118833;-173915;48387;25994;4
127660;-176281;48938;25846;4
125016;-179255;48773;25660;8
106120;-168215;47592;26350;8
101518;-183774;47304;25378;8
119758;-178159;48444;25729;2
99032;-174093;47149;25983;4
111150;-184565;47906;25328;8
117786;-178579;48321;25702;4
110474;-191502;47864;24895;2
118499;-183381;48366;25402;8
105661;-178233;47563;25724;1
114820;-167057;48136;26422;4
110380;-184345;47858;25342;2
129320;-171441;49042;26148;2
125400;-193229;48797;24787;1
104470;-171929;47489;26118;8
100688;-178479;47253;25709;2
117799;-179517;48322;25644;8
122144;-184508;48594;25332;4
113704;-194281;48066;24721;2
129974;-184820;49083;25312;8
121602;-172867;48560;26059;8
118228;-189327;48349;25031;8
111686;-174005;47940;25988;4
114637;-168343;48124;26342;8
130189;-168605;49096;26326;8
125157;-165454;48782;26523;1
115857;-170884;48201;26183;4
120020;-166423;48461;26462;1
122083;-164446;48590;26586;2
103261;-165542;47413;26517;4
108081;-181102;47715;25545;1
102865;-174948;47389;25929;2
98520;-177380;47117;25777;2
117161;-177850;48282;25748;4
109476;-188670;47802;25072;1
99063;-174133;47151;25980;8
100037;-183720;47212;25381;2
107728;-187751;47693;25129;1
106439;-195859;47612;24622;2
125566;-169416;48807;26275;1
100993;-178833;47272;25686;4
102403;-168524;47360;26331;1
103672;-183593;47439;25389;8
124130;-185448;48718;25273;2
125893;-163906;48828;26619;1
127221;-185829;48911;25249;2
113570;-165435;48058;26524;8
120681;-182270;48502;25472;8
105676;-182748;47564;25442;8
121831;-164387;48574;26589;1
117357;-180568;48294;25578;1
117391;-172635;48296;26074;8
115660;-181774;48188;25503;1
99390;-184372;47171;25340;4
105305;-175125;47541;25918;2
110618;-191688;47873;24883;2
111023;-189571;47898;25015;2
128660;-180265;49001;25597;4
101173;-165864;47283;26497;4
123825;-195753;48699;24629;1
111925;-196008;47955;24613;1
101212;-177051;47285;25798;2
105652;-178755;47563;25691;4
122100;-165167;48591;26541;1
103792;-184619;47447;25325;2
105066;-176149;47526;25854;8
116634;-164470;48249;26584;8
108514;-169646;47742;26261;4
105267;-175305;47539;25907;8
98513;-177632;47117;25762;4
112760;-178943;48007;25680;2
121543;-188527;48556;25081;2
109733;-190233;47818;24974;2
123236;-192535;48662;24830;2
116944;-172745;48269;26067;2
100464;-166867;47239;26434;8
112426;-172025;47986;26112;4
110476;-190854;47864;24935;8
130026;-187789;49086;25127;4
129899;-183997;49078;25364;2
100862;-168801;47263;26313;2
99596;-177440;47184;25774;1
101692;-178237;47315;25724;4
125779;-192224;48821;24850;4
122629;-193104;48624;24795;8
115689;-179853;48190;25623;8
115584;-182002;48184;25488;4
113564;-173865;48057;25997;1
120524;-183120;48492;25419;8
101912;-167292;47329;26408;4
122788;-186094;48634;25233;8
105282;-163904;47540;26620;8
99541;-171006;47181;26176;1
129086;-177643;49027;25761;4
102238;-164478;47349;26584;8
126606;-178227;48872;25724;4
127106;-181172;48904;25540;4
111864;-182395;47951;25464;1
122624;-188055;48624;25110;2
110891;-193516;47890;24769;2
126542;-174966;48868;25928;8
112355;-187480;47982;25146;2
121635;-172835;48562;26061;1
111399;-177775;47922;25753;4
101825;-170243;47324;26223;8
117559;-181192;48307;25539;4
111692;-178089;47940;25733;8
127725;-176236;48942;25849;4
110494;-165046;47865;26548;1
116163;-177970;48220;25740;4
126655;-166151;48875;26479;2
116188;-167553;48221;26391;4
118729;-181029;48380;25549;4
110516;-177954;47867;25741;1
104405;-179506;47485;25644;4
124065;-168473;48714;26334;1
107029;-180360;47649;25591;2
103842;-170866;47450;26184;8
117015;-172332;48273;26093;8
106555;-184170;47619;25353;8
126771;-186638;48883;25199;4
127602;-175922;48935;25868;1
105491;-178342;47553;25717;8
125002;-169398;48772;26276;8
129448;-171400;49050;26151;4
118699;-192004;48378;24863;1
129115;-167658;49029;26385;2
115232;-191665;48162;24884;4
116166;-184947;48220;25304;2
120460;-182881;48488;25433;4
127717;-192162;48942;24853;2
111883;-173962;47952;25991;2
99111;-183244;47154;25411;8
107318;-164786;47667;26564;4
101670;-183049;47314;25423;2
104370;-171482;47483;26146;4
114228;-174869;48099;25934;1
101850;-167997;47325;26364;8
102573;-178878;47370;25684;8
117570;-181797;48308;25501;8
98540;-178280;47118;25721;1
120844;-188735;48512;25068;2
103550;-172405;47431;26088;4
101986;-171691;47334;26133;8
127449;-167867;48925;26372;4
102348;-171206;47356;26163;4
99177;-179888;47158;25621;1
125177;-182716;48783;25444;2
108164;-189184;47720;25040;2
111450;-185384;47925;25277;4
118959;-181101;48394;25545;2
121555;-191578;48557;24890;8
117559;-164759;48307;26566;8
114473;-185111;48114;25294;1
130913;-171834;49142;26124;2
111146;-184465;47906;25334;4
104762;-188336;47507;25093;1
119894;-190011;48453;24988;1
112097;-188493;47966;25083;4
130528;-165703;49118;26507;1
131039;-186193;49149;25226;8
121396;-187823;48547;25125;2
118231;-174881;48349;25933;8
101639;-174549;47312;25954;1
110950;-183652;47894;25385;4
111028;-177824;47899;25750;1
115662;-190842;48188;24936;2
126344;-193722;48856;24756;2
109836;-185696;47824;25258;8
115468;-176805;48176;25813;8
100808;-167672;47260;26384;4
107694;-174240;47690;25974;8
101634;-178481;47312;25708;1
116715;-171895;48254;26120;1
121320;-195949;48542;24617;2
119043;-171715;48400;26131;1
107207;-189859;47660;24997;2
129262;-165254;49038;26535;8
102094;-174580;47340;25952;4
115945;-170989;48206;26177;1
114845;-191110;48137;24919;8
128642;-179487;49000;25646;1
122870;-176559;48639;25829;2
116222;-191895;48223;24870;8
112307;-187591;47979;25139;2
130183;-177330;49096;25780;2
105392;-171599;47547;26139;8
116847;-192361;48262;24841;4
103976;-186312;47458;25219;1
123651;-189176;48688;25040;4
116605;-189942;48247;24992;2
114124;-187933;48092;25118;2
109553;-190879;47807;24934;4
115172;-175853;48158;25873;2
128010;-164709;48960;26569;4
109992;-185675;47834;25259;1
105596;-183707;47559;25382;1
113378;-168172;48046;26353;8
129996;-187287;49084;25158;1
104667;-167606;47501;26388;1
127706;-186667;48941;25197;1
126607;-192654;48872;24823;2
128827;-180983;49011;25552;1
130781;-166415;49133;26463;8
114605;-187096;48122;25170;1
118236;-189367;48349;25028;8
99081;-181450;47152;25523;8
127101;-167039;48903;26424;8
113722;-194283;48067;24721;4
125366;-182117;48795;25481;1
107023;-180567;47648;25578;8
124469;-191037;48739;24924;4
120038;-166642;48462;26448;2
112547;-174389;47994;25964;1
111467;-183709;47926;25382;1
111798;-174021;47947;25987;4
116504;-167964;48241;26366;8
114887;-183613;48140;25388;1
126678;-192552;48877;24829;4
118651;-181140;48375;25542;2
128357;-190462;48982;24960;2
104726;-178160;47505;25729;1
125813;-165285;48823;26533;8
117297;-183931;48291;25368;8
125573;-191617;48808;24887;4
109752;-187663;47819;25135;1
110944;-183665;47894;25384;1
130206;-166163;49097;26478;2
130770;-165217;49133;26537;4
118305;-168746;48354;26317;4
99140;-183349;47156;25404;1
129860;-192151;49076;24854;4
127888;-170104;48953;26232;4
109237;-180287;47787;25596;2
118437;-174940;48362;25930;8
120254;-180254;48475;25598;4
129108;-180503;49029;25582;2
125647;-189078;48812;25046;4
120324;-190566;48480;24953;1
130088;-167636;49090;26386;2
120588;-176220;48496;25850;8
104011;-186266;47460;25222;8
110532;-187446;47868;25148;8
120082;-166413;48465;26463;2
126941;-167114;48893;26419;2
117180;-176535;48283;25830;4
119853;-168268;48450;26347;1
105155;-193402;47532;24776;1
101981;-174566;47333;25953;1
119707;-177803;48441;25751;4
104425;-178174;47486;25728;1
106422;-195787;47611;24627;1
126512;-166081;48867;26483;4
111618;-174080;47936;25984;2
116578;-173034;48246;26049;8
105441;-175328;47550;25906;2
120414;-190235;48485;24974;8
104030;-167156;47461;26416;8
106475;-185040;47614;25299;2
118313;-164494;48354;26583;4
120859;-166662;48513;26447;8
111360;-189921;47920;24993;8
118914;-165533;48392;26518;4
123146;-181780;48656;25502;4
103213;-165481;47410;26521;2
126463;-180196;48863;25601;1
110713;-184723;47879;25318;8
117663;-176456;48313;25835;4
128862;-171353;49013;26154;2
121019;-170786;48523;26189;4
104030;-170370;47461;26215;2
109748;-187695;47819;25133;4
120718;-179284;48504;25658;2
105365;-167040;47545;26424;8
110488;-174272;47865;25972;1
118916;-171895;48392;26120;1
121925;-192059;48580;24860;8
124241;-194554;48725;24704;2
122656;-184872;48626;25309;8
101603;-182785;47310;25439;8
110783;-180770;47883;25565;8
117017;-194217;48273;24725;4
127346;-191072;48919;24922;2
123656;-190691;48688;24945;2
114823;-184945;48136;25304;2
106442;-168670;47612;26322;8
117791;-172120;48321;26106;2
127740;-183171;48943;25415;1
103468;-170366;47426;26216;4
111359;-187766;47919;25128;1
123726;-194341;48692;24717;2
106953;-190772;47644;24940;2
116600;-174871;48247;25934;2
121149;-177371;48531;25778;1
104407;-172101;47485;26107;2
104945;-193812;47519;24750;2
123221;-196111;48661;24607;8
118200;-187413;48347;25150;4
117705;-174633;48316;25949;2
107769;-165716;47695;26506;1
125662;-190905;48813;24932;8
116853;-177035;48263;25799;2
105868;-183756;47576;25379;1
116108;-177950;48216;25742;4
126811;-191878;48885;24871;1
112652;-163866;48000;26622;1
109128;-188278;47780;25096;1
102105;-184139;47341;25355;1
123153;-165484;48657;26521;4
119118;-187713;48404;25131;8
128500;-175334;48991;25905;8
124669;-183701;48751;25382;8
117099;-184658;48278;25322;8
115286;-195410;48165;24650;8
117267;-175721;48289;25881;2
129702;-187720;49066;25131;4
130448;-186001;49113;25238;4
109081;-187917;47777;25119;4
116935;-173084;48268;26046;2
101270;-168182;47289;26352;4
117669;-182049;48314;25485;4
101346;-181678;47294;25509;2
99459;-168547;47176;26329;4
105878;-184785;47577;25314;2
127474;-179608;48927;25638;1
103613;-173931;47435;25993;1
124045;-178917;48712;25681;4
111245;-196385;47912;24589;4
102112;-169485;47342;26271;4
109873;-193014;47827;24800;1
127529;-190163;48930;24978;1
123895;-177269;48703;25784;8
117531;-181789;48305;25502;1
115578;-177493;48183;25770;4
126162;-188496;48845;25083;2
105106;-175405;47529;25901;1
127165;-166773;48907;26440;4
105520;-190341;47555;24967;8
102912;-169152;47392;26292;1
106543;-190627;47618;24949;4
104563;-166898;47495;26432;1
113082;-193475;48027;24771;2
115048;-175889;48150;25870;2
103496;-166245;47428;26473;4
99552;-165591;47182;26514;4
108117;-188327;47717;25093;4
101139;-182851;47281;25435;8
118733;-177731;48380;25755;1
111893;-175697;47953;25882;1
127067;-188817;48901;25062;2
109846;-180219;47825;25600;1
120504;-181575;48491;25515;8
119233;-175193;48412;25914;4
112977;-176813;48021;25813;4
110351;-186455;47856;25210;4
104244;-173967;47475;25991;4
130714;-165164;49129;26541;8
120735;-193970;48505;24740;1
110227;-181131;47849;25543;1
111209;-192328;47910;24843;2
101904;-173188;47329;26039;8
120933;-188684;48518;25071;2
108524;-172106;47742;26107;8
121684;-185852;48565;25248;8
100704;-178231;47254;25724;4
117101;-182004;48278;25488;2
125261;-195300;48788;24657;4
126945;-182333;48894;25468;8
116657;-195256;48251;24660;4
114728;-190887;48130;24933;8
131013;-176572;49148;25828;8
100580;-168943;47246;26305;4
128302;-168646;48978;26323;8
120092;-173467;48465;26022;1
126386;-183484;48859;25396;2
119590;-182709;48434;25444;1
115352;-193132;48169;24793;1
126574;-164520;48870;26581;8
114166;-194657;48095;24697;8
109571;-186268;47808;25222;8
110552;-174620;47869;25950;8
110836;-180888;47887;25558;4
102813;-175848;47385;25873;2
120544;-167474;48494;26396;2
118786;-192690;48384;24820;8
115027;-177045;48149;25798;2
118587;-171899;48371;26120;1
127610;-186885;48935;25183;4
116540;-195653;48243;24635;1
110388;-175009;47859;25925;1
103531;-166392;47430;26464;4
120772;-189122;48508;25043;2
116754;-195567;48257;24641;1
112297;-193745;47978;24754;8
118318;-174899;48354;25932;1
120796;-166423;48509;26462;4
127046;-166878;48900;26434;8
106821;-187581;47636;25140;1
121629;-193812;48561;24750;1
98527;-178876;47117;25684;1
105510;-169338;47554;26280;4
113538;-168054;48056;26360;4
124525;-170504;48742;26207;2
118853;-173834;48388;25999;8
122936;-163891;48643;26620;4
125890;-183557;48828;25391;1
116676;-165179;48252;26540;1
118833;-170737;48387;26192;2
112630;-190780;47999;24940;2
114777;-190305;48133;24969;4
125535;-177875;48805;25746;4
118986;-181010;48396;25550;1
106245;-168833;47600;26311;8
113379;-163923;48046;26618;4
126661;-177174;48876;25790;1
128162;-179880;48970;25621;1
101933;-164518;47330;26581;4
117345;-180998;48294;25551;2
128684;-165608;49002;26513;4
121150;-188880;48531;25059;1
116099;-168033;48216;26361;1
118513;-179301;48367;25657;4
100857;-180816;47263;25563;1
118395;-188857;48359;25060;1
114424;-171994;48111;26114;4
103051;-176168;47400;25853;1
111290;-184527;47915;25331;8
125595;-165399;48809;26526;2
104425;-186855;47486;25185;2
102207;-168387;47347;26339;2
120110;-182794;48466;25439;1
124372;-186006;48733;25238;8
120663;-191062;48501;24922;2
110558;-175433;47869;25899;1
118013;-184209;48335;25350;2
118749;-193563;48381;24766;1
130127;-170898;49092;26182;8
114846;-177005;48137;25801;1
111970;-166236;47958;26474;1
105798;-170221;47572;26225;8
108363;-187712;47732;25132;1
129332;-167061;49043;26422;4
116652;-195287;48250;24658;2
116175;-177961;48220;25741;2
121909;-179116;48579;25669;1
126553;-167375;48869;26403;1
117836;-178615;48324;25700;4
108626;-172048;47749;26111;4
125106;-189222;48779;25037;2
101539;-183417;47306;25400;2
125158;-166104;48782;26482;2
106155;-195348;47594;24654;2
114378;-194447;48108;24711;4
122834;-192875;48637;24809;2
124772;-180037;48758;25611;4
122103;-184845;48591;25311;2
103919;-186081;47454;25233;4
117545;-163937;48306;26617;1
103807;-184477;47447;25334;2
117923;-196044;48330;24611;1
124916;-178470;48767;25709;1
107095;-180143;47653;25605;2
130002;-168260;49085;26347;1
105078;-164220;47527;26600;1
116753;-183400;48257;25401;4
112446;-192593;47987;24826;8
127532;-187842;48930;25123;4
110445;-184087;47862;25358;2
99553;-166266;47182;26472;1
104816;-169341;47511;26280;1
120123;-183019;48467;25425;2
118077;-186347;48339;25217;2
113806;-181135;48072;25543;1
114442;-179342;48112;25655;4
109345;-175944;47794;25867;4
111567;-191289;47932;24908;4
127916;-170014;48954;26238;4
126452;-182096;48863;25483;2
115787;-178302;48196;25720;1
123724;-178317;48692;25719;2
115374;-191685;48170;24883;2
117040;-185338;48275;25280;1
116908;-177578;48266;25765;2
116862;-196000;48263;24614;4
123704;-187218;48691;25162;4
100422;-164164;47236;26603;4
104904;-191235;47516;24911;8
107718;-167950;47692;26367;1
115446;-170364;48175;26216;4
129135;-167266;49030;26409;4
127482;-165413;48927;26525;2
126766;-178046;48882;25736;2
128164;-170059;48970;26235;8
111413;-183488;47923;25396;1
119008;-169031;48398;26299;1
110745;-180660;47881;25572;8
104655;-183423;47500;25400;1
118889;-179714;48390;25631;8
121539;-188521;48556;25081;4
130451;-165163;49113;26541;1
111836;-176366;47949;25841;1
118001;-179152;48335;25667;4
99862;-176258;47201;25847;1
105013;-164099;47523;26607;1
106364;-186715;47607;25194;8
101407;-168052;47297;26360;4
114636;-190106;48124;24982;4
109527;-164521;47805;26581;1
104844;-172608;47512;26076;4
111670;-190405;47939;24963;4
118043;-180383;48337;25590;2
102618;-176283;47373;25846;1
128866;-185508;49014;25269;1
116581;-170655;48246;26198;8
120413;-181574;48485;25515;1
130896;-176499;49141;25832;4
118152;-167712;48344;26382;2
114232;-184834;48099;25311;8
101670;-178339;47314;25717;1
125286;-195316;48790;24656;8
111122;-175210;47905;25913;4
117883;-191845;48327;24873;4
126679;-167186;48877;26414;1
121017;-191123;48523;24918;1
129238;-165273;49037;26534;1
107341;-192709;47668;24819;1
101291;-183045;47290;25423;8
110530;-191566;47868;24891;1
117326;-168100;48292;26357;4
115949;-184008;48206;25363;1
127293;-164704;48915;26570;4
125951;-177172;48831;25790;2
105283;-180922;47540;25556;4
127486;-180083;48927;25608;8
110920;-173726;47892;26006;8
118434;-181411;48362;25525;2
116994;-194217;48272;24725;4
106067;-196531;47589;24580;4
105860;-183279;47576;25409;4
106336;-183882;47606;25371;2
121376;-187947;48546;25117;2
124188;-182812;48721;25438;1
121562;-188505;48557;25082;8
127836;-186744;48949;25192;2
102423;-172494;47361;26083;8
108763;-184854;47757;25310;8
127528;-166728;48930;26443;4
116397;-178913;48234;25681;2
126484;-165678;48865;26509;1
105421;-182667;47548;25447;1
102159;-167972;47344;26365;1
109416;-192540;47798;24830;8
119686;-168181;48440;26352;8
103630;-168014;47436;26363;1
117828;-183887;48324;25371;1
101090;-165940;47278;26492;2
101038;-178885;47274;25683;1
112480;-194939;47990;24680;4
103292;-167898;47415;26370;1
116359;-186891;48232;25183;1
111621;-190958;47936;24929;1
111704;-164070;47941;26609;2
121122;-189586;48530;25014;2
108139;-192353;47718;24841;4
102464;-184834;47364;25311;2
115436;-164931;48174;26555;4
107099;-189102;47653;25045;8
107413;-185847;47673;25248;1
125063;-180942;48776;25555;4
106937;-192382;47643;24840;1
113611;-176573;48060;25828;4
110098;-188320;47841;25094;8
126183;-183751;48846;25379;8
111396;-176904;47922;25807;2
111496;-194655;47928;24698;2
105473;-178411;47552;25713;4
109286;-178342;47790;25717;4
110195;-175141;47847;25917;8
130412;-166095;49110;26483;4
114566;-171042;48120;26173;2
103922;-184989;47455;25302;1
114806;-195989;48135;24614;8
113923;-165672;48080;26509;1
111465;-174622;47926;25950;2
127916;-170771;48954;26190;1
112583;-174681;47996;25946;2
118090;-164849;48340;26560;4
109178;-194431;47783;24712;8
108038;-192005;47712;24863;4
129544;-168614;49056;26325;1
127525;-188575;48930;25078;4
113432;-192324;48049;24843;1
117362;-192353;48295;24841;2
119368;-171513;48420;26144;1
127077;-193556;48902;24766;2
113278;-193381;48039;24777;1
107410;-181866;47673;25497;1
112790;-193975;48009;24740;2
117515;-181735;48304;25505;1
110966;-164153;47895;26604;8
100598;-166398;47247;26464;2
113702;-181170;48066;25540;1
110013;-192998;47835;24801;1
118488;-179030;48365;25674;2
129605;-178477;49060;25709;1
103526;-168780;47430;26315;8
119924;-173299;48455;26032;1
127012;-166723;48898;26443;8
99612;-184675;47185;25321;2
124872;-178393;48764;25714;2
120028;-191396;48461;24901;4
104703;-190098;47503;24982;4
116576;-165296;48246;26533;8
101473;-182843;47302;25436;8
105663;-170948;47563;26179;4
130971;-165482;49145;26521;4
123280;-177827;48665;25749;2
110529;-173610;47868;26013;8
125104;-183187;48779;25414;2
121130;-169852;48530;26248;2
130654;-193291;49125;24783;2
120603;-175468;48497;25897;1
107105;-169781;47654;26252;2
111027;-192951;47899;24804;1
126007;-195593;48835;24639;4
126151;-170529;48844;26205;8
123718;-188844;48692;25061;8
113013;-180511;48023;25582;4
118620;-172797;48373;26064;2
129340;-193980;49043;24740;4
116558;-173010;48244;26050;4
128651;-168580;49000;26327;2
100616;-178398;47248;25714;2
108243;-192740;47725;24817;4
108003;-188090;47710;25108;2
117784;-183621;48321;25387;8
105455;-177614;47550;25763;4
114490;-172091;48115;26108;4
102215;-168059;47348;26360;4
118025;-174278;48336;25971;1
98866;-179363;47139;25653;1
114890;-196173;48140;24603;8
116198;-185354;48222;25279;1
116784;-177009;48259;25800;1
100468;-166681;47239;26446;2
121891;-164426;48578;26587;8
110834;-186829;47887;25187;8
116871;-181672;48264;25509;1
105751;-171114;47569;26169;1
109376;-184700;47796;25320;8
105643;-172985;47562;26052;8
128697;-180435;49003;25586;2
116459;-170644;48238;26198;4
113169;-186087;48033;25233;8
117126;-186943;48280;25180;2
123832;-189808;48699;25001;4
100336;-166489;47231;26458;2
100798;-183164;47259;25416;4
110981;-177922;47896;25743;2
128701;-179527;49003;25643;1
106077;-186697;47589;25195;4
106641;-194522;47625;24706;2
114597;-175827;48122;25874;1
130803;-166223;49135;26475;8
128324;-167373;48980;26403;8
113791;-189646;48071;25011;8
126735;-164024;48880;26612;1
115180;-176050;48158;25860;8
112294;-196262;47978;24597;1
130474;-165223;49114;26537;2
99337;-167757;47168;26379;4
110079;-187747;47839;25129;2
120549;-180586;48494;25577;2
113895;-194520;48078;24706;8
108053;-188592;47713;25077;4
104826;-190872;47511;24934;2
108140;-192346;47718;24842;8
104080;-179190;47465;25664;1
128764;-179258;49007;25660;2
109938;-195568;47831;24641;4
117421;-167231;48298;26412;1
101632;-183073;47312;25421;1
114926;-194619;48142;24700;4
107951;-180519;47706;25581;8
104017;-170787;47461;26189;1
128580;-176658;48996;25822;8
120634;-179272;48499;25659;4
125581;-165126;48808;26543;2
127179;-167337;48908;26405;1
106399;-175436;47609;25899;1
127149;-164519;48906;26581;4
128857;-184859;49013;25310;2
121547;-191587;48556;24889;4
111453;-177137;47925;25792;2
120415;-190213;48485;24975;4
106110;-168251;47591;26348;8
119225;-173042;48411;26048;4
101749;-177663;47319;25760;4
108352;-186757;47732;25191;1
104069;-165614;47464;26513;8
130079;-178585;49089;25702;8
109703;-194056;47816;24735;8
108973;-193888;47770;24746;1
115526;-195033;48180;24674;1
118774;-177402;48383;25776;4
101687;-173355;47315;26029;1
110116;-195000;47842;24676;2
99554;-165760;47182;26504;4
121735;-195378;48568;24652;8
118850;-165659;48388;26510;4
114899;-196147;48141;24604;2
116928;-184314;48268;25344;2
115523;-193684;48180;24758;8
126048;-174363;48838;25966;4
130482;-193664;49115;24760;2
119478;-172964;48427;26053;2
127867;-164277;48951;26596;8
116871;-175263;48264;25910;1
113096;-189364;48028;25028;1
119920;-189984;48455;24990;2
113792;-181845;48072;25498;8
106131;-193356;47593;24779;1
116051;-171550;48213;26142;1
129568;-187779;49058;25127;8
122170;-184568;48595;25328;2
115813;-191947;48198;24867;8
106514;-184087;47617;25358;4
107016;-187503;47648;25145;8
117840;-184034;48325;25361;1
118326;-186072;48355;25234;4
122158;-181612;48594;25513;1
123279;-179513;48664;25644;4
117074;-193896;48277;24745;8
114850;-195498;48138;24645;4
114998;-195513;48147;24644;1
126703;-180016;48878;25613;2
116967;-183387;48270;25402;4
120536;-193351;48493;24779;8
121189;-177665;48534;25759;2
125759;-180618;48819;25575;4
107684;-185091;47690;25295;8
122001;-185518;48585;25269;2
107155;-180476;47657;25584;8
115256;-189182;48163;25040;1
111036;-182938;47899;25430;2
108294;-188984;47728;25052;8
118304;-188841;48354;25061;4
128710;-167394;49004;26401;1
120832;-166017;48512;26487;1
126534;-168252;48868;26348;2
118386;-164506;48359;26582;8
111029;-193065;47899;24797;2
101082;-179203;47277;25663;4
102357;-164793;47357;26564;4
104717;-188055;47504;25110;1
122421;-184236;48611;25349;2
107937;-187562;47706;25141;2
105172;-193312;47533;24782;4
99425;-171208;47174;26163;1
105338;-180766;47543;25566;2
129208;-180855;49035;25560;8
126237;-164599;48849;26576;4
103220;-174926;47411;25931;8
119726;-190922;48442;24931;1
128111;-170820;48966;26187;1
117944;-167846;48331;26373;4
126577;-185550;48871;25267;1
105537;-178298;47556;25720;8
123549;-188936;48681;25055;2
118421;-164996;48361;26551;4
114165;-172239;48095;26099;4
103615;-179253;47435;25660;1
111791;-177770;47946;25753;8
119194;-191225;48409;24912;8
126046;-183750;48837;25379;1
122453;-184239;48613;25349;8
107640;-190227;47687;24974;2
111373;-179430;47920;25649;1
114819;-194221;48136;24725;2
111481;-176788;47927;25814;8
118869;-169463;48389;26272;2
120749;-183167;48506;25416;1
101188;-170455;47284;26210;1
120529;-182158;48493;25479;8
120381;-190977;48483;24927;1
107469;-186162;47676;25228;1
116803;-177125;48260;25793;4
110577;-184775;47871;25315;4
127521;-186958;48930;25179;1
104859;-194138;47513;24730;2
106243;-168397;47600;26339;8
104480;-171981;47490;26115;4
104354;-172702;47482;26070;4
108149;-189318;47719;25031;2
109929;-194493;47830;24708;8
124572;-191013;48745;24925;4
103820;-170420;47448;26212;1
107055;-185171;47650;25290;1
130724;-165153;49130;26541;2
99988;-182677;47209;25446;1
98732;-175877;47130;25871;2
127426;-190128;48924;24981;1
120055;-176701;48463;25820;4
100772;-167972;47258;26365;4
123409;-191340;48673;24905;8
129560;-166396;49057;26464;1
111031;-192233;47899;24849;4
110349;-196268;47856;24597;1
98770;-176452;47133;25835;1
128382;-180637;48983;25574;8
110445;-196329;47862;24593;2
103562;-173771;47432;26003;4
113799;-165862;48072;26497;1
128281;-167609;48977;26388;4
121298;-167232;48541;26412;4
116274;-178888;48227;25683;1
109680;-186310;47815;25219;8
127071;-167847;48901;26373;8
120324;-190078;48480;24984;8
108625;-185241;47749;25286;4
127734;-179635;48943;25636;4
126690;-186127;48878;25231;4
127359;-183100;48919;25420;1
115201;-170743;48160;26192;8
121134;-188875;48530;25059;2
101623;-175535;47311;25893;1
123150;-181785;48656;25502;4
117317;-181721;48292;25506;4
115638;-190612;48187;24950;1
130194;-184073;49097;25359;1
107701;-186976;47691;25178;2
123997;-190095;48709;24983;2
110271;-176131;47851;25855;8
112731;-177077;48005;25796;8
129694;-178559;49065;25704;2
120537;-187077;48493;25171;2
103815;-170996;47448;26176;1
118386;-181840;48359;25499;1
128176;-170842;48971;26186;4
110762;-186159;47882;25229;2
101917;-163995;47329;26614;8
107747;-187888;47694;25121;1
99990;-179203;47209;25663;4
125815;-166998;48823;26426;2
116735;-164154;48255;26604;1
116466;-191991;48239;24864;1
130271;-166374;49101;26465;2
114654;-184959;48125;25304;4
114317;-167062;48104;26422;8
126662;-176299;48876;25845;2
121277;-180824;48539;25562;4
121550;-188554;48556;25079;8
117804;-164136;48322;26605;1
105869;-176339;47576;25842;2
101416;-181348;47298;25529;8
103844;-170979;47450;26177;2
99723;-177452;47192;25773;8
128555;-175697;48994;25882;8
129292;-194223;49040;24725;8
130185;-176477;49096;25834;4
115945;-167336;48206;26405;4
118308;-177698;48354;25757;2
103079;-173647;47402;26011;8
110312;-183140;47854;25417;8
114807;-195900;48135;24620;4
122083;-188466;48590;25084;1
111437;-177730;47924;25755;4
118067;-191120;48339;24919;2
104871;-194027;47514;24737;4
122898;-187587;48641;25139;4
109175;-188041;47783;25111;8
129237;-184270;49037;25347;2
104859;-193930;47513;24743;8
102789;-169879;47384;26246;4
108312;-180183;47729;25602;2
126854;-184834;48888;25311;4
117715;-164190;48317;26602;4
117040;-173260;48275;26035;1
129110;-180533;49029;25580;4
123940;-173520;48706;26019;8
109007;-190377;47772;24965;4
114199;-178779;48097;25690;4
119546;-179855;48431;25623;1
118885;-183360;48390;25404;2
125124;-185768;48780;25253;8
124462;-187406;48738;25151;2
121707;-180397;48566;25589;4
127810;-192165;48948;24853;4
127279;-183251;48914;25410;8
107247;-180523;47662;25581;4
122764;-193087;48632;24796;4
112935;-180686;48018;25571;8
106834;-185254;47637;25285;4
120894;-175341;48515;25905;8
118797;-181073;48384;25546;2
114832;-179305;48137;25657;2
127468;-163995;48926;26614;1
103788;-166855;47446;26435;2
115322;-187841;48167;25123;4
108990;-178074;47771;25734;4
116030;-184413;48211;25338;8
102672;-175205;47377;25913;2
127826;-192104;48949;24857;4
122341;-181575;48606;25515;8
102318;-173689;47354;26008;8
106049;-169146;47588;26292;8
109833;-184415;47824;25338;8
123927;-190163;48705;24978;4
102789;-175794;47384;25876;8
106576;-177660;47621;25760;4
117021;-187126;48273;25168;8
117387;-192177;48296;24852;8
103902;-174347;47453;25967;2
107317;-185727;47667;25256;8
119190;-187295;48409;25158;2
124040;-178850;48712;25685;8
126156;-165419;48844;26525;8
108025;-189522;47711;25018;8
118259;-167879;48351;26371;4
106547;-190687;47619;24946;2
116460;-169845;48238;26248;1
128296;-168654;48978;26323;2
115436;-193714;48174;24756;8
115306;-170855;48166;26185;1
127462;-164609;48926;26575;4
116969;-194066;48270;24734;4
103828;-167036;47449;26424;8
109031;-190361;47774;24966;4
114476;-193325;48114;24781;4
126077;-190529;48839;24955;2
113632;-176446;48062;25836;4
108649;-182026;47750;25487;2
130377;-175265;49108;25909;8
123156;-165663;48657;26510;1
128035;-174846;48962;25936;1
129450;-165748;49050;26504;2
116825;-186066;48261;25234;4
112697;-173462;48003;26022;8
124271;-193948;48726;24742;8
114245;-194930;48100;24680;4
129966;-174747;49082;25942;2
122395;-164657;48609;26572;4
128155;-179136;48969;25668;2
107656;-174361;47688;25966;2
118168;-174875;48345;25934;2
108897;-177815;47766;25750;1
108672;-189414;47752;25025;1
109652;-196034;47813;24611;1
126771;-192156;48883;24854;8
109269;-187638;47789;25136;1
109477;-191098;47802;24920;2
114934;-191911;48143;24869;2
109757;-179821;47819;25625;4
128025;-190265;48961;24972;8
101581;-170129;47308;26230;2
128386;-175734;48984;25880;8
103496;-166229;47428;26474;4
126326;-177027;48855;25799;4
113670;-176559;48064;25829;2
98741;-174479;47131;25959;2
129930;-164426;49080;26587;1
116927;-195718;48267;24631;4
110837;-195495;47887;24645;1
120350;-190410;48481;24963;1
113678;-181227;48064;25537;2
112427;-163942;47986;26617;4
114530;-170561;48118;26203;4
121487;-176247;48552;25848;8
116129;-184722;48218;25318;2
109686;-164188;47815;26602;2
109956;-180563;47832;25578;4
111273;-179675;47914;25634;2
124145;-165134;48719;26543;2
126979;-184067;48896;25359;8
102389;-184849;47359;25310;1
100717;-181674;47254;25509;1
119700;-175620;48441;25887;4
124821;-178947;48761;25679;4
120671;-166684;48501;26446;8
101670;-182054;47314;25485;8
113908;-177379;48079;25777;1
108472;-164579;47739;26577;1
116001;-171217;48210;26162;2
109413;-178203;47798;25726;8
109201;-180650;47785;25573;2
121394;-183805;48547;25376;8
121712;-175919;48567;25869;1
104323;-186908;47480;25182;2
105410;-178043;47548;25736;2
115622;-184149;48186;25354;2
114453;-179591;48113;25639;2
104041;-186132;47462;25230;1
129780;-171278;49071;26159;2
117865;-179730;48326;25630;4
100762;-178544;47257;25705;8
113126;-173217;48030;26037;8
105443;-177955;47550;25741;4
104412;-186741;47485;25192;2
124696;-184596;48753;25326;1
118927;-175085;48392;25921;2
112721;-164636;48005;26574;1
111245;-178092;47912;25733;8
101136;-174947;47281;25929;2
109537;-186694;47806;25195;4
118099;-170583;48341;26202;4
117686;-191792;48315;24877;4
101131;-176118;47280;25856;4
112965;-176888;48020;25808;2
127076;-170727;48902;26193;2
129914;-184201;49079;25351;4
116990;-181859;48271;25497;8
120554;-169697;48494;26257;1
112420;-174764;47986;25941;8
130719;-165806;49129;26501;8
120645;-175830;48500;25874;1
118163;-168145;48345;26354;8
117862;-179517;48326;25644;1
111223;-192357;47911;24841;2
105397;-171106;47547;26169;8
130013;-187893;49085;25120;8
122029;-185850;48586;25248;1
100502;-180923;47241;25556;8
112808;-166386;48010;26464;8
105243;-163863;47537;26622;8
108407;-180148;47735;25604;8
129383;-193938;49046;24742;1
129879;-191155;49077;24916;1
123691;-190560;48690;24954;2
103501;-166351;47428;26467;1
116000;-163909;48210;26619;1
102350;-179475;47356;25646;2
115055;-167842;48150;26373;2
99120;-183758;47155;25379;8
117209;-195970;48285;24615;1
127772;-174097;48945;25982;4
130465;-193593;49114;24764;2
118098;-180549;48341;25579;8
101002;-186103;47272;25232;1
117918;-177585;48329;25764;4
117096;-194265;48278;24722;8
99131;-172579;47155;26077;4
114939;-196210;48143;24600;1
108412;-185936;47735;25243;1
99431;-171215;47174;26163;1
107131;-174564;47655;25953;8
104396;-171622;47484;26137;4
106115;-182072;47592;25484;2
116467;-163889;48239;26620;8
104190;-182923;47471;25431;1
118205;-173885;48347;25996;2
126368;-183177;48858;25415;1
108240;-175578;47725;25890;8
116403;-181199;48235;25539;1
118800;-186799;48385;25189;1
114910;-190432;48141;24962;1
121134;-177328;48530;25781;2
110674;-181473;47877;25521;8
121931;-181296;48580;25533;4
122353;-187100;48607;25170;8
121186;-177732;48534;25755;2
122786;-184916;48634;25306;8
130519;-165227;49117;26537;4
101919;-164040;47329;26611;2
125064;-192621;48776;24825;4
119995;-169655;48459;26260;8
98640;-176706;47125;25819;1
107031;-187584;47649;25140;8
113259;-178082;48038;25733;2
109726;-185715;47817;25256;8
115256;-170210;48163;26225;2
119285;-173781;48415;26002;1
129701;-171378;49066;26152;1
116805;-168162;48260;26353;8
108849;-192648;47763;24823;8
100979;-180399;47271;25589;2
115199;-170156;48159;26229;8
99110;-180086;47154;25608;2
120494;-187789;48490;25127;4
117383;-172728;48296;26068;2
108100;-192158;47716;24854;2
126609;-177991;48873;25739;2
111287;-189480;47915;25021;8
129876;-190596;49077;24951;8
113229;-196208;48036;24601;2
127489;-166269;48928;26472;4
108142;-181043;47718;25548;4
107062;-180536;47651;25580;1
116222;-186590;48223;25202;4
122175;-185027;48595;25299;2
101008;-166004;47273;26488;8
128453;-175315;48988;25906;1
109245;-164122;47787;26606;2
112260;-193768;47976;24753;4
109747;-194899;47819;24682;4
112385;-190317;47984;24969;4
111645;-190928;47937;24931;1
124286;-184208;48727;25351;8
100809;-167960;47260;26366;2
114686;-174470;48127;25959;8
110246;-185870;47850;25247;2
103849;-185165;47450;25291;8
101188;-163998;47284;26614;2
121835;-165712;48574;26507;4
119243;-179768;48412;25628;4
119178;-191156;48408;24916;8
117719;-185499;48317;25270;1
119333;-173451;48418;26023;4
124886;-175470;48765;25897;1
105767;-194244;47570;24723;1
117886;-182849;48327;25435;4
124124;-193940;48717;24742;1
116536;-186907;48243;25182;1
114978;-170137;48146;26230;2
99552;-169190;47182;26289;4
120056;-168246;48463;26348;4
126794;-186790;48884;25189;4
126871;-171614;48889;26138;1
107638;-164952;47687;26554;2
103686;-169140;47440;26292;8
107065;-192506;47651;24832;2
106116;-193449;47592;24773;1
127512;-170375;48929;26215;1
104919;-193871;47517;24747;2
125120;-186424;48780;25212;2
106570;-185075;47620;25296;4
101226;-184822;47286;25312;2
112395;-189473;47984;25021;1
115925;-184232;48205;25349;2
106315;-168433;47604;26336;4
105342;-178601;47543;25701;2
105754;-194782;47569;24690;8
114364;-194771;48107;24690;1
117462;-176690;48301;25820;4
117672;-184495;48314;25333;2
104941;-166157;47518;26479;8
119905;-183863;48454;25372;8
104676;-179999;47502;25614;2
99818;-175612;47198;25888;2
103747;-185502;47444;25270;1
108048;-189476;47713;25021;4
122919;-187247;48642;25161;2
126009;-195752;48835;24629;8
125165;-182052;48782;25485;4
126542;-192880;48868;24809;2
109329;-192602;47793;24826;2
107193;-187945;47659;25117;2
116709;-186800;48254;25189;8
110512;-180320;47867;25594;4
120564;-193284;48495;24783;8
111943;-196019;47956;24612;1
102132;-181102;47343;25545;1
118087;-180318;48340;25594;2
114363;-179264;48107;25660;1
109429;-192638;47799;24824;4
119379;-171819;48421;26125;8
124415;-179839;48735;25624;4
115664;-179742;48189;25630;1
107389;-189854;47671;24998;1
107728;-173967;47693;25991;8
104377;-173946;47483;25992;4
127634;-190962;48937;24928;8
120805;-193862;48510;24747;4
128354;-167057;48982;26422;4
127140;-164581;48906;26577;4
125607;-191524;48810;24893;1
106850;-191725;47638;24881;4
127360;-167827;48920;26374;8
107490;-192728;47678;24818;1
129881;-174048;49077;25986;8
125135;-189899;48780;24995;8
114838;-194775;48137;24690;8
113422;-177643;48048;25761;1
100483;-177223;47240;25787;8
99103;-183168;47153;25416;2
119241;-181062;48412;25547;4
113408;-177587;48048;25764;8
126674;-167291;48877;26408;1
124652;-163984;48750;26615;8
114630;-171019;48124;26175;4
112636;-196443;47999;24586;2
107619;-177713;47686;25756;8
121113;-189000;48529;25051;4
121130;-189002;48530;25051;4
118130;-170925;48343;26181;8
123737;-194432;48693;24712;8
105395;-177558;47547;25766;4
116057;-186597;48213;25201;8
117405;-183445;48297;25398;2
106197;-184913;47597;25306;2
122914;-176513;48642;25831;8
119706;-180935;48441;25555;4
113959;-188954;48082;25054;2
125978;-177062;48833;25797;4
104951;-180437;47519;25586;8
124266;-182747;48726;25442;1
127968;-167013;48958;26425;1
116654;-164234;48250;26599;2
111377;-183552;47921;25392;4
117415;-182030;48298;25487;4
119085;-188897;48402;25057;4
128096;-170743;48966;26192;8
126065;-195676;48839;24634;4
117111;-172392;48279;26089;8
101661;-182483;47313;25458;8
102181;-172806;47346;26063;2
113482;-176066;48052;25859;8
111140;-171870;47906;26122;2
127117;-189896;48904;24995;2
128750;-180187;49006;25602;2
111199;-173775;47909;26003;2
110638;-177667;47874;25759;8
117611;-185093;48310;25295;4
126248;-188348;48850;25092;8
126067;-180356;48839;25591;8
110441;-183927;47862;25368;4
120245;-168180;48475;26352;1
111101;-194178;47903;24727;8
117284;-195756;48290;24629;4
107064;-169164;47651;26291;4
127013;-170616;48898;26200;2
124934;-185998;48768;25239;2
118995;-171900;48397;26120;8
104942;-180526;47518;25581;2
115579;-188049;48183;25110;1
99963;-179917;47207;25619;8
113601;-173633;48060;26011;8
122670;-192952;48626;24804;2
122221;-165001;48598;26551;2
109825;-194455;47824;24710;1
124258;-186238;48726;25224;2
117880;-185894;48327;25245;2
111293;-175123;47915;25918;8
116932;-190609;48268;24950;4
104000;-165131;47460;26543;8
112626;-196392;47999;24589;1
101613;-168198;47310;26351;2
127124;-187197;48905;25164;2
128871;-185559;49014;25266;2
118730;-171536;48380;26143;8
127165;-187789;48907;25127;4
129701;-178792;49066;25689;1
128864;-184734;49014;25318;2
109270;-180753;47789;25566;1
124704;-178680;48754;25696;2
128563;-168812;48995;26313;2
111497;-181625;47928;25512;4
105563;-178295;47557;25720;4
99070;-174253;47151;25973;4
110122;-191997;47842;24864;2
106727;-190713;47630;24944;1
109589;-195275;47809;24659;8
100955;-175617;47269;25887;1
114034;-195673;48087;24634;1
105304;-180667;47541;25572;2
130753;-176016;49132;25863;4
129583;-168636;49058;26324;1
111371;-183768;47920;25378;4
121052;-170883;48525;26183;8
125777;-189667;48821;25009;8
112153;-193978;47969;24740;8
106105;-196436;47591;24586;8
116841;-168072;48262;26359;1
105941;-178321;47581;25718;4
127243;-185787;48912;25252;2
107092;-190267;47653;24972;4
116981;-175137;48271;25917;1
112302;-175583;47978;25890;8
107306;-190113;47666;24981;4
125684;-193271;48815;24784;8
105072;-164440;47527;26586;2
128543;-167248;48993;26411;2
105215;-171853;47535;26123;4
116638;-171796;48249;26126;1
99440;-171883;47175;26121;2
100770;-183051;47258;25423;8
117002;-193861;48272;24747;1
129072;-180706;49027;25569;1
127106;-183158;48904;25416;8
112434;-188273;47987;25096;2
119816;-168287;48448;26346;4
99761;-179042;47195;25673;2
108038;-187383;47712;25152;4
124104;-191951;48716;24867;1
107422;-181873;47673;25496;8
112381;-188991;47983;25052;8
125137;-186560;48781;25204;1
107222;-189814;47661;25000;2
107643;-169534;47687;26268;4
130330;-175334;49105;25905;4
127639;-179626;48937;25637;2
108008;-175563;47710;25891;1
101094;-184793;47278;25314;8
111951;-172761;47956;26066;2
112129;-187547;47968;25142;8
101874;-176973;47327;25803;1
99738;-184788;47193;25314;8
115462;-176874;48176;25809;8
99760;-175578;47195;25890;1
98687;-178971;47127;25678;1
120374;-169640;48483;26261;8
127785;-189364;48946;25028;8
107627;-180786;47686;25564;4
118152;-173906;48344;25994;8
107051;-180547;47650;25579;4
104562;-189953;47495;24991;8
99090;-172388;47153;26089;1
109622;-164818;47811;26562;4
130886;-167193;49140;26414;1
112885;-190967;48015;24928;2
118332;-181778;48355;25502;1
117714;-177079;48317;25796;1
120519;-167401;48492;26401;2
129355;-178654;49044;25698;8
128642;-194634;49000;24699;1
121967;-179188;48582;25664;4
107008;-186141;47648;25230;2
118023;-174926;48336;25931;8
110581;-195603;47871;24638;4
101997;-176434;47334;25836;4
128177;-167679;48971;26384;2
117826;-183670;48324;25384;1
127256;-164654;48913;26573;1
101811;-181654;47323;25510;1
105785;-182426;47571;25462;1
99376;-178527;47171;25706;4
118506;-180438;48366;25586;1
119277;-171351;48414;26154;2
102893;-166875;47390;26434;2
117568;-181298;48308;25532;8
100672;-168247;47252;26348;2
110358;-193434;47857;24774;1
119758;-177953;48444;25741;1
124683;-193399;48752;24776;8
104965;-177975;47520;25740;1
105516;-183798;47554;25376;8
126825;-193105;48886;24794;4
114314;-171968;48104;26116;4
111582;-178470;47933;25709;1
111482;-184798;47927;25314;2
115100;-182710;48153;25444;1
103215;-168012;47410;26363;1
110728;-180725;47880;25568;4
127057;-177234;48901;25786;1
117175;-172625;48283;26074;2
114308;-184637;48104;25324;1
108105;-180859;47716;25560;2
129104;-171032;49029;26174;8
115390;-196350;48171;24592;2
114590;-174538;48121;25955;8
124606;-181555;48747;25516;2
112620;-180402;47998;25588;1
100607;-186060;47247;25235;2
106659;-179853;47626;25623;8
102732;-166898;47380;26432;1
107754;-188715;47694;25069;8
100247;-166586;47225;26452;2
111377;-174709;47921;25944;4
127143;-183060;48906;25422;2
110263;-193816;47851;24750;2
119945;-166527;48456;26456;8
106706;-179777;47629;25627;1
121415;-183743;48548;25380;8
123269;-193274;48664;24784;4
104514;-166823;47492;26437;4
126554;-167415;48869;26400;4
114971;-177018;48145;25800;8
116668;-185674;48251;25259;2
113806;-184870;48072;25309;2
100342;-185954;47231;25241;8
100240;-164327;47225;26593;8
120309;-183052;48479;25423;2
116189;-172132;48221;26105;1
98894;-174295;47140;25970;4
120948;-176115;48519;25856;1
118418;-164544;48361;26580;4
118098;-186330;48341;25218;4
104583;-190656;47496;24948;2
129702;-171310;49066;26157;2
124815;-180308;48760;25594;1
118364;-175765;48357;25878;4
99100;-183202;47153;25413;2
116916;-186151;48267;25229;8
129819;-167042;49073;26423;4
115544;-183946;48181;25367;4
121489;-174740;48553;25942;1
110411;-175494;47860;25895;1
106478;-195106;47614;24669;2
119915;-183030;48454;25424;8
113622;-195655;48061;24635;1
103170;-179424;47408;25650;4
120129;-175251;48468;25910;4
105799;-194767;47572;24691;8
124743;-175978;48756;25865;8
106248;-194530;47600;24705;1
103818;-185022;47448;25300;4
127541;-176679;48931;25821;4
107570;-181086;47683;25546;1
126705;-170326;48879;26218;4
112790;-190878;48009;24934;2
126138;-196161;48843;24603;1
107770;-184635;47695;25324;8
125092;-183182;48778;25415;2
105949;-179132;47581;25668;4
105325;-171970;47542;26115;8
112808;-178935;48010;25680;2
118971;-170736;48395;26193;8
106696;-179880;47628;25621;4
105986;-171168;47584;26166;2
126510;-178679;48866;25696;2
110972;-177503;47895;25770;2
128512;-176096;48992;25858;2
103152;-184750;47407;25317;8
103916;-174399;47454;25964;4
108168;-193503;47720;24770;2
99328;-178785;47168;25689;2
113139;-191749;48031;24879;4
111195;-173775;47909;26003;1
112920;-194939;48017;24680;1
117819;-183723;48323;25381;2
112842;-187372;48012;25153;2
115909;-190390;48204;24964;4
101384;-182167;47296;25478;1
120203;-189285;48472;25033;8
124204;-182008;48722;25488;8
105217;-171749;47536;26129;8
116711;-170711;48254;26194;4
113248;-166069;48038;26484;8
120113;-173495;48467;26020;8
114586;-176416;48121;25838;8
121133;-186272;48530;25222;4
113300;-164377;48041;26590;8
101372;-175968;47295;25866;4
128661;-180461;49001;25585;2
117339;-186989;48293;25177;2
99861;-180020;47201;25612;8
103814;-169342;47448;26280;2
119220;-175027;48411;25924;4
127311;-189592;48916;25014;8
107986;-189687;47709;25008;1
114905;-191987;48141;24864;4
110113;-189252;47842;25035;1
111057;-189691;47901;25008;4
105293;-177656;47540;25760;1
111154;-184527;47907;25331;2
108043;-189402;47712;25026;2
121550;-180620;48556;25575;4
102554;-174733;47369;25943;1
103698;-170471;47441;26209;2
120563;-170944;48495;26180;4
128669;-168639;49001;26324;1
114572;-184883;48120;25308;4
103753;-178752;47444;25692;2
117811;-176916;48323;25806;8
109510;-192930;47804;24805;8
119296;-171880;48416;26121;2
118565;-179343;48370;25655;1
117517;-183100;48304;25420;4
113762;-196538;48070;24580;4
119518;-171575;48429;26140;1
106760;-183033;47632;25424;1
115815;-178862;48198;25685;1
108264;-192749;47726;24817;4
128169;-166559;48970;26454;1
114698;-194205;48128;24726;2
125584;-191613;48809;24888;1
121334;-167419;48543;26400;2
101444;-182896;47300;25433;8
108526;-176276;47742;25846;1
127815;-166588;48948;26452;8
105881;-178405;47577;25713;8
119999;-187237;48459;25161;1
111419;-184891;47923;25308;1
115923;-178110;48205;25732;2
108934;-190581;47768;24952;4
99373;-178787;47170;25689;4
126773;-172205;48883;26101;4
121833;-173422;48574;26025;2
104044;-178891;47462;25683;8
111763;-182158;47945;25479;4
101074;-175901;47277;25870;4
127686;-176379;48940;25840;8
129450;-168717;49050;26319;2
126289;-168096;48853;26358;8
105304;-175406;47541;25901;4
128510;-175251;48991;25910;8
116262;-164970;48226;26553;4
112943;-175631;48018;25887;2
119253;-191432;48413;24899;8
101747;-182900;47319;25432;8
113944;-188028;48081;25112;8
107110;-185487;47654;25271;2
121556;-179537;48557;25642;1
111707;-174172;47941;25978;1
119942;-180995;48456;25551;1
121330;-191343;48543;24905;1
104989;-177739;47521;25755;1
100243;-164453;47225;26585;2
129335;-172266;49043;26097;2
99346;-178593;47169;25701;1
118614;-183346;48373;25404;1
115577;-188092;48183;25108;4
99960;-170763;47207;26191;1
108471;-192705;47739;24819;4
111259;-196442;47913;24586;8
107311;-185480;47666;25271;2
104346;-172343;47481;26092;2
127982;-164172;48958;26603;2
107822;-184809;47698;25313;2
122861;-176648;48638;25823;8
116268;-164925;48226;26556;1
129907;-166388;49079;26464;4
117864;-176344;48326;25842;8
127572;-167660;48933;26385;8
107624;-180558;47686;25579;2
126673;-192648;48877;24823;1
122021;-165015;48586;26550;1
115051;-177273;48150;25784;4
125732;-192213;48818;24850;8
117719;-174585;48317;25952;2
103169;-169157;47408;26291;8
99354;-167701;47169;26382;4
120073;-167032;48464;26424;2
120311;-183579;48479;25390;1
126316;-186508;48854;25207;2
106083;-179407;47590;25651;4
103849;-183118;47450;25419;8
110032;-165249;47837;26535;1
109302;-189462;47791;25022;1
120983;-170852;48521;26185;2
125298;-189616;48791;25013;8
109745;-171932;47819;26118;8
127171;-180935;48908;25555;2
118022;-164533;48336;26580;4
106767;-194441;47632;24711;1
127407;-168003;48922;26363;4
99874;-178982;47202;25677;8
121107;-171097;48529;26170;1
114978;-168267;48146;26347;8
126614;-186202;48873;25226;2
123899;-176282;48703;25846;2
106332;-166898;47605;26432;2
110625;-195394;47874;24651;1
118364;-181870;48357;25497;8
99636;-169473;47187;26271;8
128092;-190479;48965;24959;8
102299;-164339;47353;26592;2
104230;-172062;47474;26110;4
130028;-166055;49086;26485;2
104363;-187375;47482;25153;4
107410;-172596;47673;26076;1
109176;-186045;47783;25236;2
101270;-164199;47289;26601;4
110960;-181995;47895;25489;8
115997;-171142;48209;26167;1
124086;-179193;48715;25664;2
101470;-165458;47301;26522;2
117682;-178580;48315;25702;8
124137;-166032;48718;26487;4
107287;-174405;47665;25963;1
118483;-191502;48365;24895;8
115252;-170742;48163;26192;4
123069;-189248;48651;25036;8
101584;-170425;47309;26212;8
123412;-189016;48673;25050;2
126290;-185782;48853;25252;8
101987;-168775;47334;26315;2
109405;-191098;47797;24920;1
121569;-175709;48558;25882;8
103529;-173441;47430;26023;8
110465;-178094;47864;25733;4
120474;-182223;48489;25475;1
119928;-180197;48455;25601;8
110766;-183625;47882;25387;8
124136;-176607;48718;25826;4
128727;-179967;49005;25616;8
101880;-174791;47327;25939;4
110778;-195539;47883;24642;1
122195;-185031;48597;25299;4
118574;-181004;48370;25551;2
124232;-186066;48724;25234;1
110246;-193920;47850;24744;4
107839;-184913;47699;25306;1
119233;-172304;48412;26095;2
126444;-183291;48862;25408;1
107918;-168106;47704;26357;8
117183;-181279;48283;25534;2
117624;-181000;48311;25551;1
128536;-171529;48993;26143;1
109955;-180715;47832;25569;2
127312;-173216;48917;26038;4
127776;-172031;48946;26112;8
112838;-166302;48012;26470;4
100324;-170726;47230;26193;1
129301;-193348;49041;24779;1
117415;-177306;48298;25782;1
125278;-166216;48789;26475;2
101024;-175983;47274;25865;4
120406;-181518;48485;25519;8
127381;-168063;48921;26360;4
107538;-181358;47681;25529;8
125012;-188567;48773;25078;2
112413;-194893;47985;24683;1
113613;-192487;48060;24833;2
120924;-182099;48517;25482;1
111387;-184754;47921;25316;2
109776;-172058;47821;26110;4
107479;-177579;47677;25765;4
100616;-166335;47248;26468;4
103483;-172303;47427;26095;1
102094;-167974;47340;26365;1
117783;-192200;48321;24851;2
103196;-179452;47409;25648;8
99217;-180843;47161;25561;2
125974;-195903;48833;24620;2
114967;-165554;48145;26516;1
125625;-190513;48811;24956;8
99114;-182668;47154;25447;2
126164;-195986;48845;24614;8
115536;-177463;48181;25772;8
109784;-194158;47821;24729;8
120412;-170564;48485;26203;2
115432;-194896;48174;24683;8
106891;-180296;47640;25595;2
105876;-183255;47577;25410;8
129454;-178706;49050;25694;4
130485;-180909;49115;25557;1
108580;-192653;47746;24823;2
118881;-191864;48390;24872;8
119134;-187163;48405;25166;1
116717;-164374;48254;26590;4
113479;-165050;48052;26548;8
101568;-164070;47308;26609;2
117273;-181524;48289;25518;2
99370;-171206;47170;26163;1
122534;-184073;48618;25359;8
121657;-196240;48563;24599;2
122815;-186219;48635;25225;2
100702;-186076;47253;25234;2
109142;-188264;47781;25097;1
104879;-194146;47514;24729;8
126493;-180044;48865;25611;1
121159;-186319;48532;25219;4
120707;-194010;48504;24738;8
124898;-180344;48766;25592;1
102651;-168997;47375;26301;8
130844;-168243;49137;26348;1
122826;-192657;48636;24822;2
106970;-180470;47645;25584;2
130974;-165444;49145;26523;4
125844;-178248;48825;25723;8
115131;-188660;48155;25072;1
110578;-195034;47871;24674;2
121154;-166566;48532;26453;2
107211;-192685;47660;24821;2
99789;-175608;47196;25888;1
110365;-183879;47857;25371;1
126103;-170692;48841;26195;4
115260;-185073;48163;25296;2
130908;-166234;49141;26474;2
106796;-179796;47634;25626;4
129821;-187432;49073;25149;4
116454;-181173;48238;25540;4
118820;-181056;48386;25548;4
114879;-190574;48139;24953;2
127196;-177112;48909;25794;2
116172;-187890;48220;25120;1
119920;-183999;48455;25364;4
117523;-184876;48305;25309;1
117579;-193961;48308;24741;2
102146;-168335;47344;26343;8
109365;-175193;47795;25914;4
109887;-192455;47827;24835;8
111322;-189655;47917;25010;2
106400;-184859;47610;25310;1
130955;-167786;49144;26377;1
115463;-187827;48176;25124;8
122225;-188304;48599;25095;2
110441;-184109;47862;25357;4
127870;-191897;48951;24870;2
107621;-186329;47686;25218;4
116825;-195932;48261;24618;8
120794;-171223;48509;26162;2
110461;-192327;47863;24843;2
127725;-176481;48942;25833;8
105131;-185958;47530;25241;2
99451;-168187;47175;26352;1
99426;-167853;47174;26373;4
115148;-188689;48156;25070;2
119856;-176119;48451;25856;8
107090;-188966;47653;25053;8
126541;-165503;48868;26520;4
109565;-189042;47807;25048;1
119864;-190258;48451;24972;1
130613;-180913;49123;25556;2
110389;-175042;47859;25923;4
119999;-178490;48459;25708;1
115472;-179585;48177;25639;1
118851;-188852;48388;25060;8
121594;-182303;48559;25470;4
99354;-171999;47169;26114;1
108475;-184734;47739;25318;8
100634;-182111;47249;25482;8
117335;-183886;48293;25371;2
102735;-167059;47380;26422;8
115880;-184422;48202;25337;8
127457;-167825;48926;26374;1
118192;-168018;48347;26362;2
108150;-188642;47719;25073;2
114627;-179747;48124;25629;1
123139;-192590;48656;24827;8
111569;-179189;47933;25664;8
108081;-191852;47715;24873;8
114390;-187545;48109;25142;1
99092;-182229;47153;25474;2
110517;-184788;47867;25314;8
122314;-181529;48604;25518;1
110830;-183618;47886;25387;8
107261;-189858;47663;24997;4
129566;-167486;49057;26396;1
109718;-171553;47817;26141;2
127988;-174662;48959;25947;4
100639;-186003;47249;25238;2
127099;-189490;48903;25020;4
122367;-185415;48607;25275;2
105938;-176472;47581;25834;8
117772;-171931;48320;26118;4
101711;-182733;47316;25443;4
114799;-191012;48134;24925;4
120207;-167863;48472;26372;4
126097;-196071;48841;24609;2
110123;-190045;47842;24986;4
103986;-172705;47459;26069;1
107308;-164993;47666;26551;1
102833;-164388;47387;26589;2
118296;-164538;48353;26580;2
104869;-191454;47514;24898;4
119429;-189243;48424;25036;2
114094;-174835;48090;25936;8
130555;-166759;49119;26441;1
109540;-188955;47806;25054;8
125434;-193199;48799;24789;1
117060;-184679;48276;25321;4
109285;-180393;47790;25589;1
117700;-184699;48316;25320;2
127841;-169407;48950;26276;4
108305;-180136;47729;25605;2
130491;-184244;49115;25348;1
125143;-184829;48781;25312;2
118126;-180595;48342;25576;1
117527;-192185;48305;24852;8
121097;-186229;48528;25224;1
106220;-166257;47598;26472;4
100681;-182149;47252;25479;1
125501;-190680;48803;24946;8
107373;-164976;47670;26553;2
110041;-185236;47837;25286;1
108205;-175871;47722;25872;2
116406;-192043;48235;24861;2
121796;-175442;48572;25898;4
109352;-172943;47794;26055;4
121186;-170889;48534;26183;2
102303;-174012;47353;25988;8
99077;-172415;47152;26088;2
113696;-195510;48066;24644;1
107357;-180715;47669;25569;8
107915;-187968;47704;25116;8
128030;-190719;48961;24944;4
121262;-183281;48538;25408;2
117306;-180502;48291;25582;1
115138;-173500;48156;26020;2
109325;-178275;47792;25721;2
114864;-195529;48139;24643;1
121494;-178111;48553;25732;4
111069;-192995;47901;24801;8
125047;-192491;48775;24833;8
99412;-166528;47173;26456;8
108733;-184915;47755;25306;2
123724;-173989;48692;25989;4
106364;-195560;47607;24641;8
99512;-179199;47179;25664;8
125713;-189600;48817;25014;8
128205;-166661;48972;26447;1
112893;-187385;48015;25152;1
119391;-189245;48421;25036;8
123504;-190717;48679;24944;1
106731;-189215;47630;25038;4
102368;-166990;47358;26427;1
122854;-186137;48638;25230;1
113806;-171611;48072;26138;8
108267;-182179;47726;25477;2
100330;-164045;47230;26611;2
123690;-189694;48690;25008;4
126749;-185145;48881;25292;2
104598;-188992;47497;25052;8
120469;-187453;48489;25148;1
110474;-190916;47864;24931;2
112779;-178762;48008;25691;8
114629;-187046;48124;25173;4
107898;-177753;47703;25754;1
127385;-167877;48921;26371;2
110589;-194958;47871;24679;2
116901;-178360;48266;25716;8
110120;-189850;47842;24998;2
105276;-175186;47539;25914;4
106467;-168804;47614;26313;8
130336;-193004;49106;24801;1
124554;-191124;48744;24918;2
105212;-175254;47535;25910;1
111399;-177135;47922;25793;8
111435;-184801;47924;25313;8
114568;-184900;48120;25307;4
107155;-174435;47657;25961;2
109327;-187599;47792;25139;1
113943;-194291;48081;24720;2
117430;-195220;48299;24662;8
104305;-167515;47479;26394;4
103836;-186091;47449;25233;2
130340;-166665;49106;26447;4
111812;-190751;47948;24942;8
109788;-195713;47821;24631;1
99709;-169428;47191;26274;1
113821;-190555;48073;24954;1
103268;-168089;47414;26358;1
104625;-188795;47499;25064;2
110182;-191923;47846;24868;8
113758;-195460;48069;24647;2
99411;-171161;47173;26166;8
128018;-195821;48961;24625;1
119270;-191474;48414;24896;4
104589;-188863;47496;25060;2
99447;-178616;47175;25700;1
106770;-194473;47633;24709;8
111740;-179230;47943;25662;1
125416;-179986;48798;25614;8
126571;-177795;48870;25751;4
128071;-174324;48964;25968;8
107057;-187369;47651;25153;4
107808;-174662;47698;25947;1
107132;-187518;47655;25144;2
122647;-164048;48625;26611;4
103954;-170786;47457;26189;8
118064;-174311;48339;25969;4
111875;-178402;47952;25713;8
113426;-177641;48049;25761;8
110681;-182429;47877;25462;2
109796;-172041;47822;26111;2
118759;-171237;48382;26161;2
111410;-177760;47923;25754;4
129933;-187664;49080;25135;2
105003;-164189;47522;26602;4
110650;-187143;47875;25167;8
125317;-189268;48792;25034;4
130800;-164333;49135;26593;4
121847;-193210;48575;24788;1
111329;-189784;47918;25002;2
111111;-192335;47904;24843;2
117635;-174568;48312;25953;8
128799;-181121;49009;25543;4
124906;-178229;48766;25724;8
106752;-187565;47632;25141;8
110717;-173781;47879;26002;1
115270;-195287;48164;24658;4
130082;-165016;49090;26550;1
110179;-188411;47846;25088;2
106403;-195179;47610;24665;1
103649;-173706;47438;26007;8
111412;-174668;47923;25947;2
112727;-195328;48005;24656;2
117022;-192265;48273;24847;2
113141;-191602;48031;24888;2
129279;-165385;49039;26527;1
111653;-190948;47938;24929;2
125163;-181435;48782;25524;1
101765;-178307;47320;25719;1
110946;-182518;47894;25456;8
103728;-185494;47443;25270;2
126367;-186839;48857;25186;1
123256;-177873;48663;25746;2
100668;-168825;47251;26312;8
108346;-185599;47731;25264;8
116748;-171945;48256;26117;8
114862;-169238;48138;26286;4
113765;-196492;48070;24583;1
110844;-183618;47887;25387;8
124042;-174456;48712;25960;1
117605;-163848;48310;26623;4
124074;-194557;48714;24704;8
115921;-184209;48205;25350;2
110998;-192242;47897;24848;2
118960;-165358;48395;26529;2
119327;-179959;48417;25616;4
116819;-178256;48261;25723;8
106288;-174796;47603;25939;4
102280;-180976;47352;25553;8
118931;-187616;48393;25138;4
128261;-167312;48976;26407;8
111013;-185486;47898;25271;4
129350;-174669;49044;25947;8
108743;-190049;47756;24985;2
123340;-179553;48668;25641;8
103558;-168056;47432;26360;1
125275;-193010;48789;24800;2
130426;-169112;49111;26294;4
99144;-172393;47156;26089;1
128010;-164537;48960;26580;1
124404;-194506;48735;24707;2
119826;-168198;48449;26351;2
102145;-168554;47344;26329;2
109323;-175179;47792;25915;1
123248;-188400;48663;25089;4
127082;-183046;48902;25423;1
118855;-187320;48388;25156;4
105772;-194788;47570;24689;4
128744;-183522;49006;25393;4
116848;-195964;48263;24616;8
126172;-168013;48845;26363;4
113964;-163987;48082;26614;1
105507;-167013;47554;26425;2
101739;-166332;47318;26468;4
113744;-195530;48069;24643;8
98608;-175142;47123;25917;2
116360;-178853;48232;25685;1
111113;-196336;47904;24593;2
114434;-172350;48112;26092;1
111399;-171299;47922;26157;1
123890;-170019;48703;26237;1
117118;-190388;48279;24964;2
116060;-184263;48213;25347;4
108110;-192239;47716;24849;8
116884;-195132;48265;24668;8
115636;-189162;48187;25041;4
125705;-166900;48816;26432;1
130433;-184319;49112;25344;1
118863;-189059;48388;25047;4
125981;-177152;48833;25792;8
126582;-165163;48871;26541;2
129205;-181044;49035;25548;1
121248;-191305;48538;24907;4
126122;-186297;48842;25220;4
130159;-191033;49094;24924;8
125694;-193177;48815;24790;2
121540;-185074;48556;25296;8
101126;-165704;47280;26507;4
106474;-168641;47614;26323;1
111631;-194706;47936;24694;2
99357;-171764;47169;26128;4
112175;-195703;47970;24632;4
100220;-185643;47223;25261;8
127167;-164568;48907;26578;1
103850;-185185;47450;25289;1
121984;-185414;48584;25275;4
127655;-176406;48938;25838;8
127419;-173233;48923;26036;4
108254;-188814;47725;25063;2
125437;-195099;48799;24670;8
126158;-196518;48844;24581;4
128862;-165604;49013;26513;2
121610;-173037;48560;26049;1
108089;-188291;47715;25095;2
105718;-178259;47567;25722;8
115357;-193722;48169;24756;2
101524;-183230;47305;25412;8
101724;-182123;47317;25481;4
124771;-191224;48758;24912;4
110526;-175476;47867;25896;2
111395;-184792;47922;25314;2
123020;-178763;48648;25691;8
130272;-184072;49102;25359;2
100224;-164024;47224;26612;1
108269;-175517;47726;25894;8
117550;-182937;48306;25430;8
130524;-166545;49117;26454;2
127568;-187756;48933;25129;1
130162;-164166;49095;26603;4
116952;-190181;48269;24977;2
111720;-183376;47942;25403;2
115354;-170273;48169;26221;4
127026;-176997;48899;25801;4
110552;-174324;47869;25968;1
129036;-167610;49024;26388;8
118242;-190933;48350;24930;2
114889;-191934;48140;24868;2
130565;-193159;49120;24791;1
99908;-180076;47204;25609;4
116936;-190160;48268;24979;2
115992;-193725;48209;24756;2
99698;-169477;47191;26271;8
127314;-187346;48917;25154;8
120110;-183827;48466;25374;2
113235;-186186;48037;25227;1
112590;-174934;47996;25930;2
108469;-181060;47739;25547;8
127799;-166640;48947;26449;2
103960;-179065;47457;25672;4
123782;-189600;48696;25014;1
122075;-185663;48589;25260;2
108455;-188435;47738;25086;4
110875;-173483;47889;26021;2
122826;-194090;48636;24733;2
128325;-190407;48980;24963;1
129956;-184796;49082;25314;4
122331;-183628;48605;25387;4
110669;-180768;47876;25566;2
117203;-189114;48285;25044;1
120819;-171647;48511;26136;1
130289;-177346;49103;25779;1
112114;-165838;47967;26499;2