107989;-169948;47709;26242;2
124183;-189525;48721;25018;1
118303;-169062;48353;26297;8
124234;-188075;48724;25109;8
119189;-170523;48409;26206;2
102763;-180208;47382;25601;2
105929;-171298;47580;26157;4
129193;-167625;49034;26387;2
115023;-171533;48148;26143;4
117361;-189794;48295;25001;2
116785;-169610;48259;26263;8
99916;-171437;47204;26149;1
98903;-178690;47141;25695;8
113975;-196003;48083;24613;8
106763;-169622;47632;26262;4
126375;-189898;48858;24995;4
119845;-177094;48450;25795;2
110328;-172745;47855;26067;1
122395;-170798;48609;26189;1
116178;-188417;48221;25087;8
107731;-171618;47693;26137;4
106595;-164599;47622;26576;4
114555;-187479;48119;25146;1
128890;-179665;49015;25634;4
118488;-165260;48365;26535;8
117020;-192017;48273;24862;4
128539;-184438;48993;25336;1
105116;-191208;47529;24913;4
123191;-173316;48659;26031;2
109317;-179999;47792;25614;4
122422;-186229;48611;25224;1
113211;-172175;48035;26103;2
126826;-190806;48886;24938;4
102496;-175917;47366;25869;4
104867;-170060;47514;26235;8
124016;-190465;48711;24959;2
105913;-192156;47579;24854;8
121716;-184534;48567;25330;4
114154;-182452;48094;25460;1
117913;-190878;48329;24934;4
100961;-173207;47270;26038;2
126480;-190781;48865;24940;8
108943;-179298;47768;25657;2
112052;-165208;47963;26538;8
115575;-167530;48183;26393;4
106726;-196489;47630;24583;8
120436;-181375;48487;25528;4
107489;-196399;47678;24589;1
101958;-174090;47332;25983;8
107884;-189261;47702;25035;2
121756;-166757;48569;26441;4
130032;-183253;49087;25410;1
116836;-167017;48262;26425;2
127557;-178835;48932;25686;1
127066;-181867;48901;25497;2
114334;-166562;48105;26453;8
123930;-164575;48705;26578;8
105549;-182645;47556;25448;4
103343;-165204;47418;26538;1
118185;-180724;48346;25568;4
105080;-179326;47527;25656;8
114537;-187377;48118;25152;2
100784;-165148;47259;26542;1
123074;-182924;48652;25431;4
112464;-186792;47989;25189;2
105837;-164322;47574;26593;8
116851;-173109;48263;26044;2
117439;-165990;48299;26489;8
116651;-168536;48250;26330;4
130926;-175648;49142;25886;1
114464;-164434;48114;26586;4
122778;-169085;48633;26296;1
112269;-178484;47976;25708;4
125626;-167683;48811;26383;8
105082;-173091;47527;26045;2
108904;-172058;47766;26110;1
125389;-188211;48796;25100;2
105387;-194143;47546;24730;8
124821;-189872;48761;24997;1
103706;-182403;47441;25463;2
109590;-189578;47809;25015;8
119039;-184746;48399;25317;8
127624;-189715;48936;25006;8
114056;-183467;48088;25397;1
126077;-185551;48839;25267;4
118215;-181296;48348;25533;1
122177;-178367;48596;25716;8
111728;-192350;47943;24842;1
102811;-165168;47385;26541;4
121417;-175128;48548;25918;4
104149;-180970;47469;25553;1
103656;-181171;47438;25540;1
101586;-176348;47309;25842;1
108832;-189229;47762;25037;4
128782;-166083;49008;26483;8
113695;-184514;48065;25331;8
124505;-186697;48741;25195;1
116540;-193375;48243;24778;4
113178;-195058;48033;24672;8
128202;-187316;48972;25156;8
124802;-194327;48760;24718;2
107443;-183850;47675;25373;8
114768;-183971;48133;25365;8
124622;-166390;48748;26464;1
127284;-167708;48915;26382;8
119821;-179723;48448;25631;1
122997;-196206;48647;24601;2
110224;-172934;47849;26055;2
106557;-187627;47619;25137;1
124351;-166498;48731;26457;8
109330;-195537;47793;24642;4
119942;-170608;48456;26201;2
122702;-183421;48628;25400;8
122053;-189796;48588;25001;8
118197;-172886;48347;26058;4
114430;-187235;48111;25161;4
123576;-168020;48683;26362;2
130899;-169977;49141;26240;4
114305;-186477;48104;25209;8
107040;-180891;47650;25558;4
129022;-173585;49023;26014;2
130666;-187614;49126;25138;4
111956;-163951;47957;26617;4
113300;-178339;48041;25717;2
108080;-193944;47715;24742;8
110029;-189486;47836;25021;2
115323;-188687;48167;25071;1
100687;-179096;47252;25670;1
111819;-178349;47948;25717;8
126903;-174183;48891;25977;8
129087;-177222;49027;25787;2
110702;-173053;47878;26048;8
101004;-166799;47272;26439;4
119326;-177127;48417;25793;4
119251;-166364;48413;26466;4
107983;-178716;47708;25694;1
116036;-196130;48212;24605;8
105577;-169162;47558;26291;2
118448;-166672;48363;26447;8
121358;-177860;48544;25747;4
103146;-167741;47406;26380;1
100170;-166301;47220;26470;2
101395;-164449;47297;26585;2
119025;-189312;48399;25032;2
101578;-180317;47308;25594;2
103044;-176013;47400;25863;2
106142;-186027;47593;25237;4
121456;-174564;48551;25953;1
121166;-179421;48532;25650;4
101262;-165414;47288;26525;2
113541;-184204;48056;25351;8
122224;-164083;48599;26608;4
101497;-165766;47303;26503;4
108849;-178990;47763;25677;1
118376;-176084;48358;25858;8
130887;-174282;49140;25971;1
129763;-170036;49070;26236;8
101101;-171806;47278;26126;8
110861;-164849;47888;26560;1
119791;-181262;48446;25535;4
121468;-189648;48551;25011;1
117958;-191096;48332;24920;8
111797;-179868;47947;25622;1
100791;-184109;47259;25357;1
107535;-181957;47680;25491;1
110794;-182926;47884;25431;2
106987;-192987;47646;24802;8
118951;-169712;48394;26257;8
130487;-170718;49115;26194;8
106409;-176336;47610;25843;2
130033;-183270;49087;25409;2
125582;-194503;48808;24707;8
113597;-180357;48059;25591;2
122845;-190805;48637;24938;8
108411;-192378;47735;24840;2
108144;-194037;47719;24736;4
119727;-181419;48442;25525;8
120932;-193921;48518;24743;8
126860;-172305;48888;26094;2
113455;-190251;48050;24973;2
106128;-189511;47593;25019;2
100467;-172423;47239;26087;4
105402;-166175;47547;26478;4
104849;-170261;47513;26222;8
115235;-193342;48162;24780;1
128805;-167147;49010;26417;2
113150;-167534;48031;26393;4
110821;-179591;47886;25639;2
105255;-193637;47538;24761;8
115360;-196469;48170;24584;4
125029;-169661;48774;26260;8
125691;-171210;48815;26163;2
124803;-179371;48760;25653;1
119087;-185495;48402;25270;8
117561;-165997;48307;26489;4
101370;-175816;47295;25875;2
125698;-164034;48816;26611;8
107193;-181547;47659;25517;1
125593;-194421;48809;24712;1
120069;-172102;48464;26107;2
128565;-185168;48995;25291;1
126256;-183000;48851;25426;1
115044;-164204;48150;26601;4
119134;-186233;48405;25224;1
100455;-172094;47238;26108;1
114994;-167521;48147;26393;2
126107;-190869;48841;24934;8
130943;-172782;49143;26065;4
101930;-182212;47330;25475;2
100345;-185655;47231;25260;4
123522;-183552;48680;25392;2
125704;-177444;48816;25773;8
112286;-182243;47977;25473;2
103697;-172576;47441;26078;4
123049;-170784;48650;26190;4
126278;-187682;48852;25133;4
126660;-164845;48876;26561;4
120855;-180690;48513;25570;1
120249;-163990;48475;26614;4
117134;-171149;48280;26167;4
123559;-164484;48682;26583;1
102060;-175359;47338;25904;2
117720;-185895;48317;25245;4
108432;-164315;47737;26594;4
104131;-171132;47468;26168;4
107791;-187437;47696;25149;4
122847;-195511;48637;24644;8
112488;-164239;47990;26599;8
114583;-188485;48121;25083;4
126676;-180719;48877;25569;1
120681;-169464;48502;26272;4
126310;-170762;48854;26191;4
114037;-166141;48087;26480;2
111782;-188022;47946;25112;1
122756;-183089;48632;25420;2
119864;-173717;48451;26006;4
126658;-170151;48876;26229;4
116043;-185901;48212;25245;4
114521;-176809;48117;25813;1
112720;-187991;48005;25114;4
106914;-165586;47642;26514;8
123296;-165318;48666;26531;1
113647;-173774;48062;26003;1
126368;-191592;48858;24889;1
112777;-179014;48008;25675;8
121340;-178371;48543;25715;2
117732;-171791;48318;26127;4
114254;-181078;48100;25546;4
128513;-165231;48992;26537;1
102177;-180759;47346;25566;2
106283;-189360;47602;25029;4
124646;-181019;48750;25550;8
115582;-190526;48183;24956;4
129878;-174099;49077;25982;4
114487;-182529;48115;25455;2
129718;-169929;49067;26243;8
127404;-191535;48922;24893;1
119607;-164634;48435;26574;8
124049;-180179;48713;25602;1
114666;-182785;48126;25439;1
107540;-164611;47681;26575;8
115094;-192983;48153;24802;8
108820;-177950;47761;25742;4
103541;-169863;47431;26247;8
104703;-176742;47503;25817;4
118790;-169293;48384;26283;4
115426;-189703;48174;25007;1
123939;-175710;48706;25882;1
116926;-185011;48267;25300;2
100010;-176593;47210;25826;1
113769;-194943;48070;24680;4
127905;-182758;48954;25441;4
111678;-186312;47939;25219;2
113183;-168957;48033;26304;8
103320;-171942;47417;26117;4
107785;-195026;47696;24674;1
122011;-176973;48585;25803;1
102909;-178872;47391;25684;2
123329;-169093;48668;26295;8
115611;-192369;48185;24840;8
120512;-177583;48492;25765;8
101279;-180147;47289;25604;4
100153;-184282;47219;25346;4
121571;-178718;48558;25694;4
119847;-167020;48450;26425;8
107037;-194084;47649;24733;8
121384;-191924;48546;24868;8
119737;-170374;48443;26215;1
122518;-167255;48617;26410;8
124720;-194501;48755;24707;8
126616;-167441;48873;26398;2
105980;-190471;47583;24959;4
128878;-185167;49014;25291;2
112452;-175844;47988;25873;8
113068;-181097;48026;25545;1
122410;-168213;48610;26350;4
122221;-186755;48598;25191;4
129127;-184090;49030;25358;2
122069;-187794;48589;25126;8
121898;-188311;48578;25094;2
122155;-169585;48594;26264;1
129023;-164535;49023;26580;1
105847;-187159;47575;25166;1
106297;-196326;47603;24593;1
111460;-194720;47926;24694;2
122660;-168021;48626;26362;4
101399;-170716;47297;26194;2
125959;-170270;48832;26222;2
105414;-184835;47548;25311;8
109364;-183613;47795;25388;2
127265;-167522;48914;26393;1
105381;-187074;47546;25171;1
110599;-196183;47872;24602;8
108080;-181758;47715;25504;2
116027;-164173;48211;26603;8
105488;-189164;47553;25041;1
108129;-183532;47718;25393;1
122773;-174645;48633;25948;8
122856;-178316;48638;25719;1
122392;-189337;48609;25030;2
129492;-165523;49053;26518;4
107810;-166320;47698;26469;2
108667;-185812;47751;25250;8
116837;-168294;48262;26345;4
124944;-187083;48769;25171;4
99727;-181786;47192;25502;4
111271;-192982;47914;24802;8
109966;-171552;47832;26142;8
114890;-172465;48140;26084;8
102665;-179604;47376;25638;8
118240;-185643;48350;25261;4
120176;-174423;48471;25962;4
111901;-187934;47953;25118;1
105058;-168833;47526;26311;2
102813;-174099;47385;25982;8
110994;-188485;47897;25083;8
125273;-166819;48789;26437;8
122871;-172033;48639;26111;4
103906;-168698;47454;26320;2
105998;-166157;47584;26479;4
128613;-167131;48998;26418;4
127521;-171418;48930;26150;4
128532;-183524;48993;25393;4
99951;-171115;47206;26169;4
109290;-164327;47790;26593;4
120556;-169406;48494;26276;2
125131;-174156;48780;25979;1
122725;-176297;48630;25845;1
116923;-164253;48267;26598;8
102555;-164330;47369;26593;2
126627;-168476;48874;26334;8
100937;-172715;47268;26069;2
108100;-166831;47716;26437;1
122832;-168731;48637;26318;8
115837;-187269;48199;25159;2
102068;-184267;47339;25347;2
131042;-178278;49150;25721;1
121480;-187002;48552;25176;4
123889;-193653;48703;24760;8
123697;-172683;48691;26071;2
105528;-189518;47555;25019;8
128131;-175732;48968;25880;8
116317;-189869;48229;24997;4
107291;-184198;47665;25351;1
111894;-190866;47953;24934;2
117016;-174720;48273;25944;2
119527;-183312;48430;25407;1
130121;-182978;49092;25427;4
108351;-184092;47731;25358;8
105810;-166534;47573;26455;2
111644;-186342;47937;25217;8
128911;-166518;49016;26456;8
118344;-168930;48356;26305;8
102359;-176432;47357;25837;2
116294;-196307;48228;24594;1
117311;-173956;48291;25991;8
112364;-178717;47982;25694;4
126814;-181440;48885;25524;1
106365;-187969;47607;25115;8
113711;-175115;48066;25919;8
107805;-180470;47697;25584;8
106483;-189462;47615;25022;2
121539;-168001;48556;26363;4
127254;-172601;48913;26076;1
106480;-170702;47615;26195;2
127444;-174289;48925;25970;1
104743;-167392;47506;26402;1
107832;-186285;47699;25221;2
103363;-166265;47420;26472;4
111594;-164483;47934;26583;4
119527;-172125;48430;26106;8
121996;-187674;48584;25134;4
122209;-190960;48598;24929;1
108179;-166635;47721;26449;4
112927;-172053;48017;26110;1
123489;-187528;48678;25143;1
125206;-188499;48785;25082;2
116501;-186599;48241;25201;1
104189;-181468;47471;25522;8
104775;-182268;47508;25472;2
99690;-182013;47190;25488;8
120382;-179117;48483;25669;1
111048;-191044;47900;24923;8
114772;-188586;48133;25077;2
125918;-193719;48829;24756;8
105504;-191681;47554;24883;8
130379;-171426;49108;26149;2
129949;-182305;49081;25469;8
116832;-170834;48262;26186;4
119590;-163875;48434;26621;1
123827;-185757;48699;25254;1
123362;-173475;48670;26021;1
122973;-180995;48645;25551;8
118774;-179950;48383;25617;8
125165;-169031;48782;26299;8
122923;-179111;48642;25669;8
127911;-175299;48954;25907;4
118214;-169970;48348;26240;4
105079;-186186;47527;25227;2
114413;-173104;48110;26045;2
115044;-190771;48150;24940;2
126367;-194073;48857;24734;2
106450;-164712;47613;26569;4
114037;-178603;48087;25701;1
109136;-167227;47781;26412;8
121784;-166188;48571;26477;4
104676;-180405;47502;25588;8
130872;-175352;49139;25904;1
118351;-175738;48356;25880;1
109253;-177049;47788;25798;2
123879;-170387;48702;26214;1
103707;-179845;47441;25623;1
101910;-165472;47329;26522;4
105892;-185161;47578;25291;2
107632;-193411;47687;24775;8
120365;-178712;48482;25694;8
105695;-177234;47565;25786;4
119477;-171968;48427;26116;8
122245;-170962;48600;26178;1
100145;-185096;47219;25295;2
119146;-183979;48406;25365;4
115021;-190450;48148;24960;2
122486;-170079;48615;26234;1
123367;-172035;48670;26111;4
118409;-179761;48360;25628;8
118483;-187263;48365;25160;2
115026;-195818;48149;24625;1
98638;-177646;47124;25761;8
118581;-192189;48371;24852;8
105751;-189104;47569;25045;2
123058;-168145;48651;26354;1
119707;-178864;48441;25685;2
110330;-179052;47855;25673;8
125384;-187019;48796;25175;2
125612;-167517;48810;26394;4
122690;-194830;48628;24687;8
108966;-171959;47770;26116;8
113038;-171270;48024;26159;1
104711;-182747;47504;25442;2
103888;-171096;47453;26170;8
107919;-178114;47704;25731;8
127326;-173938;48917;25992;1
129955;-174174;49082;25978;2
108602;-177379;47747;25777;2
107803;-191813;47697;24875;2
115363;-185411;48170;25275;1
107982;-181004;47708;25551;2
113885;-187426;48077;25149;4
99102;-179561;47153;25641;4
115060;-188539;48151;25080;8
107247;-168308;47662;26344;4
131032;-172416;49149;26088;4
125042;-163983;48775;26615;2
105628;-189969;47561;24990;2
103780;-172720;47446;26069;1
130213;-169124;49098;26293;1
104260;-179727;47476;25631;4
112351;-178427;47981;25712;8
125383;-167180;48796;26415;4
130337;-174568;49106;25953;4
108514;-170410;47742;26213;1
114455;-165029;48113;26549;2
118442;-175474;48362;25896;1
106038;-192552;47587;24829;8
122725;-167070;48630;26422;2
108187;-196046;47721;24611;8
105844;-166655;47575;26448;8
120968;-184515;48520;25331;4
126332;-184897;48855;25307;2
113680;-173493;48065;26020;2
125215;-169052;48785;26298;8
109667;-189599;47814;25014;4
108102;-164551;47716;26579;8
123277;-186147;48664;25229;2
103182;-184213;47408;25350;4
112331;-164026;47980;26612;4
105791;-173240;47571;26036;8
126443;-174882;48862;25933;1
117305;-186847;48291;25186;1
120306;-175109;48479;25919;8
106479;-170229;47614;26224;2
127144;-174130;48906;25980;4
128753;-184722;49007;25318;8
112315;-190362;47979;24966;2
123808;-164486;48698;26583;8
105890;-171376;47578;26153;2
106641;-184258;47625;25347;2
105811;-169681;47573;26258;4
112830;-183433;48011;25399;4
125850;-182053;48825;25485;4
106309;-187563;47604;25141;2
103519;-169912;47429;26244;8
118897;-188692;48391;25070;2
121303;-189076;48541;25046;1
106096;-178188;47591;25727;8
114276;-163854;48102;26623;2
112701;-183012;48003;25425;4
111568;-189430;47933;25024;4
100341;-181634;47231;25511;4
112674;-180105;48002;25607;1
127128;-185055;48905;25298;1
120732;-174961;48505;25928;4
111281;-187455;47915;25148;8
112996;-168654;48022;26323;2
113483;-166713;48052;26444;1
130011;-175438;49085;25899;2
101652;-168862;47313;26310;2
117677;-178866;48314;25684;4
99642;-171922;47187;26118;8
119631;-183846;48436;25373;1
126761;-195217;48882;24662;4
120910;-176233;48516;25849;4
110820;-192365;47886;24841;8
111387;-178327;47921;25718;4
130094;-170190;49090;26227;1
124569;-172196;48745;26101;4
125972;-171037;48833;26174;8
124480;-168067;48740;26359;1
114972;-195868;48145;24622;4
105693;-172828;47565;26062;4
104651;-174856;47500;25935;2
105546;-170694;47556;26195;2
121831;-167540;48574;26392;1
107634;-194600;47687;24701;8
128522;-164551;48992;26579;8
101713;-172491;47317;26083;2
123609;-189282;48685;25033;4
121726;-185246;48567;25286;2
110561;-184220;47870;25350;4
129091;-185189;49028;25289;8
105467;-177480;47551;25771;4
115775;-164588;48195;26577;4
122331;-164693;48605;26570;2
98763;-164107;47132;26607;4
122474;-176933;48614;25805;4
116052;-170339;48213;26217;1
122413;-194013;48610;24738;8
125161;-188078;48782;25109;8
130953;-179074;49144;25671;4
127310;-191347;48916;24904;4
121618;-187317;48561;25156;8
116360;-169366;48232;26278;8
128310;-173089;48979;26045;2
120535;-181456;48493;25523;8
128371;-184813;48983;25313;4
123416;-183095;48673;25420;2
110509;-187229;47866;25162;8
101954;-169511;47332;26269;4
130559;-164047;49119;26611;8
114385;-168066;48109;26359;1
121244;-176067;48537;25859;2
109011;-179412;47773;25650;8
111271;-192118;47914;24856;2
108434;-165880;47737;26496;8
104406;-180771;47485;25565;2
114166;-193826;48095;24749;8
111735;-176034;47943;25861;4
106311;-182529;47604;25455;2
114674;-163953;48127;26616;2
127345;-170936;48919;26180;2
123182;-167899;48658;26370;1
112246;-179810;47975;25625;4
108988;-172451;47771;26085;1
124621;-166567;48748;26453;1
122329;-164820;48605;26562;2
121828;-170155;48574;26229;4
126145;-186708;48844;25194;1
101810;-171635;47323;26136;4
122709;-179742;48629;25630;8
105056;-184340;47526;25342;4
127880;-177450;48952;25773;8
126052;-188960;48838;25054;1
110769;-164386;47883;26589;1
117957;-192466;48332;24834;2
118498;-183692;48366;25383;4
127527;-169238;48930;26286;1
103069;-176055;47401;25860;1
106850;-193476;47638;24771;1
121851;-176655;48575;25823;8
107278;-179171;47664;25665;8
119753;-173672;48444;26009;8
108178;-187169;47721;25165;1
121657;-170142;48563;26230;1
128992;-184159;49022;25354;2
121697;-179517;48566;25644;2
109120;-172147;47780;26104;1
119762;-171612;48445;26138;4
101371;-173513;47295;26019;1
111865;-172357;47951;26091;8
116894;-171791;48265;26127;4
107626;-167675;47686;26384;1
105100;-174116;47528;25981;8
121813;-186963;48573;25178;4
122533;-164143;48618;26605;2
128725;-186034;49005;25236;4
129124;-187696;49030;25133;8
107782;-164783;47696;26565;2
123148;-180566;48656;25578;2
105618;-170752;47561;26192;2
114904;-194390;48141;24714;2
110798;-189339;47884;25030;4
103089;-167149;47403;26417;1
103527;-183198;47430;25414;1
108116;-166632;47717;26449;2
115272;-171503;48164;26145;4
109874;-167033;47827;26424;1
114142;-165203;48093;26538;8
122772;-195138;48633;24667;1
120451;-177159;48488;25791;1
109369;-182709;47795;25444;4
102172;-165168;47345;26541;8
118442;-166738;48362;26442;1
119076;-165706;48402;26507;1
120246;-167426;48475;26399;4
108923;-188371;47767;25090;1
102651;-178026;47375;25737;8
119679;-179820;48439;25625;2
126211;-168000;48848;26364;2
109523;-196550;47805;24579;4
121875;-165837;48577;26499;1
130814;-169450;49135;26273;1
112892;-192474;48015;24834;4
114258;-182743;48101;25442;8
105165;-185606;47532;25263;8
129090;-178416;49028;25713;4
129498;-170252;49053;26223;2
119791;-183615;48446;25388;2
102303;-174354;47353;25966;2
105300;-174127;47541;25981;1
110832;-187273;47887;25159;4
100656;-176289;47251;25845;1
125100;-180449;48778;25585;2
123153;-173707;48657;26007;8
102225;-166942;47349;26430;4
124995;-190303;48772;24970;1
122049;-189304;48588;25032;8
127951;-184195;48956;25351;4
113216;-191314;48036;24906;2
118513;-178733;48367;25693;1
123123;-184586;48655;25327;1
121396;-186801;48547;25188;4
120441;-164778;48487;26565;4
118598;-175389;48372;25902;8
130461;-173414;49113;26025;1
103043;-165623;47400;26512;2
107352;-195197;47669;24664;8
125945;-189201;48831;25038;2
108370;-196049;47733;24610;2
114181;-190564;48096;24953;2
112085;-194360;47965;24716;1
129291;-167920;49040;26369;1
128427;-169268;48986;26284;8
105960;-188884;47582;25058;2
123556;-185812;48682;25250;2
110967;-164699;47895;26570;8
129942;-170018;49081;26237;8
109956;-183950;47832;25367;1
106284;-185688;47602;25258;2
124638;-185715;48749;25256;1
105059;-175346;47526;25904;4
100184;-185078;47221;25296;4
122714;-179517;48629;25644;4
127591;-172485;48934;26083;4
127050;-177985;48900;25739;2
105557;-189422;47557;25025;2
102011;-177358;47335;25779;4
124050;-170082;48713;26233;2
117875;-168832;48327;26312;4
108574;-170998;47745;26176;2
131027;-174533;49149;25955;2
113750;-175203;48069;25913;8
129638;-178587;49062;25702;4
100939;-173692;47268;26008;4
114748;-164325;48131;26593;1
103111;-171376;47404;26153;8
116934;-189274;48268;25034;2
118308;-187126;48354;25168;2
112860;-187862;48013;25122;8
117193;-164115;48284;26606;8
127414;-167683;48923;26383;2
103958;-166383;47457;26465;8
122582;-167898;48621;26370;4
124340;-187857;48731;25122;1
127117;-190969;48904;24928;8
116291;-176382;48228;25840;8
112250;-176770;47975;25815;4
130340;-174513;49106;25956;8
100638;-169916;47249;26244;2
99927;-180871;47205;25559;2
112114;-171508;47967;26144;8
110205;-196428;47847;24587;8
101254;-185604;47288;25263;4
107088;-188607;47653;25076;2
106434;-181370;47612;25528;2
106787;-171088;47634;26171;1
105599;-181131;47559;25543;4
100685;-172171;47252;26103;4
127856;-183455;48951;25398;4
110164;-185655;47845;25260;2
102170;-182720;47345;25444;4
117891;-190565;48328;24953;8
115257;-194957;48163;24679;2
112546;-187328;47994;25156;8
120733;-180726;48505;25568;1
110161;-191311;47845;24907;1
122347;-192894;48606;24808;8
121264;-184889;48539;25308;8
129977;-166585;49083;26452;4
112843;-180892;48012;25558;8
105342;-188536;47543;25080;4
110806;-185655;47885;25260;8
125472;-181964;48802;25491;1
114941;-169583;48143;26265;4
112669;-192896;48001;24808;1
112050;-182023;47963;25487;4
114910;-166462;48141;26460;2
106147;-189504;47594;25020;8
124348;-191140;48731;24917;1
106375;-181278;47608;25534;4
104925;-178376;47517;25715;1
129765;-164932;49070;26555;8
128813;-173110;49010;26044;1
124500;-171750;48741;26129;1
106611;-165893;47623;26495;2
106423;-170777;47611;26190;2
110815;-187759;47885;25129;4
106183;-181729;47596;25505;4
104521;-184228;47492;25349;8
122235;-189648;48599;25011;1
120016;-180653;48461;25573;1
115520;-167292;48180;26408;4
118645;-188525;48375;25081;1
119732;-178912;48443;25682;1
125245;-186131;48787;25230;1
119620;-177074;48436;25796;1
109166;-196511;47782;24582;8
106799;-196295;47634;24595;4
116522;-167140;48242;26417;1
115125;-166474;48155;26459;8
110080;-165837;47840;26499;1
113885;-167932;48077;26368;1
121468;-165176;48551;26540;4
108181;-186759;47721;25191;2
100784;-166667;47259;26447;4
129186;-172127;49034;26106;4
122661;-164502;48626;26582;4
101105;-175635;47279;25886;2
123485;-173335;48677;26030;4
117196;-188425;48284;25087;2
118494;-172895;48365;26058;4
110089;-179725;47840;25631;2
123190;-171778;48659;26127;4
130291;-164096;49103;26608;4
115641;-194493;48187;24708;2
125275;-181843;48789;25498;8
119796;-171089;48447;26170;2
115991;-169768;48209;26253;1
126256;-182509;48851;25457;8
130913;-176838;49142;25811;1
118396;-177026;48359;25799;2
127943;-169548;48956;26267;8
103799;-165460;47447;26522;4
123025;-187667;48649;25134;8
100287;-166315;47227;26469;8
122795;-194403;48634;24713;1
120477;-172837;48489;26061;8
128332;-165831;48980;26499;8
115849;-165153;48200;26541;1
130601;-164844;49122;26561;1
116220;-177086;48223;25796;4
109591;-185364;47809;25278;2
105668;-182058;47564;25485;8
115123;-171253;48155;26160;4
129265;-169526;49039;26268;4
115966;-169412;48207;26275;4
101863;-176383;47326;25840;4
100547;-180803;47244;25563;8
103023;-170382;47398;26215;8
114986;-189507;48146;25019;2
100477;-172128;47239;26106;8
123488;-195042;48678;24673;2
125182;-164762;48783;26566;1
112327;-172195;47980;26101;4
100422;-169768;47236;26253;1
103674;-174290;47439;25970;1
120794;-167625;48509;26387;8
121710;-189599;48566;25014;4
105636;-182047;47562;25486;1
130287;-172135;49102;26105;1
114823;-196586;48136;24577;8
121620;-167205;48561;26413;4
124863;-174298;48763;25970;1
108550;-193001;47744;24801;2
128632;-164555;48999;26579;1
128441;-177816;48987;25750;1
115438;-185530;48174;25268;4
115183;-178717;48158;25694;2
124083;-164295;48715;26595;2
117258;-185605;48288;25263;1
126111;-191592;48841;24889;8
107804;-194742;47697;24692;8
118879;-182472;48389;25459;2
113749;-167321;48069;26406;4
105768;-178648;47570;25698;2
118493;-185878;48365;25246;8
103929;-169374;47455;26278;2
116863;-191391;48263;24902;8
106734;-164506;47630;26582;2
106611;-186792;47623;25189;2
130781;-178747;49133;25692;1
115284;-184215;48165;25350;8
119542;-164888;48431;26558;8
120213;-178064;48473;25735;2
111924;-181583;47955;25515;4
126635;-184253;48874;25348;8
112339;-184043;47981;25361;2
128633;-181210;48999;25538;1
119962;-174338;48457;25967;8
129046;-173957;49025;25991;1
126670;-183237;48876;25411;1
124391;-183924;48734;25368;1
123073;-179787;48652;25627;2
104760;-194366;47507;24716;1
111957;-189172;47957;25040;8
122266;-172174;48601;26103;8
104981;-173213;47521;26038;8
117706;-173587;48316;26014;1
108154;-189849;47719;24998;1
105137;-184213;47531;25350;2
116332;-192669;48230;24822;8
121214;-189350;48535;25029;8
125772;-167288;48820;26408;2
104506;-178821;47491;25687;1
108610;-184461;47748;25335;2
108028;-182268;47711;25472;8
101971;-173102;47333;26045;1
128983;-174363;49021;25966;4
103858;-178984;47451;25677;2
121595;-164907;48559;26557;2
103801;-181766;47447;25503;1
128292;-171129;48978;26168;8
126785;-169764;48884;26253;1
105704;-188571;47566;25078;2
123671;-185912;48689;25244;8
118476;-175225;48364;25912;1
123702;-191338;48691;24905;8
115512;-176462;48179;25835;1
111864;-172486;47951;26083;2
122713;-184224;48629;25350;8
107807;-170738;47697;26192;8
122480;-172496;48615;26083;4
117715;-166462;48317;26460;8
123279;-182710;48664;25444;2
111592;-185060;47934;25297;8
123605;-164572;48685;26578;4
105918;-189112;47579;25044;1
125300;-163984;48791;26615;1
122624;-178236;48624;25724;4
114031;-163843;48086;26623;8
111105;-164435;47904;26586;4
106044;-164444;47587;26586;2
100717;-179391;47254;25652;2
112405;-188869;47985;25059;4
124320;-188836;48730;25061;4
100833;-169437;47262;26274;2
104967;-188799;47520;25064;1
102409;-174705;47360;25944;4
117933;-185916;48330;25244;8
126346;-171427;48856;26149;1
128222;-172787;48973;26064;4
109235;-186559;47787;25204;4
101983;-183767;47333;25378;2
99609;-171154;47185;26166;2
102225;-171372;47349;26153;2
99747;-175745;47194;25879;8
125593;-166211;48809;26475;1
105276;-168951;47539;26304;2
108816;-194118;47761;24731;1
101443;-172298;47300;26095;1
125813;-188160;48823;25104;8
114575;-185572;48120;25265;8
130228;-184038;49099;25361;1
110213;-167383;47848;26402;1
122977;-180177;48646;25602;8
125727;-177439;48817;25774;4
118579;-169803;48371;26251;1
114448;-188351;48113;25092;2
109232;-183866;47787;25372;8
118805;-183712;48385;25382;8
103338;-164064;47418;26610;8
108007;-187236;47710;25161;4
120382;-174413;48483;25963;2
107457;-192882;47676;24808;1
119596;-178476;48434;25709;1
123722;-175374;48692;25903;1
108014;-170487;47710;26208;8
114622;-176919;48123;25806;2
112791;-172604;48009;26076;8
115816;-165859;48198;26497;2
107333;-168614;47668;26325;1
114212;-167098;48098;26420;1
128289;-183762;48978;25378;1
112321;-181483;47980;25521;8
100885;-173269;47265;26034;8
105985;-189030;47584;25049;4
123603;-164743;48685;26567;2
109996;-166965;47834;26428;2
113874;-182929;48077;25430;8
101972;-182103;47333;25482;8
128391;-180185;48984;25602;8
112496;-194208;47991;24726;2
115095;-192216;48153;24850;4
125463;-170332;48801;26218;2
108013;-189019;47710;25050;8
108693;-164248;47753;26598;8
113953;-194667;48082;24697;1
118114;-176501;48342;25832;2
119834;-180486;48449;25583;2
111696;-175361;47941;25903;4
120274;-167734;48477;26380;4
126266;-185007;48851;25301;2
118534;-183566;48368;25391;4
107290;-166201;47665;26476;1
122699;-186246;48628;25223;1
119629;-166165;48436;26478;8
102933;-168669;47393;26322;1
117782;-193347;48321;24779;1
115811;-194883;48198;24683;8
120306;-191007;48479;24926;2
106354;-186363;47607;25216;1
108768;-180950;47758;25554;1
113731;-169078;48068;26296;1
120358;-166308;48482;26469;8
116206;-191060;48222;24922;2
105638;-183267;47562;25409;4
106533;-166132;47618;26480;8
115984;-170222;48209;26225;2
126695;-192009;48878;24863;1
104182;-183847;47471;25373;1
109765;-184626;47820;25324;8
129184;-167953;49034;26366;8
114522;-175899;48117;25870;8
104042;-173562;47462;26016;1
123130;-188252;48655;25098;2
101451;-164443;47300;26586;1
128981;-169301;49021;26282;8
99446;-181815;47175;25500;8
107324;-186641;47667;25198;2
105155;-178945;47532;25679;2
104126;-182021;47467;25487;2
115608;-191024;48185;24925;1
117274;-186694;48289;25195;2
119260;-175754;48413;25879;2
99087;-174252;47152;25973;4
109008;-195241;47773;24661;4
112391;-179043;47984;25673;2
130716;-171582;49129;26140;8
100292;-167271;47228;26409;8
113775;-166537;48070;26455;8
112323;-194416;47980;24713;4
112086;-179537;47965;25642;1
105510;-187832;47554;25124;2
118857;-186340;48388;25217;1
109154;-183335;47782;25405;2
110284;-191687;47852;24883;2
107565;-166040;47682;26486;1
104015;-171027;47460;26174;1
112074;-171836;47964;26124;8
125648;-194294;48813;24720;1
115927;-190071;48205;24984;1
115014;-195722;48148;24631;1
120339;-177673;48481;25759;1
124477;-166738;48739;26442;1
100998;-177740;47272;25755;4
105353;-183465;47544;25397;4
121487;-164867;48552;26559;1
100105;-169103;47216;26295;1
106350;-189229;47606;25037;2
101745;-171122;47319;26168;2
130488;-167740;49115;26380;4
121784;-187914;48571;25119;8
123666;-179146;48689;25667;4
104587;-166524;47496;26456;1
130139;-183309;49093;25407;1
111758;-193154;47944;24791;8
109071;-186284;47776;25221;2
108622;-184960;47748;25304;4
127236;-194256;48912;24723;2
116663;-188440;48251;25086;2
107506;-171727;47679;26131;4
122260;-168646;48601;26323;2
127504;-165495;48929;26520;1
114216;-183371;48098;25403;4
111438;-190070;47924;24984;2
119373;-173288;48420;26033;1
118822;-186728;48386;25193;4
112087;-194087;47965;24733;8
110928;-192218;47893;24850;2
118644;-163892;48375;26620;1
108459;-167060;47738;26422;1
113327;-168917;48042;26306;2
120702;-174096;48503;25983;4
104973;-173972;47520;25990;4
103140;-166045;47406;26486;1
117738;-166773;48318;26440;1
100904;-169474;47266;26271;8
107559;-173362;47682;26028;8
112598;-176113;47997;25856;4
123717;-189806;48692;25001;4
116786;-170259;48259;26222;2
126405;-181234;48860;25536;2
112635;-195707;47999;24632;2
112064;-187251;47964;25160;4
100678;-173276;47252;26034;8
116540;-169318;48243;26281;8
126011;-169962;48835;26241;8
102205;-176535;47347;25830;4
120245;-177900;48475;25745;1
108253;-194057;47725;24735;1
119445;-176364;48425;25841;1
122840;-166848;48637;26436;4
114661;-196239;48126;24599;1
116630;-170583;48249;26202;8
108668;-184502;47751;25332;4
103256;-171374;47413;26153;2
123553;-167505;48682;26394;4
125667;-178149;48814;25729;1
126007;-171402;48835;26151;1
119706;-172823;48441;26062;2
119889;-179319;48453;25656;1
126024;-193127;48836;24793;8
118456;-173473;48363;26021;2
103465;-171507;47426;26144;2
98890;-176778;47140;25815;2
130789;-172255;49134;26098;4
119771;-174386;48445;25964;8
107311;-165939;47666;26492;1
120037;-170265;48462;26222;2
108665;-167399;47751;26401;8
128996;-172671;49022;26072;4
117931;-167495;48330;26395;1
125145;-195902;48781;24620;4
108900;-164448;47766;26586;1
122182;-183740;48596;25380;1
100626;-177611;47249;25763;4
107886;-182028;47702;25487;1
122065;-169451;48589;26273;8
107654;-184192;47688;25352;1
112739;-196378;48006;24590;4
124556;-180814;48744;25563;2
125806;-188152;48822;25104;4
122698;-180299;48628;25595;2
110820;-176808;47886;25813;2
125991;-173471;48834;26022;4
111954;-180030;47957;25612;8
102943;-170437;47393;26211;1
108432;-176977;47737;25802;8
105531;-187476;47555;25146;4
126677;-167947;48877;26367;8
105266;-168253;47539;26348;8
101419;-164275;47298;26596;2
99516;-177542;47179;25767;4
108641;-192825;47750;24812;8
126644;-192809;48875;24813;8
121713;-164541;48567;26580;4
116250;-176001;48225;25863;8
109553;-184980;47807;25302;4
115062;-185886;48151;25246;8
107008;-195450;47648;24648;1
129211;-178522;49035;25706;2
126751;-173101;48881;26045;8
116456;-172923;48238;26056;8
102743;-166510;47381;26457;2
110240;-165865;47850;26497;4
122531;-170241;48618;26223;1
118179;-182890;48346;25433;8
110369;-166999;47858;26426;1
109059;-175230;47776;25912;2
108574;-194806;47745;24688;4
107234;-180854;47662;25560;4
111100;-165050;47903;26548;8
105598;-172915;47559;26056;4
121860;-190893;48576;24933;1
103914;-171255;47454;26160;4
110611;-191540;47873;24892;8
108141;-184021;47718;25362;4
126948;-183116;48894;25419;2
104803;-164748;47510;26567;4
102637;-172103;47374;26107;1
119334;-176688;48418;25821;8
121365;-182710;48545;25444;1
105448;-184250;47550;25348;1
117078;-170469;48277;26209;2
119752;-164190;48444;26602;2
124882;-170896;48765;26183;4
126412;-196275;48860;24596;8
130947;-178592;49144;25702;2
106204;-194552;47597;24704;1
106718;-195583;47629;24640;8
127698;-185250;48941;25285;2
107091;-192110;47653;24857;1
116491;-189255;48240;25035;1
125995;-171985;48834;26114;8
119136;-188385;48406;25089;1
114925;-171306;48142;26157;2
115350;-163996;48169;26614;2
107662;-168775;47688;26315;4
113200;-194379;48035;24715;2
110951;-172108;47894;26107;4
107996;-184293;47709;25345;2
118353;-176020;48357;25862;8
126606;-166116;48872;26481;1
124793;-172505;48759;26082;4
104094;-180911;47465;25557;1
129421;-172284;49048;26096;4
128146;-187409;48969;25150;4
114436;-173912;48112;25994;8
115878;-188181;48202;25102;8
116089;-176117;48215;25856;2
106326;-164996;47605;26551;1
123373;-188860;48670;25060;1
100932;-182271;47268;25472;1
116036;-178952;48212;25679;2
116366;-192274;48232;24846;8
109237;-178954;47787;25679;2
116628;-167036;48249;26424;2
124197;-166724;48722;26443;8
106092;-184113;47590;25356;8
109996;-188018;47834;25112;1
124221;-171824;48723;26125;8
101542;-181797;47306;25501;2
112576;-167236;47996;26411;8
118350;-180643;48356;25573;1
123133;-170094;48655;26233;1
124513;-166513;48742;26456;1
128361;-173364;48982;26028;8
116236;-168612;48224;26325;1
123689;-176282;48690;25846;4
116243;-194954;48225;24679;2
100335;-169983;47230;26240;8
106293;-187956;47603;25116;2
128506;-166222;48991;26475;4
110321;-180827;47855;25562;2
131024;-173631;49149;26012;4
126827;-171989;48886;26114;2
113721;-166781;48067;26440;8
121226;-178977;48536;25677;4
128519;-186361;48992;25216;2
121351;-188964;48544;25053;1
102843;-184085;47387;25358;8
114112;-172081;48092;26108;2
100668;-173420;47251;26025;8
124219;-169621;48723;26262;1
101041;-173555;47275;26016;4
107739;-186046;47693;25236;4
104879;-187837;47514;25124;8
127122;-191561;48905;24891;8
118166;-183949;48345;25367;1
115077;-172348;48152;26092;1
118366;-169898;48357;26245;4
125979;-165617;48833;26512;8
112197;-179563;47972;25641;8
127266;-182128;48914;25481;2
114103;-164949;48091;26554;2
118344;-168856;48356;26310;4
108206;-194799;47722;24689;2
114396;-188793;48109;25064;8
123559;-173142;48682;26042;4
109253;-171690;47788;26133;8
121386;-165018;48546;26550;1
119042;-182363;48400;25466;4
125929;-183084;48830;25421;4
111191;-165383;47909;26527;1
110808;-181722;47885;25506;1
120665;-177034;48501;25799;2
123771;-164893;48695;26558;4
119548;-182598;48431;25451;2
104849;-168024;47513;26362;4
124781;-166282;48758;26471;8
101564;-170644;47307;26198;2
109332;-167196;47793;26414;4
117690;-175227;48315;25912;8
100763;-177996;47257;25739;4
121431;-181145;48549;25542;2
118627;-186075;48374;25234;8
104257;-176538;47476;25830;1
104179;-186203;47471;25226;8
128324;-183868;48980;25372;4
101840;-179650;47325;25635;1
116550;-190888;48244;24933;8
100800;-170637;47260;26199;8
111534;-194158;47930;24729;1
115065;-195992;48151;24614;8
114949;-171714;48144;26131;1
118179;-178509;48346;25707;8
103657;-179485;47438;25646;8
110377;-172230;47858;26099;8
122540;-193001;48618;24801;4
111620;-178335;47936;25718;2
113846;-172858;48075;26060;2
112981;-182853;48021;25435;4
106162;-191714;47595;24881;2
111185;-194526;47909;24706;8
111850;-180894;47950;25558;2
112431;-175834;47986;25874;1
118029;-169197;48336;26289;2
111894;-184059;47953;25360;8
106871;-192055;47639;24860;1
116186;-194566;48221;24703;4
127829;-168327;48949;26343;4
107627;-184371;47686;25340;2
106272;-179279;47602;25659;4
115211;-165102;48160;26545;4
129596;-171758;49059;26129;1
118709;-186104;48379;25232;2
121298;-189910;48541;24994;2
107003;-178369;47647;25715;1
100691;-180639;47253;25574;4
118262;-176744;48351;25817;2
124294;-167153;48728;26416;8
115946;-190268;48206;24972;1
108501;-167223;47741;26412;8
119554;-183393;48432;25401;8
105722;-177105;47567;25794;2
109390;-188721;47796;25068;4
104649;-170169;47500;26228;8
118446;-182769;48362;25440;2
123649;-184128;48688;25356;8
128082;-175455;48965;25898;8
107886;-189586;47702;25014;4
118861;-188420;48388;25087;8
125295;-190556;48790;24954;8
127832;-165754;48949;26504;4
102854;-168344;47388;26342;4
115817;-164765;48198;26566;8
100535;-185505;47243;25269;4
114979;-196271;48146;24597;1
108714;-195196;47754;24664;2
113812;-193645;48073;24761;4
122626;-175773;48624;25878;8
112924;-191246;48017;24911;4
101823;-181253;47323;25535;8
104070;-166044;47464;26486;2
123970;-189168;48708;25041;2
100601;-179361;47247;25653;8
127498;-171430;48928;26149;8
128753;-167261;49007;26410;8
120763;-174363;48507;25966;2
121539;-180916;48556;25556;1
104473;-176516;47489;25831;8
112946;-173430;48019;26024;1
118657;-165408;48376;26526;1
100448;-171070;47238;26172;4
111142;-165455;47906;26523;1
105030;-194209;47524;24725;2
115753;-189950;48194;24992;8
122777;-183048;48633;25423;8
104405;-185532;47485;25268;1
118312;-191450;48354;24898;1
104842;-171160;47512;26166;1
117729;-193077;48318;24796;8
112805;-184134;48010;25355;1
111787;-191234;47946;24911;4
129023;-168151;49023;26354;1
127865;-193890;48951;24745;2
124601;-181936;48747;25493;1
123243;-171144;48662;26167;4
129590;-167728;49059;26381;4
119473;-164531;48427;26580;2
109998;-174580;47834;25952;8
107304;-186331;47666;25218;4
105444;-182370;47550;25465;1
99935;-182065;47205;25484;1
129037;-164415;49024;26588;4
119507;-183388;48429;25402;8
111780;-183916;47946;25369;2
125260;-190316;48788;24969;2
108562;-179300;47745;25657;8
130438;-173573;49112;26015;4
115220;-191199;48161;24914;4
114161;-164850;48095;26560;1
114061;-166638;48088;26449;8
128784;-186413;49009;25213;1
116140;-187316;48218;25156;2
119277;-166106;48414;26482;1
111895;-164041;47953;26611;8
114451;-170919;48113;26181;2
109542;-180083;47806;25608;1
112300;-174150;47978;25979;1
113868;-180385;48076;25589;8
111638;-180266;47937;25597;8
111851;-179863;47950;25622;2
112657;-191998;48001;24864;2
114792;-165353;48134;26529;1
122721;-170261;48630;26222;2
128520;-185937;48992;25242;2
128653;-184189;49000;25352;4
116914;-169641;48267;26261;2
115861;-191787;48201;24877;8
122840;-171802;48637;26126;2
106582;-187249;47621;25160;1
129215;-167922;49035;26368;2
105036;-172816;47524;26063;1
106886;-188609;47640;25075;1
119203;-181650;48410;25510;4
120290;-170153;48478;26229;4
108913;-182233;47767;25474;1
104294;-164904;47478;26557;8
106962;-195740;47645;24630;4
126911;-178657;48891;25697;2
107435;-177910;47674;25744;4
125698;-181164;48816;25541;4
103093;-181407;47403;25526;2
121295;-173108;48540;26044;2
105344;-187595;47544;25139;1
111810;-181310;47948;25532;4
102823;-167723;47386;26381;1
125493;-192422;48803;24837;4
113504;-173317;48054;26031;4
114397;-172793;48109;26064;1
114596;-165873;48122;26496;8
105620;-182309;47561;25469;4
126690;-168545;48878;26329;2
118440;-169938;48362;26242;1
105509;-179586;47554;25639;2
125106;-189129;48779;25043;1
98607;-163939;47122;26617;4
117515;-176924;48304;25806;1
129094;-166973;49028;26428;8
112503;-194182;47991;24727;1
104298;-166935;47478;26430;8
120499;-172690;48491;26070;1
108717;-194459;47754;24710;1
115605;-192041;48185;24861;1
109486;-191674;47802;24884;2
124095;-166599;48715;26451;8
110415;-182874;47860;25434;1
103301;-168862;47416;26310;1
105571;-188636;47558;25074;2
107109;-178704;47654;25695;1
106954;-185045;47644;25298;8
122780;-166215;48633;26475;8
114255;-190489;48100;24958;2
106925;-179128;47642;25668;1
125621;-183462;48811;25397;4
106125;-188025;47592;25112;1
106779;-178097;47633;25732;2
115744;-189519;48194;25019;2
118314;-163944;48354;26617;1
121730;-188387;48568;25089;8
120348;-194279;48481;24721;1
103307;-164304;47416;26595;8
98722;-179036;47130;25674;4
124747;-170889;48756;26183;2
119509;-180520;48429;25581;2
105926;-180724;47580;25568;1
112598;-167087;47997;26421;2
113821;-172637;48073;26074;2
126288;-171035;48853;26174;2
104948;-181061;47519;25547;2
112471;-194193;47989;24726;4
111176;-190776;47908;24940;1
110188;-174868;47846;25934;4
121285;-168991;48540;26302;8
130567;-178832;49120;25687;1
113139;-185400;48031;25276;2
124270;-170459;48726;26210;8
107572;-191000;47683;24926;1
110498;-194640;47866;24699;2
114216;-196486;48098;24583;1
130734;-178178;49130;25727;1
112133;-191919;47968;24869;2
125506;-167624;48804;26387;4
110389;-172745;47859;26067;2
106698;-186361;47628;25216;2
125446;-181331;48800;25530;8
127995;-179432;48959;25649;8
122832;-180115;48637;25606;2
119552;-181071;48432;25547;2
121972;-194070;48583;24734;2
105884;-179297;47577;25657;4
108472;-193994;47739;24739;1
100929;-176898;47268;25807;2
104816;-190588;47511;24952;8
98896;-175040;47141;25924;1
116011;-167511;48210;26394;2
122452;-189544;48613;25017;1
114420;-167936;48111;26368;4
106496;-165948;47616;26492;1
106773;-165835;47633;26499;4
119381;-164965;48421;26553;1
111658;-180220;47938;25600;8
120891;-178195;48515;25726;1
127774;-166513;48945;26456;2
107814;-194911;47698;24682;2
114124;-187554;48092;25141;8
103068;-183345;47401;25404;2
107163;-195878;47657;24621;1
124902;-182045;48766;25486;8
125863;-187547;48826;25142;4
105855;-187899;47575;25120;2
115794;-194429;48197;24712;2
122420;-179636;48611;25636;8
109246;-192486;47787;24833;2
114824;-183042;48136;25423;4
114012;-196506;48085;24582;2
125769;-164504;48820;26582;8
106734;-170724;47630;26193;2
125412;-170479;48798;26209;2
128637;-184244;48999;25348;4
120452;-176969;48488;25803;1
127235;-194416;48912;24713;2
115905;-168617;48204;26325;1
122351;-181066;48606;25547;2
118695;-167621;48378;26387;8
116539;-165881;48243;26496;8
123611;-164495;48685;26583;4
121072;-178299;48527;25720;8
117895;-166075;48328;26484;2
107905;-186140;47704;25230;2
123886;-172688;48702;26071;2
130890;-165870;49140;26497;4
113487;-195524;48052;24643;8
101071;-164502;47276;26582;2
110742;-179424;47881;25650;1
113625;-184059;48061;25360;2
115333;-187311;48168;25157;4
100495;-184968;47240;25303;2
110986;-194752;47896;24692;2
126547;-187444;48869;25148;4
107505;-182243;47679;25473;2
112709;-168238;48004;26349;1
115683;-189504;48190;25020;2
113021;-181437;48023;25524;1
99765;-172075;47195;26109;8
115459;-165974;48176;26490;1
122931;-191593;48643;24889;2
109948;-184087;47831;25358;8
101645;-167041;47312;26423;2
105817;-165768;47573;26503;2
114710;-169745;48129;26254;8
115058;-181772;48151;25503;4
117670;-193118;48314;24794;1
107048;-169492;47650;26270;1
111352;-174847;47919;25936;4
111867;-174540;47951;25955;8
106955;-193710;47644;24757;8
101732;-171995;47318;26114;8
107135;-178690;47655;25695;1
129608;-174967;49060;25928;2
100627;-172238;47249;26099;1
101901;-181695;47328;25508;8
121132;-181625;48530;25512;1
109967;-164411;47832;26588;4
108078;-195980;47714;24615;4
110342;-192869;47856;24809;4
128855;-169691;49013;26258;8
117189;-171034;48284;26174;2
115314;-165797;48167;26501;8
111651;-185780;47938;25252;4
108034;-195245;47712;24661;8
110783;-171890;47883;26120;2
116361;-169703;48232;26257;4
107757;-170325;47694;26218;4
122513;-168818;48617;26312;2
119504;-183542;48429;25392;4
121261;-179964;48538;25616;1
106352;-170829;47607;26187;8
126915;-193164;48892;24791;2
118465;-188059;48364;25110;1
120271;-167189;48476;26414;8
118751;-191511;48381;24894;4
128986;-165464;49021;26522;1
124099;-164283;48716;26596;8
121722;-174393;48567;25964;8
123770;-183965;48695;25366;4
99238;-164404;47162;26588;2
127140;-184927;48906;25306;2
106344;-188663;47606;25072;1
105468;-192796;47551;24814;1
108401;-183367;47735;25403;2
122420;-180817;48611;25562;1
117439;-193573;48299;24765;2
107978;-196420;47708;24587;8
112955;-178004;48019;25738;2
110355;-181069;47857;25547;2
116978;-166922;48271;26431;2
116122;-187583;48217;25140;1
113515;-183927;48054;25368;4
108762;-186624;47757;25200;1
102440;-170965;47362;26178;4
114088;-180553;48090;25579;4
114288;-172374;48103;26090;4
112700;-171786;48003;26127;1
115738;-166571;48193;26453;1
101492;-170536;47303;26205;1
118035;-191943;48337;24867;8
110475;-181410;47864;25525;8
112248;-192295;47975;24845;2
126774;-186427;48883;25212;4
105145;-180284;47531;25596;8
99161;-179002;47157;25676;2
124457;-182922;48738;25431;8
120103;-174475;48466;25959;8
119703;-171460;48441;26147;4
125075;-174317;48777;25969;2
116316;-193957;48229;24741;4
106786;-182399;47634;25464;2
104806;-181110;47510;25544;1
127140;-189336;48906;25030;4
116926;-186946;48267;25179;8
117603;-183698;48310;25382;1
105194;-166005;47534;26488;2
126185;-169649;48846;26260;4
113679;-180949;48064;25554;1
115564;-186101;48182;25232;4
121963;-165352;48582;26529;2
130283;-177494;49102;25770;2
121745;-164693;48569;26570;4
122292;-168836;48603;26311;2
128147;-164741;48969;26567;4
121916;-186301;48579;25220;4
128409;-170123;48985;26231;1
112764;-183655;48007;25385;1
113115;-164658;48029;26572;1
101029;-178218;47274;25725;2
124527;-196359;48742;24591;1
113403;-185677;48047;25259;1
109916;-176025;47829;25862;8
122293;-190945;48603;24929;2
111030;-180196;47899;25601;1
110640;-178476;47875;25709;1
100936;-165875;47268;26496;1
117389;-168583;48296;26327;4
110807;-187348;47885;25154;4
105649;-192517;47563;24831;4
128697;-170855;49003;26185;1
124569;-164356;48745;26591;8
115515;-188896;48179;25058;2
127127;-181889;48905;25495;1
118140;-173376;48343;26028;4
127491;-171182;48928;26165;1
104932;-187006;47518;25176;8
107310;-169150;47666;26292;1
109394;-191606;47797;24888;4
129742;-164146;49068;26604;1
113742;-194817;48068;24687;1
108519;-186435;47742;25211;4
105034;-168958;47524;26304;1
111477;-192721;47927;24818;1
122567;-193020;48620;24800;1
131019;-188031;49148;25112;1
110064;-177535;47839;25768;4
122161;-191185;48595;24914;8
126426;-172180;48861;26102;1
114453;-191878;48113;24871;1
112557;-189327;47994;25031;8
119948;-164499;48456;26582;2
111507;-171581;47929;26140;4
107180;-177140;47658;25792;8
111336;-186776;47918;25190;2
105208;-174266;47535;25972;1
121634;-179938;48562;25617;2
130060;-169320;49088;26281;1
120467;-178596;48489;25701;8
104813;-171318;47510;26156;1
119323;-164231;48417;26599;8
122981;-171961;48646;26116;1
114322;-170192;48105;26227;8
114897;-164117;48141;26606;2
121381;-189440;48546;25024;1
108783;-164304;47758;26595;1
112799;-192990;48009;24802;2
124416;-163965;48736;26616;1
109905;-191334;47829;24905;2
117445;-171998;48300;26114;4
111449;-195217;47925;24662;2
120115;-177779;48467;25752;8
125976;-163981;48833;26615;1
119658;-178730;48438;25693;8
127384;-187256;48921;25160;2
120721;-170946;48505;26179;4
108792;-167376;47759;26403;4
117734;-186750;48318;25192;8
126109;-183266;48841;25409;1
119853;-171057;48450;26172;1
110813;-184534;47885;25330;4
106190;-192908;47596;24807;4
123595;-192990;48684;24802;2
106895;-179124;47640;25668;4
120175;-165715;48470;26506;1
112804;-179014;48010;25675;1
113198;-172656;48034;26073;2
106680;-186275;47627;25221;4
106104;-171668;47591;26134;4
124192;-172161;48722;26103;4
108618;-194852;47748;24685;4
110272;-166151;47852;26479;2
128926;-174301;49017;25970;4
125405;-178542;48797;25705;2
124016;-179699;48711;25632;1
119186;-182715;48409;25444;8
121430;-193927;48549;24743;8
125426;-170813;48799;26188;4
112718;-184797;48004;25314;4
124025;-187513;48711;25144;8
127611;-165988;48935;26489;8
126372;-164670;48858;26572;2
107487;-193049;47677;24798;4
105643;-177632;47562;25762;4
110995;-187010;47897;25175;8
125360;-194319;48795;24719;8
114962;-171014;48145;26175;8
125848;-166207;48825;26476;4
105931;-181819;47580;25500;4
116108;-196501;48216;24582;8
122631;-186270;48624;25222;4
108487;-168223;47740;26350;4
119686;-172915;48440;26056;2
100169;-179400;47220;25651;1
124511;-194032;48741;24737;1
108374;-187906;47733;25119;8
121145;-170747;48531;26192;8
123669;-184132;48689;25355;2
126884;-173833;48890;25999;8
128766;-185742;49007;25255;1
125037;-181873;48774;25496;2
118823;-170122;48386;26231;1
123743;-165396;48693;26526;4
127271;-191669;48914;24884;4
102678;-168088;47377;26358;8
111234;-166037;47912;26486;1
110795;-192566;47884;24828;2
119657;-172690;48438;26070;4
113391;-194461;48046;24710;4
99898;-168729;47203;26318;2
125651;-189778;48813;25002;2
118101;-191784;48341;24877;8
100962;-171319;47270;26156;2
107684;-194896;47690;24683;2
113706;-193431;48066;24774;2
114799;-185272;48134;25284;8
124173;-190998;48720;24926;8
124864;-186908;48764;25182;1
127080;-164121;48902;26606;1
119818;-183561;48448;25391;4
127634;-182551;48937;25454;4
117535;-189936;48305;24993;4
123700;-168412;48691;26338;2
124809;-193845;48760;24748;1
110631;-179669;47874;25634;1
115084;-183462;48152;25397;1
115379;-171133;48171;26168;8
126658;-188381;48876;25090;4
118499;-176131;48366;25855;2
103117;-184310;47404;25344;2
109513;-195417;47804;24650;2
116898;-165899;48266;26495;1
121931;-170209;48580;26225;4
121248;-189846;48538;24998;1
115467;-189911;48176;24994;8
117446;-187423;48300;25150;8
125670;-178143;48814;25730;2
118582;-180393;48371;25589;8
111607;-188760;47935;25066;8
111062;-171326;47901;26156;2
117808;-173129;48323;26043;1
118114;-163872;48342;26622;4
104072;-164794;47464;26564;2
122024;-194235;48586;24724;2
108098;-166518;47716;26456;1
129478;-169840;49052;26249;1
110469;-180888;47864;25558;2
108833;-195557;47762;24641;8
119665;-183711;48439;25382;1
106676;-194949;47627;24679;2
105549;-187575;47556;25140;2
106342;-164974;47606;26553;1
125240;-165845;48787;26498;2
118251;-189837;48350;24999;2
101865;-172627;47326;26074;8
104757;-174448;47507;25961;2
127602;-184117;48935;25356;1
129849;-164085;49075;26608;8
118990;-184232;48396;25349;2
116281;-176714;48227;25819;4
113884;-174093;48077;25983;1
126448;-190994;48863;24926;2
124379;-185686;48733;25258;2
122508;-193634;48616;24761;2
117858;-169066;48326;26297;2
107453;-190291;47675;24970;4
117844;-190309;48325;24969;4
100628;-180767;47249;25566;8
106231;-181880;47599;25496;1
118282;-179807;48352;25626;1
109539;-166031;47806;26487;1
118838;-184825;48387;25312;2
119174;-170728;48408;26193;1
118980;-164971;48396;26553;8
112756;-165848;48007;26498;8
124375;-171082;48733;26171;1
124508;-188174;48741;25103;2
107052;-196350;47650;24592;2
120640;-166322;48500;26468;2
130744;-167683;49131;26383;1
128962;-187273;49020;25159;2
108972;-184796;47770;25314;2
112068;-195006;47964;24676;4
117089;-189966;48278;24991;1
112886;-172013;48015;26113;1
120701;-172288;48503;26096;4
112542;-167803;47993;26376;8
111776;-186152;47946;25229;1
127261;-183537;48913;25392;8
101095;-179902;47278;25620;1
106618;-195540;47623;24642;4
98921;-176167;47142;25853;4
110238;-172646;47849;26073;4
101871;-182613;47326;25450;4
115503;-167881;48178;26371;4
129448;-167069;49050;26422;4
128856;-172060;49013;26110;2
111454;-185619;47925;25262;2
100709;-184491;47254;25333;2
127266;-166733;48914;26443;8
116316;-170415;48229;26213;4
128854;-186651;49013;25198;1
107080;-192915;47652;24806;1
114564;-181834;48120;25499;1
110332;-191636;47855;24886;1
117239;-168060;48287;26360;8
117556;-189573;48307;25015;8
121496;-171449;48553;26148;2
100435;-179196;47237;25664;2
119783;-181423;48446;25525;4
110683;-179540;47877;25642;8
122448;-175612;48613;25888;2
113206;-193625;48035;24762;4
115464;-185941;48176;25242;1
112131;-192048;47968;24861;4
122153;-184104;48594;25357;4
99547;-176805;47181;25813;1
101617;-172739;47311;26067;8
126745;-187084;48881;25171;4
129170;-167648;49033;26386;4
126169;-164519;48845;26581;1
125133;-195750;48780;24629;2
117432;-188193;48299;25101;2
108028;-171767;47711;26128;2
122276;-168474;48602;26334;4
128999;-170404;49022;26213;1
115220;-181060;48161;25547;8
100541;-180770;47243;25565;1
116042;-164988;48212;26552;1
126559;-187280;48869;25159;8
111469;-194603;47926;24701;8
122628;-164409;48624;26588;8
114032;-171872;48087;26122;2
104109;-167789;47466;26377;2
127891;-182767;48953;25441;8
104670;-175499;47501;25895;8
105638;-186795;47562;25189;2
111889;-188643;47953;25073;4
101987;-177635;47334;25761;4
103875;-181628;47452;25512;4
110357;-182609;47857;25450;2
123502;-184830;48678;25312;2
106916;-187942;47642;25117;8
115029;-183857;48149;25372;2
110497;-194547;47866;24704;1
124776;-179422;48758;25650;1
122080;-186863;48590;25185;1
107824;-167780;47699;26377;4
106084;-187339;47590;25155;4
103315;-183431;47417;25399;8
118169;-173193;48345;26039;1
123970;-180054;48708;25610;4
105635;-165087;47562;26546;1
105987;-178114;47584;25731;8
117976;-190978;48333;24927;4
103675;-181413;47439;25525;2
102943;-176940;47393;25805;4
106654;-187721;47625;25131;2
107591;-177643;47684;25761;8
111602;-188714;47935;25069;8
123172;-172293;48658;26095;2
101101;-180652;47278;25573;8
107254;-193768;47663;24753;1
125099;-164219;48778;26600;1
106430;-165825;47611;26499;4
129028;-168813;49024;26313;8
126211;-185190;48848;25289;1
125466;-166787;48801;26439;1
112052;-193037;47963;24799;4
116559;-195424;48244;24650;2
106732;-169058;47630;26297;4
120571;-166331;48495;26468;4
109247;-196311;47787;24594;1
100174;-180125;47220;25606;8
105804;-190931;47572;24930;4
117637;-165671;48312;26509;4
128774;-174306;49008;25969;1
130694;-169947;49128;26242;2
114245;-183303;48100;25407;2
121414;-165294;48548;26533;1
102131;-183200;47343;25414;8
127124;-178312;48905;25719;2
124242;-167250;48725;26410;1
112074;-182927;47964;25431;8
126645;-188375;48875;25090;1
122068;-172279;48589;26096;4
111463;-181130;47926;25543;1
114242;-164100;48100;26607;2
123387;-168080;48671;26359;8
121103;-171791;48528;26127;2
102307;-183857;47354;25372;8
118085;-174978;48340;25927;2
118567;-164826;48370;26562;1
117488;-187697;48303;25132;4
111070;-181024;47901;25550;8
113254;-181816;48038;25500;1
130807;-167748;49135;26379;1
109910;-174631;47829;25949;4
108573;-166910;47745;26432;2
113340;-188377;48043;25090;1
118635;-164403;48374;26588;1
105588;-189337;47559;25030;8
128312;-166096;48979;26483;1
102987;-174399;47396;25964;1
111993;-179891;47959;25620;4
103519;-166755;47429;26441;1
116617;-169305;48248;26282;2
110938;-178761;47893;25691;1
101767;-184138;47320;25355;1
109178;-179017;47783;25675;8
102885;-164979;47390;26552;4
114727;-183789;48130;25377;1
111872;-181549;47952;25517;8
109820;-167054;47823;26423;1
122767;-174730;48632;25943;2
122551;-192750;48619;24817;4
115146;-188072;48156;25109;2
115960;-171176;48207;26165;1
115511;-169868;48179;26247;4
129089;-183910;49028;25369;2
104378;-180458;47483;25585;8
106756;-170135;47632;26230;4
113608;-190792;48060;24939;2
128878;-185453;49014;25273;1
116266;-180485;48226;25583;1
129725;-173898;49067;25995;4
113534;-177868;48055;25747;1
127101;-179042;48903;25673;8
113743;-181673;48068;25509;4
113497;-195632;48053;24637;2
106282;-189180;47602;25040;2
100452;-169386;47238;26277;1
113684;-172950;48065;26054;2
110045;-166689;47837;26445;1
125583;-168425;48808;26337;8
124499;-192087;48741;24858;2
110641;-172774;47875;26065;1
112864;-178610;48014;25700;4
119329;-187804;48418;25126;8
117305;-168531;48291;26330;4
104671;-168268;47501;26347;8
105240;-167267;47537;26409;1
115516;-194756;48179;24691;1
113887;-183315;48077;25406;8
118219;-172599;48348;26076;8
101472;-171765;47302;26128;8
124529;-175819;48743;25875;1
106407;-167351;47610;26404;8
120254;-170042;48475;26236;1
105211;-172780;47535;26065;8
113077;-191206;48027;24913;1
111079;-178233;47902;25724;4
109736;-165923;47818;26493;1
105789;-184923;47571;25306;8
99028;-174941;47149;25930;1
117747;-165657;48319;26510;8
99199;-175049;47159;25923;1
126159;-191416;48844;24900;4
106234;-169682;47599;26258;2
110671;-166672;47876;26447;8
117172;-191429;48283;24899;4
122926;-187281;48642;25158;8
112821;-177988;48011;25739;2
118098;-190928;48341;24931;1
113990;-168249;48084;26348;1
113723;-167828;48067;26374;1
106431;-177380;47611;25777;1
114477;-166354;48114;26466;1
107748;-164735;47694;26568;1
102303;-170444;47353;26211;4
119744;-174718;48444;25944;8
119245;-180844;48412;25561;8
109507;-191690;47804;24883;2
106661;-195502;47626;24645;1
105857;-170429;47576;26212;8
109316;-194596;47792;24701;4
113519;-181464;48054;25522;2
114883;-168932;48140;26305;8
113555;-194221;48057;24725;1
126794;-190724;48884;24943;4
124026;-189121;48711;25043;4
128520;-173159;48992;26041;1
101756;-171201;47319;26163;2
113790;-175294;48071;25908;1
124334;-189377;48730;25027;8
105468;-171248;47551;26161;4
125054;-166684;48775;26446;1
112756;-183638;48007;25386;4
111358;-191482;47919;24896;1
115724;-192310;48192;24844;1
114561;-181523;48120;25518;8
117581;-164679;48308;26571;1
121094;-181236;48528;25536;4
117781;-178042;48321;25736;8
113748;-182468;48069;25459;8
115944;-169977;48206;26240;1
126090;-169363;48840;26278;8
102440;-166516;47362;26456;1
115685;-164492;48190;26583;8
125273;-195393;48789;24651;8
115619;-167904;48186;26370;4
116191;-178971;48221;25678;8
103186;-173446;47409;26023;8
128808;-174379;49010;25965;1
127712;-165171;48942;26540;2
130030;-177886;49086;25746;8
120602;-174530;48497;25955;4
125906;-195448;48829;24648;1
120984;-178940;48521;25680;8
106312;-189733;47604;25005;1
130025;-174098;49086;25982;2
122089;-190427;48590;24962;4
109975;-174505;47833;25957;1
103351;-179658;47419;25635;8
103185;-166001;47409;26488;4
120781;-177340;48508;25780;8
103254;-168727;47413;26318;1
124187;-167984;48721;26365;2
115483;-171352;48177;26154;4
121173;-164800;48533;26564;2
123528;-194172;48680;24728;8
126057;-171320;48838;26156;1
119382;-175319;48421;25906;4
114753;-165114;48132;26544;8
110599;-166190;47872;26477;1
128562;-179229;48995;25662;4
120431;-172385;48486;26089;4
122183;-184146;48596;25354;8
103493;-181562;47428;25516;1
117633;-173344;48312;26030;2
115803;-187534;48197;25143;2
101763;-164232;47320;26599;8
106080;-167950;47590;26367;8
113140;-179100;48031;25670;2
107731;-190574;47693;24953;4
121791;-171178;48571;26165;2
114090;-190684;48090;24946;1
109149;-175043;47781;25923;4
111019;-180722;47898;25568;2
115316;-187612;48167;25138;4
128414;-178171;48985;25728;8
115128;-187625;48155;25137;1
110477;-165812;47864;26500;2
123333;-188692;48668;25070;4
112367;-181377;47982;25527;8
102583;-169991;47371;26239;4
107573;-194695;47683;24695;4
111990;-188232;47959;25099;1
128282;-165632;48977;26512;4
113034;-183656;48024;25385;2
115712;-166292;48192;26470;4
107069;-194652;47651;24698;2
105873;-172163;47577;26103;8
113556;-178121;48057;25731;4
125815;-188107;48823;25107;2
123261;-169354;48663;26279;8
126598;-178834;48872;25686;4
123803;-167915;48697;26369;1
124192;-195445;48722;24648;2
127137;-164089;48906;26608;8
107028;-186007;47649;25238;2
115382;-193590;48171;24764;8
106504;-172288;47616;26096;1
115296;-185307;48166;25282;2
110114;-191630;47842;24887;8
118426;-181905;48361;25494;1
111905;-189719;47954;25006;2
106481;-189985;47615;24989;8
108399;-170410;47734;26213;8
117474;-191017;48302;24925;1
112562;-193153;47995;24791;4
105953;-184384;47582;25340;4
126985;-165080;48896;26546;4
117009;-182249;48273;25473;1
112600;-168610;47997;26325;8
114815;-183360;48135;25404;1
114356;-167926;48107;26368;4
110668;-188572;47876;25078;4
117079;-189393;48277;25026;4
110155;-180560;47844;25579;2
104623;-185753;47498;25254;2
124575;-172586;48745;26077;2
111574;-180827;47933;25562;8
104995;-171565;47522;26141;4
101456;-175456;47301;25898;2
111743;-188016;47943;25113;4
125211;-190524;48785;24956;4
111109;-181683;47904;25508;4
115698;-194831;48191;24687;1
121545;-170519;48556;26206;8
107561;-193337;47682;24780;4
120400;-164102;48485;26607;8
110740;-191639;47881;24886;8
122514;-193394;48617;24776;8
109428;-194870;47799;24684;1
111505;-171685;47929;26133;1
114836;-181711;48137;25507;4
116963;-174576;48270;25953;4
123192;-179900;48659;25620;1
122394;-185604;48609;25263;8
105072;-179874;47527;25621;4
106051;-172034;47588;26111;1
124187;-167072;48721;26422;8
107307;-192985;47666;24802;2
107839;-191243;47699;24911;1
101975;-181995;47333;25489;2
103772;-181188;47445;25539;4
113794;-164142;48072;26605;8
121595;-178845;48559;25686;8
116538;-166360;48243;26466;2
120995;-177548;48522;25767;4
115617;-165625;48186;26512;1
108920;-185674;47767;25259;8
124438;-190095;48737;24983;2
103643;-169776;47437;26253;2
106839;-195925;47637;24618;2
118536;-176444;48368;25836;4
120330;-172549;48480;26079;1
120875;-180985;48514;25552;2
120699;-169578;48503;26265;2
113855;-189094;48075;25045;1
101287;-180381;47290;25590;1
112820;-195033;48011;24674;8
114302;-166529;48103;26455;8
107164;-170940;47657;26180;2
113028;-171381;48024;26152;2
128412;-171445;48985;26148;8
118068;-192695;48339;24820;8
118619;-165387;48373;26527;4
116101;-175880;48216;25871;4
126422;-172103;48861;26107;2
123157;-191867;48657;24872;1
126363;-193993;48857;24739;8
101936;-181936;47331;25493;8
118972;-188610;48395;25075;1
119924;-164587;48455;26577;8
104587;-182811;47496;25438;8
120523;-166853;48492;26435;4
120535;-172110;48493;26107;4
113949;-168890;48081;26308;4
109019;-175924;47773;25868;4
126608;-165390;48873;26527;1
106621;-185404;47623;25276;4
112404;-176101;47985;25857;1
125153;-175624;48782;25887;8
118285;-167664;48352;26385;1
110454;-164692;47863;26570;4
106355;-188802;47607;25063;2
115576;-195944;48183;24617;4
124004;-193224;48710;24787;8
122915;-169080;48642;26296;8
116089;-170156;48215;26229;1
129561;-169894;49057;26245;8
101295;-173913;47290;25994;2
126524;-169448;48867;26273;8
116497;-170840;48241;26186;8
122561;-185702;48620;25257;8
108476;-168426;47739;26337;4
107449;-194799;47675;24689;4
104186;-167946;47471;26367;4
101310;-164719;47291;26569;4
102195;-166920;47347;26431;1
111597;-175205;47934;25913;4
115491;-195202;48178;24663;2
111234;-166014;47912;26488;1
123588;-195172;48684;24665;8
121249;-182765;48538;25441;2
106062;-170514;47588;26206;1
101073;-171487;47277;26146;1
130171;-175700;49095;25882;2
103848;-179559;47450;25641;2
128267;-174448;48976;25961;1
112796;-186109;48009;25232;4
114381;-188990;48108;25052;4
123401;-173424;48672;26025;4
114732;-194917;48130;24681;8
105293;-169052;47540;26298;4
111505;-181201;47929;25538;1
109413;-196374;47798;24590;8
125584;-168936;48809;26305;1
125651;-187813;48813;25125;2
114303;-187735;48103;25130;8
122521;-167962;48617;26366;1
100356;-185532;47232;25268;1
124015;-167685;48710;26383;1
123800;-175562;48697;25891;8
105758;-196135;47569;24605;1
111993;-175299;47959;25907;2
120468;-190773;48489;24940;1
116683;-171533;48252;26143;8
101693;-179490;47315;25645;8
125382;-193281;48796;24783;8
112827;-195447;48011;24648;2
116429;-171022;48236;26175;1
126740;-170125;48881;26231;2
117905;-190256;48329;24973;8
124545;-182053;48744;25485;4
127947;-184137;48956;25355;1
126286;-174311;48852;25969;8
122901;-189396;48641;25026;2
100023;-166572;47211;26453;4
116984;-181333;48271;25530;1
128273;-180232;48977;25599;8
123506;-192247;48679;24848;1
116138;-170928;48218;26181;2
101434;-166278;47299;26471;8
127139;-190321;48906;24968;4
119167;-166675;48407;26446;1
109473;-178327;47802;25718;4
129702;-164882;49066;26558;4
103385;-171794;47421;26126;4
106736;-171222;47631;26162;8
118696;-176694;48378;25820;8
127776;-168870;48946;26309;8
118499;-191180;48366;24915;2
112713;-196114;48004;24606;4
102772;-167364;47383;26403;4
107001;-181727;47647;25506;2
114114;-188491;48092;25083;2
104369;-174407;47483;25963;1
128005;-170439;48960;26211;1
102261;-180588;47351;25577;8
120359;-172267;48482;26097;1
118178;-173362;48346;26028;8
124356;-189512;48732;25019;2
112745;-183462;48006;25397;1
116226;-187614;48224;25138;8
123554;-188789;48682;25064;2
123016;-195830;48648;24624;1
103648;-178828;47438;25687;1
121056;-168053;48526;26360;2
117402;-189723;48297;25006;4
106016;-164745;47586;26567;2
127809;-184830;48948;25312;4
98780;-174795;47133;25939;4
129956;-171928;49082;26118;2
123233;-173765;48662;26003;2
106836;-181571;47637;25515;4
129976;-173308;49083;26032;1
108977;-174965;47771;25928;2
126886;-190237;48890;24974;4
126898;-166915;48891;26431;4
116718;-176124;48254;25856;2
99777;-174056;47196;25985;1
114798;-173936;48134;25993;8
116416;-171680;48236;26134;1
112950;-168510;48019;26332;8
121802;-171774;48572;26128;8
118585;-178105;48371;25732;2
113534;-180590;48055;25577;1
110777;-173289;47883;26033;4
125895;-187201;48828;25163;8
117994;-170118;48334;26231;4
116984;-171762;48271;26128;4
118228;-180502;48349;25582;4
122156;-178266;48594;25722;4
130177;-168930;49096;26305;1
101329;-173303;47293;26032;1
121406;-194122;48547;24731;1
124171;-167191;48720;26414;8
117798;-167530;48322;26393;4
127761;-167306;48945;26407;2
127968;-173815;48958;26000;2
118820;-180399;48386;25589;8
114529;-165115;48118;26544;1
114609;-167300;48123;26407;4
119056;-170304;48401;26220;1
126704;-183652;48879;25385;1
101545;-171264;47306;26160;1
100747;-171204;47256;26163;2
126360;-167881;48857;26371;4
122765;-164194;48632;26601;8
130462;-166138;49113;26480;8
120723;-164240;48505;26599;4
100478;-171506;47239;26144;2
107929;-189174;47705;25040;1
104656;-180468;47501;25584;2
118506;-191274;48366;24909;8
127748;-182784;48944;25440;4
100606;-182430;47247;25462;4
107262;-192082;47663;24858;2
124740;-194542;48756;24705;8
129669;-175262;49064;25910;8
120561;-172339;48495;26092;1
123751;-167896;48694;26370;2
104949;-169149;47519;26292;1
127316;-185425;48917;25274;2
99170;-164834;47158;26561;2
127953;-169712;48957;26257;2
113512;-192502;48054;24832;1
113029;-179628;48024;25637;4
113360;-185333;48045;25280;8
116675;-165685;48252;26508;1
104766;-182542;47507;25455;2
117077;-193501;48277;24770;1
99427;-178377;47174;25715;1
120805;-173377;48510;26027;4
112432;-189760;47987;25004;2
123030;-169516;48649;26269;8
119696;-177349;48441;25779;1
109574;-167375;47808;26403;8
111008;-179916;47898;25619;1
107050;-182303;47650;25470;2
108029;-188878;47711;25059;1
125137;-181690;48781;25508;4
109029;-194553;47774;24704;4
104781;-164414;47508;26588;4
106980;-164150;47646;26604;4
105440;-177254;47550;25785;1
123147;-184650;48656;25323;4
122332;-165657;48605;26510;2
125530;-170108;48805;26232;8
115907;-186177;48204;25227;8
122938;-166080;48643;26484;2
126412;-181047;48860;25548;2
119110;-182906;48404;25432;4
117490;-174161;48303;25978;8
119838;-177532;48449;25768;1
121909;-167233;48579;26411;1
105745;-170608;47569;26201;4
107715;-180184;47692;25602;2
103866;-167392;47451;26402;2
103031;-165261;47399;26535;1
126468;-174231;48864;25974;2
121626;-166406;48561;26463;1
125611;-168199;48810;26351;2
123278;-178640;48664;25699;1
113195;-183949;48034;25367;8
103054;-174228;47400;25974;4
121110;-180869;48529;25559;2
127091;-184810;48903;25313;2
110746;-183767;47881;25378;2
130353;-165770;49107;26503;4
118368;-166974;48358;26428;2
116428;-193273;48236;24784;1
105975;-179588;47583;25639;4
118486;-179166;48365;25666;2
119476;-165013;48427;26550;2
101619;-168830;47311;26312;1
105523;-191967;47555;24866;2
106536;-192421;47618;24837;1
123163;-168045;48657;26361;2
116900;-172331;48266;26093;1
125833;-170102;48824;26232;8
101932;-183801;47330;25376;4
122969;-171312;48645;26157;2
107634;-194393;47687;24714;1
105439;-181392;47549;25527;2
101206;-173390;47285;26027;4
124047;-165269;48712;26534;2
119045;-165176;48400;26540;8
124758;-171359;48757;26154;2
124963;-178796;48770;25689;2
110347;-179934;47856;25618;1
119464;-187659;48426;25135;8
118495;-172420;48365;26087;1
124680;-171391;48752;26152;4
124028;-190532;48711;24955;8
115101;-185967;48153;25241;2
113481;-180554;48052;25579;8
112572;-193774;47995;24753;2
105098;-171028;47528;26174;1
113165;-191250;48032;24910;2
99538;-176928;47181;25806;8
125848;-171053;48825;26173;2
127178;-167064;48908;26422;8
108975;-196068;47770;24609;1
119450;-174141;48425;25980;8
112315;-193090;47979;24795;2
108045;-176825;47712;25812;8
102153;-167541;47344;26392;1
125186;-184277;48784;25346;2
102967;-170527;47395;26206;2
112932;-193556;48018;24766;4
121961;-173043;48582;26048;8
104294;-165684;47478;26508;8
120531;-190802;48493;24938;8
106106;-178563;47591;25703;4
112252;-193097;47975;24795;4
129308;-172131;49041;26105;4
99365;-182395;47170;25464;4
130568;-175730;49120;25880;4
111649;-171534;47938;26143;1
106694;-176888;47628;25808;4
120060;-164252;48463;26598;1
112963;-196469;48020;24584;1
111141;-171396;47906;26151;8
111033;-164882;47899;26558;2
123434;-170248;48674;26223;2
114940;-166427;48143;26462;8
108699;-174646;47753;25948;8
119573;-165086;48433;26546;8
119153;-174168;48407;25978;2
102713;-167680;47379;26384;8
126372;-169079;48858;26296;1
105990;-177250;47584;25785;2
107971;-180633;47708;25574;2
123984;-195522;48709;24643;4
106389;-177978;47609;25740;2
102000;-165392;47335;26527;2
117918;-185810;48329;25250;4
124574;-165883;48745;26496;1
116692;-180519;48253;25581;8
106061;-190080;47588;24984;8
126213;-168619;48848;26325;1
120060;-172765;48463;26066;2
126208;-183101;48848;25420;1
122430;-165773;48611;26503;4
121214;-185219;48535;25287;2
126364;-180928;48857;25556;4
104966;-186903;47520;25182;2
120483;-164321;48490;26593;4
105689;-184692;47565;25320;1
103499;-179430;47428;25649;4
116362;-188917;48232;25056;4
127145;-179390;48906;25652;2
114362;-180329;48107;25593;1
122889;-183773;48640;25378;4
114005;-178667;48085;25697;4
126944;-182651;48894;25448;2
103210;-166285;47410;26471;8
108000;-183691;47710;25383;1
114923;-182907;48142;25432;8
112000;-175146;47960;25917;1
104468;-183331;47489;25405;8
105471;-179847;47551;25623;4
125846;-187009;48825;25175;4
102641;-180716;47375;25569;8
115190;-186774;48159;25190;2
104285;-181994;47477;25489;2
125457;-185005;48801;25301;2
128866;-170923;49014;26181;2
119350;-172585;48419;26077;1
124432;-172282;48737;26096;2
113701;-175288;48066;25908;1
107605;-178656;47685;25698;2
123150;-185090;48656;25295;8
119704;-174392;48441;25964;2
118662;-181958;48376;25491;4
130130;-182787;49093;25439;1
122994;-174549;48647;25954;2
109772;-184557;47820;25329;8
102964;-180068;47395;25609;1
128480;-184226;48990;25349;1
124065;-169681;48714;26258;1
117207;-192585;48285;24827;4
114277;-180978;48102;25552;8
119520;-183009;48430;25425;4
99203;-164361;47160;26591;8
103718;-182381;47442;25465;1
116456;-176025;48238;25862;4
121485;-165380;48552;26527;2
99648;-166355;47188;26466;4
112061;-187354;47963;25154;1
111265;-192654;47914;24823;8
129109;-187833;49029;25124;8
124514;-192026;48742;24862;2
129731;-172118;49068;26106;8
107899;-181624;47703;25512;8
130460;-174097;49113;25982;4
114417;-165087;48111;26546;1
119408;-171702;48423;26132;4
106806;-178659;47635;25697;2
110955;-195685;47894;24633;1
101006;-173036;47272;26049;1
112880;-194422;48015;24712;8
105834;-169610;47574;26263;4
108478;-179410;47739;25650;4
125579;-168338;48808;26342;2
109693;-183229;47815;25412;1
103272;-166207;47414;26476;8
129875;-173662;49077;26010;2
100665;-169075;47251;26296;4
110114;-179090;47842;25670;8
122873;-166894;48639;26433;4
118004;-187897;48335;25120;2
125282;-165731;48790;26505;8
107063;-189392;47651;25027;1
121485;-189057;48552;25047;1
122737;-174928;48631;25931;1
110863;-180610;47888;25575;2
117120;-190678;48280;24946;1
108544;-185486;47744;25271;8
124609;-180214;48748;25600;4
116518;-177295;48242;25783;2
116559;-169394;48244;26276;2
122970;-181195;48645;25539;8
126795;-164163;48884;26603;1
115536;-168849;48181;26310;8
124458;-186983;48738;25177;4
102271;-175374;47351;25903;8
102390;-174633;47359;25949;1
104906;-183532;47516;25393;4
101671;-185465;47314;25272;4
118596;-173581;48372;26015;4
104570;-164649;47495;26573;4
102844;-180559;47387;25579;4
101636;-175732;47312;25880;8
125390;-172220;48796;26100;8
112444;-179838;47987;25624;4
105520;-191776;47555;24878;4
100782;-170684;47258;26196;8
117552;-178733;48307;25693;4
118804;-190701;48385;24945;4
106142;-165343;47593;26530;2
107243;-192936;47662;24805;1
109345;-189594;47794;25014;8
125035;-171185;48774;26164;8
102610;-181580;47373;25515;8
105937;-167749;47581;26379;1
106790;-169869;47634;26247;4
121955;-168035;48582;26361;1
121855;-165072;48575;26547;1
100774;-170358;47258;26216;4
103781;-173731;47446;26005;1
129285;-172093;49040;26108;8
128408;-176653;48985;25823;2
104847;-182186;47512;25477;4
128248;-175692;48975;25883;4
113268;-195399;48039;24651;2
123380;-176468;48671;25834;1
102698;-169845;47378;26248;2
127807;-184428;48947;25337;4
104808;-174949;47510;25929;8
118855;-179506;48388;25644;8
104774;-181080;47508;25546;8
116770;-172877;48258;26059;2
107245;-188247;47662;25098;2
105817;-166665;47573;26447;8
117505;-169566;48304;26266;4
107302;-196407;47666;24588;1
107297;-196024;47666;24612;8
122598;-169415;48622;26275;4
105106;-171389;47529;26152;1
109480;-184499;47802;25332;1
118709;-179684;48379;25633;1
108258;-166729;47726;26443;2
106069;-164764;47589;26566;8
113502;-173172;48053;26040;2
112421;-165487;47986;26521;4
124215;-166790;48723;26439;1
110791;-183800;47884;25376;8
118190;-176532;48346;25830;2
101721;-171827;47317;26124;8
102777;-166642;47383;26448;1
105594;-186062;47559;25235;4
118366;-191458;48357;24897;1
116288;-194543;48228;24705;1
123493;-182664;48678;25447;2
108504;-177064;47741;25797;4
106603;-188311;47622;25094;8
123542;-178634;48681;25699;2
105245;-188299;47537;25095;8
106263;-186366;47601;25216;4
117738;-171145;48318;26167;8
105867;-191245;47576;24911;8
125199;-192366;48784;24841;2
103076;-172408;47402;26088;2
100262;-172933;47226;26055;8
99503;-179625;47178;25637;1
107885;-170532;47702;26205;8
101236;-184119;47287;25356;8
129122;-185280;49030;25284;1
103778;-165772;47446;26503;1
117675;-167780;48314;26377;1
111272;-195902;47914;24620;1
111993;-184659;47959;25322;8
124112;-169393;48717;26276;8
114818;-186874;48136;25184;2
111364;-181068;47920;25547;1
98912;-174821;47142;25937;8
127918;-166591;48954;26452;4
125686;-178277;48815;25721;8
125415;-170317;48798;26219;4
123131;-164159;48655;26604;1
124154;-165792;48719;26502;2
117978;-190097;48333;24982;2
110366;-165253;47857;26535;4
125607;-179554;48810;25641;1
102304;-180540;47354;25580;4
99898;-183254;47203;25410;4
107958;-191155;47707;24916;4
106658;-164632;47626;26574;2
113838;-167267;48074;26409;2
107461;-191926;47676;24868;1
108344;-170570;47731;26203;8
115296;-164871;48166;26559;2
125747;-177026;48819;25799;2
115834;-193596;48199;24764;8
103632;-167333;47437;26405;2
100788;-178750;47259;25692;1
105250;-172952;47538;26054;4
105273;-182095;47539;25483;2
108837;-196580;47762;24577;2
107528;-178062;47680;25735;1
119038;-178492;48399;25708;4
116557;-186768;48244;25191;1
110380;-184509;47858;25332;1
110112;-166843;47842;26436;8
117976;-177042;48333;25798;2
107309;-181323;47666;25531;2
107382;-180836;47671;25561;1
115463;-170200;48176;26226;1
109050;-165253;47775;26535;2
106354;-186801;47607;25188;1
109120;-182252;47780;25473;4
130677;-174544;49127;25955;2
112270;-174076;47976;25984;8
121838;-188158;48574;25104;2
106748;-187912;47631;25119;8
122967;-175830;48645;25874;1
127683;-189752;48940;25004;8
106203;-188924;47597;25056;1
101485;-164386;47302;26589;8
111685;-186445;47940;25211;8
110863;-171374;47888;26153;8
118282;-187884;48352;25121;2
99954;-169218;47207;26287;1
128318;-165200;48979;26539;2
109225;-179166;47786;25666;1
102134;-183800;47343;25376;4
130937;-168821;49143;26312;8
99955;-169168;47207;26291;8
127629;-194204;48936;24726;8
116492;-186120;48240;25231;1
129248;-176679;49038;25821;4
121347;-176792;48544;25814;2
120770;-168852;48508;26310;8
109816;-178498;47823;25707;1
110038;-193651;47837;24760;1
110432;-194221;47862;24725;4
105333;-193590;47543;24764;1
105975;-188621;47583;25075;4
123014;-172798;48648;26064;1
115300;-167526;48166;26393;4
110180;-188149;47846;25104;4
121602;-188294;48560;25095;2
104843;-169740;47512;26255;2
113979;-194878;48083;24684;2
102786;-165663;47384;26510;8
121524;-170158;48555;26229;2
127394;-187351;48922;25154;1
123767;-184597;48695;25326;2
125781;-187628;48821;25137;4
108429;-182285;47736;25471;2
130786;-175022;49134;25925;4
118882;-171736;48390;26130;8
128781;-186435;49008;25211;4
118268;-189838;48351;24999;1
103826;-167940;47449;26367;1
119780;-180655;48446;25573;1
105312;-173407;47542;26026;8
99479;-167849;47177;26373;1
126055;-183069;48838;25422;8
118525;-164469;48367;26584;1
125243;-179450;48787;25648;1
117119;-192550;48279;24829;4
116867;-168132;48264;26355;1
114394;-194142;48109;24730;2
105585;-172136;47559;26105;1
108842;-194428;47762;24712;1
119424;-172564;48424;26078;4
108571;-167243;47745;26411;4
107439;-180211;47674;25600;8
126073;-167122;48839;26418;2
103345;-168004;47419;26363;8
122663;-178860;48626;25685;1
121149;-164804;48531;26563;2
99632;-181836;47187;25499;8
109043;-186554;47775;25204;4
119707;-173222;48441;26037;2
109278;-188293;47789;25095;4
105005;-184164;47522;25353;2
111538;-189708;47931;25007;2
106141;-191397;47593;24901;2
121470;-167472;48551;26397;4
100747;-172769;47256;26065;1
126692;-173945;48878;25992;8
100490;-183482;47240;25396;8
115182;-190972;48158;24928;4
104862;-173159;47513;26041;2
118383;-169591;48358;26264;8
107318;-194087;47667;24733;4
126671;-174770;48876;25940;2
104544;-180636;47494;25574;4
116605;-188973;48247;25053;1
101387;-164132;47296;26605;4
124014;-169553;48710;26266;2
125463;-190792;48801;24939;4
109455;-172577;47800;26077;8
116522;-190565;48242;24953;1
123924;-170290;48705;26220;4
107997;-170464;47709;26210;8
125238;-186575;48787;25203;8
113771;-172935;48070;26055;4
130006;-171935;49085;26118;8
114099;-190157;48091;24979;1
113543;-192701;48056;24820;8
115965;-195417;48207;24650;1
105055;-179372;47525;25653;4
108737;-177996;47756;25739;2
107744;-183119;47694;25419;8
129637;-175126;49062;25918;1
111860;-196347;47951;24592;8
112948;-194276;48019;24721;4
112860;-166165;48013;26478;4
111319;-176496;47917;25833;8
115294;-169647;48165;26261;8
112659;-165082;48001;26546;8
104461;-168635;47488;26324;8
126942;-180548;48893;25579;2
109331;-183320;47793;25406;8
104420;-171784;47486;26127;4
111430;-183886;47924;25371;4
109142;-171546;47781;26142;1
125897;-167933;48828;26368;1
122312;-189861;48604;24997;4
103622;-183320;47436;25406;2
116942;-172365;48268;26091;4
112316;-190680;47979;24946;2
130387;-164483;49109;26583;4
118041;-173963;48337;25991;8
102156;-182526;47344;25456;2
111801;-185735;47947;25255;1
107103;-179175;47653;25665;4
109159;-185181;47782;25290;8
123101;-192257;48653;24847;2
130601;-176042;49122;25861;1
105689;-172243;47565;26098;4
125037;-171003;48774;26176;2
108658;-179397;47751;25651;2
122136;-176417;48593;25837;2
125882;-179563;48827;25641;8
128830;-169674;49011;26259;4
117111;-180492;48279;25583;4
118222;-190535;48348;24955;4
102776;-170605;47383;26201;4
106357;-196089;47607;24608;4
108355;-166699;47732;26445;4
100603;-170717;47247;26194;2
101039;-183429;47274;25399;8
119423;-178518;48423;25706;2
127858;-164994;48951;26551;4
125605;-169873;48810;26246;8
130806;-176491;49135;25833;2
109051;-185217;47775;25287;8
108710;-186433;47754;25211;2
124383;-191859;48733;24872;8
116380;-196331;48233;24593;8
107679;-195623;47689;24637;2
100620;-183180;47248;25415;4
111272;-174928;47914;25931;8
113873;-182869;48077;25434;2
117407;-192715;48297;24819;1
102988;-168433;47396;26336;8
113560;-164849;48057;26560;4
126363;-173660;48857;26010;4
111218;-190453;47911;24960;4
118644;-164486;48375;26583;8
112904;-172474;48016;26084;4
113805;-193327;48072;24781;4
111773;-174435;47945;25961;2
112611;-194235;47998;24724;1
106090;-180256;47590;25598;1
106871;-168599;47639;26326;2
110040;-176842;47837;25811;2
107968;-164047;47708;26611;4
117999;-183799;48334;25376;8
125828;-186160;48824;25229;4
115163;-185592;48157;25264;8
126047;-178712;48837;25694;4
120627;-196337;48499;24592;2
124974;-167262;48770;26410;2
121623;-183770;48561;25378;2
129288;-167892;49040;26370;2
124154;-190375;48719;24965;1
104486;-186220;47490;25225;4
121585;-171971;48559;26115;2
107096;-194493;47653;24708;1
106657;-191926;47626;24868;8
125991;-193667;48834;24759;2
116707;-170585;48254;26202;1
120963;-173118;48520;26044;4
127782;-169742;48946;26255;4
107641;-187625;47687;25137;4
124455;-179587;48738;25639;1
118852;-178022;48388;25737;8
109515;-192366;47804;24841;1
123884;-171254;48702;26160;1
116137;-164538;48218;26580;2
107486;-177273;47677;25784;8
108567;-167854;47745;26373;4
107438;-172895;47674;26058;8
129230;-173889;49036;25995;4
108638;-167776;47749;26378;8
127200;-174845;48910;25936;2
100028;-171573;47211;26140;1
103841;-180111;47450;25607;8
105010;-163955;47523;26616;2
118012;-184991;48335;25302;8
107553;-192088;47682;24858;4
114824;-196301;48136;24595;4
98974;-178872;47145;25684;4
123645;-180044;48687;25611;8
122545;-168418;48619;26337;8
114950;-189801;48144;25001;4
115728;-196191;48193;24602;1
105156;-166152;47532;26479;8
118483;-186070;48365;25234;2
117563;-183693;48307;25383;4
101036;-181228;47274;25537;4
118458;-176973;48363;25803;1
111934;-186140;47955;25230;1
123300;-176320;48666;25844;1
126359;-174164;48857;25978;2
118662;-173415;48376;26025;4
102977;-167416;47396;26400;2
100876;-172435;47264;26086;8
127870;-168295;48951;26345;8
123950;-164637;48706;26574;1
103824;-182517;47449;25456;4
114780;-185245;48133;25286;4
111970;-194426;47958;24712;1
108284;-189838;47727;24999;8
122755;-174305;48632;25969;8
104914;-180181;47517;25602;4
116791;-191243;48259;24911;8
129445;-172535;49050;26080;4
125843;-195258;48825;24660;8
112121;-176195;47967;25851;2
110561;-164632;47870;26574;2
128773;-171221;49008;26162;4
127901;-190726;48953;24943;2
121643;-170280;48562;26221;4
119377;-176657;48421;25822;8
106360;-182331;47607;25468;8
107178;-183345;47658;25404;1
108802;-178559;47760;25704;4
105863;-168616;47576;26325;2
122272;-181098;48602;25545;1
124173;-173278;48720;26034;4
107783;-164003;47696;26613;8
119100;-172507;48403;26082;2
99456;-173401;47176;26026;1
113812;-174099;48073;25982;1
118722;-189889;48380;24995;8
119374;-176873;48420;25809;2
110794;-192656;47884;24823;8
121604;-174740;48560;25942;8
119289;-176433;48415;25836;2
105969;-188983;47583;25052;2
116301;-195596;48228;24639;1
124481;-170296;48740;26220;4
111041;-171351;47900;26154;2
99922;-171847;47205;26123;4
130870;-170084;49139;26233;2
113040;-185739;48025;25255;4
100042;-165793;47212;26501;1
102300;-183874;47353;25371;8
127952;-170403;48957;26213;1
122563;-169378;48620;26277;4
108093;-195788;47715;24627;8
107731;-195741;47693;24630;4
112796;-196245;48009;24598;2
111053;-172961;47900;26053;1
112297;-178351;47978;25717;8
108253;-195262;47725;24660;1
105430;-192570;47549;24828;4
103542;-180356;47431;25591;1
127875;-173240;48952;26036;1
130274;-164046;49102;26611;1
115947;-169364;48206;26278;8
120243;-177481;48475;25771;2
117117;-173698;48279;26007;2
116324;-193817;48230;24750;2
107246;-178551;47662;25704;4
105177;-194122;47533;24731;4
109509;-172097;47804;26107;8
130722;-179042;49130;25673;1
110454;-172622;47863;26075;4
105170;-173501;47533;26020;2
126728;-179240;48880;25661;8
114702;-182046;48128;25486;4
101560;-168421;47307;26337;2
105875;-191107;47577;24919;1
118895;-171718;48390;26131;8
103407;-184072;47422;25359;4
117670;-185398;48314;25276;2
104331;-179320;47480;25656;4
122947;-168128;48644;26356;4
129224;-165857;49036;26497;4
110260;-182702;47851;25445;2
117017;-186802;48273;25188;8
127945;-171025;48956;26174;2
120758;-175974;48507;25865;2
118459;-179867;48363;25622;1
124431;-183034;48736;25424;8
129684;-171982;49065;26115;1
124413;-172958;48735;26054;4
110915;-194410;47892;24713;2
101173;-181303;47283;25532;1
124830;-181052;48761;25548;2
99546;-172943;47181;26055;2
125846;-174166;48825;25978;4
120296;-174221;48478;25975;8
111593;-179928;47934;25618;2
124863;-195276;48763;24659;4
130267;-173977;49101;25990;4
121208;-179775;48535;25628;2
127629;-171065;48936;26172;2
121235;-170885;48537;26183;1
124621;-185273;48748;25284;2
102847;-171017;47387;26175;2
104918;-177176;47517;25790;8
118346;-186269;48356;25222;8
113875;-186953;48077;25179;8
125940;-192477;48831;24834;2
110438;-183401;47862;25401;2
125988;-188013;48834;25113;4
107777;-167683;47696;26383;1
106565;-189191;47620;25039;8
111220;-178461;47911;25710;2
102204;-182836;47347;25436;4
118451;-175439;48363;25899;1
108596;-167386;47747;26402;2
127308;-183613;48916;25388;2
116989;-184725;48271;25318;8
105020;-174995;47523;25926;4
129398;-168170;49047;26353;8
125291;-188257;48790;25097;2
122087;-165995;48590;26489;4
121898;-168278;48578;26346;8
110159;-166498;47844;26457;2
101302;-166434;47291;26461;1
126077;-190852;48839;24935;2
123717;-195315;48692;24656;8
119860;-179864;48451;25622;4
120409;-177521;48485;25768;2
119415;-170681;48423;26196;4
108128;-178722;47718;25693;8
104261;-174876;47476;25934;8
115510;-193199;48179;24789;1
124361;-175456;48732;25898;4
121998;-186327;48584;25218;2
123053;-178091;48650;25733;8
101210;-171111;47285;26169;1
105499;-176300;47553;25845;8
99736;-183751;47193;25379;1
114530;-166293;48118;26470;8
116111;-190467;48216;24959;4
99784;-171821;47196;26125;8
106176;-166352;47596;26467;8
105753;-179739;47569;25630;4
106918;-187871;47642;25122;2
123017;-164342;48648;26592;8
107845;-194254;47700;24723;1
122424;-170130;48611;26230;2
112726;-193610;48005;24763;8
126900;-167598;48891;26389;8
105363;-167358;47545;26404;1
128646;-177392;49000;25777;2
112646;-175539;48000;25892;8
113881;-165526;48077;26518;4
118004;-178991;48335;25677;2
125670;-168637;48814;26324;2
124909;-179752;48766;25629;4
104966;-181966;47520;25491;8
115140;-170930;48156;26180;8
119904;-164791;48454;26564;4
115647;-192205;48187;24851;2
115300;-195601;48166;24638;1
126940;-168290;48893;26345;2
112690;-192304;48003;24845;4
99839;-173573;47199;26015;2
130719;-175158;49129;25916;2
113241;-187111;48037;25169;1
103588;-172094;47434;26108;2
130425;-165284;49111;26533;4
122020;-181094;48586;25545;1
130132;-175661;49093;25885;4
111797;-172406;47947;26088;4
115315;-194419;48167;24712;4
108773;-192814;47758;24813;8
115484;-170582;48177;26202;8
104540;-185719;47493;25256;1
100975;-172589;47270;26077;8
123623;-188609;48686;25075;8
125335;-193924;48793;24743;4
106819;-193713;47636;24756;1
120987;-172751;48521;26067;4
102170;-164672;47345;26572;8
124788;-179372;48759;25653;8
121725;-169154;48567;26291;1
117375;-165043;48295;26548;4
103601;-180496;47435;25583;4
130705;-165950;49129;26492;8
125959;-171505;48832;26144;1
126681;-180965;48877;25553;8
110804;-178866;47885;25684;2
107032;-164256;47649;26598;4
126174;-181764;48845;25503;2
115903;-188931;48203;25055;8
123723;-191093;48692;24920;8
109217;-179037;47786;25674;1
114041;-185572;48087;25265;4
130897;-176626;49141;25824;8
110764;-184460;47882;25335;2
120525;-165040;48492;26549;4
99372;-173155;47170;26041;8
108116;-194930;47717;24680;4
115908;-166209;48204;26475;2
102059;-167750;47338;26379;1
107182;-190274;47658;24971;1
105707;-171830;47566;26124;1
107201;-178333;47660;25718;1
129488;-174039;49053;25986;2
127753;-178288;48944;25721;2
121623;-171821;48561;26125;8
107205;-191153;47660;24916;2
120663;-167594;48501;26389;4
123419;-173720;48673;26006;2
127612;-171224;48935;26162;2
100555;-179402;47244;25651;1
116650;-191343;48250;24905;1
130582;-172021;49121;26112;8
106766;-170028;47632;26237;8
120911;-174998;48516;25926;4
113056;-181156;48026;25541;8
123228;-164210;48661;26600;2
105367;-179905;47545;25619;1
113760;-168486;48070;26333;8
106308;-165175;47604;26540;2
105085;-187746;47527;25129;2
116798;-172579;48259;26077;1
105655;-181372;47563;25528;8
124697;-194174;48753;24728;4
129395;-181635;49047;25511;4
114552;-181678;48119;25509;2
127174;-177870;48908;25747;4
106715;-166513;47629;26456;1
117104;-182163;48279;25478;8
116711;-187144;48254;25167;2
117779;-190189;48321;24977;1
106193;-166370;47597;26465;2
118519;-188438;48367;25086;2
105823;-195480;47573;24646;1
109166;-164393;47782;26589;8
109709;-186377;47816;25215;1
105494;-173362;47553;26028;4
118697;-185258;48378;25285;8
115565;-195107;48182;24669;4
118967;-184845;48395;25311;2
106800;-164698;47635;26570;8
104586;-181068;47496;25547;8
109097;-171202;47778;26163;4
108546;-168150;47744;26354;4
120361;-185794;48482;25251;4
113961;-166140;48082;26480;4
125541;-194193;48806;24726;2
109014;-190272;47773;24972;2
116928;-185158;48268;25291;4
114037;-180917;48087;25556;2
112798;-168586;48009;26327;2
111620;-187722;47936;25131;2
104624;-179112;47499;25669;8
98866;-175347;47139;25904;2
114692;-188851;48128;25060;2
104454;-174973;47488;25928;2
123425;-179060;48674;25672;8
125927;-184055;48830;25360;8
104455;-181686;47488;25508;1
110914;-184100;47892;25357;8
114493;-164462;48115;26585;1
116814;-169718;48260;26256;1
115182;-181358;48158;25529;4
99083;-179142;47152;25667;8
108459;-195307;47738;24657;4
125522;-179687;48805;25633;1
122334;-189474;48605;25021;1
116642;-185432;48250;25274;2
121872;-170582;48577;26202;8
121132;-170010;48530;26238;1
124906;-168274;48766;26346;1
106975;-166202;47645;26476;8
113088;-195343;48028;24655;4
113612;-190961;48060;24928;1
127288;-182670;48915;25447;2
106870;-179316;47639;25656;1
112770;-172306;48008;26094;1
108273;-194713;47727;24694;2
107467;-166840;47676;26436;4
115821;-189880;48198;24996;2
124519;-193840;48742;24749;8
121304;-173356;48541;26029;1
106449;-186236;47613;25224;8
102295;-174081;47353;25983;2
106463;-183031;47613;25424;1
120536;-172667;48493;26072;2
106150;-178174;47594;25728;1
125964;-185550;48832;25267;1
123886;-175862;48702;25872;4
102874;-179582;47389;25640;8
118467;-176992;48364;25802;1
102005;-169228;47335;26287;1
118143;-185365;48343;25278;1
125424;-188398;48799;25089;4
128717;-173154;49004;26041;2
122365;-171414;48607;26150;1
117304;-168488;48291;26333;4
101472;-170658;47302;26197;4
124179;-168286;48721;26346;8
108202;-184557;47722;25329;1
112526;-195473;47992;24646;2
114374;-188454;48108;25085;8
101356;-180483;47294;25583;2
99887;-167864;47202;26372;4
104219;-185278;47473;25284;4
102820;-168019;47386;26362;4
129805;-187075;49072;25171;8
112477;-187202;47989;25163;1
124628;-189212;48749;25038;8
117599;-186169;48309;25228;4
107303;-191864;47666;24872;4
113218;-188046;48036;25111;8
105608;-176939;47560;25805;1
128617;-183574;48998;25390;2
105195;-191986;47534;24864;8
125523;-192658;48805;24822;2
127302;-169412;48916;26275;4
110706;-175579;47879;25890;4
109408;-184125;47798;25356;4
112575;-191746;47995;24879;8
101912;-184087;47329;25358;1
112859;-182579;48013;25452;2
104566;-185247;47495;25286;4
101807;-166135;47322;26480;4
130230;-172054;49099;26110;2
103049;-164498;47400;26582;8
123098;-181251;48653;25535;1
106828;-178110;47636;25732;8
124443;-184448;48737;25336;2
103834;-169925;47449;26243;4
107393;-173460;47672;26022;4
118436;-176506;48362;25832;2
99861;-181410;47201;25525;1
117705;-170245;48316;26223;4
125493;-193710;48803;24757;1
115720;-194063;48192;24735;2
116962;-170547;48270;26204;8
114961;-196023;48145;24612;2
105761;-183939;47570;25367;4
105427;-193206;47549;24788;4
121893;-188412;48578;25088;2
128808;-170376;49010;26215;1
103196;-175140;47409;25917;8
111642;-186501;47937;25207;2
111477;-171598;47927;26139;1
127907;-169314;48954;26281;8
106718;-190545;47629;24954;8
111437;-192017;47924;24862;4
127107;-190088;48904;24983;8
103101;-178978;47403;25677;4
126852;-191643;48888;24886;4
105069;-175134;47526;25918;8
108865;-178224;47764;25725;4
126867;-166184;48889;26477;1
130100;-171797;49091;26126;4
102847;-172080;47387;26109;1
106269;-183603;47601;25388;4
116719;-167578;48254;26390;8
114083;-168247;48090;26348;8
116530;-177238;48243;25786;4
127850;-179427;48950;25649;2
125943;-168067;48831;26359;4
99143;-178626;47156;25699;2
117911;-184350;48329;25342;1
107125;-164168;47655;26603;8
104536;-180200;47493;25601;4
104929;-169731;47518;26255;2
99546;-180486;47181;25583;8
107477;-171633;47677;26136;8
103687;-164779;47440;26565;4
128825;-176980;49011;25802;8
110352;-190191;47857;24977;2
111343;-185952;47918;25242;2
113920;-169470;48080;26272;2
110668;-179355;47876;25654;1
113521;-196027;48055;24612;4
128550;-169890;48994;26245;8
124681;-179665;48752;25634;4
112301;-177586;47978;25764;1
108320;-169174;47730;26290;2
126230;-178534;48849;25705;1
111545;-184967;47931;25303;2
118659;-180684;48376;25571;2
100566;-166028;47245;26487;8
129254;-164859;49038;26560;4
105620;-190038;47561;24986;1
130818;-173376;49136;26028;2
111516;-187702;47929;25132;4
125800;-183206;48822;25413;2
127960;-183820;48957;25375;2
124371;-187900;48733;25120;8
117985;-170493;48334;26208;2
105984;-183349;47584;25404;4
114658;-164211;48126;26600;4
128307;-173461;48979;26022;8
121729;-182120;48568;25481;4
128590;-170592;48996;26202;1
108821;-185704;47761;25257;4
128448;-167137;48988;26417;4
117853;-170519;48325;26206;8
127876;-166461;48952;26460;1
106016;-168574;47586;26328;2
122020;-178175;48586;25728;8
106198;-179745;47597;25629;1
110138;-183727;47843;25381;8
124508;-183051;48741;25423;8
116674;-190851;48252;24935;2
129148;-185332;49031;25280;4
121274;-180872;48539;25559;4
118326;-169645;48355;26261;4
99974;-173153;47208;26041;2
122802;-165631;48635;26512;2
107914;-179064;47704;25672;8
112367;-183752;47982;25379;4
129539;-170416;49056;26213;4
124920;-179376;48767;25653;4
124182;-165187;48721;26539;4
106110;-190753;47591;24941;1
118719;-183532;48379;25393;4
123315;-171922;48667;26118;2
122078;-178151;48589;25729;1
125578;-192448;48808;24836;1
102440;-177977;47362;25740;1
109365;-191242;47795;24911;1
114168;-177984;48095;25740;1
126025;-169660;48836;26260;8
118183;-177848;48346;25748;2
118594;-172266;48372;26097;4
108854;-178151;47763;25729;2
117578;-167799;48308;26376;8
105433;-167562;47549;26391;4
105858;-187742;47576;25130;1
128726;-185834;49005;25249;1
101011;-170025;47273;26237;2
117502;-169476;48303;26271;1
116142;-185492;48218;25270;2
124038;-173382;48712;26027;8
110763;-195656;47882;24635;2
116386;-167041;48234;26423;8
109223;-195242;47786;24661;2
116498;-177095;48241;25795;2
115069;-171170;48151;26165;1
105406;-181705;47547;25507;2
125975;-164511;48833;26582;1
113970;-178301;48083;25720;8
124579;-196207;48746;24601;2
131025;-173066;49149;26047;4
114641;-172962;48125;26053;1
105288;-177851;47540;25748;8
105857;-170347;47576;26217;4
123005;-164188;48647;26602;4
126882;-195735;48890;24630;8
111631;-177023;47936;25800;1
124958;-191264;48769;24910;8
105107;-177596;47529;25764;8
118360;-179194;48357;25664;8
105011;-173591;47523;26014;4
106538;-193377;47618;24777;4
118834;-178055;48387;25735;8
128760;-166046;49007;26486;4
123178;-171472;48658;26147;1
112774;-167406;48008;26401;2
124442;-172176;48737;26103;2
122296;-178412;48603;25713;4
111066;-165227;47901;26537;8
123961;-165433;48707;26524;1
126882;-173342;48890;26030;1
111493;-194090;47928;24733;8
125176;-184233;48783;25349;4
101962;-179192;47332;25664;2
111743;-192178;47943;24852;1
104701;-166535;47503;26455;8
129951;-166839;49081;26436;8
113019;-193568;48023;24766;2
114025;-167169;48086;26415;4
109051;-186133;47775;25230;4
105137;-182619;47531;25450;2
116219;-192097;48223;24857;2
109370;-196261;47795;24597;1
119934;-166066;48455;26484;4
126325;-172117;48855;26106;8
118479;-176355;48364;25841;1
127165;-173840;48907;25999;8
127170;-191272;48908;24909;2
122758;-170327;48632;26218;4
121563;-176434;48557;25836;4
116975;-168229;48270;26349;8
117227;-193335;48286;24780;1
126150;-191457;48844;24897;2
112686;-193063;48002;24797;4
118752;-187899;48382;25120;4
121500;-181103;48553;25545;2
107455;-170623;47675;26200;8
130882;-164197;49140;26601;8
114060;-183252;48088;25410;2
111880;-183854;47952;25373;8
105658;-187661;47563;25135;8
103567;-179880;47432;25621;8
129615;-169923;49060;26243;1
103473;-168267;47427;26347;1
118917;-179858;48392;25622;4
125340;-169858;48793;26247;8
106285;-165126;47602;26543;1
105743;-178929;47568;25680;2
125861;-166143;48826;26480;8
111447;-178491;47925;25708;8
123872;-171688;48702;26133;2
111168;-187468;47908;25147;4
103875;-171836;47452;26124;1
116715;-169537;48254;26267;4
127694;-178760;48940;25691;8
117335;-168254;48293;26348;2
117015;-191982;48273;24865;2
100767;-185315;47257;25281;4
119441;-165894;48425;26495;4
106010;-171561;47585;26141;8
110098;-196402;47841;24588;4
116592;-191085;48247;24921;4
102802;-174098;47385;25982;8
126403;-191606;48860;24888;2
123514;-183949;48679;25367;2
116562;-178463;48245;25710;4
118586;-176017;48371;25862;4
127718;-166299;48942;26470;8
121774;-164967;48570;26553;2
106470;-171534;47614;26143;8
120476;-177515;48489;25769;4
103630;-175292;47436;25908;1
109059;-181171;47776;25540;1
114037;-172005;48087;26113;4
116102;-185750;48216;25254;2
107156;-180254;47657;25598;8
124053;-190517;48713;24956;1
110211;-193584;47848;24765;4
118603;-183134;48372;25418;8
111017;-180721;47898;25568;2
114024;-196272;48086;24597;8
103248;-172730;47413;26068;2
115395;-193510;48172;24769;1
113010;-172013;48023;26113;2
122733;-164671;48630;26572;8
114220;-181319;48098;25531;1
121522;-165276;48555;26534;2
101144;-166866;47281;26434;1
126728;-167455;48880;26398;1
103237;-181961;47412;25491;2
117297;-190606;48291;24951;1
106563;-186193;47620;25226;2
121607;-194747;48560;24692;4
122575;-179357;48620;25654;1
109484;-192838;47802;24811;2
106174;-192609;47595;24825;8
122056;-181969;48588;25490;1
128172;-173574;48970;26015;8
100024;-164843;47211;26561;2
121442;-173583;48550;26015;1
105609;-171610;47560;26138;2
102280;-170548;47352;26204;1
112345;-182940;47981;25430;1
116470;-188342;48239;25092;8
123784;-175688;48696;25883;1
103794;-176695;47447;25820;8
113609;-182563;48060;25453;1
128696;-171890;49003;26120;2
106007;-187505;47585;25144;2
128816;-166344;49011;26467;2
126230;-191044;48849;24923;2
125317;-191746;48792;24879;1
120633;-180426;48499;25587;1
120977;-184540;48521;25330;1
104202;-166468;47472;26459;1
122427;-177046;48611;25798;4
107677;-188287;47689;25096;2
122597;-172495;48622;26083;1
104830;-179411;47511;25650;2
107007;-168301;47647;26345;4
114951;-189520;48144;25019;8
111027;-181034;47899;25549;1
125810;-181343;48823;25530;8
103832;-171521;47449;26143;4
106802;-164784;47635;26565;8
107841;-184338;47700;25342;2
104262;-174866;47476;25934;4
121172;-171744;48533;26130;8
128371;-171168;48983;26166;8
110028;-195977;47836;24615;8
104919;-167989;47517;26364;2
124415;-169417;48735;26275;4
107321;-191785;47667;24877;1
119349;-178479;48419;25709;4
105871;-171637;47576;26136;2
108901;-184008;47766;25363;2
117202;-190246;48285;24973;8
126269;-182834;48851;25436;2
121211;-170264;48535;26222;8
125340;-188246;48793;25098;8
126296;-191872;48853;24872;2
130117;-174743;49092;25942;2
106964;-188160;47645;25104;4
103854;-168202;47450;26351;8
121736;-192251;48568;24848;1
128903;-175005;49016;25926;8
107207;-179320;47660;25656;2
103423;-168271;47423;26347;2
126216;-170497;48848;26207;1
128967;-177085;49020;25796;8
109734;-184095;47818;25358;1
105799;-185873;47572;25246;1
105239;-182091;47537;25483;8
103959;-174381;47457;25965;2
122583;-164008;48621;26613;4
120780;-171042;48508;26173;8
126239;-171551;48849;26142;1
116201;-172017;48222;26112;8
120086;-174560;48465;25954;4
119346;-190441;48419;24961;8
120510;-177784;48491;25752;8
123966;-193586;48707;24764;1
120976;-181822;48521;25500;8
100806;-165820;47260;26500;1
119994;-189145;48459;25042;8
124565;-187121;48745;25168;4
113883;-187501;48077;25145;2
125709;-165110;48816;26544;8
122492;-182746;48615;25442;8
105449;-183129;47550;25418;1
118433;-183855;48362;25373;4
125562;-163936;48807;26618;1
126895;-171953;48890;26116;1
110872;-174608;47889;25951;4
115408;-167608;48173;26388;8
126512;-184393;48867;25339;4
105303;-187998;47541;25114;8
112282;-177520;47977;25769;8
117839;-184474;48324;25334;2
105967;-184968;47582;25303;1
122156;-183809;48594;25375;2
105975;-181137;47583;25542;4
118674;-174602;48377;25951;4
118196;-175198;48347;25914;4
117709;-190063;48316;24985;4
109529;-182811;47805;25438;2
120336;-173520;48481;26019;4
114499;-170170;48116;26228;4
128714;-173744;49004;26005;4
124292;-180352;48728;25592;4
107112;-182170;47654;25478;4
108570;-184360;47745;25341;4
129661;-170719;49063;26194;8
118029;-186052;48336;25235;8
102485;-181232;47365;25537;4
103418;-180578;47423;25577;8
101647;-176349;47312;25842;2
104016;-183981;47461;25365;4
127122;-190098;48905;24982;2
105441;-177029;47550;25799;2
119011;-170165;48398;26228;2
127371;-172006;48920;26113;8
101879;-172607;47327;26076;8
111660;-190981;47938;24927;8
113849;-182025;48075;25487;2
100709;-171687;47254;26133;8
104495;-172046;47490;26111;4
101184;-164902;47284;26557;4
130774;-174004;49133;25988;4
119748;-181365;48444;25528;1
112767;-182773;48007;25440;4
110736;-184232;47881;25349;1
105805;-170385;47572;26214;8
106744;-189546;47631;25017;1
120221;-165114;48473;26544;4
115868;-167924;48201;26368;4
115323;-167492;48167;26395;2
122457;-179687;48613;25633;4
101780;-165663;47321;26510;4
119570;-183940;48433;25367;8
122470;-179082;48614;25671;4
107246;-193885;47662;24746;2
105418;-167873;47548;26371;2
122093;-172645;48590;26073;1
113656;-195245;48063;24661;2
113773;-165142;48070;26542;4
124325;-167208;48730;26413;8
102839;-179967;47387;25616;2
104946;-190136;47519;24980;8
108245;-186313;47725;25219;4
100807;-167741;47260;26380;8
114286;-193764;48102;24753;1
115677;-190211;48189;24975;8
121060;-172961;48526;26053;2
105337;-188890;47543;25058;4
124427;-167181;48736;26415;8
120036;-171632;48462;26137;2
125139;-174334;48781;25968;4
127911;-177507;48954;25769;1
113769;-175083;48070;25921;8
108651;-169539;47750;26267;8
129073;-178824;49027;25687;2
106434;-186311;47612;25219;2
113317;-186600;48042;25201;1
104309;-176076;47479;25859;2
98974;-179042;47145;25673;2
130518;-174179;49117;25977;2
100893;-171291;47265;26158;4
106901;-195734;47641;24630;4
124249;-165635;48725;26511;4
125119;-167894;48779;26370;4
111970;-192063;47958;24860;2
114354;-164917;48107;26556;4
126332;-190229;48855;24974;8
122144;-174584;48594;25952;2
106235;-193951;47599;24742;1
130715;-169539;49129;26267;2
112757;-187575;48007;25140;8
122545;-168515;48619;26331;8
106702;-186989;47628;25177;4
116566;-191671;48245;24884;2
126004;-168195;48835;26351;1
125235;-186371;48787;25215;4
106178;-165158;47596;26541;4
119846;-175212;48450;25913;1
104730;-182341;47505;25467;4
131016;-164586;49148;26577;4
114606;-182113;48122;25481;4
123508;-168108;48679;26357;2
130907;-187680;49141;25134;2
111541;-190905;47931;24932;8
110061;-183491;47838;25395;1
122438;-194069;48612;24734;8
117228;-168682;48286;26321;2
112615;-190477;47998;24959;8
115004;-194375;48147;24715;8
130019;-175894;49086;25870;2
102847;-168611;47387;26325;1
109949;-176467;47831;25834;2
110345;-171878;47856;26121;4
117430;-165998;48299;26489;1
106557;-188193;47619;25101;2
101552;-180140;47307;25605;4
106929;-176748;47643;25817;1
114867;-169706;48139;26257;2
105002;-182179;47522;25477;8
114548;-188209;48119;25100;4
107330;-170834;47668;26186;1
100035;-184078;47212;25359;1
126337;-188289;48856;25095;4
116329;-192709;48230;24819;2
115121;-191407;48155;24901;1
115212;-165521;48160;26518;8
120750;-177642;48506;25761;4
116886;-186613;48265;25200;4
109489;-166354;47803;26466;4
123115;-164259;48654;26597;2
119526;-180806;48430;25563;4
109337;-164676;47793;26571;4
126819;-169696;48886;26258;2
107825;-184252;47699;25348;4
100865;-164106;47264;26607;8
116777;-185454;48258;25273;8
106237;-187490;47599;25145;8
108585;-170300;47746;26220;2
104832;-175163;47512;25916;2
106627;-165875;47624;26496;4
110238;-179879;47849;25621;8
128189;-164945;48971;26554;2
99005;-176886;47147;25808;2
112780;-179065;48008;25672;2
121764;-168713;48570;26319;8
120730;-167292;48505;26408;2
122898;-179133;48641;25668;8
111785;-176630;47946;25824;8
109046;-183454;47775;25398;2
109674;-184214;47814;25350;1
128129;-172963;48968;26053;2
123331;-168101;48668;26357;2
115202;-165588;48160;26514;2
119109;-164943;48404;26555;1
130842;-175396;49137;25901;2
120927;-187619;48517;25137;2
130609;-170104;49123;26232;1
130520;-175859;49117;25872;1
129365;-174933;49045;25930;4
108128;-184704;47718;25320;4
128842;-174921;49012;25931;1
119217;-174715;48411;25944;2
114566;-190321;48120;24968;2
121281;-172877;48540;26059;4
109026;-183822;47774;25375;8
102124;-177357;47342;25779;1
110839;-177635;47887;25761;1
116782;-176228;48258;25849;8
106820;-192899;47636;24807;1
103789;-166938;47446;26430;2
123819;-182875;48698;25434;8
112319;-191305;47979;24907;1
121773;-167621;48570;26387;4
116013;-191195;48210;24914;2
126811;-164715;48885;26569;4
100166;-180569;47220;25578;1
124389;-187228;48734;25162;1
107492;-195799;47678;24626;1
129368;-166208;49045;26476;8
117097;-174760;48278;25941;1
111336;-192874;47918;24809;4
106265;-189201;47601;25038;8
102275;-183379;47352;25402;2
128339;-181152;48981;25542;1
111636;-177781;47937;25752;2
122142;-172185;48593;26102;1
110330;-191645;47855;24886;2
122095;-172744;48590;26067;8
104381;-165206;47483;26538;8
114627;-166542;48124;26455;1
128974;-177473;49020;25771;4
128518;-185647;48992;25261;4
130609;-176744;49123;25817;8
113333;-190936;48043;24930;4
116638;-168245;48249;26348;8
110463;-190263;47863;24972;2
111607;-175555;47935;25891;2
124240;-169915;48725;26244;8
124003;-194382;48710;24715;8
130267;-169159;49101;26291;8
117418;-165853;48298;26498;1
103350;-166040;47419;26486;2
117037;-174678;48274;25946;2
102519;-178022;47367;25737;1
119929;-164658;48455;26572;2
106908;-192924;47641;24806;4
114240;-173914;48100;25994;1
127810;-169171;48948;26290;1
108983;-166702;47771;26445;1
124754;-193848;48757;24748;1
129371;-165498;49045;26520;2
105691;-185243;47565;25286;2
101059;-183099;47276;25420;4
126970;-195429;48895;24649;8
109522;-167197;47805;26414;8
106242;-190319;47600;24969;2
118085;-190615;48340;24950;8
107452;-179022;47675;25675;1
100642;-165110;47250;26544;2
104748;-169922;47506;26243;8
110976;-180361;47896;25591;1
120485;-169098;48490;26295;1
124980;-169874;48771;26246;8
101933;-164429;47330;26587;8
106320;-165142;47605;26542;2
101920;-179501;47330;25645;1
127607;-185375;48935;25278;2
121600;-164482;48560;26583;8
128223;-173467;48973;26022;2
118901;-174144;48391;25980;8
127209;-184599;48910;25326;4
126020;-189449;48836;25023;8
112626;-182959;47999;25429;2
118111;-184028;48341;25362;1
120134;-172493;48468;26083;2
128437;-171988;48987;26114;4
111413;-175241;47923;25911;1
116843;-169993;48262;26239;8
127934;-169567;48955;26266;8
125945;-189222;48831;25037;8
113349;-165622;48044;26512;4
119187;-173099;48409;26045;4
105736;-164710;47568;26569;2
117675;-191228;48314;24912;1
115967;-165681;48207;26508;2
121515;-179935;48554;25618;2
109480;-166647;47802;26448;4
115682;-179688;48190;25633;8
116703;-167708;48253;26382;2
114227;-164334;48099;26593;1
101627;-171498;47311;26145;8
104999;-166032;47522;26487;4
105856;-181139;47576;25542;8
127256;-165765;48913;26503;4
109894;-174918;47828;25931;4
118634;-191124;48374;24918;4
110299;-193312;47853;24782;2
121294;-171894;48540;26120;1
100510;-179424;47241;25650;2
124611;-165908;48748;26494;8
112168;-186674;47970;25196;1
118013;-186635;48335;25199;8
108090;-166717;47715;26444;2
104802;-176169;47510;25853;2
116015;-171290;48210;26158;4
114505;-189838;48116;24999;4
130684;-164548;49127;26579;2
110468;-164367;47864;26591;8
118651;-190172;48375;24978;8
130371;-172288;49108;26096;4
100374;-166118;47233;26481;1
103984;-173084;47459;26046;4
127882;-183301;48952;25407;2
115484;-176430;48177;25837;4
102266;-182859;47351;25435;2
101069;-172960;47276;26054;8
108331;-177332;47730;25780;4
108789;-175094;47759;25920;2
100161;-166975;47220;26428;1
102781;-168164;47383;26353;8
103480;-176998;47427;25801;1
122731;-169754;48630;26254;4
119218;-175987;48411;25864;8
99965;-169524;47207;26268;4
103688;-171588;47440;26139;1
129112;-173429;49029;26024;8
120501;-172451;48491;26085;2
128212;-166791;48973;26439;1
108797;-184227;47759;25349;8
126560;-173930;48870;25993;1
112619;-164197;47998;26601;2
103244;-183440;47412;25399;8
123364;-187692;48670;25133;8
105326;-174119;47542;25981;4
104759;-181112;47507;25544;4
116357;-189647;48232;25011;8
111041;-184022;47900;25362;4
99852;-179715;47200;25631;1
128956;-175972;49019;25865;1
114709;-194401;48129;24713;8
129893;-164926;49078;26556;2
111580;-195157;47933;24666;1
115591;-176213;48184;25850;1
113277;-165935;48039;26493;1
100245;-169748;47225;26254;2
116315;-195857;48229;24622;2
117496;-193561;48303;24766;1
108334;-196439;47730;24586;2
130819;-174214;49136;25975;1
102574;-179291;47370;25658;1
110420;-166158;47861;26479;1
116677;-195825;48252;24624;8
107496;-183222;47678;25412;4
108681;-186138;47752;25230;2
102853;-167461;47388;26397;1
102055;-167540;47338;26392;2
112781;-175920;48008;25869;1
123844;-172147;48700;26104;4
127750;-177807;48944;25751;2
124451;-170215;48738;26225;8
116911;-184713;48266;25319;1
123273;-178683;48664;25696;8
100323;-181635;47230;25511;4
129226;-174987;49036;25927;4
114145;-181459;48094;25522;1
123708;-172317;48691;26094;2
113930;-172588;48080;26077;2
126993;-168159;48897;26354;2
116116;-194751;48217;24692;2
128389;-177302;48984;25782;8
107652;-180010;47688;25613;4
123361;-168641;48670;26323;8
100036;-169963;47212;26241;1
114954;-170995;48144;26176;4
116757;-186949;48257;25179;4
116515;-165656;48242;26510;4
110200;-178901;47847;25682;8
122988;-172358;48646;26091;8
113062;-167903;48026;26370;4
119655;-184043;48438;25361;8
116573;-169955;48245;26241;4
105544;-171972;47556;26115;4
101637;-181377;47312;25527;4
113503;-164851;48053;26560;8
121399;-184499;48547;25332;2
115779;-167652;48196;26385;2
107449;-171619;47675;26137;8
109993;-196233;47834;24599;4
103079;-176017;47402;25862;8
119925;-167347;48455;26404;1
127904;-183329;48954;25405;2
117425;-184811;48299;25313;4
104564;-170031;47495;26237;2
126164;-164901;48845;26557;1
101194;-172922;47284;26056;2
107758;-182144;47694;25480;1
113823;-184541;48073;25330;1
111098;-195507;47903;24644;8
124918;-189628;48767;25012;8
128356;-169463;48982;26272;2
115114;-191296;48154;24908;1
119519;-178741;48429;25692;4
119350;-164778;48419;26565;2
117327;-171024;48292;26175;8
109585;-173276;47809;26034;4
109123;-195005;47780;24676;4
128102;-173065;48966;26047;8
112731;-196263;48005;24597;4
116591;-165130;48246;26543;2
115589;-171320;48184;26156;1
110833;-171679;47887;26134;8
114678;-187903;48127;25120;1
124394;-187687;48734;25133;4
125278;-184363;48789;25341;1
105967;-173209;47582;26038;2
105777;-184484;47571;25333;1
105384;-170831;47546;26187;8
130264;-187379;49101;25152;8
110835;-195943;47887;24617;2
118615;-190120;48373;24981;4
100912;-173543;47267;26017;2
101853;-172565;47325;26078;4
124144;-180200;48719;25601;1
109362;-195197;47795;24664;2
119379;-173314;48421;26031;4
112988;-192136;48021;24855;2
119479;-166259;48427;26472;8
112630;-192231;47999;24849;8
128464;-171398;48989;26151;2
122866;-169389;48639;26277;1
110127;-183749;47842;25379;1
103763;-178143;47445;25730;1
126583;-187628;48871;25137;2
115764;-165496;48195;26520;1
105459;-166139;47551;26480;2
101803;-176547;47322;25829;4
100405;-169920;47235;26244;4
106224;-169401;47599;26276;1
128379;-171430;48983;26149;4
121839;-193946;48574;24742;8
110338;-194010;47856;24738;1
120065;-165619;48464;26512;2
107068;-182523;47651;25456;2
104490;-184692;47490;25320;2
109144;-184813;47781;25313;2
115614;-165114;48185;26544;1
126776;-167691;48883;26383;8
122003;-174756;48585;25941;8
123513;-173185;48679;26039;1
106691;-193970;47628;24740;4
116704;-169278;48254;26284;2
127418;-172491;48923;26083;4
119103;-164882;48403;26558;1
116230;-195475;48224;24646;1
120251;-176174;48475;25853;1
125849;-171087;48825;26171;2
128585;-181177;48996;25540;8
126481;-184225;48865;25349;1
118754;-180989;48382;25552;2
123464;-175802;48676;25876;2
119069;-170352;48401;26217;8
115335;-188276;48168;25096;2
117543;-183856;48306;25373;2
100603;-180747;47247;25567;8
130619;-172781;49123;26065;1
109565;-181007;47807;25551;8
130182;-171587;49096;26139;4
122967;-179124;48645;25668;4
101130;-173210;47280;26038;1
122708;-174812;48629;25938;4
108609;-193697;47748;24757;4
127023;-191690;48898;24883;8
104055;-173288;47463;26033;4
104060;-165974;47463;26490;1
121561;-171943;48557;26117;1
130788;-172787;49134;26064;1
117631;-173978;48311;25990;1
118953;-186327;48394;25218;4
100796;-165765;47259;26503;1
121372;-184534;48545;25330;1
120069;-167386;48464;26402;8
101392;-170311;47297;26219;1
127866;-195670;48951;24634;8
130207;-168904;49097;26307;2
99356;-181647;47169;25511;1
128308;-184261;48979;25347;8
104447;-167405;47487;26401;1
111460;-186581;47926;25202;2
115226;-186747;48161;25192;2
100139;-169232;47218;26287;2
118648;-187671;48375;25134;2
119079;-165749;48402;26504;1
123498;-180709;48678;25569;2
125812;-190257;48823;24972;4
101876;-184781;47327;25315;4
105439;-187091;47549;25170;8
120613;-191689;48498;24883;2
119980;-181535;48458;25518;1
118132;-176732;48343;25818;2
121701;-165085;48566;26546;1
113111;-168959;48029;26304;4
118342;-191390;48356;24902;4
112168;-172899;47970;26057;1
116237;-186806;48224;25188;1
117932;-179428;48330;25649;1
105834;-192297;47574;24845;4
128072;-184347;48964;25342;1
105152;-168206;47532;26351;4
117116;-188100;48279;25107;2
123675;-175432;48689;25899;2
115125;-172392;48155;26089;1
108984;-189834;47771;24999;2
106564;-189691;47620;25008;4
128240;-173166;48975;26041;4
104367;-171343;47482;26155;4
113295;-176233;48040;25849;8
115377;-180599;48171;25576;2
114685;-193744;48127;24755;1
111131;-183720;47905;25381;2
103442;-169832;47425;26249;4
124425;-186701;48736;25195;8
121500;-179945;48553;25617;4
114207;-189495;48097;25020;2
121343;-185893;48543;25245;4
122673;-193294;48627;24783;1
118649;-175433;48375;25899;2
103173;-171150;47408;26167;1
123654;-184600;48688;25326;8
123286;-182738;48665;25442;2
114542;-181489;48118;25520;2
116174;-196158;48220;24604;2
107941;-170668;47706;26197;2
117053;-185491;48275;25270;2
109745;-195522;47819;24643;4
122606;-194192;48622;24727;4
123312;-183384;48667;25402;2
116273;-176221;48227;25850;8
107127;-191393;47655;24901;8
127636;-183969;48937;25365;4
130714;-173872;49129;25997;2
119961;-170552;48457;26204;4
114985;-193057;48146;24797;4
125364;-170913;48795;26181;8
106989;-182328;47646;25468;2
102794;-169714;47384;26256;8
104143;-166901;47468;26432;1
113545;-173185;48056;26039;2
121661;-165465;48563;26522;1
109599;-191880;47809;24871;8
118094;-190452;48340;24960;4
126943;-190265;48893;24972;1
123705;-167820;48691;26375;1
100072;-168360;47214;26341;2
129963;-177783;49082;25752;4
124132;-167925;48718;26368;8
106671;-194935;47626;24680;4
123738;-172200;48693;26101;2
110465;-190198;47864;24976;8
106154;-169612;47594;26263;4
126368;-169839;48858;26249;2
105100;-186085;47528;25233;8
116669;-165895;48251;26495;4
117426;-187155;48299;25166;1
125637;-185046;48812;25298;2
119310;-164497;48416;26582;4
126311;-173097;48854;26045;8
113746;-168493;48069;26333;1
119810;-172472;48448;26084;8
103339;-172579;47418;26077;4
127694;-169025;48940;26299;1
109054;-164555;47775;26579;4
119380;-168914;48421;26306;4
101846;-164619;47325;26575;2
121973;-164661;48583;26572;8
100223;-169595;47223;26264;4
114979;-188361;48146;25091;1
122390;-173202;48609;26038;8
119575;-174119;48433;25981;2
108887;-195257;47765;24660;8
122566;-176200;48620;25851;2
114198;-195266;48097;24659;2
128359;-175868;48982;25872;8
122259;-180562;48601;25578;4
125892;-165621;48828;26512;2
105742;-169860;47568;26247;4
115034;-183137;48149;25417;4
109243;-195316;47787;24656;1
104749;-168417;47506;26337;2
104784;-184642;47509;25323;2
120290;-194412;48478;24713;4
112087;-179153;47965;25666;1
124455;-194923;48738;24681;2
107640;-170721;47687;26193;1
115410;-185475;48173;25271;4
113816;-165891;48073;26495;2
130445;-172513;49112;26081;4
106996;-171172;47647;26165;1
111441;-179869;47925;25622;2
107211;-183102;47660;25420;8
117124;-174092;48280;25983;1
112709;-191772;48004;24878;8
112681;-181695;48002;25508;4
128397;-180673;48984;25571;1
115114;-192136;48154;24855;8
124886;-167343;48765;26405;2
116527;-166758;48242;26441;8
116500;-189413;48241;25025;4
124665;-191329;48751;24905;8
119571;-188139;48433;25105;8
111488;-172606;47928;26076;4
123722;-186185;48692;25227;8
112501;-177102;47991;25795;1
114951;-195643;48144;24636;4
125499;-179155;48803;25666;4
129973;-170547;49083;26204;1
121114;-181786;48529;25502;4
125545;-179055;48806;25673;1
106149;-171408;47594;26151;4
125628;-179756;48811;25629;2
110056;-192784;47838;24815;4
111680;-171579;47940;26140;4
115601;-186118;48185;25231;2
125714;-164854;48817;26560;2
105930;-186673;47580;25196;4
107716;-186408;47692;25213;4
123459;-171452;48676;26148;2
112185;-195999;47971;24614;8
105195;-168923;47534;26306;4
110351;-173065;47856;26047;2
101097;-171344;47278;26155;8
106602;-178573;47622;25703;2
114257;-185300;48101;25282;2
113700;-193204;48066;24788;2
118961;-185799;48395;25251;1
111740;-195434;47943;24649;4
103751;-179391;47444;25652;4
123156;-187850;48657;25123;2
121727;-166015;48567;26488;8
115150;-167336;48156;26405;2
104036;-181023;47462;25550;4
100988;-183316;47271;25406;8
124647;-166650;48750;26448;1
113150;-192499;48031;24832;4
111571;-174412;47933;25963;2
129450;-186786;49050;25189;1
124291;-165223;48728;26537;1
109995;-191110;47834;24919;8
108898;-179670;47766;25634;8
114720;-191680;48130;24884;1
130017;-186855;49086;25185;4
128959;-177528;49019;25768;2
117471;-169844;48301;26248;2
110021;-196203;47836;24601;4
126688;-191466;48878;24897;8
121863;-186499;48576;25207;1
128450;-184131;48988;25355;1
113492;-177844;48053;25748;8
113188;-187774;48034;25128;1
124224;-186974;48724;25178;1
120345;-169917;48481;26244;2
106004;-168913;47585;26306;8
123874;-173285;48702;26033;8
103762;-173587;47445;26014;1
111856;-195281;47951;24658;4
127275;-175358;48914;25904;2
122931;-188053;48643;25110;1
112643;-184844;48000;25311;8
105370;-177340;47545;25780;1
109153;-194671;47782;24697;1
123038;-167155;48649;26416;2
101335;-172889;47293;26058;2
117596;-170970;48309;26178;4
106929;-169418;47643;26275;8
123457;-192138;48676;24855;1
120651;-170036;48500;26236;2
119503;-176501;48428;25832;1
128195;-164889;48972;26558;4
100290;-166254;47228;26473;1
119131;-179982;48405;25615;1
105372;-187092;47545;25170;8
112281;-188820;47977;25062;8
115255;-169198;48163;26289;2
106594;-165641;47622;26511;8
112763;-175926;48007;25868;1
103668;-177790;47439;25752;2
119042;-172988;48400;26052;1
127348;-183939;48919;25367;4
111502;-166168;47928;26478;8
118471;-164381;48364;26590;4
130603;-167842;49122;26373;2
126329;-171308;48855;26157;8
103619;-183932;47436;25368;4
118457;-184485;48363;25333;2
102441;-175899;47362;25870;1
120158;-172089;48469;26108;2
125713;-183814;48817;25375;8
99741;-167286;47193;26408;8
109150;-171770;47781;26128;4
103749;-172067;47444;26109;4
112461;-165216;47988;26538;1
125951;-184932;48831;25305;4
123353;-170497;48669;26207;2
100166;-183314;47220;25406;2
103073;-179281;47402;25658;1
117221;-175014;48286;25925;2
121116;-167883;48529;26371;8
106660;-193868;47626;24747;4
127629;-168457;48936;26335;4
99785;-164928;47196;26556;4
111499;-193406;47928;24776;4
126856;-187288;48888;25158;1
109400;-193905;47797;24744;1
110371;-182821;47858;25437;2
116726;-167645;48255;26386;4
113938;-167474;48081;26396;8
102170;-167128;47345;26418;1
123575;-168284;48683;26346;4
130717;-169865;49129;26247;8
101915;-183979;47329;25365;4
107209;-166567;47660;26453;1
114560;-187241;48120;25161;4
100390;-182339;47234;25467;1
126920;-193113;48892;24794;4
107574;-167495;47683;26395;1
111947;-195206;47956;24663;8
125578;-195172;48808;24665;4
122342;-166132;48606;26480;4
125406;-192400;48797;24839;2
124799;-166580;48759;26452;8
111383;-186295;47921;25220;4
103873;-175108;47452;25919;1
118226;-181691;48349;25508;1
106368;-169424;47608;26275;1
124421;-175424;48736;25900;8
119820;-177355;48448;25779;2
112924;-167331;48017;26405;1
110942;-172043;47893;26111;1
110936;-171363;47893;26153;8
127493;-164762;48928;26566;4
122043;-175826;48587;25874;4
112011;-176696;47960;25820;4
102677;-177958;47377;25741;1
122451;-167562;48613;26391;8
114010;-175634;48085;25886;4
113772;-180468;48070;25584;2
101032;-183417;47274;25400;4
121702;-166519;48566;26456;1
116177;-170429;48221;26212;1
104246;-174220;47475;25975;2
114454;-167511;48113;26394;4
125052;-183569;48775;25390;1
121056;-172768;48526;26066;8
111982;-193777;47958;24752;8
123284;-180432;48665;25587;8
116424;-176715;48236;25819;2
99537;-167228;47181;26412;8
130008;-164517;49085;26581;1
127889;-190727;48953;24943;2
129788;-174981;49071;25927;1
101925;-175916;47330;25869;1
109572;-186834;47808;25186;1
123765;-167933;48695;26368;2
105262;-187246;47538;25161;2
126093;-174357;48840;25966;4
128649;-183946;49000;25367;8
119895;-171977;48453;26115;2
122860;-186944;48638;25180;4
108231;-187217;47724;25162;1
129970;-170645;49083;26198;1
112820;-181650;48011;25510;4
115703;-163856;48191;26623;4
112400;-182690;47985;25445;1
116633;-165539;48249;26517;2
128084;-175382;48965;25902;8
113585;-190592;48059;24952;8
104269;-165755;47476;26504;2
125181;-172592;48783;26077;1
130445;-169881;49112;26246;1
117113;-188769;48279;25065;1
130638;-165419;49124;26525;8
111777;-186651;47946;25198;8
102024;-171316;47336;26156;1
106855;-190603;47638;24951;4
123598;-194517;48684;24706;1
128843;-166202;49012;26476;1
122153;-174972;48594;25928;4
106966;-194671;47645;24697;2
111602;-174902;47935;25932;2
105147;-172596;47531;26076;4
121076;-174029;48527;25987;1
118916;-164212;48392;26600;1
107345;-183517;47669;25394;8
100655;-172721;47250;26068;8
110113;-172457;47842;26085;2
106224;-189803;47599;25001;2
100181;-179302;47221;25657;8
111810;-165832;47948;26499;1
117003;-173622;48272;26012;2
114008;-169813;48085;26250;8
124601;-176090;48747;25858;8
101059;-173192;47276;26039;4
127094;-182336;48903;25468;1
100832;-184866;47262;25309;8
106187;-179322;47596;25656;4
113762;-164136;48070;26605;1
105970;-192167;47583;24853;8
118738;-191405;48381;24901;1
105110;-172858;47529;26060;2
121768;-176155;48570;25854;1
108031;-166820;47711;26437;8
106184;-191350;47596;24904;1
125146;-170917;48781;26181;4
109565;-196456;47807;24585;4
99597;-175008;47184;25926;8
103304;-165370;47416;26528;8
105451;-181438;47550;25524;8
120818;-172041;48511;26111;1
113336;-195565;48043;24641;2
115611;-179584;48185;25640;2
122312;-194889;48604;24683;2
123972;-188984;48708;25052;4
123542;-168343;48681;26342;2
115573;-189641;48183;25011;2
123568;-168527;48683;26331;2
103694;-165830;47440;26499;4
113992;-193569;48084;24765;1
130748;-176560;49131;25829;1
122572;-193046;48620;24798;8
119564;-183850;48432;25373;2
105457;-185245;47551;25286;2
118204;-189698;48347;25007;1
114066;-188421;48089;25087;1
100584;-185172;47246;25290;4
111743;-191085;47943;24921;1
122415;-168369;48610;26340;4
108656;-166463;47751;26460;1
113352;-191041;48044;24923;4
122063;-189318;48588;25031;1
121628;-194581;48561;24702;8
122203;-186172;48597;25228;2
114326;-169570;48105;26265;1
110658;-184249;47876;25348;1
109626;-171546;47811;26142;4
104588;-182501;47496;25457;1
104342;-181277;47481;25534;1
116475;-193890;48239;24745;8
107116;-190042;47654;24986;1
103526;-175743;47430;25880;2
127019;-182149;48898;25479;2
127042;-175006;48900;25926;8
110416;-171883;47861;26121;2
129904;-168647;49079;26323;1
125130;-165152;48780;26542;2
112469;-186709;47989;25194;1
104750;-181171;47506;25540;1
119782;-177197;48446;25789;1
116639;-187573;48249;25140;1
112498;-174580;47991;25952;2
106504;-189431;47616;25024;4
105393;-193304;47547;24782;4
117483;-171793;48302;26126;2
114949;-165138;48144;26542;8
118067;-165743;48339;26505;8
114698;-172504;48128;26082;8
113450;-172678;48050;26071;2
105931;-192591;47580;24827;8
103915;-176514;47454;25831;8
103342;-168404;47418;26338;4
129336;-166459;49043;26460;8
120264;-173424;48476;26025;2
128284;-169421;48977;26275;8
126576;-189691;48871;25008;4
104022;-167595;47461;26389;4
111317;-195790;47917;24627;8
113065;-173650;48026;26010;4
104316;-183654;47479;25385;8
127450;-170961;48925;26178;8
104220;-180149;47473;25604;1
109418;-177379;47798;25777;1
113527;-195566;48055;24641;1
105984;-165320;47584;26531;2
106148;-179795;47594;25626;8
113960;-166623;48082;26450;1
111394;-187155;47922;25166;1
127422;-169102;48923;26295;8
106357;-165040;47607;26549;2
120992;-172447;48522;26086;4
116348;-169928;48231;26243;8
112315;-177386;47979;25777;8
112714;-168256;48004;26348;2
122327;-175421;48605;25900;1
122192;-186854;48597;25185;1
110237;-184310;47849;25344;1
100286;-166163;47227;26478;8
122739;-189580;48631;25015;1
116746;-185231;48256;25287;1
129607;-169154;49060;26291;8
105897;-190230;47578;24974;4
119178;-181135;48408;25543;1
110697;-171728;47878;26131;4
104368;-171234;47483;26161;4
106282;-171742;47602;26130;2
116346;-166706;48231;26444;4
117691;-173453;48315;26023;8
114839;-183188;48137;25414;2
118358;-175563;48357;25891;1
106633;-181092;47624;25545;4
109323;-185579;47792;25265;2
123945;-164856;48706;26560;1
116125;-176344;48217;25842;1
121659;-171734;48563;26130;4
106497;-190252;47616;24973;1
110048;-184789;47838;25314;8
115486;-166939;48177;26430;8
101053;-173170;47275;26040;2
117974;-170444;48333;26211;2
106080;-183080;47590;25421;8
121559;-171859;48557;26122;1
103149;-178464;47406;25710;2
110908;-165952;47891;26492;2
123156;-196436;48657;24586;4
102673;-170608;47377;26201;2
117689;-184742;48315;25317;8
125777;-169643;48821;26261;8
111170;-175379;47908;25902;4
114192;-176888;48097;25808;8
107220;-178192;47661;25727;2
113718;-166643;48067;26448;1
124700;-187276;48753;25159;1
115096;-172008;48153;26113;1
114010;-166196;48085;26476;4
107364;-186912;47670;25182;2
123731;-172362;48693;26091;8
107561;-183369;47682;25403;4
110819;-172236;47886;26099;8
107363;-193846;47670;24748;1
127632;-180586;48937;25577;4
103569;-178822;47433;25687;4
99317;-182354;47167;25466;1
112108;-171421;47966;26150;1
105440;-190782;47550;24940;2
109425;-195252;47799;24660;4
117324;-186220;48292;25225;4
102622;-164685;47373;26571;1
105887;-189497;47577;25020;2
105359;-189019;47544;25050;4
123757;-192412;48694;24838;4
108068;-167390;47714;26402;1
105260;-168139;47538;26355;1
116946;-164285;48269;26596;2
106468;-172485;47614;26083;8
106930;-184998;47643;25301;1
113074;-181911;48027;25494;1
116406;-166286;48235;26471;8
106436;-171176;47612;26165;1
114115;-173090;48092;26045;8
110826;-191696;47886;24883;8
116247;-188231;48225;25099;1
108686;-182096;47752;25483;2
114350;-177154;48106;25791;1
111773;-189349;47945;25029;8
103305;-181035;47416;25549;4
107700;-187910;47691;25119;8
123565;-179096;48682;25670;8
121225;-166676;48536;26446;8
101649;-167356;47313;26404;1
123531;-167305;48680;26407;8
130061;-173826;49088;25999;8
125979;-195352;48833;24654;4
125616;-184834;48811;25311;2
103446;-182739;47425;25442;8
101774;-165477;47320;26521;2
122927;-195831;48642;24624;8
116468;-166862;48239;26435;1
104758;-184880;47507;25309;8
122137;-189463;48593;25022;4
118097;-185608;48341;25263;2
107408;-173330;47673;26030;1
120590;-177132;48496;25793;1
102192;-181880;47347;25496;4
110396;-171982;47859;26115;1
117493;-166996;48303;26426;4
127444;-185399;48925;25276;8
125200;-190689;48785;24945;8
105421;-184190;47548;25352;1
128528;-166258;48993;26472;4
127257;-191630;48913;24887;2
105084;-164078;47527;26609;2
124429;-166583;48736;26452;8
105274;-172486;47539;26083;1
105841;-193759;47575;24754;2
115715;-194526;48192;24706;4
101989;-179694;47334;25633;1
128733;-168711;49005;26319;1
123219;-176446;48661;25836;1
110672;-179436;47877;25649;4
106214;-179814;47598;25625;2
120678;-168027;48502;26362;2
103464;-181900;47426;25495;1
100990;-172151;47271;26104;8
128672;-170696;49002;26195;4
112167;-176624;47970;25825;4
118026;-187999;48336;25114;8
103421;-168137;47423;26355;4
107246;-186629;47662;25199;8
115537;-191969;48181;24865;4
102183;-165142;47346;26542;8
114080;-179613;48090;25638;2
109439;-191596;47799;24889;8
129102;-173380;49028;26027;4
129597;-174447;49059;25961;2
112028;-180403;47961;25588;2
128832;-174098;49012;25982;2
103109;-165919;47404;26494;2
119701;-170798;48441;26189;1
114276;-186683;48102;25196;1
129609;-173972;49060;25990;8
129078;-185327;49027;25281;2
130713;-170186;49129;26227;8
108631;-166276;47749;26471;1
112846;-188720;48012;25069;4
127865;-182671;48951;25447;1
103960;-168039;47457;26361;8
108659;-164551;47751;26579;1
126044;-186584;48837;25202;2
116723;-188451;48255;25085;4
127309;-183500;48916;25395;1
115000;-188403;48147;25088;4
127736;-189870;48943;24997;8
105334;-193495;47543;24770;2
112586;-167513;47996;26394;4
105440;-176148;47550;25854;8
115523;-167547;48180;26392;8
124162;-168219;48720;26350;8
129885;-169109;49077;26294;8
125679;-165773;48814;26503;8
114822;-182817;48136;25437;8
114489;-167361;48115;26403;1
123299;-175742;48666;25880;4
111061;-190794;47901;24939;4
126467;-174574;48864;25953;1
113881;-165363;48077;26528;1
109297;-174904;47791;25932;8
112462;-178793;47988;25689;1
110620;-165958;47873;26491;1
106589;-165878;47621;26496;4
118132;-179547;48343;25642;1
101833;-171944;47324;26117;4
127078;-165160;48902;26541;2
114953;-165331;48144;26530;4
102715;-179700;47379;25632;8
103544;-171189;47431;26164;8
111912;-163930;47954;26618;8
130241;-185134;49100;25293;8
100604;-167731;47247;26380;4
122143;-176451;48593;25835;2
127589;-195925;48934;24618;2
100760;-166268;47257;26472;4
126889;-191628;48890;24887;4
123790;-189944;48696;24992;1
112869;-184130;48014;25355;1
127380;-174631;48921;25949;2
118446;-184538;48362;25330;4
120126;-177378;48467;25777;1
111387;-191302;47921;24907;1
126791;-174321;48884;25968;4
127102;-178835;48903;25686;8
128396;-180410;48984;25588;8
123072;-180867;48652;25559;1
120371;-165068;48483;26547;4
121745;-167305;48569;26407;4
119968;-169810;48458;26250;8
123347;-169236;48669;26286;8
125399;-182336;48797;25468;1
113089;-191279;48028;24909;1
120369;-173304;48483;26032;1
128943;-187232;49018;25162;2
118545;-163918;48369;26619;8
128993;-170879;49022;26184;1
114335;-182796;48105;25439;1
109172;-183758;47783;25379;8
130584;-172369;49121;26090;2
100743;-178732;47256;25693;4
111161;-186886;47907;25183;8
112827;-195337;48011;24655;4
118585;-173817;48371;26000;2
104871;-176008;47514;25863;2
120480;-177593;48490;25764;8
107473;-194027;47677;24737;2
129038;-187446;49024;25148;1
107001;-192109;47647;24857;2
99405;-177933;47172;25743;8
107824;-171165;47699;26166;1
129146;-169186;49031;26289;1
113781;-193293;48071;24783;1
120515;-179857;48492;25622;1
128386;-183571;48984;25390;2
118986;-164984;48396;26552;8
112660;-164159;48001;26604;2
117656;-173376;48313;26028;2
125020;-181940;48773;25492;8
112807;-176509;48010;25832;2
104735;-187985;47505;25114;2
125828;-194175;48824;24728;4
116824;-172948;48261;26054;4
125011;-192565;48773;24828;8
114192;-179361;48097;25653;4
124264;-187238;48726;25161;1
105509;-191381;47554;24902;8
112678;-181942;48002;25492;2
121993;-187642;48584;25136;4
125528;-166399;48805;26464;8
126827;-170229;48886;26224;1
103826;-171538;47449;26142;2
109398;-181740;47797;25505;8
124164;-170097;48720;26232;8
122394;-176336;48609;25843;2
101261;-172364;47288;26091;4
124895;-195043;48765;24673;1
114214;-166506;48098;26457;4
117695;-178745;48315;25692;2
120530;-190369;48493;24965;1
101551;-165351;47306;26529;4
111255;-185828;47913;25249;1
114412;-181273;48110;25534;4
127014;-188204;48898;25101;2
108559;-179059;47744;25672;2
109145;-171170;47781;26165;4
104114;-180908;47467;25557;1
108520;-192806;47742;24813;1
123575;-164987;48683;26552;4
110029;-175911;47836;25869;2
126339;-191446;48856;24898;4
102761;-168588;47382;26327;2
131033;-174764;49149;25941;1
106138;-164630;47593;26574;8
128921;-173371;49017;26028;8
128347;-183742;48981;25380;4
104478;-173027;47489;26049;4
129253;-175006;49038;25926;1
112885;-191848;48015;24873;2
119409;-183698;48423;25382;4
125738;-193825;48818;24749;8
130353;-172966;49107;26053;4
119292;-185282;48415;25283;4
129942;-182591;49081;25452;8
121272;-170132;48539;26230;8
128633;-165331;48999;26530;1
130339;-179165;49106;25666;4
101706;-167445;47316;26398;8
106645;-195326;47625;24656;8
123568;-184368;48683;25341;8
110753;-188414;47882;25088;8
104496;-170861;47491;26185;1
108819;-182166;47761;25478;8
126200;-164781;48847;26565;4
100379;-169499;47233;26270;4
119704;-180396;48441;25589;8
104641;-182215;47500;25475;8
117690;-187293;48315;25158;1
121265;-175021;48539;25925;4
109628;-195001;47811;24676;1
105964;-186135;47582;25230;4
119408;-169838;48423;26249;2
120505;-169442;48491;26273;8
113199;-180322;48034;25593;8
119799;-181757;48447;25504;2
122108;-166650;48591;26448;1
122514;-170479;48617;26209;1
105868;-173318;47576;26031;1
126093;-169195;48840;26289;8
116400;-189375;48235;25028;4
108848;-186649;47763;25198;8
127333;-189438;48918;25024;1
122350;-170989;48606;26177;4
106407;-185379;47610;25277;8
126062;-169690;48838;26258;1
125136;-187195;48781;25164;8
122498;-166381;48616;26465;8
113352;-172549;48044;26079;2
126760;-169684;48882;26258;1
109794;-185070;47822;25297;2
123187;-167611;48659;26388;8
103240;-167245;47412;26411;8
108363;-166487;47732;26458;1
113560;-192543;48057;24830;8
130878;-177834;49139;25749;8
108317;-192878;47729;24809;1
126623;-187470;48873;25147;1
113890;-180982;48078;25552;1
124971;-172170;48770;26103;8
128356;-180955;48982;25554;8
118699;-185615;48378;25263;1
113671;-193429;48064;24774;8
110246;-178832;47850;25687;4
98688;-177771;47128;25753;4
126157;-177864;48844;25747;1
125596;-182666;48809;25447;2
102042;-182999;47337;25426;4
108151;-178294;47719;25720;8
110941;-175324;47893;25906;1
124490;-165768;48740;26503;2
107199;-180348;47659;25592;8
121922;-164989;48580;26552;2
125618;-178333;48811;25718;4
111326;-182901;47917;25432;1
99777;-183115;47196;25419;2
121252;-185723;48538;25256;1
105056;-194291;47526;24720;8
121869;-189322;48576;25031;4
113801;-182808;48072;25438;2
130976;-172351;49146;26092;8
118246;-179780;48350;25627;2
128181;-182874;48971;25434;8
125335;-187080;48793;25171;1
109337;-185517;47793;25269;2
105792;-185764;47572;25253;1
105032;-181143;47524;25542;2
119238;-171700;48412;26132;4
100705;-167074;47254;26421;4
105097;-188152;47528;25104;4
105591;-181329;47559;25530;2
113280;-186557;48040;25204;4
111422;-191749;47923;24879;2
126969;-178219;48895;25725;1
114277;-167515;48102;26394;8
123755;-165003;48694;26551;1
123545;-193501;48681;24770;2
117671;-190241;48314;24973;8
116635;-191314;48249;24906;1
106197;-168554;47597;26329;1
103872;-172672;47452;26072;4
102707;-172051;47379;26110;4
125719;-195259;48817;24660;1
102812;-177868;47385;25747;1
124768;-188387;48758;25089;2
99443;-176692;47175;25820;2
117387;-165931;48296;26493;4
125723;-183295;48817;25408;8
128409;-173193;48985;26039;4
119245;-171673;48412;26134;4
104764;-171121;47507;26168;2
115564;-165083;48182;26546;8
99826;-184554;47199;25329;2
124465;-193894;48739;24745;8
124507;-193883;48741;24746;8
123012;-170065;48648;26234;8
107275;-189704;47664;25007;8
116371;-165955;48233;26491;8
117456;-170941;48301;26180;4
116747;-187529;48256;25143;1
129032;-168810;49024;26313;1
108046;-189915;47712;24994;4
118637;-173774;48374;26003;2
110522;-166365;47867;26466;2
125857;-188084;48826;25108;2
118062;-182688;48338;25446;2
105009;-181109;47523;25544;4
111407;-185091;47922;25295;4
109887;-183749;47827;25379;2
114779;-170710;48133;26194;8
105582;-170054;47558;26235;4
117696;-171141;48316;26167;8
125099;-171559;48778;26141;1
130591;-173282;49121;26033;1
101978;-172830;47333;26062;1
111783;-182091;47946;25483;8
115391;-168130;48171;26355;1
101585;-185040;47309;25299;8
114040;-167763;48087;26378;2
112385;-172609;47984;26075;1
126754;-168691;48882;26320;8
107343;-184792;47668;25314;1
120825;-167431;48511;26399;8
120487;-179568;48490;25641;4
129981;-167003;49083;26426;8
103285;-179771;47415;25628;2
99784;-167203;47196;26413;8
107793;-164256;47697;26598;1
123089;-188106;48653;25107;8
125613;-189337;48810;25030;2
105665;-186864;47564;25185;4
124635;-166554;48749;26454;2
127868;-183149;48951;25417;4
100592;-181376;47247;25528;1
124031;-195587;48711;24639;1
120769;-168063;48508;26360;4
122252;-171562;48600;26141;8
117192;-190601;48284;24951;4
101956;-164242;47332;26598;4
122301;-166822;48603;26437;8
109079;-177044;47777;25798;4
121012;-173180;48523;26040;8
117263;-170476;48288;26209;8
123904;-172432;48704;26087;8
126266;-169552;48851;26267;8
126997;-177603;48897;25763;8
128230;-185082;48974;25296;4
128831;-177405;49011;25776;8
100939;-166447;47268;26461;8
103576;-184330;47433;25343;4
109965;-191200;47832;24914;1
124462;-166822;48738;26437;8
130425;-176818;49111;25812;1
107952;-164734;47707;26568;1
124197;-178778;48722;25690;2
116396;-171047;48234;26173;4
105172;-192034;47533;24861;4
119799;-175204;48447;25913;4
122934;-195220;48643;24662;8
115919;-168549;48204;26329;8
106924;-180625;47642;25574;4
106840;-193370;47637;24778;8
102037;-165212;47337;26538;1
112925;-167310;48017;26407;4
115220;-188046;48161;25111;8
102720;-177881;47380;25746;8
123672;-186780;48689;25190;8
114185;-164618;48096;26575;2
117137;-192653;48281;24823;1
119308;-164733;48416;26568;8
127114;-178893;48904;25683;1
112080;-185779;47965;25252;1
119278;-176309;48414;25844;2
114390;-180116;48109;25606;2
115776;-193641;48196;24761;2
106333;-185216;47605;25288;4
128607;-172003;48997;26113;8
108353;-181566;47732;25516;2
112513;-164356;47992;26591;1
111834;-195031;47949;24674;2
106655;-169167;47625;26291;2
115146;-181138;48156;25542;2
118719;-164349;48379;26592;8
105485;-172161;47552;26103;2
114364;-165977;48107;26490;2
125778;-187020;48821;25175;1
107251;-191234;47663;24911;8
127053;-181966;48900;25491;1
114954;-171117;48144;26169;4
112880;-188346;48015;25092;1
119858;-172757;48451;26066;1
127356;-175051;48919;25923;2
103924;-169943;47455;26242;2
103786;-182761;47446;25441;8
120505;-170480;48491;26209;8
125888;-171152;48828;26167;2
114134;-185749;48093;25254;1
111534;-190465;47930;24959;8
112600;-183570;47997;25390;1
109036;-164253;47774;26598;2
102350;-167604;47356;26388;8
128322;-173397;48980;26026;2
106889;-188785;47640;25064;8
101043;-185244;47275;25286;4
118265;-191260;48351;24910;2
117239;-173173;48287;26040;2
127856;-168783;48951;26315;8
123605;-185275;48685;25284;1
119988;-176191;48459;25852;1
126108;-171190;48841;26164;2
117171;-190251;48283;24973;1
111427;-190046;47924;24986;1
106100;-189654;47591;25010;8
105317;-193796;47542;24751;2
107568;-190471;47683;24959;4
107048;-193642;47650;24761;1
122328;-186637;48605;25199;2
107832;-164539;47699;26580;2
105932;-186200;47580;25226;8
116887;-192071;48265;24859;2
100492;-179565;47240;25641;4
128313;-166371;48979;26465;4
105528;-176288;47555;25846;8
110803;-195685;47885;24633;2
119250;-166390;48413;26464;2
107230;-178893;47661;25683;2
105915;-190727;47579;24943;2
125948;-164266;48831;26597;1
102031;-174868;47336;25934;8
123342;-183179;48668;25415;2
122456;-179718;48613;25631;4
128700;-164988;49003;26552;8
109332;-179970;47793;25615;4
103508;-175717;47429;25881;1
100369;-182604;47233;25451;2
110666;-164664;47876;26572;4
110200;-190975;47847;24928;4
110263;-193605;47851;24763;1
109891;-192311;47828;24844;4
110308;-185843;47854;25248;8
121686;-166096;48565;26483;2
112946;-167330;48019;26405;1
99317;-176698;47167;25820;8
117475;-185835;48302;25249;8
103345;-180506;47419;25582;2
104764;-190596;47507;24951;1
104119;-173924;47467;25993;1
116825;-172935;48261;26055;1
122517;-165388;48617;26527;4
105520;-181700;47555;25507;8
113101;-172472;48028;26084;2
129188;-190588;49034;24952;1
111482;-190778;47927;24940;1
120962;-169947;48520;26242;8
102602;-174587;47372;25952;2
116559;-188255;48244;25098;2
112580;-190223;47996;24975;1
125331;-167085;48793;26421;1
126781;-191042;48883;24923;1
102540;-180762;47368;25566;8
123998;-165889;48709;26495;4
108699;-172029;47753;26112;8
109658;-175790;47813;25877;8
106702;-181829;47628;25499;8
122012;-170068;48585;26234;4
113402;-188199;48047;25101;1
120682;-176481;48502;25833;1
121884;-171879;48577;26121;8
105802;-188256;47572;25098;2
106608;-187006;47623;25176;4
116148;-171011;48219;26175;1
110547;-165828;47869;26499;2
103860;-172136;47451;26105;4
122136;-180573;48593;25578;4
119255;-164304;48413;26595;8
115257;-164999;48163;26551;8
102028;-170608;47336;26201;2
125680;-193941;48815;24742;8
114315;-168169;48104;26353;2
118340;-176753;48356;25816;4
120150;-169321;48469;26281;1
99617;-165022;47186;26550;8
112637;-181523;47999;25518;1
105523;-180780;47555;25565;8
119270;-174398;48414;25964;1
107679;-180061;47689;25610;1
115875;-189746;48202;25004;2
110629;-166174;47874;26478;4
129499;-172989;49053;26052;2
111203;-174503;47910;25957;2
123849;-169245;48700;26286;8
120414;-169468;48485;26272;2
121525;-167118;48555;26419;1
125198;-186252;48784;25223;2
107139;-166359;47656;26466;2
125188;-192295;48784;24845;8
128209;-184022;48973;25362;2
127033;-173872;48899;25997;4
128722;-175269;49005;25909;8
101443;-184580;47300;25327;1
102431;-184128;47361;25356;2
119663;-172466;48438;26084;8
106929;-180906;47643;25557;2
119528;-178808;48430;25688;8
103583;-172027;47433;26112;4
118808;-178037;48385;25736;2
122310;-170451;48604;26210;4
104659;-182570;47501;25453;4
123964;-178851;48707;25685;8
107137;-192117;47656;24856;2
122368;-179136;48608;25668;2
106248;-177115;47600;25794;2
115924;-165280;48205;26534;2
124838;-186083;48762;25233;2
128990;-181270;49021;25534;2
111973;-184303;47958;25345;2
118064;-187258;48339;25160;2
107769;-190632;47695;24949;4
112927;-179237;48017;25661;2
108608;-196210;47748;24600;2
117562;-169121;48307;26293;4
123391;-185778;48671;25252;8
109025;-174795;47774;25939;2
123813;-164855;48698;26560;4
108801;-171982;47760;26115;4
125408;-170209;48798;26225;2
121627;-170134;48561;26230;2
108845;-184311;47762;25344;1
106005;-188735;47585;25068;4
126368;-178370;48858;25715;4
124760;-170914;48757;26181;2
126237;-186365;48849;25216;1
128250;-185336;48975;25280;8
99828;-177546;47199;25767;1
111706;-175339;47941;25905;4
119781;-175893;48446;25870;8
111344;-195771;47919;24628;4
107682;-170364;47690;26216;8
105946;-177741;47581;25755;1
124310;-179450;48729;25648;8
112416;-181614;47986;25513;8
109521;-194764;47805;24691;4
104378;-174786;47483;25939;4
102217;-169642;47348;26261;2
108289;-194042;47728;24736;4
103076;-164697;47402;26570;8
121875;-182175;48577;25478;4
99786;-168156;47196;26354;1
108170;-164547;47720;26579;4
113508;-178051;48054;25735;4
105361;-169768;47545;26253;2
123891;-179866;48703;25622;4
120137;-188530;48468;25080;1
122193;-172633;48597;26074;2
121256;-178950;48538;25679;1
109614;-187709;47810;25132;1
99037;-175985;47149;25864;2
118407;-181245;48360;25536;2
115878;-189045;48202;25048;1
115610;-165040;48185;26549;1
112506;-177977;47991;25740;2
104205;-184561;47472;25328;1
104332;-179961;47480;25616;1
105833;-187692;47574;25133;2
102573;-178697;47370;25695;4
121733;-174338;48568;25967;8
100939;-170663;47268;26197;4
118586;-180734;48371;25568;4
115989;-194182;48209;24727;2
108516;-195146;47742;24667;2
130581;-168738;49121;26317;8
104751;-174080;47506;25984;8
116338;-189235;48231;25036;2
109468;-186535;47801;25205;8
108836;-186638;47762;25199;1
117833;-184290;48324;25345;1
122634;-166184;48624;26477;8
100797;-172109;47259;26107;2
117693;-174426;48315;25962;4
117355;-186472;48294;25209;2
105366;-181827;47545;25499;1
125269;-188201;48789;25101;4
123346;-192317;48669;24844;1
107908;-164057;47704;26610;2
108866;-179575;47764;25640;1
100780;-185550;47258;25267;2
124261;-172232;48726;26099;2
110702;-175651;47878;25885;4
114114;-190479;48092;24959;8
118059;-173616;48338;26013;4
127681;-187559;48940;25141;2
107364;-196541;47670;24580;2
110328;-187378;47855;25152;1
128711;-185212;49004;25288;1
129006;-177486;49022;25771;8
104830;-172709;47511;26069;1
105037;-165549;47524;26517;1
116156;-166215;48219;26475;1
128895;-174775;49015;25940;1
125151;-188120;48781;25106;8
130314;-185999;49104;25239;8
111359;-174770;47919;25940;1
129966;-173187;49082;26039;1
124748;-196583;48756;24577;4
105203;-164762;47535;26566;4
116072;-166506;48214;26457;2
129956;-173388;49082;26027;8
123306;-167849;48666;26373;4
120539;-183415;48493;25400;4
121547;-183164;48556;25416;1
104603;-180508;47497;25582;8
110486;-172968;47865;26053;4
123125;-184686;48655;25321;4
108906;-164325;47766;26593;2
118545;-183464;48369;25397;1
112263;-190345;47976;24967;4
111404;-176259;47922;25847;4
109354;-185269;47794;25284;4
103945;-184007;47456;25363;1
106110;-189963;47591;24991;4
123111;-172346;48654;26092;1
119030;-190302;48399;24970;2
114014;-175220;48085;25912;1
111256;-195009;47913;24675;4
122492;-171989;48615;26114;2
122407;-183828;48610;25374;4
101586;-171371;47309;26153;4
105398;-186000;47547;25239;2
112671;-168530;48001;26330;8
101823;-177520;47323;25769;8
106868;-190252;47639;24973;4
109929;-179013;47830;25675;4
125899;-183261;48828;25410;1
125548;-178305;48806;25719;1
120449;-178915;48488;25681;8
116182;-191036;48221;24924;4
103156;-166196;47407;26476;1
105495;-165362;47553;26528;1
112309;-186866;47979;25184;2
100234;-182622;47224;25450;1
108661;-187995;47751;25114;2
111243;-165938;47912;26492;2
104531;-164549;47493;26579;2
114163;-166155;48095;26479;4
105212;-168033;47535;26361;1
128890;-174861;49015;25935;1
130347;-184691;49106;25320;2
117884;-170088;48327;26233;4
100117;-183978;47217;25365;1
98703;-164073;47128;26609;1
107817;-194220;47698;24725;8
114787;-172708;48134;26069;4
120079;-172950;48464;26054;1
118522;-178207;48367;25726;4
114652;-173980;48125;25990;8
112311;-194674;47979;24696;8
104032;-179557;47462;25641;1
112243;-192041;47975;24861;1
125163;-178818;48782;25687;1
126487;-172278;48865;26096;2
111542;-184177;47931;25352;2
105394;-187165;47547;25166;2
123319;-185776;48667;25253;4
119261;-190214;48413;24975;8
121394;-184649;48547;25323;8
115252;-192262;48163;24847;4
109613;-164296;47810;26595;1
123114;-168216;48654;26350;1
100802;-185484;47260;25271;1
116197;-194912;48222;24682;1
118568;-173616;48370;26013;1
122574;-166073;48620;26484;4
115990;-189685;48209;25008;1
120521;-171668;48492;26134;1
120074;-170074;48464;26234;2
107720;-183417;47692;25400;4
120393;-169303;48484;26282;4
100062;-176671;47213;25822;8
102168;-179556;47345;25641;8
124295;-165314;48728;26531;2
125740;-173707;48818;26007;8
100936;-169919;47268;26244;8
113254;-181571;48038;25515;2
110443;-184669;47862;25322;4
108560;-195972;47745;24615;1
111756;-195404;47944;24651;1
113935;-166130;48080;26480;4
120078;-165998;48464;26489;8
104814;-184536;47510;25330;8
115165;-177659;48157;25760;8
114487;-163981;48115;26615;1
100806;-171739;47260;26130;4
112749;-171654;48006;26135;4
123371;-178791;48670;25689;8
115646;-189612;48187;25013;1
125375;-183969;48795;25365;4
112079;-184120;47964;25356;8
121946;-185271;48581;25284;4
125318;-184874;48792;25309;4
129589;-176113;49059;25856;2
125851;-186577;48825;25202;1
118401;-190079;48360;24984;2
120930;-176139;48518;25855;1
102433;-171540;47362;26142;4
101460;-175352;47301;25904;4
104733;-167940;47505;26367;8
116380;-164296;48233;26595;4
104671;-184226;47501;25349;1
117952;-191011;48332;24925;2
117437;-165953;48299;26491;2
114604;-168280;48122;26346;4
116933;-176226;48268;25849;4
127568;-169177;48933;26290;4
100961;-182453;47270;25460;2
124463;-183126;48738;25418;4
100995;-182825;47272;25437;4
114540;-173171;48118;26040;1
121901;-188178;48578;25102;4
122600;-172510;48622;26082;4
100175;-176627;47220;25824;8
126927;-172324;48892;26093;1
118115;-172823;48342;26062;8
117682;-167829;48315;26374;2
106654;-180302;47625;25595;2
126405;-166035;48860;26486;4
114324;-196445;48105;24586;1
128360;-165235;48982;26536;2
113173;-172146;48033;26104;4
115264;-193709;48164;24757;8
117439;-170062;48299;26235;8
99691;-172014;47190;26113;1
113345;-181214;48044;25538;8
122792;-166270;48634;26472;2
109230;-167203;47786;26413;1
102321;-165493;47355;26520;1
124179;-168301;48721;26345;1
127408;-171178;48923;26165;2
118889;-191329;48390;24905;1
111066;-180547;47901;25579;2
113884;-187466;48077;25147;4
115634;-180716;48187;25569;1
130852;-185975;49138;25240;2
127259;-178703;48913;25695;2
116931;-164504;48268;26582;8
106206;-187580;47597;25140;4
127857;-168956;48951;26304;8
129348;-170762;49044;26191;2
98870;-177687;47139;25758;2
104982;-179418;47521;25650;8
104540;-166070;47493;26484;2
104898;-178869;47516;25684;8
113119;-178074;48029;25734;8
104724;-173592;47505;26014;2
108559;-186296;47744;25220;2
107058;-165827;47651;26499;1
112836;-176403;48012;25838;8
127399;-167805;48922;26376;1
115014;-186345;48148;25217;2
106422;-180439;47611;25586;4
102622;-165793;47373;26501;1
104283;-166932;47477;26430;2
105127;-186265;47530;25222;2
116139;-176412;48218;25838;2
122451;-173361;48613;26028;4
105789;-188495;47571;25083;4
110310;-191805;47854;24876;4
124193;-168786;48722;26314;8
116377;-168807;48233;26313;2
104180;-172554;47471;26079;1
111428;-191078;47924;24921;4
99978;-168388;47208;26339;2
110057;-175934;47838;25868;4
121581;-185159;48558;25291;1
111178;-179720;47908;25631;8
111999;-178981;47959;25677;8
106040;-168535;47587;26330;2
127904;-174545;48954;25954;4
101507;-176366;47304;25841;1
108731;-195330;47755;24655;1
121807;-177196;48572;25789;8
105952;-194247;47582;24723;1
130795;-171332;49134;26155;2
129561;-170026;49057;26237;8
129347;-167848;49044;26373;2
106542;-177793;47618;25751;8
112236;-181888;47974;25496;1
130910;-171374;49141;26153;8
121740;-168787;48568;26314;1
119243;-165822;48412;26500;2
120478;-177315;48489;25781;8
125849;-168617;48825;26325;4
101830;-176129;47324;25855;2
103887;-167490;47452;26395;1
117027;-169943;48274;26242;4
101631;-172558;47311;26079;4
123259;-188141;48663;25105;8
108276;-177262;47727;25785;4
118254;-187767;48350;25128;1
120011;-177503;48460;25770;4
125188;-192538;48784;24830;2
116593;-185455;48247;25273;2
101603;-174780;47310;25940;8
123451;-165505;48675;26519;2
105304;-181025;47541;25549;2
123260;-182992;48663;25427;8
118229;-191507;48349;24894;2
114291;-191022;48103;24925;2
113788;-181676;48071;25509;4
109596;-191391;47809;24902;1
115447;-168832;48175;26312;1
126032;-167130;48837;26418;4
106073;-188607;47589;25076;2
103711;-170605;47441;26201;1
100632;-182447;47249;25461;2
123142;-164210;48656;26600;4
115083;-165188;48152;26539;1
113248;-192507;48038;24832;2
122666;-169690;48626;26258;4
123827;-173084;48699;26046;2
105360;-179803;47545;25626;4
127685;-187246;48940;25161;4
102758;-168130;47382;26355;8
104643;-174712;47500;25944;8
123666;-189395;48689;25026;2
118289;-177046;48353;25798;8
123029;-176097;48649;25857;2
115350;-171176;48169;26165;1
130492;-187235;49115;25161;4
107359;-183239;47669;25411;4
109422;-164835;47798;26561;8
116708;-166888;48254;26433;2
107215;-187535;47660;25143;1
109059;-175905;47776;25869;8
105039;-175210;47524;25913;8
104098;-165329;47466;26530;2
114286;-183681;48102;25383;4
106842;-180865;47637;25559;8
128191;-176985;48971;25802;4
104428;-180141;47486;25605;1
126423;-191923;48861;24868;8
123593;-173435;48684;26024;4
105299;-168925;47541;26306;8
108138;-187818;47718;25125;2
106950;-195062;47644;24672;4
115779;-186176;48196;25228;4
114219;-190984;48098;24927;4
120187;-184635;48471;25324;8
111493;-195579;47928;24640;2
123366;-183016;48670;25425;2
129027;-181316;49024;25531;8
100007;-169458;47210;26272;1
126289;-190871;48853;24934;8
118402;-176274;48360;25846;2
110172;-171157;47845;26166;2
116733;-168214;48255;26350;4
118742;-174746;48381;25942;4
111182;-191753;47908;24879;2
121476;-164478;48552;26584;8
120291;-176151;48478;25854;1
102454;-172891;47363;26058;1
123215;-171300;48660;26157;2
100628;-164988;47249;26552;1
113065;-171582;48026;26140;4
99632;-166638;47187;26449;1
116297;-168507;48228;26332;4
125845;-166708;48825;26444;1
128120;-173405;48967;26026;8
127484;-169117;48927;26294;4
119718;-177169;48442;25790;8
115616;-165627;48186;26512;8
112645;-188479;48000;25084;4
118678;-185027;48377;25299;4
107620;-191959;47686;24866;1
117947;-184511;48331;25332;1
125657;-177852;48813;25748;1
122974;-164574;48645;26578;8
127797;-173139;48947;26042;1
123451;-169943;48675;26242;1
129951;-177730;49081;25755;2
117831;-191288;48324;24908;1
106704;-182313;47629;25469;8
126529;-183383;48868;25402;8
125231;-178378;48786;25715;2
127211;-184423;48910;25337;8
105360;-187292;47545;25158;8
110345;-173532;47856;26018;1
112888;-181646;48015;25511;1
120637;-190607;48499;24951;8
121400;-174296;48547;25970;2
106634;-189737;47624;25005;1
116717;-188164;48254;25103;4
114198;-176899;48097;25807;1
121231;-172674;48536;26071;2
124968;-182011;48770;25488;2
125633;-184989;48812;25302;1
107179;-179152;47658;25667;1
119075;-182969;48402;25428;8
119393;-175264;48422;25910;4
116926;-171078;48267;26171;4
119820;-183583;48448;25390;4
105552;-186090;47557;25233;2
123680;-178950;48690;25679;1
122045;-169803;48587;26251;8
123301;-168252;48666;26348;8
119210;-184027;48410;25362;4
112073;-183489;47964;25395;4
124872;-180147;48764;25604;1
119840;-165488;48450;26521;8
125237;-168180;48787;26352;2
104634;-183019;47499;25425;2
117247;-191820;48287;24875;4
112604;-178671;47997;25697;8
127395;-171369;48922;26153;4
115045;-185407;48150;25276;1
105857;-170512;47576;26207;2
124617;-181981;48748;25490;1
126934;-179318;48893;25656;1
119650;-174177;48438;25977;2
105325;-181723;47542;25506;1
110534;-193258;47868;24785;2
127875;-175199;48952;25914;1
127387;-183900;48921;25370;8
104632;-174118;47499;25981;4
110141;-179816;47843;25625;2
123837;-164979;48699;26552;8
128768;-172995;49008;26051;4
119126;-183570;48405;25390;8
110860;-185172;47888;25290;4
116557;-189372;48244;25028;1
106511;-170202;47616;26226;1
100156;-180117;47219;25606;1
117970;-179635;48333;25636;1
115525;-167072;48180;26422;1
102423;-172275;47361;26096;4
103114;-181260;47404;25535;1
100223;-179045;47223;25673;2
107144;-180272;47656;25597;8
125725;-185961;48817;25241;8
109100;-193162;47778;24791;2
109663;-167408;47813;26401;1
121360;-189738;48545;25005;4
121914;-166863;48579;26435;1
124885;-181930;48765;25493;2
117860;-190687;48326;24946;2
116561;-190529;48245;24955;8
116711;-164091;48254;26608;8
104318;-182336;47479;25468;8
104582;-170673;47496;26196;2
128395;-164848;48984;26561;4
105532;-191092;47555;24920;1
117189;-168446;48284;26336;2
124059;-164857;48713;26560;8
110587;-175829;47871;25874;2
107135;-194453;47655;24710;2
101391;-172223;47296;26100;8
105813;-188194;47573;25101;2
130799;-165422;49134;26525;4
106985;-193688;47646;24758;1
109316;-177312;47792;25782;2
99801;-169594;47197;26264;8
118045;-186809;48337;25188;1
130382;-186103;49108;25232;4
106970;-181793;47645;25501;1
124890;-189513;48765;25019;1
104061;-181103;47463;25545;4
104399;-183271;47484;25409;2
112595;-192757;47997;24816;1
121046;-168591;48525;26327;1
113818;-165499;48073;26520;1
116552;-170607;48244;26201;2
104298;-173164;47478;26041;2
120873;-165005;48514;26551;8
101800;-171694;47322;26133;1
123273;-181002;48664;25551;2
123629;-167385;48686;26402;8
122385;-180010;48609;25613;2
114180;-177593;48096;25764;4
101493;-166440;47303;26461;4
122867;-180448;48639;25586;4
106885;-168843;47640;26311;4
114778;-180735;48133;25568;2
101870;-169001;47326;26301;2
120959;-174116;48519;25981;8
118610;-185209;48373;25288;1
112819;-179581;48011;25640;2
115740;-166298;48193;26470;1
115456;-190353;48176;24966;1
112699;-185015;48003;25300;4
125061;-172509;48776;26082;4
105201;-183978;47535;25365;1
116578;-170069;48246;26234;2
110787;-176639;47884;25824;2
119820;-183633;48448;25386;8
130904;-172066;49141;26109;2
107234;-178546;47662;25704;1
122604;-168416;48622;26338;8
104685;-164857;47502;26560;2
130093;-177973;49090;25740;2
118607;-173042;48372;26048;8
113878;-175058;48077;25922;2
102401;-181216;47360;25538;1
118328;-175245;48355;25911;2
114395;-191029;48109;24924;1
126707;-167478;48879;26396;2
116811;-176179;48260;25852;4
117823;-183398;48323;25401;1
120341;-184783;48481;25315;1
121778;-169904;48571;26245;2
118771;-185149;48383;25292;2
105141;-185425;47531;25274;8
111619;-180760;47936;25566;1
124933;-183628;48768;25387;2
123981;-164859;48708;26560;1
105996;-191478;47584;24896;8
130345;-185329;49106;25280;4
118602;-173230;48372;26037;2
100209;-180373;47223;25590;4
123115;-191622;48654;24887;2
120154;-179066;48469;25672;1
114034;-190726;48087;24943;1
102271;-181237;47351;25536;4
126150;-178494;48844;25708;1
109736;-182556;47818;25454;1
118824;-182437;48386;25461;1
111089;-191840;47903;24874;1
100491;-181833;47240;25499;2
113744;-173117;48069;26044;8
116825;-167013;48261;26425;4
112018;-180522;47961;25581;8
114321;-188483;48105;25083;8
128009;-184010;48960;25363;4
130613;-164791;49123;26564;1
129646;-172823;49062;26062;1
115933;-187574;48205;25140;1
123011;-185945;48648;25242;1
100734;-171235;47255;26161;1
102814;-170703;47385;26195;2
126739;-169833;48881;26249;8
106715;-192044;47629;24861;4
103845;-181948;47450;25492;4
130385;-169013;49109;26300;4
107105;-170903;47654;26182;8
118437;-169947;48362;26242;4
110064;-181662;47839;25510;2
122784;-195881;48634;24621;4
108835;-183674;47762;25384;1
105438;-191797;47549;24876;1
114696;-170874;48128;26184;1
121647;-173686;48562;26008;2
107888;-182806;47703;25438;2
119408;-180234;48423;25599;2
104303;-182820;47478;25437;4
105789;-177809;47571;25750;8
106256;-196532;47601;24580;4
99266;-182280;47164;25471;8
109401;-183020;47797;25425;4
118093;-185459;48340;25272;4
104114;-165336;47467;26530;4
117627;-164279;48311;26596;8
114735;-193926;48130;24743;8
113516;-192946;48054;24804;4
124077;-194094;48714;24733;8
129817;-174989;49073;25927;2
104821;-173974;47511;25990;8
116299;-168987;48228;26302;1
113018;-165888;48023;26496;2
121386;-189738;48546;25005;8
114924;-191842;48142;24873;1
103267;-171431;47414;26149;2
123188;-187958;48659;25116;4
106320;-179377;47605;25652;2
116002;-164516;48210;26581;2
106171;-166492;47595;26458;4
107254;-164652;47663;26573;8
126631;-188182;48874;25102;2
108682;-194003;47752;24738;4
112021;-190634;47961;24949;4
105950;-185228;47581;25287;1
128892;-170792;49015;26189;2
119957;-167041;48457;26423;1
101715;-166751;47317;26442;4
118134;-185903;48343;25245;2
114589;-194323;48121;24718;2
122814;-191602;48635;24888;4
129846;-168855;49075;26310;2
105045;-168839;47525;26311;2
125377;-193326;48796;24781;8
108770;-164229;47758;26599;8
106958;-164501;47644;26582;8
126119;-192583;48842;24827;2
112587;-182138;47996;25480;8
122576;-182965;48621;25428;8
105843;-192850;47575;24810;4
107977;-191991;47708;24864;1
128726;-175178;49005;25915;1
116960;-164780;48270;26565;4
108496;-192831;47741;24812;1
115111;-187930;48154;25118;1
108381;-196443;47733;24586;2
115701;-179351;48191;25654;4
117482;-187269;48302;25159;8
130469;-171390;49114;26152;1
126056;-192370;48838;24840;8
112518;-190163;47992;24978;1
120304;-176380;48479;25840;8
115287;-185919;48165;25244;1
102195;-179157;47347;25666;4
120228;-171195;48474;26164;1
103624;-169634;47436;26261;1
105767;-182003;47570;25488;2
113667;-185340;48064;25280;8
114943;-185600;48143;25264;2
105188;-165236;47534;26536;1
125873;-171725;48827;26131;8
123597;-167030;48684;26424;2
107269;-194830;47664;24687;1
100613;-179010;47248;25675;8
112761;-188605;48007;25076;2
116132;-172611;48218;26075;2
109021;-181715;47773;25506;2
118584;-183694;48371;25383;8
114090;-173897;48090;25995;4
101425;-171004;47299;26176;4
121516;-170578;48554;26202;1
127190;-174352;48909;25967;2
108118;-193641;47717;24761;2
124304;-175811;48729;25875;1
105312;-177110;47542;25794;1
110304;-177502;47854;25770;2
123121;-184108;48655;25357;8
119963;-189103;48457;25045;4
115304;-185450;48166;25273;8
101300;-165491;47291;26520;2
107976;-195564;47708;24641;2
105618;-188162;47561;25103;4
101284;-175560;47290;25891;1
109150;-171456;47781;26148;8
107115;-183858;47654;25372;1
105718;-180416;47567;25588;2
113831;-183061;48074;25422;4
103535;-170064;47430;26235;8
124789;-190879;48759;24934;1
116984;-185536;48271;25268;8
103182;-179550;47408;25642;1
116719;-170172;48254;26228;8
122083;-194284;48590;24721;2
120989;-180842;48521;25561;8
100676;-169928;47252;26243;2
118728;-184029;48380;25362;2
101927;-173176;47330;26040;1
108054;-186257;47713;25222;2
124972;-175653;48770;25885;1
127841;-171570;48950;26140;2
106435;-181603;47612;25513;8
128071;-181290;48964;25533;2
101492;-170613;47303;26200;4
119221;-175484;48411;25896;2
105003;-171730;47522;26130;1
116132;-193275;48218;24784;4
112653;-171694;48000;26133;2
108627;-170937;47749;26180;8
123987;-175781;48709;25877;1
109556;-184318;47807;25344;4
100750;-184472;47256;25334;2
115160;-168592;48157;26327;2
104061;-184478;47463;25334;1
125792;-193735;48822;24755;1
126469;-192533;48864;24830;4
116279;-171754;48227;26129;4
105614;-165328;47560;26531;4
112322;-195045;47980;24673;4
99552;-172759;47182;26066;1
127241;-174382;48912;25965;8
119913;-171131;48454;26168;8
125442;-183273;48800;25409;8
110696;-165921;47878;26493;4
126006;-172479;48835;26084;4
123686;-194900;48690;24682;8
109776;-164709;47821;26569;1
127800;-188350;48947;25092;1
111980;-179479;47958;25646;2
106317;-164962;47604;26553;1
106927;-189928;47642;24993;2
119158;-184557;48407;25329;4
128305;-173248;48979;26036;8
112651;-192688;48000;24821;2
127395;-182106;48922;25482;8
109897;-164217;47828;26600;1
103703;-178146;47441;25729;1
128387;-166268;48984;26472;1
109212;-165940;47785;26492;1
106826;-193847;47636;24748;8
103542;-177355;47431;25779;4
116860;-187619;48263;25137;4
108336;-169147;47731;26292;4
107869;-196457;47701;24585;8
112555;-187369;47994;25153;1
104556;-182835;47494;25436;2
125297;-188057;48791;25110;1
104298;-184187;47478;25352;4
116447;-168887;48237;26308;1
121440;-165313;48550;26531;8
115150;-169623;48156;26262;8
125277;-180241;48789;25598;1
102829;-167521;47386;26393;2
127907;-165535;48954;26518;2
128103;-173258;48966;26035;8
100855;-167031;47263;26424;4
125752;-169751;48819;26254;8
122591;-186221;48621;25225;2
119282;-178222;48415;25725;4
105986;-167946;47584;26367;8
131011;-175444;49148;25898;8
122508;-189362;48616;25028;4
124303;-191899;48728;24870;8
117780;-173080;48321;26046;4
120247;-180875;48475;25559;4
128408;-185138;48985;25292;8
117534;-190473;48305;24959;4
107128;-165999;47655;26489;8
115589;-171877;48184;26121;1
127358;-168492;48919;26333;2
117910;-184930;48329;25305;1
121559;-166921;48557;26431;4
130818;-175357;49136;25904;2
125613;-193690;48810;24758;1
105210;-174274;47535;25971;8
99619;-177324;47186;25781;2
111423;-193239;47923;24786;4
108309;-170628;47729;26199;1
116025;-195238;48211;24661;4
123135;-165074;48655;26546;1
124475;-172270;48739;26097;2
109735;-174832;47818;25937;4
100862;-179172;47263;25665;1
120697;-174041;48503;25986;2
106720;-180954;47630;25554;2
117394;-169523;48297;26268;2
113599;-184175;48059;25353;8
103440;-183948;47425;25367;8
102939;-173198;47393;26039;2
116270;-166610;48226;26450;8
122622;-167856;48623;26373;8
123767;-180541;48695;25580;1
129085;-164986;49027;26552;4
108631;-166005;47749;26488;1
106440;-164944;47612;26555;4
125024;-188225;48774;25099;4
122035;-164165;48587;26603;2
102647;-167059;47375;26422;1
119599;-183314;48434;25406;4
116872;-176909;48264;25807;8
127995;-168887;48959;26308;8
111079;-184531;47902;25330;2
117575;-173921;48308;25993;4
104161;-172607;47470;26076;1
124184;-175359;48721;25904;1
119447;-164288;48425;26596;1
105677;-186597;47564;25201;1
123534;-171792;48680;26127;1
113389;-195240;48046;24661;8
116628;-171461;48249;26147;1
120494;-166131;48490;26480;1
104085;-183256;47465;25410;2
106204;-177065;47597;25797;8
113988;-194390;48084;24714;8
118749;-174265;48381;25972;1
118617;-164503;48373;26582;1
106740;-178287;47631;25721;2
115618;-179706;48186;25632;1
126809;-188053;48885;25110;8
117477;-168779;48302;26315;8
121981;-167156;48583;26416;1
109726;-184106;47817;25357;2
101254;-173830;47288;25999;2
130724;-179009;49130;25675;4
99811;-178496;47198;25708;2
105127;-186013;47530;25238;1
127856;-190888;48951;24933;8
112678;-184869;48002;25309;4
127578;-191176;48933;24915;1
109403;-180250;47797;25598;2
126582;-174082;48871;25983;4
117672;-173308;48314;26032;1
121617;-168949;48561;26304;4
112119;-165128;47967;26543;8
104216;-185003;47473;25301;8
108423;-167018;47736;26425;8
128535;-169776;48993;26253;1
123282;-167640;48665;26386;2
107257;-183959;47663;25366;8
99780;-174852;47196;25935;2
107050;-185646;47650;25261;8
105316;-182060;47542;25485;2
115286;-165515;48165;26519;1
101432;-167409;47299;26400;8
110992;-183811;47897;25375;4
104520;-169796;47492;26251;8
105386;-171299;47546;26157;1
120246;-185688;48475;25258;2
121780;-185223;48571;25287;4
113263;-192482;48038;24833;2
104141;-171014;47468;26175;1
111485;-181124;47927;25543;4
130427;-171408;49111;26151;1
128748;-175282;49006;25908;2
121127;-174438;48530;25961;1
101519;-177131;47304;25793;4
101822;-178754;47323;25691;4
127900;-177489;48953;25770;1
107554;-191646;47682;24886;1
109786;-166590;47821;26452;4
125547;-170014;48806;26238;2
106670;-181588;47626;25514;2
101267;-171291;47289;26158;4
120914;-180299;48517;25595;8
117628;-190790;48311;24939;2
116858;-169785;48263;26252;2
124888;-168030;48765;26362;2
125420;-181640;48798;25511;2
109111;-164164;47779;26603;1
130388;-179126;49109;25668;8
116194;-185580;48222;25265;8
100477;-172897;47239;26057;2
112677;-167475;48002;26396;4
101671;-182238;47314;25474;4
103839;-182378;47449;25465;2
120758;-191117;48507;24919;8
103160;-165669;47407;26509;2
102999;-171325;47397;26156;2
99557;-178097;47182;25732;2
129962;-169329;49082;26280;4
105127;-168581;47530;26327;8
120541;-185804;48493;25251;4
122159;-192470;48594;24834;2
102843;-170529;47387;26205;8
122859;-166467;48638;26459;2
122384;-174172;48609;25978;2
110005;-167065;47835;26422;8
120605;-187323;48497;25156;8
106541;-170225;47618;26224;2
101697;-173291;47316;26033;4
111739;-188587;47943;25077;1
127810;-168846;48948;26311;4
116696;-188596;48253;25076;8
104809;-178330;47510;25718;2
124183;-187547;48721;25142;2
109083;-183651;47777;25385;4
108147;-165795;47719;26501;8
101874;-183841;47327;25373;2
129993;-168022;49084;26362;4
113546;-181012;48056;25550;1
115199;-171792;48159;26127;2
124792;-172393;48759;26089;1
118987;-164380;48396;26590;2
121847;-175941;48575;25867;8
124849;-169438;48763;26274;2
106808;-169322;47635;26281;4
123655;-188072;48688;25109;2
112391;-195449;47984;24648;8
130401;-175667;49110;25884;2
101194;-169631;47284;26262;8
115819;-167033;48198;26424;8
110422;-179247;47861;25661;2
125280;-179322;48790;25656;1
117959;-171969;48332;26115;8
126999;-188106;48897;25107;2
116887;-190492;48265;24958;2
99580;-178074;47183;25734;1
130147;-167929;49094;26368;1
109850;-166213;47825;26475;8
112319;-191894;47979;24870;1
103786;-171322;47446;26156;4
117530;-189718;48305;25006;1
100034;-168268;47212;26347;8
105464;-173095;47551;26045;2
113666;-193174;48064;24790;2
119288;-182969;48415;25428;8
100204;-183936;47222;25368;4
105937;-184924;47581;25306;2
104912;-172994;47517;26051;4
102757;-172823;47382;26062;8
109245;-171791;47787;26127;1
128642;-164773;49000;26565;4
110326;-167061;47855;26422;2
125879;-186957;48827;25179;2
118374;-169248;48358;26286;4
114522;-193793;48117;24751;1
110276;-167249;47852;26410;8
101582;-179927;47308;25618;8
100290;-177424;47228;25775;4
118342;-181229;48356;25537;4
123523;-167041;48680;26423;4
116024;-170181;48211;26227;4
105199;-193704;47534;24757;2
118384;-178996;48359;25676;4
105539;-179940;47556;25617;8
106890;-171132;47640;26168;1
125446;-166782;48800;26440;1
106941;-193524;47643;24768;2
117587;-165946;48309;26492;1
129392;-177170;49047;25790;8
100423;-173069;47236;26047;8
126801;-187057;48885;25172;8
108647;-186261;47750;25222;8
108987;-189865;47771;24997;1
116334;-181549;48230;25517;4
100939;-168732;47268;26318;1
119642;-165981;48437;26490;1
127591;-164839;48934;26561;1
113977;-179491;48083;25645;8
120954;-173985;48519;25989;8
110907;-191829;47891;24874;4
120563;-173505;48495;26019;8
107665;-195405;47689;24651;8
125001;-175441;48772;25898;4
115100;-165155;48153;26541;8
104211;-182040;47473;25486;2
113680;-180864;48065;25560;1
113631;-185836;48061;25249;4
117971;-184452;48333;25335;8
128100;-184268;48966;25347;4
123065;-173564;48651;26016;1
109975;-185777;47833;25252;1
103969;-180315;47458;25594;1
115975;-188102;48208;25107;1
114803;-185418;48135;25275;4
126902;-167349;48891;26404;2
119240;-189242;48412;25036;8
103784;-171084;47446;26171;8
104207;-179912;47472;25619;8
107180;-184169;47658;25353;2
125668;-183433;48814;25399;1
113211;-172704;48035;26070;4
102262;-181456;47351;25523;8
105752;-166625;47569;26449;8
103962;-182647;47457;25448;2
118659;-186397;48376;25214;1
121950;-164758;48581;26566;1
122994;-175841;48647;25873;2
119361;-174601;48420;25951;2
115704;-189667;48191;25009;4
118170;-166565;48345;26453;8
117483;-191109;48302;24919;4
105986;-177927;47584;25743;4
105703;-193715;47566;24756;8
107151;-183727;47656;25381;8
124588;-191565;48746;24891;1
126943;-174400;48893;25964;1
101240;-185947;47287;25242;2
106923;-187834;47642;25124;1
130923;-165845;49142;26498;4
111587;-189246;47934;25036;1
112090;-195565;47965;24641;4
122544;-186364;48619;25216;2
108501;-194028;47741;24737;4
129297;-164336;49041;26593;2
109401;-183091;47797;25420;8
129858;-171195;49076;26164;1
119083;-191087;48402;24921;4
113848;-177781;48075;25752;1
102647;-175729;47375;25880;1
106968;-182491;47645;25458;1
105525;-186696;47555;25195;8
110734;-172892;47880;26058;8
107134;-170213;47655;26225;4
126875;-173354;48889;26029;4
106659;-192529;47626;24830;8
99595;-183835;47184;25374;1
128748;-184385;49006;25339;4
112040;-171969;47962;26115;8
123949;-169268;48706;26284;4
105900;-177543;47578;25767;4
104868;-175015;47514;25925;2
129189;-187228;49034;25162;8
130439;-176062;49112;25860;2
128690;-185538;49003;25267;8
104388;-180297;47484;25595;8
113791;-168196;48071;26351;2
105422;-174832;47548;25937;8
103676;-183819;47439;25375;8
105106;-175912;47529;25869;8
124001;-169197;48710;26289;2
112662;-168697;48001;26320;4
110882;-175087;47890;25921;8
99841;-177447;47200;25773;4
123923;-190737;48705;24942;4
100187;-168552;47221;26329;1
107131;-182332;47655;25468;1
105755;-183876;47569;25371;4
114428;-185988;48111;25239;1
131063;-174301;49151;25970;1
122919;-185974;48642;25240;4
124224;-190277;48724;24971;2
130190;-169170;49096;26290;4
109698;-164339;47816;26592;8
124529;-185776;48743;25253;2
121904;-187702;48579;25132;1
101652;-171220;47313;26162;4
105687;-181261;47565;25535;4
100849;-184936;47263;25305;2
109928;-185066;47830;25297;1
100509;-185494;47241;25270;1
113038;-182765;48024;25441;2
124881;-166789;48765;26439;4
113164;-190114;48032;24981;1
125228;-169727;48786;26256;4
104481;-184666;47490;25322;1
105996;-184340;47584;25342;1
127209;-194311;48910;24719;8
126360;-166605;48857;26451;1
118174;-164551;48345;26579;1
99382;-181205;47171;25538;2
100192;-184010;47222;25363;4
107077;-180968;47652;25553;1
115523;-191615;48180;24888;8
112029;-190369;47961;24965;1
115148;-181125;48156;25543;1
118260;-179903;48351;25620;1
127839;-180854;48949;25560;1
125254;-194469;48788;24709;8
106165;-180913;47595;25556;1
102263;-167102;47351;26420;8
116988;-188294;48271;25095;8
122537;-185180;48618;25290;1
122170;-169834;48595;26249;1
113542;-164456;48056;26585;2
130740;-164408;49131;26588;4
114296;-167868;48103;26372;4
123074;-171664;48652;26135;1
101318;-167651;47292;26385;2
130508;-171942;49116;26117;8
113074;-172598;48027;26076;1
104109;-182575;47466;25453;2
111767;-184269;47945;25347;8
111660;-185569;47938;25265;1
105548;-184273;47556;25346;4
110578;-178506;47871;25707;1
102238;-165427;47349;26524;1
116138;-190430;48218;24962;1
115379;-192119;48171;24856;4
105410;-170771;47548;26190;8
130892;-172484;49140;26083;4
119534;-172314;48430;26094;1
125510;-170767;48804;26191;8
118654;-192235;48375;24849;2
112932;-192041;48018;24861;2
111148;-192541;47906;24830;4
118969;-166405;48395;26463;2
116135;-166884;48218;26433;1
118132;-189809;48343;25000;2
115225;-188199;48161;25101;2
123269;-182712;48664;25444;1
118589;-185273;48371;25284;2
128823;-185770;49011;25253;1
122067;-184656;48589;25323;2
120781;-181938;48508;25492;4
130082;-166863;49090;26435;2
108109;-194434;47716;24711;8
112090;-195015;47965;24675;8
117119;-185515;48279;25269;8
117592;-164396;48309;26589;1
127842;-171470;48950;26147;8
125982;-192303;48833;24845;1
124910;-189744;48766;25005;4
117184;-186104;48284;25232;8
112885;-182010;48015;25488;4
100936;-165905;47268;26494;8
104534;-177462;47493;25772;8
122678;-174902;48627;25932;4
121951;-180841;48581;25561;8
100705;-172921;47254;26056;8
117921;-172651;48330;26073;4
110569;-165361;47870;26528;4
124406;-167092;48735;26420;1
113077;-195972;48027;24615;4
125787;-177125;48821;25793;8
118041;-177250;48337;25785;8
130847;-169916;49137;26244;4
102104;-182265;47341;25472;2
100538;-185017;47243;25300;1
108136;-171262;47718;26160;4
111958;-180007;47957;25613;8
109444;-183056;47800;25423;2
122515;-183397;48617;25401;4
104519;-181800;47492;25501;1
117423;-189686;48298;25008;2
109738;-172566;47818;26078;2
125843;-164748;48825;26567;4
111853;-183606;47950;25388;4
105986;-183972;47584;25365;2
102918;-175152;47392;25917;4
101305;-172068;47291;26109;2
118916;-187867;48392;25122;1
116706;-190846;48254;24936;4
121407;-184693;48547;25320;8
130872;-169764;49139;26253;8
125872;-185282;48827;25283;1
115666;-190524;48189;24956;4
102406;-181020;47360;25550;8
122373;-175460;48608;25897;2
126202;-173634;48847;26011;4
101574;-171431;47308;26149;2
110252;-180017;47850;25612;4
101900;-182520;47328;25456;8
113800;-164304;48072;26595;2
118222;-186887;48348;25183;8
107484;-164462;47677;26585;8
121783;-167855;48571;26373;4
115410;-196058;48173;24610;8
117289;-170131;48290;26230;1
117541;-187345;48306;25154;2
128334;-177687;48980;25758;1
125036;-180893;48774;25558;2
117358;-164476;48294;26584;1
120372;-164863;48483;26560;4
107421;-167462;47673;26397;2
110070;-172841;47839;26061;2
102165;-184328;47345;25343;8
125893;-186117;48828;25231;8
116981;-167071;48271;26422;2
118383;-193269;48358;24784;4
120535;-175343;48493;25905;1
118319;-187754;48354;25129;1
113296;-177397;48041;25776;2
109795;-183110;47822;25419;1
124303;-183180;48728;25415;4
124709;-171081;48754;26171;1
106203;-179397;47597;25651;8
102266;-165179;47351;26540;1
119054;-180330;48400;25593;4
106939;-178413;47643;25713;4
111486;-187091;47927;25170;8
127961;-173807;48957;26001;8
124261;-182421;48726;25462;8
103625;-180569;47436;25578;1
116883;-191757;48265;24879;4
128038;-170489;48962;26208;2
127442;-184149;48925;25354;8
122979;-188903;48646;25057;8
129822;-170369;49073;26215;4
114005;-184758;48085;25316;1
117598;-172011;48309;26113;8
112866;-184869;48014;25309;8
121220;-164350;48536;26592;2
114553;-193439;48119;24774;1
124164;-189157;48720;25041;8
114078;-183448;48089;25398;1
116271;-188519;48226;25081;2
109905;-187673;47829;25134;4
112317;-192216;47979;24850;8
106722;-167823;47630;26375;2
112954;-196389;48019;24589;1
102580;-179549;47371;25642;1
110120;-174403;47842;25963;4
128359;-165004;48982;26551;1
102802;-166223;47385;26475;1
106149;-171394;47594;26151;4
123861;-194900;48701;24682;1
110544;-190039;47869;24986;2
114654;-181342;48125;25530;2
104131;-166624;47468;26450;8
129698;-173931;49066;25993;4
107397;-194875;47672;24684;8
126958;-173654;48894;26010;8
111808;-195352;47948;24654;8
125112;-169139;48779;26292;8
106997;-165812;47647;26500;4
107255;-195283;47663;24658;1
111080;-187297;47902;25157;2
105144;-186888;47531;25183;4
111292;-190060;47915;24985;2
99752;-164876;47194;26559;1
110143;-177369;47843;25778;1
114184;-172107;48096;26107;2
122614;-193151;48623;24792;2
122033;-192439;48587;24836;8
127335;-184173;48918;25353;4
110735;-187742;47880;25130;8
106184;-172031;47596;26112;1
104132;-164738;47468;26567;4
107450;-164493;47675;26583;2
110563;-195947;47870;24617;8
109928;-178965;47830;25678;2
129747;-165474;49069;26521;2
106684;-178179;47627;25727;8
112454;-182992;47988;25427;8
124443;-181003;48737;25551;1
125568;-192711;48808;24819;1
110143;-191007;47843;24926;4
108818;-187405;47761;25151;2
113954;-181934;48082;25493;4
105282;-186470;47540;25209;1
126322;-196203;48855;24601;4
118650;-189768;48375;25003;2
118856;-184211;48388;25350;8
127986;-177731;48959;25755;1
106398;-189816;47609;25000;4
112670;-185323;48001;25281;2
119073;-165359;48402;26529;8
115812;-165060;48198;26547;4
117242;-170472;48287;26209;1
100623;-172925;47248;26056;2
118226;-180171;48349;25603;1
110822;-176355;47886;25841;2
120631;-196135;48499;24605;2
127466;-191204;48926;24913;1
121480;-194737;48552;24692;8
122271;-165721;48601;26506;4
116807;-170447;48260;26211;1
113489;-165121;48053;26543;8
128979;-167095;49021;26420;2
109404;-195190;47797;24664;8
118895;-175945;48390;25867;4
118190;-180511;48346;25582;2
101739;-167924;47318;26368;8
122234;-178137;48599;25730;1
104049;-175596;47463;25889;2
104692;-184883;47503;25308;1
104273;-164441;47477;26586;8
106977;-196481;47646;24583;2
122732;-186597;48630;25201;4
108199;-177964;47722;25741;2
125962;-168094;48832;26358;4
127644;-176955;48937;25804;2
118180;-164236;48346;26599;4
121240;-172231;48537;26099;8
100959;-182228;47269;25474;1
126138;-185360;48843;25279;8
107560;-180100;47682;25607;1
101782;-176280;47321;25846;4
128900;-174118;49016;25981;4
118189;-191736;48346;24880;4
126184;-169098;48846;26295;1
122606;-193813;48622;24750;2
108666;-177090;47751;25795;8
113494;-184452;48053;25335;1
118964;-178533;48395;25705;2
121754;-169927;48569;26243;8
122348;-186860;48606;25185;1
113317;-195304;48042;24657;2
129132;-168660;49030;26322;4
115820;-165418;48198;26525;4
124637;-165798;48749;26501;1
127665;-174915;48939;25931;8
112891;-179817;48015;25625;1
115537;-165214;48181;26538;8
130886;-175632;49140;25887;4
124863;-171505;48763;26144;4
110905;-177377;47891;25777;4
110060;-194818;47838;24687;2
118752;-182029;48382;25487;4
112837;-167685;48012;26383;8
126015;-171042;48835;26173;1
106485;-189198;47615;25039;8
118578;-164232;48371;26599;1
117846;-175559;48325;25891;8
112111;-180673;47966;25571;2
105942;-182936;47581;25430;4
105320;-171296;47542;26158;4
121262;-182616;48538;25450;8
117291;-164181;48290;26602;2
110771;-187774;47883;25128;2
117267;-178219;48289;25725;1
123972;-189542;48708;25017;2
103942;-164830;47456;26562;2
101020;-185198;47273;25289;4
123669;-168405;48689;26338;8
113021;-186276;48023;25221;8
121828;-164783;48574;26565;8
122852;-170339;48638;26217;8
114169;-164368;48095;26591;2
112922;-195624;48017;24637;8
109419;-165908;47798;26494;2
123051;-182933;48650;25430;1
119393;-180497;48422;25582;8
129733;-164028;49068;26612;1
120787;-183556;48509;25391;2
101621;-177259;47311;25785;4
118222;-186827;48348;25187;8
114860;-181264;48138;25535;2
113105;-167482;48029;26396;1
110920;-179877;47892;25621;8
103020;-178769;47398;25690;8
118147;-178519;48344;25706;8
112330;-182883;47980;25433;8
106740;-182201;47631;25476;4
109275;-167414;47789;26400;4
110296;-191419;47853;24900;1
104692;-184366;47503;25341;2
125268;-166508;48789;26457;4
111333;-195025;47918;24674;1
122230;-170083;48599;26233;1
108154;-191226;47719;24912;4
119392;-190614;48422;24950;2
106659;-192651;47626;24823;4
115315;-184243;48167;25348;8
125003;-187496;48772;25145;4
104356;-167691;47482;26383;1
114618;-181780;48123;25502;2
126677;-173399;48877;26026;2
110049;-167137;47838;26417;2
118451;-182133;48363;25480;8
127006;-187373;48897;25153;2
116231;-168926;48224;26306;1
121962;-187178;48582;25165;2
119825;-177001;48449;25801;1
130552;-181530;49119;25518;2
103886;-182673;47452;25446;4
124268;-185008;48726;25301;1
116808;-187535;48260;25143;2
118766;-189917;48382;24994;2
107728;-164171;47693;26603;1
106530;-168828;47618;26312;2
125213;-192457;48785;24835;2
116278;-195286;48227;24658;8
111467;-186694;47926;25195;4
100987;-181811;47271;25500;8
108102;-194716;47716;24694;2
110117;-176749;47842;25817;8
101804;-179840;47322;25624;4
116322;-176298;48230;25845;1
111421;-165657;47923;26510;2
116576;-166960;48246;26429;1
125079;-171468;48777;26147;1
102337;-184242;47356;25348;2
130874;-171229;49139;26162;4
115706;-195802;48191;24626;1
112308;-172660;47979;26072;2
124891;-172340;48765;26092;4
128229;-183606;48974;25388;8
121987;-166711;48584;26444;4
121615;-175298;48560;25907;4
104773;-186323;47508;25218;2
130410;-173076;49110;26046;2
112754;-172996;48007;26051;4
106114;-195660;47592;24635;2
110000;-192781;47835;24815;2
107398;-183975;47672;25365;2
112997;-195284;48022;24658;1
121997;-186128;48584;25231;2
124440;-165645;48737;26511;8
107507;-166264;47679;26472;4
106057;-191977;47588;24865;1
106178;-175458;47596;25897;8
124192;-179028;48722;25674;8
107508;-186560;47679;25204;8
121627;-174342;48561;25967;4
115330;-180505;48168;25582;1
106559;-194471;47619;24709;2
104119;-164416;47467;26588;2
118857;-183853;48388;25373;2
116371;-168921;48233;26306;1
101138;-170894;47281;26183;2
125527;-183844;48805;25373;1
120866;-173280;48514;26034;2
102292;-176513;47353;25831;4
108218;-194214;47723;24725;4
123056;-188189;48651;25102;1
129001;-175057;49022;25922;4
114729;-172518;48130;26081;2
116888;-174550;48265;25954;1
106543;-193492;47618;24770;1
104432;-181982;47487;25490;2
111954;-165585;47957;26514;8
120331;-171305;48480;26157;4
123563;-167392;48682;26402;2
130425;-175643;49111;25886;4
122874;-175406;48639;25901;2
103277;-183999;47414;25364;4
126067;-181251;48839;25535;8
122363;-174737;48607;25942;8
109939;-189989;47831;24989;4
101809;-179513;47323;25644;1
115552;-171639;48182;26136;8
114384;-188312;48109;25094;8
116945;-186942;48269;25180;1
118621;-164594;48373;26576;8
126845;-170494;48887;26208;8
115476;-195650;48177;24635;1
121980;-194117;48583;24731;4
115338;-189811;48168;25000;1
116413;-168706;48235;26319;1
105264;-168367;47539;26341;2
124718;-179403;48754;25651;2
112887;-186066;48015;25234;4
123964;-187488;48707;25146;1
125971;-171781;48833;26127;2
100679;-165763;47252;26503;8
107576;-184498;47683;25332;8
120605;-183495;48497;25395;8
125792;-184929;48822;25305;4
124955;-181769;48769;25503;8
128776;-172843;49008;26061;2
127084;-194282;48902;24721;4
110377;-190058;47858;24985;2
107493;-173472;47678;26022;2
106397;-165773;47609;26503;4
100731;-165563;47255;26516;1
113266;-187337;48039;25155;8
121152;-175172;48532;25915;1
102865;-184398;47389;25339;2
126920;-170791;48892;26189;8
125697;-170942;48816;26180;2
113164;-185631;48032;25262;2
121775;-185028;48570;25299;2
130128;-172412;49093;26088;1
114906;-181666;48141;25509;1
104079;-171705;47464;26132;2
125077;-179064;48777;25672;8
111745;-183514;47944;25394;1
123313;-184530;48667;25330;4
124578;-186934;48746;25180;1
124492;-168023;48740;26362;8
126710;-179112;48879;25669;2
117115;-173436;48279;26024;8
115344;-164005;48169;26613;8
130466;-172779;49114;26065;1
116486;-167347;48240;26404;4
118985;-186007;48396;25238;4
106525;-184459;47617;25335;1
103537;-175295;47431;25908;4
99662;-178917;47188;25681;8
110531;-173133;47868;26043;4
125373;-166023;48795;26487;1
115775;-165256;48195;26535;4
101396;-173343;47297;26030;1
118770;-188416;48383;25088;1
127500;-171691;48928;26133;4
120885;-174161;48515;25978;8
112681;-165415;48002;26525;4
121448;-171265;48550;26159;2
116607;-187423;48247;25150;1
99347;-176847;47169;25811;4
113598;-184079;48059;25359;1
129663;-165943;49063;26492;1
112207;-194960;47972;24679;2
120401;-178764;48485;25691;2
108036;-169525;47712;26268;2
126311;-167969;48854;26365;4
106696;-172114;47628;26106;2
123524;-164768;48680;26566;1
122244;-169640;48600;26261;8
129543;-181531;49056;25518;4
117585;-170881;48309;26183;4
112349;-175776;47981;25878;1
116727;-188194;48255;25101;2
117021;-186364;48273;25216;1
121232;-164749;48537;26567;1
110933;-173828;47893;25999;2
119703;-180791;48441;25564;8
115851;-186139;48200;25230;1
115548;-185272;48181;25284;4
100962;-177713;47270;25756;4
102972;-167999;47395;26364;4
103059;-171610;47401;26138;8
117568;-172817;48308;26062;2
104353;-180570;47482;25578;1
109476;-192745;47802;24817;2
105736;-183960;47568;25366;1
107286;-166129;47665;26480;1
103174;-181567;47408;25516;2
118114;-182904;48342;25432;8
128483;-180098;48990;25607;8
108236;-194337;47724;24717;1
101362;-171418;47295;26150;8
104872;-185084;47514;25296;4
111198;-191275;47909;24909;8
100408;-165818;47235;26500;2
117883;-181886;48327;25496;4
106537;-168746;47618;26317;2
119689;-169935;48440;26243;8
110734;-174288;47880;25971;4
124910;-175834;48766;25874;2
109880;-189551;47827;25017;8
126230;-169550;48849;26267;1
121713;-168748;48567;26317;4
103549;-170988;47431;26177;2
105750;-185440;47569;25274;4
119475;-170238;48427;26224;4
121082;-184528;48527;25331;8
105791;-185450;47571;25273;4
108386;-165840;47734;26499;8
120865;-167956;48514;26366;8
102706;-164832;47379;26562;4
103481;-167257;47427;26410;1
109381;-195573;47796;24640;8
124555;-168118;48744;26356;8
99631;-172144;47186;26105;8
101452;-177317;47300;25781;8
127487;-171554;48927;26141;1
119561;-177310;48432;25782;1
129090;-164958;49028;26554;8
101798;-179473;47322;25646;1
126531;-169768;48868;26253;1
123345;-194437;48669;24711;4
107468;-186599;47676;25201;8
128179;-177840;48971;25749;1
127450;-182844;48925;25436;1
120017;-175517;48461;25894;4
116974;-185541;48270;25267;1
115672;-195381;48189;24652;1
107149;-171023;47656;26175;8
123293;-168880;48665;26309;1
116534;-177306;48243;25782;4
116373;-188871;48233;25059;1
100168;-185086;47220;25296;2
127768;-183955;48945;25366;2
114087;-187226;48090;25162;8
127226;-172317;48911;26094;4
127333;-172078;48918;26109;2
119571;-172586;48433;26077;8
102047;-175703;47337;25882;1
108204;-183739;47722;25380;1
121065;-185010;48526;25300;1
112685;-184837;48002;25311;2
113334;-195354;48043;24654;8
118497;-164213;48366;26600;1
126581;-171654;48871;26135;4
121447;-184522;48550;25331;1
128615;-165169;48998;26540;4
129181;-171589;49033;26139;4
103972;-181427;47458;25524;2
110243;-172776;47850;26065;4
126973;-178945;48895;25679;8
127235;-174163;48912;25978;2
107044;-164621;47650;26575;4
105583;-167565;47558;26391;4
125729;-179350;48818;25654;1
129963;-182438;49082;25461;8
122321;-168865;48605;26309;1
102037;-184251;47337;25348;8
105460;-168762;47551;26316;1
104217;-177397;47473;25776;2
117934;-179291;48330;25658;8
126385;-191862;48859;24872;4
125614;-179731;48810;25630;1
120508;-172247;48491;26098;1
105120;-189083;47530;25046;1
118479;-167509;48364;26394;4
108403;-166913;47735;26431;8
106324;-169288;47605;26283;4
106792;-181520;47634;25519;4
106735;-171710;47630;26132;4
118918;-183575;48392;25390;4
122745;-171744;48631;26130;2
123309;-192275;48666;24846;2
111829;-189647;47949;25011;8
125960;-173166;48832;26041;4
114898;-187244;48141;25161;2
104545;-166617;47494;26450;1
127599;-195993;48934;24614;8
122344;-168488;48606;26333;1
122135;-188739;48593;25067;1
126063;-188071;48838;25109;1
113150;-192234;48031;24849;4
124923;-166877;48767;26434;4
127669;-172780;48939;26065;1
124648;-189879;48750;24996;8
127114;-169195;48904;26289;2
104826;-167809;47511;26375;4
127342;-171715;48918;26131;1
130765;-176526;49132;25831;8
112057;-180690;47963;25570;8
125742;-181146;48818;25542;2
112020;-177111;47961;25794;2
125272;-185472;48789;25272;4
106216;-187323;47598;25156;1
118145;-173692;48344;26008;4
129836;-182168;49074;25478;2
118048;-174042;48338;25986;1
112433;-194215;47987;24725;1
112984;-168054;48021;26360;2
129328;-178333;49043;25718;4
118425;-185461;48361;25272;8
121199;-178119;48534;25731;8
112037;-186050;47962;25235;8
100925;-181073;47267;25546;2
119975;-171913;48458;26119;1
128986;-172543;49021;26080;2
113763;-175117;48070;25919;2
105792;-165701;47572;26507;4
102331;-165706;47355;26507;2
119461;-164483;48426;26583;4
112170;-172743;47970;26067;4
111385;-164953;47921;26554;2
119380;-169857;48421;26247;1
105453;-167988;47550;26364;4
105798;-190478;47572;24959;2
117610;-169594;48310;26264;1
116772;-191717;48258;24881;2
109080;-192402;47777;24838;4
110397;-177785;47859;25752;4
104800;-167180;47510;26415;8
111144;-175311;47906;25907;1
125286;-187126;48790;25168;1
130611;-168276;49123;26346;8
110297;-182428;47853;25462;8
109363;-195571;47795;24640;1
119738;-173577;48443;26015;4
109410;-189581;47798;25015;4
110437;-178850;47862;25685;1
117758;-171766;48319;26128;1
112211;-176404;47973;25838;8
113223;-182471;48036;25459;2
105606;-189741;47560;25005;8
111324;-176341;47917;25842;8
116634;-186478;48249;25209;8
108825;-165913;47761;26494;2
104321;-174767;47480;25941;2
119143;-172962;48406;26053;8
123537;-167821;48681;26375;1
104936;-164059;47518;26610;2
120507;-186738;48491;25192;4
128750;-186075;49006;25234;8
115195;-192819;48159;24812;1
115775;-193195;48195;24789;4
122473;-176453;48614;25835;2
113816;-182837;48073;25436;8
100371;-185583;47233;25265;4
125455;-186986;48800;25177;4
116245;-176741;48225;25817;8
100794;-173301;47259;26032;4
113451;-172636;48050;26074;4
129062;-164922;49026;26556;1
101819;-177565;47323;25766;8
125049;-188726;48775;25068;8
125306;-194089;48791;24733;1
111984;-171343;47959;26155;8
102961;-166149;47395;26479;1
124216;-164888;48723;26558;4
125090;-188718;48778;25069;1
112983;-186302;48021;25220;8
105096;-174285;47528;25971;2
124596;-172418;48747;26087;8
106109;-182142;47591;25480;2
116764;-188023;48257;25112;4
126904;-188205;48891;25101;2
116652;-189758;48250;25004;8
106905;-178309;47641;25719;8
117253;-171809;48288;26125;4
120103;-184849;48466;25310;4
121912;-164851;48579;26560;8
129068;-178929;49026;25680;2
105567;-177393;47557;25776;8
105508;-180282;47554;25596;1
100890;-164062;47265;26610;4
119516;-172373;48429;26090;4
100625;-184718;47249;25319;2
109132;-185091;47780;25295;4
105680;-175879;47565;25871;2
121230;-165072;48536;26547;8
108949;-183530;47769;25393;8
118271;-180846;48351;25561;1
120456;-166065;48488;26484;4
107013;-178364;47648;25716;8
122924;-191391;48642;24902;1
102953;-171455;47394;26148;8
122697;-193886;48628;24746;2
101312;-182284;47292;25471;2
117583;-176936;48308;25805;4
111111;-194811;47904;24688;8
109467;-166244;47801;26473;2
125901;-194884;48828;24683;8
112996;-184116;48022;25356;1
121072;-169876;48527;26246;1
112254;-179425;47975;25649;4
109233;-195244;47787;24661;2
109456;-185019;47801;25300;2
125110;-188196;48779;25101;4
125821;-168606;48823;26326;1
124606;-187563;48747;25141;1
110953;-172403;47894;26088;4
118695;-170405;48378;26213;8
113559;-193520;48057;24769;1
128314;-172745;48979;26067;2
125459;-188972;48801;25053;1
118688;-169766;48378;26253;1
121980;-171979;48583;26115;4
125783;-195212;48821;24663;2
106521;-185437;47617;25274;1
125370;-165200;48795;26539;4
119110;-185755;48404;25254;8
130835;-177939;49137;25742;8
105950;-182271;47581;25472;8
113034;-196420;48024;24587;8
116568;-189205;48245;25038;8
124134;-180330;48718;25593;1
117679;-176889;48314;25808;4
103637;-165213;47437;26538;2
111518;-189773;47929;25003;2
126206;-193372;48847;24778;8
124842;-192423;48762;24837;8
100610;-177681;47248;25758;2
114252;-174125;48100;25981;2
108819;-193678;47761;24759;2
125478;-166388;48802;26464;1
100544;-165708;47244;26507;8
102261;-174664;47351;25947;2
129178;-166495;49033;26458;2
124779;-192217;48758;24850;2
126090;-175401;48840;25901;4
124348;-191993;48731;24864;2
118618;-174672;48373;25947;2
115365;-183822;48170;25375;4
124689;-189065;48753;25047;4
115172;-187828;48158;25124;1
123806;-165953;48697;26491;2
105489;-187949;47553;25117;2
112843;-171921;48012;26118;8
113545;-181347;48056;25529;8
127007;-194185;48897;24727;2
125041;-187315;48775;25156;2
130486;-169521;49115;26268;2
110320;-176264;47855;25847;2
122097;-164273;48591;26596;2
111504;-194075;47929;24734;4
107377;-171577;47671;26140;1
126355;-178523;48857;25706;1
112638;-192719;47999;24819;8
105561;-184246;47557;25348;2
120721;-175104;48505;25920;4
118976;-184258;48396;25347;2
128516;-165826;48992;26499;4
113012;-181798;48023;25501;2
130511;-172675;49116;26071;4
113051;-180996;48025;25551;8
110349;-182617;47856;25450;8
106301;-169888;47603;26246;1
104552;-182369;47494;25465;2
104599;-185629;47497;25262;4
128190;-168121;48971;26356;2
126723;-178978;48880;25677;1
120648;-182435;48500;25461;1
117724;-177303;48317;25782;1
126071;-190259;48839;24972;8
100881;-181202;47265;25538;2
107221;-170996;47661;26176;1
120296;-172765;48478;26066;2
130080;-168017;49090;26362;4
120129;-176951;48468;25804;4
105709;-181998;47566;25489;2
122380;-173221;48608;26037;2
124136;-195825;48718;24624;2
114719;-177023;48129;25800;1
116442;-168839;48237;26311;8
117309;-187018;48291;25175;2
105632;-175899;47562;25870;2
116509;-177236;48241;25786;4
106243;-183670;47600;25384;4
100219;-179417;47223;25650;8
101831;-164609;47324;26575;4
107026;-181352;47649;25529;4
106756;-182592;47632;25452;1
115267;-187530;48164;25143;8
104717;-184555;47504;25329;8
118229;-176810;48349;25813;1
125465;-193471;48801;24772;1
104150;-171333;47469;26155;1
106518;-192673;47617;24821;4
129045;-167822;49025;26375;4
125698;-169541;48816;26267;4
111770;-186140;47945;25230;8
112492;-181026;47990;25549;2
101090;-185227;47278;25287;8
101185;-176983;47284;25802;2
113907;-166135;48079;26480;4
113935;-189531;48080;25018;4
107550;-173921;47681;25993;1
103035;-184410;47399;25338;4
111054;-183715;47900;25381;2
114247;-165896;48100;26495;8
111195;-191958;47909;24866;4
116289;-179753;48228;25629;2
117732;-171810;48318;26125;8
108702;-194443;47753;24711;4
122398;-179850;48609;25623;2
128978;-187097;49021;25170;4
105552;-181399;47557;25526;8
129249;-164089;49038;26608;1
110394;-174177;47859;25977;4
101185;-183366;47284;25403;2
117942;-177269;48331;25784;1
130746;-171830;49131;26124;8
112128;-185106;47968;25294;4
122822;-168918;48636;26306;4
123671;-164719;48689;26569;4
122591;-168370;48621;26340;2
110193;-172818;47847;26062;1
114194;-179634;48097;25636;8
117886;-185241;48327;25286;1
105759;-192467;47569;24834;4
101802;-178911;47322;25682;1
105377;-174145;47546;25979;2
117020;-168089;48273;26358;2
116717;-163877;48254;26621;4
117821;-190511;48323;24957;4
105332;-177049;47543;25798;2
126801;-182566;48885;25453;4
104076;-183441;47464;25398;2
99276;-175201;47164;25913;4
100853;-180383;47263;25590;8
107480;-165996;47677;26489;1
118016;-173274;48336;26034;8
117337;-167104;48293;26420;4
124093;-195357;48715;24654;8
116786;-173222;48259;26037;8
102523;-174308;47367;25969;8
103110;-171573;47404;26140;1
121628;-168878;48561;26309;2
122957;-192106;48644;24857;4
126765;-187995;48882;25114;1
129420;-169831;49048;26249;8
122753;-191590;48632;24889;4
98651;-178049;47125;25735;4
104369;-184375;47483;25340;8
130914;-175843;49142;25873;2
127640;-172637;48937;26074;8
117649;-165362;48313;26528;1
129304;-173017;49041;26050;8
117945;-181230;48331;25537;1
127311;-167592;48916;26389;2
117444;-186201;48300;25226;2
123928;-165823;48705;26500;1
121758;-192177;48569;24852;1
105233;-166097;47537;26482;4
113400;-187049;48047;25173;2
114786;-168720;48134;26319;1
126697;-180941;48878;25555;8
118561;-191822;48370;24875;4
124420;-180678;48736;25571;1
129604;-172745;49060;26067;8
112182;-178454;47971;25710;4
101460;-180991;47301;25552;2
124655;-164601;48750;26576;2
120646;-178045;48500;25736;4
114604;-181617;48122;25512;2
115261;-193458;48163;24772;2
114499;-166134;48116;26480;1
120269;-165135;48476;26543;8
112057;-185571;47963;25265;8
123466;-192481;48676;24833;2
129417;-175922;49048;25868;1
100708;-171422;47254;26150;1
130872;-174028;49139;25987;1
115400;-196543;48172;24580;8
112492;-179800;47990;25626;4
111961;-163981;47957;26615;1
121108;-172060;48529;26110;2
118959;-184367;48394;25341;4
126986;-191647;48896;24886;8
109132;-184592;47780;25327;2
103446;-183352;47425;25404;8
117607;-187714;48310;25131;2
104614;-164160;47498;26604;4
122771;-185320;48633;25281;2
106889;-185019;47640;25300;4
120242;-168816;48475;26313;4
119655;-167178;48438;26415;1
101045;-166168;47275;26478;4
122989;-172309;48646;26094;8
106578;-188793;47621;25064;4
110042;-178653;47837;25698;1
125222;-193564;48786;24766;1
109012;-196304;47773;24595;8
116111;-170000;48216;26239;4
124120;-189084;48717;25046;4
113305;-181003;48041;25551;4
121820;-179468;48573;25647;2
122828;-178311;48636;25719;2
121170;-181881;48533;25496;8
122254;-175208;48600;25913;8
119287;-164655;48415;26573;2
107928;-185621;47705;25262;8
126374;-178424;48858;25712;4
112944;-187010;48019;25175;8
116265;-167603;48226;26388;1
130341;-187081;49106;25171;4
130725;-178250;49130;25723;8
110052;-183616;47838;25388;1
120937;-189601;48518;25013;8
129482;-172855;49052;26060;1
117162;-191404;48282;24901;8
109842;-185212;47825;25288;2
100126;-180662;47217;25572;2
100647;-167636;47250;26386;8
123929;-185601;48705;25263;2
107770;-195380;47695;24652;1
115356;-186155;48169;25229;4
121867;-187242;48576;25161;1
114640;-176660;48125;25822;2
112797;-181486;48009;25521;2
117974;-185412;48333;25275;8
104938;-182638;47518;25449;4
106854;-168606;47638;26326;1
126646;-190886;48875;24933;2
115291;-171990;48165;26114;2
110758;-195808;47882;24626;4
110852;-165932;47888;26493;4
130913;-172371;49142;26090;4
121592;-188028;48559;25112;8
123327;-164028;48667;26612;4
117545;-190958;48306;24929;1
124151;-194756;48719;24691;1
102754;-173974;47382;25990;4
105666;-189324;47564;25031;2
98992;-177771;47147;25753;2
129174;-169475;49033;26271;8
111714;-185288;47942;25283;4
106366;-183580;47607;25390;8
126773;-173817;48883;26000;4
110887;-190287;47890;24971;2
113436;-166755;48049;26441;8
101181;-172678;47283;26071;8
106354;-184002;47607;25363;4
106583;-192434;47621;24836;1
125483;-179045;48802;25673;2
118686;-191083;48377;24921;4
105292;-182909;47540;25432;1
124654;-168230;48750;26349;1
126280;-169016;48852;26300;1
123708;-167810;48691;26375;2
101225;-173195;47286;26039;8
126133;-169166;48843;26291;1
130565;-168569;49120;26328;8
105670;-169968;47564;26241;4
107077;-195278;47652;24659;8
117636;-175473;48312;25896;2
108425;-183815;47736;25375;1
104714;-181786;47504;25502;2
101519;-172197;47304;26101;4
126037;-164554;48837;26579;4
130818;-176758;49136;25816;2
123422;-164830;48673;26562;4
104643;-180560;47500;25579;2
110205;-178919;47847;25681;1
106757;-165912;47632;26494;8
122213;-164598;48598;26576;4
113217;-169085;48036;26296;4
108310;-184028;47729;25362;4
113807;-173315;48072;26031;4
100965;-170001;47270;26238;2
104486;-182769;47490;25440;1
105889;-170582;47578;26202;4
116116;-187203;48217;25163;8
117471;-193617;48301;24762;8
108346;-184039;47731;25361;8
104724;-184468;47505;25334;2
119851;-165992;48450;26489;4
102667;-174086;47376;25983;2
106475;-186007;47614;25238;1
127992;-177780;48959;25752;2
118023;-168242;48336;26348;2
101422;-184820;47298;25312;1
127889;-174898;48953;25932;1
101935;-182125;47330;25481;8
102256;-182462;47351;25460;8
128056;-181240;48963;25536;4
105746;-164296;47569;26595;2
106953;-196005;47644;24613;4
111715;-175348;47942;25904;8
126249;-187192;48850;25164;4
119278;-181336;48414;25530;4
124567;-191372;48745;24903;4
119198;-164858;48409;26560;1
118583;-173196;48371;26039;2
118487;-186467;48365;25209;1
120923;-171149;48517;26167;1
116630;-165684;48249;26508;8
122069;-189462;48589;25022;2
102792;-168414;47384;26338;4
104077;-184377;47464;25340;8
106026;-188251;47586;25098;8
118879;-188048;48389;25111;8
121657;-174226;48563;25974;4
110363;-188381;47857;25090;4
114316;-182594;48104;25451;1
113398;-168803;48047;26313;2
108474;-190905;47739;24932;8
101291;-171209;47290;26163;8
101318;-165128;47292;26543;1
116763;-172045;48257;26111;8
111077;-172018;47902;26112;2
129891;-173864;49078;25997;2
130283;-175685;49102;25883;8
112677;-192620;48002;24825;2
122083;-189825;48590;24999;8
117899;-184894;48328;25308;2
103300;-171285;47416;26158;8
130388;-173894;49109;25995;8
129054;-169318;49025;26281;1
122557;-189618;48619;25012;4
118893;-170168;48390;26228;8
110497;-195950;47866;24617;1
104655;-180175;47500;25603;4
113166;-168557;48032;26329;1
108526;-176797;47742;25814;2
118809;-182245;48385;25473;1
126638;-164734;48874;26568;2
122388;-166637;48609;26449;1
122892;-188701;48640;25070;1
103837;-181871;47449;25497;8
102813;-169066;47385;26297;4
114309;-176606;48104;25826;4
108573;-170251;47745;26223;2
130887;-174569;49140;25953;1
123279;-183000;48664;25426;1
100724;-170321;47255;26218;1
107045;-188574;47650;25078;4
108252;-186401;47725;25213;8
116862;-171178;48263;26165;8
127824;-175044;48949;25923;8
111546;-164792;47931;26564;1
104476;-182255;47489;25473;4
126972;-187517;48895;25144;2
105482;-191851;47552;24873;2
125612;-186620;48810;25200;4
106236;-195171;47599;24665;1
118638;-191572;48374;24890;2
112955;-179904;48019;25620;8
104159;-180905;47469;25557;1
117148;-172811;48281;26063;4
122338;-180366;48606;25591;2
103675;-182374;47439;25465;1
123456;-176203;48676;25851;4
110518;-172802;47867;26063;2
115752;-186611;48194;25200;1
127789;-184181;48946;25352;8
123723;-183508;48692;25394;8
110843;-171513;47887;26144;1
130837;-178203;49137;25726;2
124633;-182000;48749;25489;2
112743;-190253;48006;24973;4
115562;-171852;48182;26123;1
114911;-185301;48141;25282;8
121950;-173042;48581;26048;8
127307;-164565;48916;26578;4
119290;-178434;48415;25711;1
109386;-194708;47796;24694;4
106731;-166269;47630;26472;2
103623;-182841;47436;25436;2
103045;-173280;47400;26034;2
127585;-169121;48934;26293;1
112536;-186675;47993;25196;8
127939;-175795;48956;25876;4
107955;-171730;47707;26130;1
105053;-165910;47525;26494;4
121634;-189341;48562;25030;4
116104;-191116;48216;24919;8
119990;-166022;48459;26487;1
114757;-187168;48132;25166;2
125672;-178197;48814;25726;4
122749;-168836;48631;26311;1
118453;-164010;48363;26613;1
120803;-164031;48510;26612;8
111936;-193296;47956;24783;4
126181;-185300;48846;25282;4
102117;-171061;47342;26172;4
118916;-188520;48392;25081;1
111411;-194505;47923;24707;2
108473;-167208;47739;26413;4
107059;-168442;47651;26336;2
101938;-180679;47331;25571;1
112533;-192085;47993;24858;8
120234;-177327;48474;25781;4
122777;-169707;48633;26257;8
107201;-190101;47660;24982;1
119363;-168824;48420;26312;4
108767;-177908;47757;25744;8
112417;-191688;47986;24883;2
128868;-174185;49014;25977;2
128041;-177608;48962;25763;1
128529;-164436;48993;26586;4
112280;-177072;47977;25797;2
119109;-180312;48404;25594;8
116759;-169205;48257;26288;4
104046;-181582;47462;25515;2
117162;-176915;48282;25806;8
115294;-188171;48165;25103;1
104765;-173963;47507;25991;2
118680;-186094;48377;25233;2
120480;-170148;48490;26229;4
118679;-166423;48377;26462;4
117120;-173657;48280;26010;8
130704;-172409;49129;26088;8
120589;-177660;48496;25760;4
106633;-195791;47624;24627;1
100047;-178374;47212;25715;1
112212;-182074;47973;25484;1
103768;-180261;47445;25597;8
110954;-190904;47894;24932;1
119423;-169919;48423;26244;8
126820;-183165;48886;25416;4
116048;-192459;48213;24835;1
114376;-167959;48108;26366;8
118185;-187783;48346;25127;8
104554;-178990;47494;25677;1
119185;-165010;48409;26550;2
99867;-171843;47201;26123;1
112754;-168564;48007;26328;1
125388;-179515;48796;25644;8
124655;-167366;48750;26403;2
104715;-175903;47504;25870;2
108796;-164121;47759;26606;1
112749;-185050;48006;25298;4
111979;-164270;47958;26597;2
127505;-187507;48929;25144;1
126772;-195356;48883;24654;8
124294;-185618;48728;25262;4
126942;-191692;48893;24883;2
124410;-176292;48735;25845;2
109420;-183769;47798;25378;4
129443;-173123;49050;26043;2
128639;-183893;48999;25370;1
127617;-174676;48936;25946;8
123366;-179761;48670;25628;8
120246;-172045;48475;26111;8
103995;-174770;47459;25940;8
110872;-184953;47889;25304;4
131028;-168421;49149;26337;8
122972;-172274;48645;26096;2
116512;-167440;48242;26399;8
107492;-189696;47678;25008;1
130565;-173981;49120;25990;1
115738;-190079;48193;24984;2
128229;-180518;48974;25581;2
113961;-179430;48082;25649;4
108362;-193879;47732;24746;8
111536;-165674;47931;26509;8
121452;-175179;48550;25915;1
129437;-171208;49049;26163;2
123509;-172210;48679;26100;8
127668;-191691;48939;24883;4
115623;-194951;48186;24679;4
127498;-172465;48928;26084;4
106983;-188106;47646;25107;2
125913;-171108;48829;26169;4
121796;-188932;48572;25055;8
119861;-179290;48451;25658;8
120592;-165293;48497;26533;1
121060;-184673;48526;25321;2
130825;-175484;49136;25896;2
116036;-179528;48212;25643;8
117741;-172882;48318;26058;8
108843;-177977;47762;25740;1
107499;-188241;47678;25098;1
115963;-163910;48207;26619;2
126967;-164936;48895;26555;4
107548;-196326;47681;24593;1
114134;-179300;48093;25657;2
120672;-171750;48502;26129;4
100643;-176350;47250;25842;2
108059;-167568;47713;26391;8
105346;-178488;47544;25708;4
125742;-168597;48818;26326;4
104818;-177087;47511;25796;4
121635;-167312;48562;26407;8
106865;-181380;47639;25527;2
109812;-178615;47823;25700;4
100387;-172889;47234;26058;1
109918;-176067;47829;25859;8
121355;-164896;48544;26558;1
114413;-165361;48110;26528;1
128368;-181239;48983;25536;1
109225;-194300;47786;24720;1
120640;-166188;48500;26477;4
103460;-177953;47426;25741;4
118829;-169677;48386;26259;1
117166;-174606;48282;25951;1
105517;-187881;47554;25121;2
111778;-175420;47946;25900;2
101447;-173038;47300;26049;2
120190;-173262;48471;26035;2
128089;-175300;48965;25907;2
110663;-195695;47876;24633;8
127452;-178475;48925;25709;1
119784;-171174;48446;26165;8
106578;-170454;47621;26210;1
126280;-169757;48852;26254;2
124870;-169728;48764;26256;2
106572;-165701;47620;26507;2
122060;-179979;48588;25615;8
105735;-166617;47568;26450;4
125281;-175472;48790;25897;2
128881;-179046;49015;25673;8
128856;-171104;49013;26170;2
101131;-172223;47280;26100;1
104238;-180211;47474;25600;2
119205;-169882;48410;26246;8
105677;-189090;47564;25045;1
125383;-190937;48796;24930;1
119314;-178612;48417;25700;8
113304;-171383;48041;26152;8
119476;-164179;48427;26602;8
107826;-185438;47699;25274;4
122852;-172001;48638;26113;4
117598;-190825;48309;24937;2
117923;-178055;48330;25735;2
106477;-181553;47614;25516;1
106657;-168971;47626;26303;4
107408;-195606;47673;24638;2
118246;-178868;48350;25684;4
110193;-194087;47847;24733;2
99370;-178064;47170;25735;8
100631;-173267;47249;26034;1
107127;-180916;47655;25556;2
100967;-165628;47270;26512;8
123135;-169325;48655;26281;2
121254;-166760;48538;26441;8
121513;-186490;48554;25208;8
105925;-169616;47580;26263;2
107212;-190298;47660;24970;2
113207;-195563;48035;24641;4
110809;-174801;47885;25938;1
106641;-188011;47625;25113;2
130462;-187442;49113;25148;4
121180;-179748;48533;25629;4
98951;-179559;47144;25641;1
128698;-168069;49003;26359;2
120134;-166379;48468;26465;2
112728;-167530;48005;26393;1
124385;-193733;48734;24755;4
109886;-192343;47827;24842;8
108108;-194571;47716;24703;2
112944;-185548;48019;25267;1
127439;-182552;48924;25454;1
130420;-164542;49111;26580;8
114671;-186480;48126;25209;8
122568;-166266;48620;26472;2
106234;-191048;47599;24923;1
116077;-193988;48214;24739;2
129239;-178000;49037;25739;4
116337;-164158;48231;26604;8
121523;-169252;48555;26285;8
123302;-192399;48666;24839;8
103235;-183073;47412;25421;1
105031;-179101;47524;25670;2
101167;-168705;47282;26319;8
123209;-172934;48660;26055;8
111794;-189419;47947;25025;8
123656;-190875;48688;24934;8
123002;-174500;48647;25957;8
115244;-185624;48162;25262;4
121636;-175336;48562;25905;4
118187;-192651;48346;24823;4
121349;-166791;48544;26439;8
118684;-184308;48377;25344;4
113368;-188314;48045;25094;2
125953;-195305;48832;24657;1
100283;-166976;47227;26428;2
116709;-169938;48254;26242;4
122404;-179149;48610;25667;8
104426;-183933;47486;25368;8
109633;-192609;47812;24825;1
121468;-191980;48551;24865;1
106586;-180089;47621;25608;8
125380;-172228;48796;26099;2
111048;-164459;47900;26585;2
130130;-169247;49093;26286;4
122589;-170413;48621;26213;2
123955;-179834;48707;25624;1
107405;-170927;47672;26181;1
116271;-191798;48226;24876;4
123586;-170147;48684;26229;2
98826;-178459;47136;25710;2
106191;-176356;47596;25841;4
119225;-165480;48411;26521;1
108445;-183881;47737;25371;2
122934;-167190;48643;26414;2
114237;-167657;48099;26385;8
103749;-178444;47444;25711;2
114467;-194681;48114;24696;2
130823;-174980;49136;25927;1
114177;-183396;48096;25401;4
122222;-194404;48598;24713;8
103462;-169788;47426;26252;2
113353;-186723;48044;25193;2
120071;-177077;48464;25796;2
120080;-167078;48465;26421;8
117744;-187187;48319;25164;1
117630;-172844;48311;26061;2
117718;-173176;48317;26040;2
120232;-164365;48474;26591;4
129389;-176441;49046;25836;2
107271;-179273;47664;25659;8
121915;-185615;48579;25263;1
110748;-171833;47881;26124;8
104631;-181272;47499;25534;8
118168;-173524;48345;26018;8
115233;-167443;48162;26398;1
118551;-190147;48369;24979;8
105922;-164958;47580;26554;2
105321;-182447;47542;25461;8
113679;-179651;48064;25635;8
107521;-164082;47680;26608;1
110317;-194026;47854;24737;2
109537;-176463;47806;25835;1
122716;-172335;48629;26093;1
113048;-180564;48025;25578;4
108957;-180974;47769;25553;2
100343;-179868;47231;25622;1
113599;-177761;48059;25753;2
104553;-170757;47494;26191;2
107224;-195906;47661;24619;1
121994;-180414;48584;25588;4
118321;-172013;48355;26113;4
101687;-164196;47315;26601;4
119114;-187544;48404;25142;8
125536;-193989;48806;24739;2
100590;-185823;47246;25250;1
118683;-185586;48377;25264;8
120115;-170542;48467;26205;8
125394;-190188;48797;24977;2
124592;-187527;48747;25143;2
122781;-175572;48633;25890;1
129139;-175350;49031;25904;1
101873;-183096;47327;25420;1
106660;-164185;47626;26602;1
128659;-185778;49001;25252;8
101285;-167330;47290;26405;8
101123;-180701;47280;25570;1
127203;-179018;48910;25675;4
101993;-184373;47334;25340;2
107861;-182113;47701;25481;2
122476;-178118;48614;25731;1
104158;-168681;47469;26321;1
127145;-170592;48906;26202;4
110869;-184584;47889;25327;1
112828;-195702;48011;24632;8
116468;-195883;48239;24621;4
125611;-183072;48810;25422;2
117537;-186296;48306;25220;2
111795;-180245;47947;25598;1
118158;-179570;48344;25640;8
113690;-166761;48065;26441;1
125683;-188151;48815;25104;4
126771;-172428;48883;26087;2
125763;-164542;48820;26580;2
110176;-181335;47846;25530;1
106198;-188318;47597;25094;8
125439;-186115;48799;25231;4
109957;-164443;47832;26586;8
116665;-189470;48251;25022;2
101520;-184752;47305;25317;1
101245;-182095;47287;25483;2
120885;-172971;48515;26053;2
100875;-172068;47264;26109;1
107081;-193953;47652;24741;2
121559;-179848;48557;25623;2
129841;-165972;49075;26490;4
126839;-193376;48887;24778;8
100021;-178058;47211;25735;2
111284;-174780;47915;25940;8
129427;-164083;49049;26608;1
121664;-194794;48564;24689;8
101013;-181164;47273;25541;8
114034;-180995;48087;25551;2
115330;-180827;48168;25562;2
105513;-172116;47554;26106;2
116525;-164023;48242;26612;8
118528;-164238;48368;26599;2
105611;-180613;47560;25575;4
124598;-182949;48747;25429;8
101788;-179560;47321;25641;1
98814;-178537;47135;25705;8
113275;-172604;48039;26076;2
100083;-164100;47215;26607;2
121367;-171733;48545;26130;8
113300;-186547;48041;25204;1
114182;-165925;48096;26493;8
105079;-175169;47527;25915;4
129933;-171224;49080;26162;2
106688;-184580;47628;25327;4
113969;-187383;48083;25152;2
125660;-186540;48813;25205;1
124360;-180324;48732;25593;2
101149;-171386;47281;26152;1
127448;-182257;48925;25472;1
110515;-177705;47867;25757;2
127153;-169452;48907;26273;4
102522;-178288;47367;25721;1
129217;-170615;49036;26200;8
111524;-190335;47930;24968;2
110844;-171365;47887;26153;2
109849;-191909;47825;24869;8
106781;-185860;47633;25247;1
114877;-183074;48139;25421;8
109947;-177821;47831;25750;1
115545;-185229;48181;25287;8
118698;-165830;48378;26499;4
102800;-166523;47385;26456;1
117449;-169097;48300;26295;1
122386;-169657;48609;26260;2
114671;-190432;48126;24962;2
119675;-178481;48439;25708;4
113888;-165403;48078;26526;2
124411;-175756;48735;25879;2
118340;-187028;48356;25174;8
122802;-165322;48635;26531;2
121027;-171254;48524;26160;1
124634;-171011;48749;26175;8
118790;-169217;48384;26287;4
115557;-193369;48182;24778;1
116239;-176450;48224;25835;1
114896;-181753;48141;25504;1
123838;-186144;48699;25230;4
121092;-166161;48528;26478;4
118208;-176380;48348;25840;2
109289;-174861;47790;25935;1
101782;-184967;47321;25303;2
122534;-186385;48618;25214;1
117547;-173140;48306;26042;8
112740;-191883;48006;24871;4
124815;-194547;48760;24704;1
112545;-186265;47994;25222;2
126963;-168646;48895;26323;1
112146;-188922;47969;25056;8
100635;-180606;47249;25576;2
99847;-172849;47200;26060;2
115870;-169165;48201;26291;4
113465;-182819;48051;25437;2
109985;-177502;47834;25770;2
101116;-183985;47279;25364;8
125548;-165335;48806;26530;1
116016;-164109;48211;26607;2
122803;-174568;48635;25953;4
120782;-166250;48508;26473;1
121746;-180201;48569;25601;8
109985;-190913;47834;24931;1
126235;-192633;48849;24824;2
116881;-168970;48265;26303;4
113114;-172438;48029;26086;1
117236;-185687;48287;25258;2
104055;-176093;47463;25858;1
102988;-183643;47396;25386;4
113903;-188311;48078;25094;1
106159;-186083;47594;25233;8
118378;-183449;48358;25398;1
123252;-175797;48663;25876;4
109720;-185065;47817;25297;2
124096;-195513;48716;24644;4
122614;-186624;48623;25200;4
122832;-185294;48637;25283;4
108120;-171669;47717;26134;8
126120;-178274;48842;25721;8
118744;-185805;48381;25251;4
109722;-191883;47817;24871;8
123782;-186101;48696;25232;4
107122;-194431;47655;24712;8
120864;-178284;48514;25721;8
104231;-177220;47474;25787;2
113542;-167325;48056;26406;4
103379;-175593;47421;25889;2
109630;-178802;47811;25688;8
106948;-189943;47644;24992;2
106672;-164828;47627;26562;1
119564;-183255;48432;25410;2
125778;-186879;48821;25184;1
128723;-185761;49005;25253;1
106329;-191413;47605;24900;4
121978;-190128;48583;24981;8
121696;-171912;48566;26119;1
122564;-172660;48620;26072;2
128489;-180977;48990;25552;8
124171;-187282;48720;25158;2
110506;-177651;47866;25760;1
128700;-187148;49003;25167;8
101135;-175700;47280;25882;4
106553;-194446;47619;24711;2
109400;-180199;47797;25601;2
129823;-183275;49073;25409;4
127774;-179511;48945;25644;4
117398;-177249;48297;25785;2
127442;-168672;48925;26322;8
110979;-186820;47896;25187;8
105124;-165096;47530;26545;1
107437;-189956;47674;24991;1
129399;-172140;49047;26105;8
114671;-195429;48126;24649;2
130674;-173096;49127;26045;8
129281;-175286;49040;25908;2
101128;-172689;47280;26070;1
126109;-164511;48841;26582;4
118510;-166902;48366;26432;8
105853;-194974;47575;24678;4
118771;-182591;48383;25452;8
127513;-183594;48929;25389;4
120800;-196418;48510;24587;4
106391;-164625;47609;26574;1
106454;-172306;47613;26094;1
115884;-193148;48202;24792;2
117866;-192474;48326;24834;8
117410;-188051;48298;25110;2
99090;-178659;47153;25697;8
124226;-185124;48724;25293;8
114674;-177073;48127;25796;8
108643;-167385;47750;26402;1
111562;-194867;47932;24684;2
125441;-195543;48800;24642;8
114031;-180972;48086;25553;8
119511;-165419;48429;26525;4
106645;-170628;47625;26199;4
114849;-184056;48138;25360;1
129973;-166652;49083;26448;8
107323;-168586;47667;26327;2
106981;-190073;47646;24984;2
114479;-194263;48114;24722;8
120496;-191955;48491;24866;8
127251;-165867;48913;26497;1
106375;-188171;47608;25103;1
110735;-164681;47880;26571;8
119969;-169142;48458;26292;2
118833;-173536;48387;26018;4
124568;-178750;48745;25692;1
108612;-164125;47748;26606;8
121419;-164749;48548;26567;8
118887;-176294;48390;25845;2
115602;-196302;48185;24595;8
113462;-166726;48051;26443;1
113615;-185096;48060;25295;8
115168;-165070;48158;26547;8
110937;-175133;47893;25918;1
116551;-188288;48244;25096;8
103429;-180115;47424;25606;8
119142;-164226;48406;26599;2
125446;-189308;48800;25032;2
105536;-182509;47556;25457;2
123029;-171173;48649;26165;4
123116;-177817;48654;25750;8
123314;-175411;48667;25900;8
105202;-185289;47535;25283;4
101396;-166079;47297;26484;2
102640;-170707;47375;26194;4
115324;-193365;48167;24778;2
117531;-189712;48305;25007;2
105902;-193092;47578;24795;2
108664;-188529;47751;25080;2
119761;-177132;48445;25793;8
109656;-175347;47813;25904;4
116344;-194079;48231;24734;8
129087;-172765;49027;26066;4
106457;-169535;47613;26268;2
106946;-195815;47644;24625;4
106139;-179067;47593;25672;2
128272;-172038;48977;26111;1
120638;-174298;48499;25970;1
121252;-166668;48538;26447;1
127912;-182557;48954;25454;8
109196;-183141;47784;25417;1
123692;-173265;48690;26034;8
115431;-187596;48174;25139;4
105672;-182055;47564;25485;1
125919;-186800;48829;25189;8
131061;-176184;49151;25852;4
123344;-180990;48669;25552;4
118365;-169499;48357;26270;2
104510;-186226;47491;25224;8
110214;-193550;47848;24767;2
112837;-164960;48012;26554;2
123272;-180326;48664;25593;2
129751;-177038;49069;25799;2
120181;-188609;48471;25075;4
117666;-180475;48314;25584;4
122055;-173004;48588;26051;8
121917;-165125;48579;26543;4
100879;-172457;47264;26085;8
111262;-164802;47913;26563;8
111717;-174596;47942;25951;1
130892;-174570;49140;25953;2
126375;-180879;48858;25559;8
108471;-194148;47739;24729;2
130762;-165522;49132;26518;1
115851;-190747;48200;24942;1
113657;-168509;48063;26332;1
103767;-180052;47445;25610;4
123516;-170022;48679;26237;8
126810;-174027;48885;25987;4
117346;-172860;48294;26060;2
107225;-195059;47661;24672;1
110911;-194264;47891;24722;2
107339;-187742;47668;25130;1
127165;-165827;48907;26499;8
121352;-176715;48544;25819;2
107650;-171754;47688;26129;1
113993;-181939;48084;25492;4
106830;-168298;47636;26345;4
122947;-180481;48644;25583;1
105514;-164994;47554;26551;4
110300;-196284;47853;24596;8
118115;-165227;48342;26537;8
126351;-164671;48856;26572;8
108427;-167213;47736;26413;2
101669;-183492;47314;25395;2
128967;-175459;49020;25897;8
126408;-167653;48860;26385;2
129467;-164045;49051;26611;4
105058;-181426;47526;25524;2
115379;-193335;48171;24780;2
123130;-169541;48655;26267;2
106500;-195160;47616;24666;8
116820;-171593;48261;26139;8
126583;-192206;48871;24851;4
103231;-175169;47411;25915;4
115397;-170380;48172;26215;8
109825;-176626;47824;25824;8
104332;-184656;47480;25323;4
105886;-174289;47577;25970;4
116961;-193696;48270;24758;2
118783;-164774;48383;26565;2
99686;-172524;47190;26081;1
126918;-179128;48892;25668;2
128560;-174854;48995;25935;8
120616;-187513;48498;25144;2
106719;-188418;47629;25087;4
102314;-166171;47354;26478;1
126082;-187355;48840;25154;4
112475;-179377;47989;25652;4
112216;-183713;47973;25381;1
107453;-173366;47675;26028;2
113027;-179158;48024;25666;2
100503;-181952;47241;25492;8
120483;-190617;48490;24950;1
127914;-168371;48954;26340;8
99151;-179198;47156;25664;4
111681;-175063;47940;25922;8
114800;-164173;48135;26603;2
113801;-172698;48072;26070;1
110651;-172296;47875;26095;2
103868;-165342;47451;26530;2
105313;-177055;47542;25798;4
108782;-179199;47758;25664;1
116277;-166423;48227;26462;1
101232;-173155;47287;26041;4
107076;-183984;47652;25365;2
108402;-164174;47735;26603;2
114815;-170058;48135;26235;1
118181;-166623;48346;26450;2
118394;-192465;48359;24834;2
118601;-179490;48372;25645;1
116264;-183788;48226;25377;8
122043;-173044;48587;26048;2
125904;-183164;48829;25416;1
115880;-186357;48202;25216;8
125054;-174251;48775;25973;1
114325;-180094;48105;25608;8
118779;-180964;48383;25553;4
117545;-164343;48306;26592;1
113183;-182751;48033;25442;2
105393;-183084;47547;25421;4
105917;-177984;47579;25740;2
118312;-181225;48354;25537;4
114860;-195995;48138;24614;4
115165;-171306;48157;26157;4
122889;-165862;48640;26497;4
119486;-174844;48427;25936;8
104048;-180116;47463;25606;2
106549;-187528;47619;25143;1
116080;-187482;48215;25146;8
117492;-174160;48303;25979;1
110822;-178845;47886;25686;1
107781;-195494;47696;24645;8
113323;-193866;48042;24747;8
124547;-170955;48744;26179;1
100923;-170216;47267;26225;1
129534;-164065;49055;26609;4
121658;-177258;48563;25785;8
106015;-187347;47585;25154;1
123134;-171149;48655;26167;4
103291;-171574;47415;26140;2
130536;-179946;49118;25617;4
123231;-165140;48661;26542;2
119380;-176241;48421;25848;4
125270;-185088;48789;25296;2
125946;-169703;48831;26257;2
109910;-174596;47829;25951;8
103986;-182861;47459;25435;1
120906;-170145;48516;26229;1
107337;-194317;47668;24719;4
106803;-165321;47635;26531;8
129032;-176544;49024;25830;2
106773;-165667;47633;26509;4
109141;-194697;47781;24695;1
125140;-184408;48781;25338;1
117063;-171609;48276;26138;2
102502;-178314;47366;25719;8
111645;-188150;47937;25104;4
109633;-172413;47812;26088;4
121953;-177143;48582;25792;8
119144;-190378;48406;24965;2
105818;-186608;47573;25201;1
100740;-170366;47256;26216;2
123513;-172392;48679;26089;2
112526;-182958;47992;25429;8
106747;-181330;47631;25530;4
125183;-187144;48783;25167;4
118618;-173942;48373;25992;1
117442;-189719;48300;25006;1
128922;-167111;49017;26419;1
119353;-164854;48419;26560;1
123991;-182914;48709;25431;2
129550;-165961;49056;26491;2
108809;-164498;47760;26582;2
129382;-176321;49046;25843;4
99654;-168422;47188;26337;1
122288;-171411;48603;26150;1
106660;-165232;47626;26537;8
112566;-190704;47995;24945;2
124655;-171337;48750;26155;4
105190;-173406;47534;26026;8
106394;-167366;47609;26403;1
116324;-166575;48230;26453;4
101865;-182593;47326;25451;1
118344;-173390;48356;26027;4
106958;-177664;47644;25760;1
109830;-189583;47824;25015;8
118616;-187763;48373;25128;1
114057;-172540;48088;26080;2
127855;-179409;48950;25650;8
101416;-180231;47298;25599;1
124569;-167969;48745;26365;8
120606;-177268;48497;25784;1
101149;-184042;47281;25361;2
129018;-177087;49023;25796;2
106842;-192651;47637;24823;1
113350;-164881;48044;26558;1
103768;-181692;47445;25508;4
117494;-173769;48303;26003;4
117450;-184544;48300;25330;2
107824;-188096;47699;25108;8
105890;-187780;47578;25127;4
104720;-190657;47505;24947;8
104802;-175666;47510;25884;8
114546;-164329;48119;26593;2
103570;-183295;47433;25408;4
101332;-164839;47293;26561;1
118184;-184302;48346;25345;1
127952;-166527;48957;26456;2
119819;-166669;48448;26447;8
127741;-180573;48943;25578;8
131028;-168056;49149;26360;8
102920;-175386;47392;25902;8
105831;-167554;47574;26391;2
127621;-174757;48936;25941;4
107359;-163896;47669;26620;1
128755;-174768;49007;25941;1
108620;-191945;47748;24867;2
101158;-171674;47282;26134;4
129094;-187670;49028;25134;2
113934;-173964;48080;25991;4
114478;-187508;48114;25144;4
113938;-188528;48081;25081;8
120596;-187508;48497;25144;1
118263;-183947;48351;25367;8
125725;-194062;48817;24735;2
123473;-164767;48677;26566;1
121496;-167342;48553;26405;8
131028;-172982;49149;26052;8
103532;-177298;47430;25782;4
107452;-190018;47675;24987;4
124546;-194139;48744;24730;8
127341;-178880;48918;25684;1
100151;-180498;47219;25582;4
121797;-167799;48572;26376;8
109980;-191513;47833;24894;8
124849;-168012;48763;26363;1
117551;-165943;48306;26492;2
106889;-177661;47640;25760;2
110867;-179730;47889;25630;2
104239;-178382;47474;25715;1
102847;-176930;47387;25805;1
111225;-183752;47911;25379;8
112389;-196157;47984;24604;1
118504;-176076;48366;25859;1
119893;-169879;48453;26246;8
111025;-171440;47899;26149;8
110037;-194108;47837;24732;8
109858;-178815;47826;25688;4
121594;-186886;48559;25183;1
128624;-177401;48999;25776;4
107495;-191376;47678;24903;4
125520;-168647;48805;26323;4
110030;-177677;47836;25759;8
105198;-175210;47534;25913;1
113940;-164874;48081;26559;2
105716;-186351;47567;25217;2
112597;-190522;47997;24956;2
112022;-171435;47961;26149;2
105048;-187819;47525;25125;1
122218;-176960;48598;25804;4
115135;-183732;48155;25380;8
101066;-177759;47276;25754;1
117056;-168631;48276;26324;1
118531;-178797;48368;25689;1
130009;-177801;49085;25751;1
109522;-195906;47805;24619;2
107053;-194036;47650;24736;4
101320;-180798;47292;25564;1
100490;-170264;47240;26222;8
130743;-178505;49131;25707;1
105145;-179501;47531;25645;1
112132;-188393;47968;25089;8
125755;-182097;48819;25482;8
111878;-194891;47952;24683;1
107150;-185028;47656;25299;2
124162;-194417;48720;24712;1
130423;-164916;49111;26556;2
117871;-191256;48326;24910;1
124540;-172150;48743;26104;1
103594;-171265;47434;26159;2
117557;-167887;48307;26371;2
129717;-171622;49067;26137;2
127480;-174839;48927;25936;2
115940;-189626;48206;25012;4
120495;-179804;48490;25626;8
123381;-186889;48671;25183;1
126876;-173667;48889;26009;1
127597;-182295;48934;25470;1
111260;-165088;47913;26546;8
103552;-179755;47432;25629;1
103231;-171642;47411;26136;2
106311;-169576;47604;26265;2
118519;-179963;48367;25616;1
121140;-184985;48531;25302;2
122254;-170313;48600;26219;8
117221;-166975;48286;26428;1
114098;-164153;48091;26604;2
106250;-170828;47600;26187;4
126579;-185083;48871;25296;2
120560;-175205;48495;25913;8
106739;-178357;47631;25716;8
130623;-172714;49123;26069;2
118526;-193114;48367;24794;2
106770;-187386;47633;25152;2
128824;-172587;49011;26077;8
121534;-177171;48555;25790;1
127576;-177142;48933;25792;4
123597;-179251;48684;25660;4
120372;-167015;48483;26425;4
116103;-193861;48216;24747;8
120118;-190950;48467;24929;4
109319;-196586;47792;24577;4
102583;-181677;47371;25509;8
100050;-168432;47213;26337;4
113813;-177640;48073;25761;1
107229;-182298;47661;25470;8
118710;-182643;48379;25448;8
118489;-171987;48365;26114;2
121368;-166662;48545;26447;4
105842;-195551;47575;24642;1
118977;-166651;48396;26448;4
108750;-182350;47756;25467;1
119010;-177958;48398;25741;2
107382;-196042;47671;24611;1
108653;-195417;47750;24650;4
125917;-168690;48829;26320;2
129858;-186957;49076;25179;2
108056;-184555;47713;25329;2
113609;-177878;48060;25746;1
100134;-182704;47218;25445;4
105426;-184676;47549;25321;2
108527;-183674;47742;25384;2
120139;-165173;48468;26540;1
124626;-167663;48749;26385;8
122213;-186328;48598;25218;8
108213;-194565;47723;24703;8
106266;-164227;47601;26599;4
129064;-168060;49026;26360;2
128413;-166080;48985;26484;4
120514;-165137;48492;26542;2
107721;-168951;47692;26304;8
115502;-188964;48178;25053;2
120774;-171764;48508;26128;8
117281;-169802;48290;26251;1
125234;-171213;48787;26163;1
104883;-186981;47515;25177;8
110283;-188180;47852;25102;4
104976;-165162;47521;26541;8
123269;-184488;48664;25333;1
107992;-170904;47709;26182;4
130623;-169896;49123;26245;2
102843;-184148;47387;25354;2
117284;-186234;48290;25224;8
110865;-164958;47889;26554;8
122065;-177473;48589;25771;4
106500;-178075;47616;25734;4
112618;-171276;47998;26159;4
101345;-181242;47294;25536;2
117524;-177040;48305;25799;4
117330;-175070;48293;25922;2
116267;-184027;48226;25362;4
109241;-183962;47787;25366;2
106244;-176457;47600;25835;4
118680;-174717;48377;25944;1
107360;-194519;47670;24706;8
122331;-175810;48605;25875;4
102253;-174629;47350;25949;8
113655;-182297;48063;25470;4
117188;-170706;48284;26194;4
105982;-180274;47583;25596;8
125782;-167617;48821;26387;1
127420;-165664;48923;26510;4
106662;-178721;47626;25693;4
107561;-193368;47682;24778;2
117691;-171036;48315;26174;4
127575;-165510;48933;26519;2
117553;-174359;48307;25966;4
110031;-183708;47836;25382;2
120004;-167379;48460;26402;8
124701;-193666;48753;24759;2
106633;-191450;47624;24898;8
108340;-181153;47731;25541;2
110449;-176915;47863;25806;8
115130;-188002;48155;25113;1
114035;-175936;48087;25868;8
124187;-167757;48721;26379;1
118169;-186151;48345;25229;2
119185;-165594;48409;26514;8
117596;-174019;48309;25987;1
122628;-194408;48624;24713;4
106641;-184348;47625;25342;8
128035;-183788;48962;25377;8
122616;-180289;48623;25595;4
102933;-177176;47393;25790;8
111536;-193271;47931;24784;2
100990;-173546;47271;26017;4
119764;-178862;48445;25685;4
127015;-194228;48898;24724;1
119658;-190485;48438;24958;4
114074;-167408;48089;26401;2
103658;-177398;47438;25776;2
122588;-179319;48621;25656;8
111726;-188276;47942;25096;1
130077;-170380;49089;26215;4
113075;-180189;48027;25602;2
110311;-190688;47854;24946;1
123169;-178449;48658;25710;8
114926;-182099;48142;25482;2
116869;-170553;48264;26204;4
106568;-183840;47620;25374;4
110481;-173412;47865;26025;4
106179;-164295;47596;26595;2
110601;-188672;47872;25072;8
114444;-182643;48112;25448;8
110690;-180589;47878;25577;1
104433;-181304;47487;25532;2
122575;-186278;48620;25221;8
118056;-173883;48338;25996;1
101428;-170945;47299;26179;8
117651;-190453;48313;24960;2
113940;-165498;48081;26520;4
119193;-176264;48409;25847;4
117960;-175212;48332;25913;8
100736;-175003;47256;25926;2
107719;-193186;47692;24789;4
128925;-174439;49017;25961;1
118194;-169837;48347;26249;2
110966;-165265;47895;26534;4
105089;-185226;47528;25287;4
123880;-173008;48702;26051;4
118941;-166731;48393;26443;2
113482;-196180;48052;24602;2
130612;-164099;49123;26607;8
105369;-187833;47545;25124;2
104779;-174120;47508;25981;8
130132;-171865;49093;26122;1
111909;-180210;47954;25600;4
106074;-179775;47589;25628;8
124537;-166582;48743;26452;8
101569;-177241;47308;25786;2
124085;-180079;48715;25609;2
125871;-181061;48826;25547;2
121940;-174166;48581;25978;4
99927;-172835;47205;26061;1
113955;-167705;48082;26382;8
119764;-166167;48445;26478;4
130730;-165598;49130;26514;1
112603;-178721;47997;25693;2
108413;-179961;47735;25616;4
123141;-164460;48656;26585;4
99657;-181934;47188;25493;4
101640;-179839;47312;25624;1
115265;-186003;48164;25238;2
128599;-166199;48997;26476;4
130999;-168298;49147;26345;1
127814;-169750;48948;26254;2
101700;-166717;47316;26444;2
105013;-165533;47523;26518;8
115863;-188947;48201;25054;2
123795;-164539;48697;26580;2
120859;-184866;48513;25309;8
100306;-171499;47229;26145;8
103662;-181470;47438;25522;4
108281;-171482;47727;26146;8
107336;-168207;47668;26351;8
112808;-165035;48010;26549;8
117753;-174854;48319;25935;8
106124;-185903;47592;25245;8
125347;-170513;48794;26206;2
119809;-177067;48448;25797;4
119449;-175497;48425;25895;4
123993;-182650;48709;25448;4
122996;-172068;48647;26109;8
103783;-169648;47446;26261;4
107491;-195922;47678;24618;4
113989;-191093;48084;24920;4
112465;-184718;47989;25319;4
125553;-189860;48807;24997;2
110014;-193240;47835;24786;2
122932;-174564;48643;25953;8
126001;-184752;48835;25317;4
118250;-169558;48350;26266;2
118271;-177185;48351;25789;4
120925;-189645;48517;25011;8
127223;-191597;48911;24889;1
104225;-179063;47474;25672;1
108340;-189363;47731;25028;8
118997;-184271;48397;25347;8
105571;-185182;47558;25290;2
102639;-177963;47374;25741;4
103686;-178163;47440;25728;2
125025;-166733;48774;26443;2
112099;-176581;47966;25827;4
125002;-186457;48772;25210;8
103585;-184423;47434;25337;2
122581;-172382;48621;26090;1
110385;-173495;47859;26020;2
111618;-180734;47936;25568;8
114091;-174463;48090;25960;2
105729;-166729;47568;26443;1
125605;-184873;48810;25309;2
126383;-171487;48858;26146;4
125840;-164727;48825;26568;1
130525;-174717;49117;25944;8
116296;-164534;48228;26580;8
114451;-172679;48113;26071;1
116281;-166253;48227;26473;2
111488;-175823;47928;25875;8
130279;-172900;49102;26057;4
114913;-166830;48142;26437;1
123063;-164503;48651;26582;4
100888;-169513;47265;26269;1
117925;-184913;48330;25306;4
122942;-188830;48643;25062;4
112629;-167149;47999;26417;8
123365;-187927;48670;25118;8
124684;-182108;48752;25482;4
124484;-170103;48740;26232;4
129251;-173837;49038;25999;1
118416;-172448;48361;26086;4
106687;-195202;47627;24663;2
110663;-179682;47876;25633;8
128561;-166928;48995;26431;4
127827;-184463;48949;25335;4
106296;-185906;47603;25244;2
120897;-167716;48516;26381;1
111897;-194421;47953;24712;2
121825;-166839;48574;26436;4
117519;-166208;48304;26476;1
107407;-192895;47672;24808;1
102518;-182114;47367;25481;4
122525;-164102;48617;26607;2
111797;-184616;47947;25325;2
130095;-170760;49090;26191;8
106536;-171584;47618;26140;1
130766;-171180;49132;26165;1
118649;-182290;48375;25470;1
126380;-194056;48858;24735;4
124315;-169871;48729;26247;2
126715;-168806;48879;26313;1
103690;-172028;47440;26112;8
125940;-187008;48831;25176;2
122503;-179274;48616;25659;2
111663;-171791;47938;26127;1
111890;-180503;47953;25582;8
114969;-191351;48145;24904;1
128053;-173559;48963;26016;8
125935;-174703;48830;25945;4
111773;-184853;47945;25310;1
120284;-167467;48477;26397;8
122068;-186188;48589;25227;8
110295;-184402;47853;25338;1
125772;-187941;48820;25117;4
114151;-168771;48094;26315;1
110226;-192135;47849;24855;8
112424;-181895;47986;25495;2
125356;-178952;48794;25679;2
102232;-183439;47349;25399;2
120053;-176356;48463;25841;8
130955;-168333;49144;26343;1
130253;-171646;49100;26136;8
116002;-178995;48210;25676;2
107804;-186341;47697;25217;8
125512;-181289;48804;25533;4
101544;-171901;47306;26120;4
115256;-196016;48163;24613;8
104464;-168879;47489;26309;4
112812;-191584;48010;24890;1
122088;-174951;48590;25929;1
128069;-173365;48964;26028;4
128665;-183985;49001;25364;2
116238;-192368;48224;24841;2
122097;-170737;48591;26192;4
116031;-188917;48211;25056;4
122990;-164321;48646;26593;8
117639;-169547;48312;26267;2
118909;-184862;48391;25310;4
106644;-169095;47625;26295;4
105865;-180640;47576;25574;2
116984;-172178;48271;26102;2
125920;-186477;48830;25209;1
101845;-178692;47325;25695;2
119171;-173318;48408;26031;4
111979;-180010;47958;25613;8
116295;-172598;48228;26076;8
105172;-182519;47533;25456;4
102243;-181983;47350;25490;2
124095;-183867;48715;25372;2
101939;-179818;47331;25625;1
114876;-168867;48139;26309;8
106273;-165635;47602;26511;4
108448;-195311;47738;24657;4
100855;-169887;47263;26246;2
126227;-182248;48849;25473;2
101705;-178983;47316;25677;2
122538;-178032;48618;25737;1
122529;-193452;48618;24773;4
108258;-179775;47726;25628;4
109171;-194170;47783;24728;2
109924;-164808;47830;26563;2
100074;-184385;47214;25339;4
103238;-167176;47412;26415;8
102724;-175576;47380;25890;8
125449;-168236;48800;26349;4
120630;-174495;48499;25958;2
114757;-164185;48132;26602;1
101593;-170814;47309;26188;8
126785;-165296;48884;26533;8
105380;-181533;47546;25518;2
105444;-181127;47550;25543;1
127234;-166126;48912;26481;2
125023;-171209;48773;26163;2
110626;-165673;47874;26509;1
127254;-177537;48913;25767;8
129996;-177559;49084;25766;1
103915;-179318;47454;25656;8
103604;-166738;47435;26442;8
116717;-169221;48254;26287;4
117815;-173621;48323;26012;4
121964;-175891;48582;25870;8
100261;-170161;47226;26228;8
123247;-173236;48662;26036;2
101089;-183242;47278;25411;1
105599;-186905;47559;25182;4
124246;-171468;48725;26147;4
106726;-172043;47630;26111;2
106904;-187890;47641;25120;1
112796;-181643;48009;25511;2
113268;-193563;48039;24766;1
101270;-173865;47289;25997;2
103008;-172712;47398;26069;2
115546;-168126;48181;26356;8
114066;-174557;48089;25954;2
106759;-178762;47632;25691;8
123331;-168027;48668;26362;1
125293;-192345;48790;24842;1
130791;-178298;49134;25720;2
110240;-184322;47850;25343;1
126245;-169375;48850;26278;4
123076;-167158;48652;26416;8
109544;-177178;47806;25790;2
109774;-167371;47820;26403;1
115444;-176104;48175;25857;2
120057;-177366;48463;25778;2
119102;-166587;48403;26452;2
110335;-182669;47855;25447;1
104186;-175165;47471;25916;4
101873;-184541;47327;25330;2
122900;-165904;48641;26495;4
110332;-182460;47855;25460;1
117610;-170756;48310;26191;1
107483;-166458;47677;26460;1
102691;-178946;47378;25679;2
122281;-186879;48602;25184;8
111759;-193031;47944;24799;1
99674;-166740;47189;26442;8
111077;-180659;47902;25572;2
115850;-171322;48200;26156;4
108534;-184867;47743;25309;2
109431;-195348;47799;24654;2
119462;-170114;48426;26231;2
99544;-181672;47181;25509;4
103175;-168551;47408;26329;1
105240;-192617;47537;24825;4
127159;-190643;48907;24948;8
100668;-185831;47251;25249;2
112811;-192113;48010;24856;4
121909;-180748;48579;25567;1
113660;-179330;48063;25655;4
103143;-179969;47406;25615;4
118344;-178700;48356;25695;2
108444;-195970;47737;24615;4
112855;-177700;48013;25757;1
106958;-181731;47644;25505;1
108131;-165815;47718;26500;4
126379;-171487;48858;26146;8
124070;-185645;48714;25261;2
117945;-174294;48331;25970;2
115232;-167666;48162;26384;1
127051;-190216;48900;24975;8
103709;-164377;47441;26590;4
121947;-171453;48581;26148;1
117305;-186167;48291;25228;8
124234;-191051;48724;24923;1
122429;-193308;48611;24782;2
129052;-171878;49025;26121;8
128362;-172493;48982;26083;4
104493;-179267;47490;25659;8
107342;-191872;47668;24872;1
114524;-170128;48117;26231;8
117587;-166714;48309;26444;8
105805;-193689;47572;24758;2
107016;-183925;47648;25368;2
109519;-183004;47804;25426;2
101409;-179236;47298;25661;2
109238;-195981;47787;24615;4
118459;-178643;48363;25698;2
105681;-186102;47565;25232;1
128164;-168747;48970;26317;1
112645;-183859;48000;25372;2
99361;-180245;47170;25598;1
113914;-186998;48079;25176;8
125456;-185639;48801;25261;8
129502;-174980;49053;25927;2
119569;-180926;48433;25556;1
103006;-175290;47397;25908;8
107292;-195873;47665;24621;2
106910;-166486;47641;26458;8
121806;-168925;48572;26306;1
108969;-184569;47770;25328;2
101792;-172819;47322;26062;8
119060;-176368;48401;25841;2
113254;-183647;48038;25386;8
104240;-166162;47475;26478;1
121140;-185280;48531;25284;8
105268;-182710;47539;25444;2
117148;-174045;48281;25986;8
102266;-169046;47351;26298;4
118700;-184377;48378;25340;2
103817;-185614;47448;25263;8
100384;-173034;47234;26049;1
119857;-170329;48451;26218;2
118253;-179866;48350;25622;1
116992;-169540;48272;26267;1
124095;-172438;48715;26086;2
105911;-190860;47579;24935;2
107251;-196315;47663;24594;2
114537;-189132;48118;25043;2
107391;-195259;47671;24660;1
127121;-172162;48905;26103;4
121777;-189244;48571;25036;4
108122;-179020;47717;25675;4
114992;-190293;48147;24970;2
118169;-175139;48345;25917;2
100304;-184077;47229;25359;4
126687;-193535;48877;24768;1
130774;-176858;49133;25810;4
118780;-165617;48383;26512;2
109329;-178061;47793;25735;4
102116;-165559;47342;26516;8
126152;-195396;48844;24651;4
128936;-165558;49018;26516;8
111985;-180064;47959;25610;4
110017;-172961;47836;26053;4
126172;-166856;48845;26435;1
126040;-187078;48837;25171;1
110119;-178423;47842;25712;1
108119;-190485;47717;24958;2
124694;-171938;48753;26117;1
105659;-183906;47563;25369;1
106074;-179675;47589;25634;2
117248;-167735;48288;26380;4
126932;-174274;48893;25971;4
102237;-182940;47349;25430;1
110050;-184434;47838;25336;8
124851;-174237;48763;25974;2
114146;-183509;48094;25394;2
129614;-169002;49060;26301;2
116940;-185499;48268;25270;1
120643;-174382;48500;25965;2
106046;-187147;47587;25167;2
129868;-169023;49076;26300;4
121411;-182648;48548;25448;2
106765;-190229;47632;24974;8
113227;-171909;48036;26119;8
124227;-188198;48724;25101;2
114766;-196375;48132;24590;1
118707;-185978;48379;25240;1
114737;-167257;48131;26410;4
106957;-181234;47644;25536;1
108104;-166667;47716;26447;8
102620;-177690;47373;25758;1
130014;-167846;49085;26373;4
116821;-173252;48261;26035;8
112639;-183680;47999;25384;8
125281;-194158;48790;24729;1
111964;-165251;47957;26535;1
124693;-175731;48753;25880;4
99302;-165095;47166;26545;4
106235;-184498;47599;25332;2
128756;-185312;49007;25282;8
124722;-166648;48755;26448;4
103878;-171027;47452;26174;2
118867;-169344;48389;26280;2
101803;-164231;47322;26599;1
104720;-182355;47505;25466;1
106364;-181883;47607;25496;8
111825;-187176;47949;25165;4
114255;-167088;48100;26421;8
114959;-191362;48144;24903;4
104463;-183157;47488;25416;4
124145;-179909;48719;25619;1
107631;-164348;47686;26592;4
112257;-179869;47976;25622;8
110562;-178549;47870;25704;4
100695;-167831;47253;26374;8
118020;-184566;48336;25328;1
106598;-178138;47622;25730;4
99808;-172457;47198;26085;2
125495;-195146;48803;24667;2
119855;-174414;48450;25963;4
111225;-190433;47911;24961;2
104617;-180835;47498;25561;8
124119;-180274;48717;25596;8
116857;-174292;48263;25970;2
114736;-181540;48131;25517;8
113593;-190560;48059;24954;1
106120;-168926;47592;26306;2
120906;-187404;48516;25151;4
126144;-183010;48844;25425;1
110168;-166414;47845;26463;8
120632;-170334;48499;26218;1
120304;-164330;48479;26593;1
101123;-185962;47280;25241;2
111985;-177140;47959;25792;1
112646;-165557;48000;26516;4
115174;-181204;48158;25538;2
120046;-164158;48462;26604;4
114869;-188595;48139;25076;1
118003;-185672;48335;25259;1
126313;-184398;48854;25339;4
112279;-184674;47977;25321;4
101642;-170106;47312;26232;1
104180;-166909;47471;26432;2
106987;-178072;47646;25734;4
109075;-178588;47777;25702;2
130281;-173916;49102;25994;1
126987;-180591;48896;25577;1
101961;-183313;47332;25406;8
118419;-170036;48361;26236;2
125424;-175291;48799;25908;1
105322;-187961;47542;25116;8
117348;-190539;48294;24955;4
119766;-164779;48445;26565;2
117792;-184299;48322;25345;8
120727;-190789;48505;24939;1
117223;-170459;48286;26210;4
124690;-193763;48753;24753;2
119490;-176976;48428;25803;2
118022;-183813;48336;25375;4
114634;-189170;48124;25040;2
127138;-185602;48906;25263;4
129440;-175144;49050;25917;1
115720;-176948;48192;25804;8
114717;-188606;48129;25076;1
104301;-180945;47478;25554;2
125386;-171080;48796;26171;1
122159;-172327;48594;26093;2
122687;-193441;48627;24773;2
114496;-188321;48116;25093;1
123660;-176314;48688;25844;4
128696;-174947;49003;25929;4
102198;-167148;47347;26417;2
100731;-169832;47255;26249;2
106714;-182736;47629;25443;8
108187;-171430;47721;26149;4
100124;-176624;47217;25825;4
110129;-194578;47843;24702;1
111659;-194245;47938;24723;8
104726;-164119;47505;26606;4
112250;-191344;47975;24905;8
106143;-187557;47593;25141;1
117907;-185668;48329;25259;4
115224;-184951;48161;25304;8
108757;-174995;47757;25926;8
108476;-182393;47739;25464;1
122011;-194254;48585;24723;8
130550;-166393;49119;26464;4
128364;-174926;48982;25931;1
124022;-193857;48711;24747;8
117725;-174026;48317;25987;8
130688;-178429;49128;25712;4
106890;-193772;47640;24753;1
101268;-168429;47289;26337;2
113695;-189017;48065;25050;4
103967;-171194;47457;26164;8
122487;-180683;48615;25571;8
116312;-165914;48229;26494;2
109769;-182776;47820;25440;2
109350;-184222;47794;25350;8
122156;-181086;48594;25546;2
115036;-171165;48149;26166;4
120837;-178620;48512;25700;8
121906;-186048;48579;25236;8
102722;-179360;47380;25654;8
107661;-178807;47688;25688;2
118811;-180766;48385;25566;8
107184;-186673;47659;25196;8
106086;-168513;47590;26331;2
129008;-175779;49023;25877;8
105733;-185912;47568;25244;2
114358;-185335;48107;25280;2
111035;-165140;47899;26542;8
108645;-167554;47750;26391;4
106055;-187589;47588;25139;8
108623;-184274;47748;25346;4
116510;-170290;48241;26220;2
122816;-164595;48636;26576;1
100628;-168162;47249;26353;8
117756;-173847;48319;25998;1
111752;-189609;47944;25013;1
114790;-186276;48134;25221;2
111868;-180453;47951;25585;2
105894;-187828;47578;25124;2
112970;-181002;48020;25551;2
109712;-183030;47817;25424;8
113413;-195598;48048;24639;2
128710;-187257;49004;25160;4
113840;-195565;48075;24641;2
114668;-184462;48126;25335;2
117323;-166734;48292;26443;1
111904;-192912;47954;24807;8
109220;-182272;47786;25472;2
106294;-164673;47603;26571;8
117346;-186304;48294;25220;2
122065;-172502;48589;26082;4
105772;-187664;47570;25135;8
124780;-179683;48758;25633;2
106929;-188360;47643;25091;8
108650;-185813;47750;25250;2
121780;-188494;48571;25083;2
120541;-177242;48493;25786;8
108573;-186616;47745;25200;8
112850;-183763;48013;25378;2
122413;-175728;48610;25881;2
107596;-182792;47684;25439;2
123794;-179557;48697;25641;2
99732;-166430;47193;26462;2
114171;-186843;48095;25186;8
110841;-184451;47887;25335;2
114419;-164070;48111;26609;8
121560;-171780;48557;26127;2
101907;-183875;47329;25371;1
116480;-177312;48240;25782;2
116311;-189864;48229;24997;8
101056;-171187;47276;26164;2
115741;-171019;48193;26175;2
116061;-164393;48213;26589;2
107839;-168898;47699;26307;2
110691;-172251;47878;26098;4
109000;-195179;47772;24665;8
106123;-176272;47592;25847;1
118534;-165781;48368;26502;4
107542;-191022;47681;24925;1
116494;-170422;48240;26212;4
115561;-168898;48182;26307;2
99311;-175812;47166;25875;2
109083;-194597;47777;24701;2
112675;-168848;48002;26311;2
127044;-168659;48900;26322;4
106947;-193863;47644;24747;1
120464;-166870;48489;26434;4
103038;-171855;47399;26123;4
109950;-192760;47831;24816;4
117604;-174193;48310;25976;8
125545;-193707;48806;24757;2
109300;-186516;47791;25206;2
120848;-164537;48513;26580;4
114387;-166264;48109;26472;2
121963;-187923;48582;25118;8
128706;-186325;49004;25218;2
118190;-187885;48346;25121;1
123051;-188121;48650;25106;1
123890;-190074;48703;24984;2
102076;-184384;47339;25340;2
116308;-195737;48229;24630;1
103332;-171825;47418;26124;4
109712;-166329;47817;26468;2
121234;-163947;48537;26617;4
114491;-167425;48115;26399;2
107750;-191957;47694;24866;2
124430;-187196;48736;25164;4
114187;-182412;48096;25463;1
121092;-172785;48528;26064;2
104515;-179998;47492;25614;2
116143;-192637;48218;24824;1
125707;-195112;48816;24669;4
113785;-193289;48071;24783;8
115737;-196552;48193;24579;2
119592;-171195;48434;26164;1
126357;-190877;48857;24934;8
114716;-176225;48129;25849;1
120495;-172912;48490;26057;8
103538;-171206;47431;26163;8
105025;-179545;47524;25642;1
120364;-177868;48482;25747;8
106755;-168372;47632;26340;8
114823;-185262;48136;25285;2
103374;-176555;47420;25829;8
118766;-174999;48382;25926;1
123957;-193275;48707;24784;4
108981;-183793;47771;25376;8
104531;-184245;47493;25348;2
121245;-185652;48537;25260;1
102012;-167531;47335;26393;8
126991;-185704;48896;25257;4
124592;-166164;48747;26478;8
108185;-163996;47721;26614;4
120618;-164746;48498;26567;2
113595;-180881;48059;25558;4
104307;-185470;47479;25272;4
122486;-180161;48615;25603;4
118497;-169087;48366;26296;8
112696;-183932;48003;25368;8
114671;-194727;48126;24693;4
111799;-173889;47947;25995;8
112232;-176316;47974;25844;2
121090;-175111;48528;25919;8
123383;-164301;48671;26595;1
103688;-166929;47440;26430;4
125280;-191611;48790;24888;1
105170;-174285;47533;25971;2
115857;-166280;48201;26471;2
112717;-188851;48004;25060;1
131047;-178773;49150;25690;4
105020;-169168;47523;26291;1
120580;-173431;48496;26024;1
117111;-178487;48279;25708;2
122039;-178123;48587;25731;4
130256;-169224;49101;26287;2
124795;-166610;48759;26450;2
128527;-175751;48992;25879;4
109775;-167225;47820;26412;8
112106;-179718;47966;25631;8
110256;-193350;47851;24779;2
126578;-187618;48871;25137;1
123946;-167138;48706;26417;4
121988;-166333;48584;26468;8
119331;-171198;48418;26164;4
109491;-166727;47803;26443;4
116417;-190876;48236;24934;4
101299;-175793;47291;25876;2
126633;-168856;48874;26310;8
112166;-183117;47970;25419;4
117429;-177049;48299;25798;4
103833;-181097;47449;25545;8
127059;-188409;48901;25088;2
107735;-164078;47693;26609;4
124367;-187826;48732;25124;8
100272;-173789;47227;26002;4
106045;-169400;47587;26276;8
104082;-179968;47465;25616;4
107655;-177664;47688;25760;1
119572;-164437;48433;26586;2
110558;-179056;47869;25673;1
119961;-164839;48457;26561;1
126842;-178562;48887;25703;1
117042;-165898;48275;26495;8
119865;-183606;48451;25388;1
111215;-184215;47910;25350;4
120642;-171658;48500;26135;1
118848;-174350;48388;25967;2
99660;-174914;47188;25931;4
100046;-184378;47212;25340;2
120876;-178292;48514;25720;2
100010;-180092;47210;25608;1
118792;-170836;48384;26186;2
128500;-173294;48991;26033;2
111836;-180652;47949;25573;8
101138;-166800;47281;26439;4
119154;-172577;48407;26077;1
113150;-176657;48031;25822;1
100335;-172939;47230;26055;1
110981;-171251;47896;26160;1
103620;-183054;47436;25423;4
125509;-181291;48804;25533;4
104805;-172066;47510;26109;2
114412;-180823;48110;25562;8
121692;-178894;48565;25683;1
106134;-189643;47593;25011;1
103329;-172515;47418;26081;1
116473;-196509;48239;24582;1
104821;-178347;47511;25717;2
118310;-185466;48354;25272;4
119196;-173182;48409;26040;8
118432;-176436;48362;25836;1
114581;-172146;48121;26104;1
111723;-187510;47942;25144;2
118034;-190402;48337;24963;8
126373;-185118;48858;25294;1
103415;-179754;47423;25629;1
126792;-191340;48884;24905;2
104451;-174608;47488;25951;2
102046;-169266;47337;26284;1
127118;-184615;48904;25325;8
108264;-181604;47726;25513;1
124433;-195100;48737;24670;8
121440;-169437;48550;26274;8
121217;-165703;48536;26507;1
122900;-173399;48641;26026;4
126743;-173474;48881;26021;4
98703;-177799;47128;25751;8
121391;-191548;48546;24892;1
127382;-180154;48921;25604;2
108959;-172164;47769;26103;8
108804;-183804;47760;25376;8
119788;-177388;48446;25777;4
119166;-180045;48407;25611;4
114592;-167343;48122;26405;4
106036;-169673;47587;26259;4
118321;-176198;48355;25851;2
107713;-191010;47692;24925;8
121812;-182875;48573;25434;4
121675;-165105;48564;26544;2
122264;-178077;48601;25734;4
116336;-191641;48231;24886;4
129137;-168028;49031;26362;1
102827;-165230;47386;26537;2
110964;-178931;47895;25680;4
110186;-179999;47846;25614;2
125511;-193966;48804;24741;2
121250;-194640;48538;24699;8
104020;-173014;47461;26050;2
118659;-181980;48376;25490;1
123676;-188046;48689;25111;2
124489;-180333;48740;25593;2
107591;-195780;47684;24627;1
123159;-189683;48657;25008;1
111478;-193129;47927;24793;2
114273;-188809;48102;25063;8
100605;-174907;47247;25932;2
128195;-170265;48972;26222;4
105188;-172280;47534;26096;1
112581;-168535;47996;26330;2
121571;-184119;48558;25356;2
117161;-190521;48282;24956;2
127561;-191215;48932;24913;4
122293;-174373;48603;25965;4
104436;-166243;47487;26473;2
116671;-187162;48251;25166;4
121032;-179530;48524;25643;1
110068;-193041;47839;24798;4
119266;-181365;48414;25528;1
115897;-169362;48203;26278;1
119598;-171496;48434;26145;8
118432;-180863;48362;25560;1
106671;-188817;47626;25062;2
124928;-191682;48768;24883;4
100439;-169669;47237;26259;1
104998;-175930;47522;25868;1
117624;-193348;48311;24779;1
102246;-174648;47350;25948;8
118484;-179972;48365;25615;2
127014;-188389;48898;25089;1
125869;-167680;48826;26384;4
112489;-166475;47990;26459;2
102028;-183960;47336;25366;8
106645;-189729;47625;25005;4
114888;-167705;48140;26382;8
112408;-179100;47985;25670;2
129342;-167253;49043;26410;2
109699;-164681;47816;26571;1
118091;-183543;48340;25392;1
123084;-171720;48652;26131;8
127531;-190773;48930;24940;1
102316;-170242;47354;26223;1
113149;-189062;48031;25047;2
120004;-164822;48460;26562;1
102017;-175241;47336;25911;1
120494;-191645;48490;24886;1
116288;-192075;48228;24859;4
104212;-181474;47473;25521;1
113854;-173773;48075;26003;2
99372;-173174;47170;26040;8
99973;-178354;47208;25716;2
109464;-166076;47801;26484;8
126015;-190719;48835;24944;1
122905;-181004;48641;25551;4
112007;-164422;47960;26587;8
116479;-196502;48239;24582;1
114029;-173890;48086;25995;1
104971;-168184;47520;26352;4
120290;-171095;48478;26170;4
126439;-186666;48862;25197;4
109693;-173193;47815;26039;8
130028;-167868;49086;26372;1
110179;-187301;47846;25157;8
124638;-190045;48749;24986;1
107592;-167389;47684;26402;2
120898;-167232;48516;26412;1
105563;-185836;47557;25249;4
106912;-188017;47642;25112;1
129692;-164122;49065;26606;2
104607;-181037;47497;25549;1
130019;-171306;49086;26157;8
103014;-175217;47398;25912;1
100789;-172483;47259;26083;8
105810;-171861;47573;26122;4
129030;-176693;49024;25820;4
127479;-191286;48927;24908;1
123109;-182156;48654;25479;2
125064;-172174;48776;26103;2
108964;-184015;47770;25363;2
110855;-177192;47888;25789;1
110162;-183354;47845;25404;4
106796;-183957;47634;25366;4
102382;-169722;47358;26256;8
100587;-172002;47246;26113;8
103846;-181465;47450;25522;2
121340;-171726;48543;26131;4
101811;-171236;47323;26161;8
112904;-193275;48016;24784;1
127078;-168311;48902;26344;1
128567;-179734;48995;25630;4
124747;-190105;48756;24982;4
105790;-184119;47571;25356;2
126840;-170340;48887;26217;8
124401;-184652;48735;25323;4
124264;-180161;48726;25603;1
99720;-169218;47192;26287;2
128063;-183411;48963;25400;4
111071;-188259;47901;25097;1
110580;-165369;47871;26528;2
124998;-172199;48772;26101;8
110974;-193193;47895;24789;4
125388;-193467;48796;24772;1
101675;-170951;47314;26179;2
103806;-172784;47447;26065;4
117904;-186411;48329;25213;2
130608;-175079;49123;25921;8
114083;-190736;48090;24943;2
101939;-180131;47331;25605;1
99495;-173117;47178;26044;2
115850;-187706;48200;25132;4
128082;-165184;48965;26540;8
114100;-188415;48091;25088;8
124825;-186014;48761;25238;1
118513;-172679;48367;26071;4
108284;-195710;47727;24632;4
113682;-172565;48065;26078;4
116088;-187288;48215;25158;1
105622;-188848;47561;25061;2
111750;-186532;47944;25205;1
125844;-164270;48825;26597;2
118748;-182448;48381;25461;1
103632;-180385;47437;25589;4
122283;-176208;48602;25851;8
112449;-195678;47988;24634;4
108039;-166490;47712;26458;2
115442;-186401;48175;25213;4
129691;-172625;49065;26074;8
118333;-176385;48355;25839;1
113553;-165333;48057;26530;2
127389;-174948;48921;25929;2
118690;-190033;48378;24986;8
110516;-190070;47867;24984;8
123273;-176324;48664;25843;4
123771;-179861;48695;25622;1
105551;-191860;47556;24872;8
123512;-172374;48679;26090;4
129293;-171991;49040;26114;4
104743;-190055;47506;24985;4
128784;-173959;49009;25991;1
114250;-182831;48100;25437;8
115637;-194904;48187;24682;1
122825;-195910;48636;24619;4
102591;-165800;47371;26501;1
105400;-164761;47547;26566;2
121909;-185833;48579;25249;1
123156;-194665;48657;24697;4
107699;-184925;47691;25306;4
105997;-178459;47584;25710;4
105209;-166081;47535;26483;1
123872;-187387;48702;25152;4
127461;-188465;48926;25084;4
99908;-171780;47204;26127;2
117944;-178822;48331;25687;8
107068;-186619;47651;25200;8
108806;-190404;47760;24963;2
120056;-170703;48463;26195;1
123356;-189792;48669;25002;4
113288;-171982;48040;26115;4
111709;-195337;47941;24655;4
105536;-189181;47556;25040;8
120563;-181173;48495;25540;2
102009;-177240;47335;25786;2
120715;-178877;48504;25684;4
111665;-184006;47939;25363;4
107956;-188740;47707;25067;8
107700;-164496;47691;26583;2
118724;-185074;48380;25296;8
128759;-173067;49007;26047;4
100143;-164110;47218;26607;4
107423;-178998;47673;25676;8
122448;-192750;48613;24817;1
125671;-165340;48814;26530;1
116031;-165073;48211;26546;8
105952;-188420;47582;25087;2
107503;-191123;47678;24918;8
123404;-183098;48672;25420;2
112618;-188554;47998;25079;2
119554;-165444;48432;26523;4
115998;-196220;48209;24600;4
106253;-181652;47600;25510;8
105538;-168162;47556;26353;1
130163;-168817;49095;26312;4
107840;-179571;47700;25640;1
105663;-164359;47563;26591;4
121894;-166659;48578;26447;2
119360;-170901;48420;26182;1
106250;-185008;47600;25301;4
106787;-183367;47634;25403;1
120939;-169122;48518;26293;4
126042;-195179;48837;24665;4
110675;-176837;47877;25811;2
103282;-183342;47415;25405;4
103174;-179756;47408;25629;4
115162;-191876;48157;24871;8
107278;-182533;47664;25455;1
101944;-179615;47331;25638;8
104370;-180193;47483;25601;8
103018;-168636;47398;26324;1
123418;-183335;48673;25405;8
126533;-167965;48868;26366;1
111599;-175515;47934;25894;2
103347;-180333;47419;25593;2
125579;-189315;48808;25031;2
110341;-188998;47856;25051;1
123174;-182877;48658;25434;8
123123;-185632;48655;25262;1
121300;-173044;48541;26048;1
125388;-194124;48796;24731;8
103792;-171405;47447;26151;2
126374;-181247;48858;25536;4
123325;-188691;48667;25070;4
110700;-173056;47878;26048;2
104108;-175036;47466;25924;2
115079;-188377;48152;25090;1
125018;-186488;48773;25208;4
119668;-170301;48439;26220;1
127938;-182626;48956;25449;8
109314;-191597;47792;24889;4
122485;-180853;48615;25560;8
104841;-180963;47512;25553;8
118247;-168902;48350;26307;4
127305;-185512;48916;25269;2
122658;-184029;48626;25362;8
123384;-164426;48671;26587;1
125581;-186608;48808;25201;1
127250;-167712;48913;26382;8
120989;-189416;48521;25025;4
118506;-173627;48366;26012;2
126497;-173060;48866;26047;2
130721;-177331;49130;25780;8
121208;-165003;48535;26551;2
107884;-187318;47702;25156;1
101208;-172176;47285;26103;1
126677;-165897;48877;26495;2
121253;-181579;48538;25515;4
116570;-172631;48245;26074;4
114213;-164351;48098;26592;1
126308;-173678;48854;26009;4
117094;-177234;48278;25786;4
110442;-191556;47862;24891;8
113975;-179639;48083;25636;8
120310;-190878;48479;24934;8
99606;-178517;47185;25706;8
106555;-165813;47619;26500;2
115419;-190596;48173;24951;8
121375;-164094;48545;26608;1
125094;-166521;48778;26456;1
103249;-166720;47413;26444;1
124274;-193718;48727;24756;1
106093;-190580;47590;24952;4
119259;-179010;48413;25675;8
111269;-186752;47914;25192;4
120695;-170453;48503;26210;8
102306;-183150;47354;25417;1
114739;-165706;48131;26507;8
106504;-165114;47616;26544;2
123034;-184485;48649;25333;1
127549;-173487;48931;26021;2
111675;-175248;47939;25911;1
130436;-171823;49112;26125;8
129644;-174054;49062;25985;8
110646;-192296;47875;24845;8
116086;-188126;48215;25106;4
117561;-176940;48307;25805;1
105770;-183803;47570;25376;2
103747;-170052;47444;26235;4
120443;-165235;48487;26536;2
117223;-168736;48286;26318;2
107094;-194690;47653;24695;2
124482;-171408;48740;26151;1
125504;-183827;48804;25374;2
123438;-178820;48674;25687;8
128218;-175430;48973;25899;4
115464;-176943;48176;25805;8
114205;-176918;48097;25806;2
110613;-184101;47873;25357;1
128813;-170989;49010;26177;2
110868;-165276;47889;26534;2
105774;-183952;47570;25367;2
126023;-191376;48836;24903;4
111650;-171678;47938;26134;8
104464;-179116;47489;25669;8
122724;-188486;48630;25083;1
116087;-188854;48215;25060;4
111269;-176974;47914;25803;8
127698;-169228;48941;26287;4
129962;-176936;49082;25805;2
100945;-181076;47269;25546;4
114607;-185425;48122;25274;1
128873;-175606;49014;25888;8
124643;-189218;48750;25037;2
122847;-179057;48637;25672;4
127629;-185248;48936;25286;4
116059;-189969;48213;24990;8
109020;-189577;47773;25015;8
116100;-170919;48216;26181;4
101738;-181434;47318;25524;2
112025;-176128;47961;25856;4
117383;-166860;48296;26435;8
130998;-169560;49147;26266;2
106502;-187978;47616;25115;8
101389;-171159;47296;26166;1
114133;-180429;48093;25587;2
126661;-186294;48876;25220;2
107625;-167178;47686;26415;8
107664;-184007;47689;25363;4
107435;-181117;47674;25544;2
113828;-172330;48074;26093;1
108710;-165359;47754;26529;4
128489;-176347;48990;25842;2
111510;-186052;47929;25235;4
122024;-187522;48586;25143;4
112194;-191200;47972;24914;8
125261;-190193;48788;24976;1
118050;-183944;48338;25367;2
119561;-180363;48432;25591;2
105690;-186436;47565;25211;2
116492;-165026;48240;26549;2
130196;-164226;49097;26599;2
130955;-176198;49144;25851;2
100552;-184214;47244;25350;4
121550;-176094;48556;25858;2
100827;-169111;47261;26294;4
114622;-177052;48123;25798;8
122793;-168176;48634;26353;4
110677;-189205;47877;25038;4
101273;-171526;47289;26143;8
122850;-176309;48638;25844;1
121193;-178052;48534;25735;8
112740;-192838;48006;24811;1
107737;-169293;47693;26283;8
111566;-181245;47932;25536;4
101258;-170399;47288;26214;4
117221;-177197;48286;25789;4
126610;-171227;48873;26162;4
113270;-168878;48039;26309;2
101303;-170786;47291;26189;4
122796;-165698;48634;26507;2
121531;-166693;48555;26445;1
111494;-194193;47928;24726;8
112220;-171964;47973;26116;1
117813;-189343;48323;25030;4
103842;-174186;47450;25977;4
124966;-183207;48770;25413;2
130870;-173423;49139;26025;1
109782;-178663;47821;25697;2
126946;-181575;48894;25515;1
123404;-168922;48672;26306;8
107108;-184018;47654;25362;1
116038;-196353;48212;24591;1
110737;-172824;47881;26062;2
128632;-173203;48999;26038;2
118759;-173454;48382;26023;8
103289;-179523;47415;25643;4
111452;-164754;47925;26566;4
124279;-172563;48727;26078;8
106504;-168927;47616;26306;8
125509;-185718;48804;25256;2
121906;-170287;48579;26221;8
102905;-170835;47391;26186;1
123325;-172518;48667;26081;1
103708;-164420;47441;26587;4
115167;-187537;48157;25142;4
114950;-164139;48144;26605;2
111492;-188022;47928;25112;4
121843;-174256;48575;25973;8
103689;-164798;47440;26564;2
104954;-168087;47519;26358;2
114566;-172797;48120;26064;1
99772;-178339;47195;25717;8
102040;-177280;47337;25784;1
111729;-165117;47943;26544;8
124442;-175435;48737;25899;4
123430;-172281;48674;26096;4
114629;-176852;48124;25810;2
112769;-167243;48008;26411;1
112722;-188419;48005;25087;1
115160;-169954;48157;26241;4
109600;-172798;47810;26064;4
124412;-191762;48735;24878;2
102526;-180386;47367;25589;1
107388;-164503;47671;26582;4
123710;-180109;48691;25607;2
123018;-178590;48648;25702;1
102305;-174152;47354;25979;2
105549;-166517;47556;26456;2
112198;-183706;47972;25382;2
113865;-165122;48076;26543;4
110099;-194160;47841;24729;4
110723;-181698;47880;25507;2
127490;-183701;48928;25382;4
126781;-174590;48883;25952;2
125805;-171716;48822;26131;2
114675;-188543;48127;25080;1
112550;-193193;47994;24789;4
122612;-178930;48623;25680;4
110299;-177445;47853;25773;2
129036;-173986;49024;25989;2
113046;-173627;48025;26012;2
122562;-192802;48620;24813;1
103732;-168887;47443;26308;8
123815;-193000;48698;24801;1
121455;-170954;48550;26179;4
114324;-169548;48105;26267;2
124927;-180192;48767;25602;1
106895;-184213;47640;25350;4
126280;-183844;48852;25373;2
128565;-173230;48995;26037;1
116631;-167735;48249;26380;1
127799;-183676;48947;25384;8
126776;-179300;48883;25657;4
105682;-175900;47565;25870;8
121916;-182034;48579;25486;4
112656;-191858;48001;24872;2
125454;-179280;48800;25659;1
125125;-164567;48780;26578;2
118348;-166720;48356;26444;8
125959;-190620;48832;24950;4
104555;-183279;47494;25409;2
108065;-178720;47714;25694;2
110815;-176530;47885;25830;4
104646;-164902;47500;26557;4
109665;-188629;47814;25074;8
115507;-167653;48179;26385;8
116762;-168838;48257;26311;4
123781;-173236;48696;26036;4
104345;-164427;47481;26587;2
108565;-195973;47745;24615;8
130863;-168499;49138;26332;4
115072;-181000;48152;25551;2
103594;-170547;47434;26204;1
114166;-189526;48095;25018;2
102004;-175742;47335;25880;4
125392;-166978;48797;26427;1
100540;-174894;47243;25933;2
106852;-195572;47638;24640;4
111699;-188087;47941;25108;1
129208;-168036;49035;26361;2
120444;-183735;48487;25380;2
104965;-178115;47520;25731;8
106349;-196419;47606;24587;4
111921;-194891;47955;24683;1
117020;-188136;48273;25105;8
109124;-172269;47780;26097;4
107483;-192056;47677;24860;8
121447;-174605;48550;25951;2
127313;-169235;48917;26286;8
118970;-184870;48395;25309;1
116912;-169487;48267;26271;8
106044;-191647;47587;24886;2
109819;-166723;47823;26443;8
122165;-189139;48595;25042;2
122315;-175975;48604;25865;4
121324;-194087;48542;24733;1
123844;-172251;48700;26098;1
122072;-172971;48589;26053;2
101440;-179040;47300;25674;2
116034;-182043;48212;25486;4
102754;-177934;47382;25743;2
104717;-174846;47504;25936;8
107932;-166431;47705;26462;1
111745;-187285;47944;25158;1
109205;-195442;47785;24648;1
103940;-171523;47456;26143;4
104936;-174496;47518;25958;2
104707;-167338;47504;26405;1
120967;-169923;48520;26243;4
119480;-164072;48427;26609;1
126257;-164850;48851;26560;1
112220;-183636;47973;25386;8
106447;-166171;47612;26478;4
126804;-190930;48885;24930;8
110573;-174046;47870;25986;2
107880;-164086;47702;26608;4
107211;-194807;47660;24688;2
124418;-172150;48736;26104;8
106126;-181028;47592;25549;4
123578;-164589;48683;26577;1
124089;-175853;48715;25873;8
118505;-165977;48366;26490;2
115773;-195864;48195;24622;1
125306;-191194;48791;24914;2
99929;-172557;47205;26079;2
102800;-167354;47385;26404;2
108390;-167736;47734;26380;8
104189;-168820;47471;26312;8
116226;-179056;48224;25673;2
129476;-171941;49052;26117;1
109763;-190590;47820;24952;2
111008;-180098;47898;25607;1
110349;-175985;47856;25864;8
114660;-172771;48126;26065;1
129943;-176940;49081;25805;2
102233;-167677;47349;26384;2
105958;-182254;47582;25473;8
125313;-192417;48792;24837;4
129208;-187492;49035;25145;4
117440;-189936;48300;24993;4
116957;-188717;48269;25069;4
110285;-187357;47852;25154;8
111859;-187008;47951;25176;8
127397;-177887;48922;25746;1
105894;-182936;47578;25430;4
125503;-164380;48803;26590;2
122346;-190973;48606;24928;8
119188;-180150;48409;25604;4
119453;-168832;48425;26312;4
121984;-170687;48584;26196;4
128861;-168590;49013;26327;1
124352;-166870;48732;26434;1
114266;-180045;48101;25611;1
129170;-176803;49033;25813;4
113676;-185276;48064;25284;1
108429;-187339;47736;25155;4
105327;-167626;47542;26387;2
101325;-177810;47292;25750;8
125839;-183141;48824;25417;8
130127;-172061;49092;26110;4
110921;-177002;47892;25801;4
116940;-164936;48268;26555;2
105805;-181933;47572;25493;8
122009;-180534;48585;25580;1
116504;-185172;48241;25290;4
103030;-170746;47399;26192;2
122004;-182103;48585;25482;8
130494;-178078;49115;25734;4
115480;-181742;48177;25505;8
103185;-180544;47409;25580;8
111166;-164659;47907;26572;8
129122;-164559;49030;26579;4
105442;-181908;47550;25494;4
112983;-178029;48021;25737;4
130778;-175866;49133;25872;8
111935;-179023;47955;25675;1
115330;-165789;48168;26502;1
101803;-183066;47322;25422;1
120550;-173306;48494;26032;2
104787;-167405;47509;26401;1
113111;-178103;48029;25732;8
123157;-179930;48657;25618;1
104219;-175152;47473;25917;2
109841;-185144;47825;25292;2
110791;-185573;47884;25265;2
103999;-166767;47459;26441;2
112489;-190982;47990;24927;8
105261;-187720;47538;25131;8
116188;-182120;48221;25481;8
111728;-180501;47943;25582;2
125390;-191601;48796;24888;4
104679;-170559;47502;26204;1
115354;-191006;48169;24926;1
125115;-164800;48779;26564;1
126309;-184768;48854;25316;8
103858;-179604;47451;25638;2
110129;-166135;47843;26480;8
123048;-167779;48650;26377;8
108619;-166547;47748;26454;2
104052;-181017;47463;25550;2
118691;-179123;48378;25668;8
100606;-165502;47247;26520;1
121990;-177074;48584;25796;8
124808;-181558;48760;25516;4
113206;-182999;48035;25426;8
103453;-184513;47425;25331;4
118230;-189591;48349;25014;8
103323;-183380;47417;25402;1
128836;-185055;49012;25298;4
103670;-183198;47439;25414;4
116116;-169957;48217;26241;1
114179;-185465;48096;25272;8
107838;-194166;47699;24728;8
113857;-185233;48076;25286;1
102386;-183340;47359;25405;8
114127;-180994;48092;25551;8
100305;-183707;47229;25382;4
111998;-177000;47959;25801;1
129971;-173297;49083;26032;2
124716;-169141;48754;26292;8
117240;-169863;48287;26247;1
101771;-181969;47320;25490;8
125249;-171646;48788;26136;1
101289;-184345;47290;25342;8
108787;-195219;47759;24662;4
102482;-167815;47365;26375;4
110093;-182472;47840;25459;1
124563;-191955;48745;24866;8
124765;-187936;48757;25118;2
102002;-179285;47335;25658;1
122565;-186553;48620;25204;8
115104;-166648;48154;26448;1
107436;-166209;47674;26475;1
117475;-189833;48302;24999;8
103590;-175407;47434;25901;1
106486;-171475;47615;26146;8
109903;-173321;47828;26031;1
104115;-175540;47467;25892;1
108149;-190556;47719;24954;1
127316;-170032;48917;26237;8
126115;-191517;48842;24894;1
122251;-180020;48600;25612;2
119645;-183615;48437;25388;1
113408;-181464;48048;25522;2
126336;-189640;48856;25011;4
106109;-171482;47591;26146;2
105466;-188716;47551;25069;8
123463;-175797;48676;25876;2
122619;-180787;48623;25564;4
130808;-185853;49135;25248;4
115740;-168500;48193;26332;4
121570;-164647;48558;26573;8
127889;-181314;48953;25531;4
121892;-180779;48578;25565;8
107284;-191895;47665;24870;2
111488;-183062;47928;25422;2
127650;-188614;48938;25075;2
111464;-178463;47926;25710;1
102481;-181182;47365;25540;8
106275;-169178;47602;26290;8
124217;-187387;48723;25152;8
99783;-174852;47196;25935;4
119037;-175140;48399;25917;1
123343;-164233;48668;26599;2
128972;-164287;49020;26596;1
116475;-171773;48239;26128;4
115790;-165943;48196;26492;2
114276;-186668;48102;25197;2
111941;-164746;47956;26567;8
114152;-165918;48094;26494;8
102393;-171536;47359;26143;2
116513;-171345;48242;26154;1
120694;-190755;48503;24941;8
127780;-169805;48946;26251;1
106282;-177979;47602;25740;1
130229;-168706;49099;26319;4
126434;-170765;48862;26191;2
106928;-194432;47643;24712;2
116015;-171303;48210;26157;4
109413;-186139;47798;25230;2
116302;-185642;48228;25261;1
119459;-166237;48426;26474;8
126540;-189889;48868;24995;8
120128;-184348;48468;25342;1
115417;-165937;48173;26492;1
128337;-173543;48981;26017;8
106350;-182716;47606;25444;4
110385;-181065;47859;25547;4
121781;-190929;48571;24930;8
101712;-180034;47317;25611;1
99236;-164903;47162;26557;4
102393;-168943;47359;26305;4
119135;-184827;48405;25312;2
104019;-169641;47461;26261;8
118119;-173907;48342;25994;2
124068;-187446;48714;25148;8
117108;-184533;48279;25330;8
100088;-164342;47215;26592;4
122337;-168200;48606;26351;8
102171;-164333;47345;26593;4
104850;-172947;47513;26054;2
130915;-165981;49142;26490;8
100708;-180824;47254;25562;4
111339;-178438;47918;25711;1
114994;-193041;48147;24798;2
106797;-166376;47634;26465;1
124458;-165334;48738;26530;2
122626;-193601;48624;24763;2
117965;-166123;48332;26481;8
130205;-173248;49097;26036;1
107421;-196042;47673;24611;4
108323;-164343;47730;26592;1
118355;-168880;48357;26309;2
105106;-175781;47529;25877;2
127869;-187247;48951;25161;1
110580;-177118;47871;25794;4
127445;-165749;48925;26504;2
112997;-187062;48022;25172;2
110985;-181579;47896;25515;4
105200;-175794;47535;25876;1
109922;-188058;47830;25110;2
124322;-191546;48730;24892;4
108263;-177284;47726;25783;2
125400;-195238;48797;24661;2
121510;-163880;48554;26621;1
119410;-169072;48423;26297;2
107731;-187445;47693;25148;8
105763;-190133;47570;24980;2
112510;-192089;47991;24858;4
106028;-169661;47586;26260;1
105303;-169560;47541;26266;1
113343;-177483;48043;25771;1
114287;-179396;48102;25651;8
111573;-188021;47933;25112;4
111743;-186350;47943;25217;4
127681;-188308;48940;25094;2
118029;-166563;48336;26453;1
118339;-172580;48356;26077;1
120510;-173935;48491;25993;1
127499;-165760;48928;26504;8
126708;-181861;48879;25497;8
121591;-183260;48559;25410;1
129324;-176334;49042;25843;1
125270;-169608;48789;26263;1
102336;-182363;47356;25466;2
112198;-181355;47972;25529;8
121200;-190172;48535;24978;2
108785;-166071;47759;26484;1
104241;-180635;47475;25574;8
119401;-164391;48422;26589;2
119265;-180662;48414;25572;1
124865;-164784;48764;26565;4
111320;-191968;47917;24866;1
126725;-187906;48880;25119;8
118023;-179626;48336;25637;2
129532;-175431;49055;25899;4
112861;-188071;48013;25109;4
105153;-191697;47532;24882;4
117938;-183274;48331;25409;4
110610;-173236;47873;26036;1
128252;-183817;48975;25375;1
106349;-189760;47606;25004;8
105474;-180228;47552;25599;4
114015;-183729;48085;25380;1
123184;-184312;48659;25344;8
117900;-175656;48328;25885;4
115509;-176061;48179;25860;8
121835;-163871;48574;26622;2
122665;-166168;48626;26478;1
112535;-187359;47993;25154;8
114691;-172892;48128;26058;1
113350;-179875;48044;25621;4
112059;-186055;47963;25235;1
116546;-169825;48244;26249;8
111004;-178771;47897;25690;2
123334;-183218;48668;25412;4
124491;-183808;48740;25376;2
104968;-187463;47520;25147;4
127406;-167052;48922;26423;2
118165;-185533;48345;25268;4
119255;-164400;48413;26589;1
103020;-171650;47398;26135;8
129674;-186651;49064;25198;1
123385;-165907;48671;26494;8
114695;-179181;48128;25665;4
99188;-176981;47159;25802;4
130299;-175308;49103;25907;8
105696;-189093;47566;25045;2
130204;-171633;49097;26136;4
122695;-172132;48628;26105;2
128517;-186071;48992;25234;4
108134;-170573;47718;26203;1
110181;-191763;47846;24878;4
111691;-192228;47940;24849;2
100535;-181882;47243;25496;2
102729;-171959;47380;26116;2
115486;-188952;48177;25054;8
109782;-164849;47821;26560;4
117450;-184625;48300;25324;8
122187;-172098;48596;26107;1
114537;-173199;48118;26039;8
110164;-174408;47845;25963;8
110018;-177426;47836;25774;8
120966;-171885;48520;26121;2
115736;-190139;48193;24980;2
105091;-181505;47528;25519;8
113148;-177185;48031;25789;4
125592;-183519;48809;25394;1
105183;-191721;47533;24881;4
111693;-180555;47940;25579;4
117772;-184706;48320;25319;2
122810;-168904;48635;26307;8
105173;-178798;47533;25689;2
126229;-166489;48849;26458;4
108599;-191930;47747;24868;4
117338;-174864;48293;25935;8
108620;-169017;47748;26300;2
121046;-172470;48525;26084;2
122674;-180924;48627;25556;2
126782;-186018;48883;25237;4
105494;-192726;47553;24818;4
101674;-171763;47314;26128;2
125017;-167100;48773;26420;1
104501;-183225;47491;25412;8
123279;-172346;48664;26092;1
112257;-194653;47976;24698;8
123179;-181064;48658;25547;1
121190;-164035;48534;26611;4
104706;-178733;47504;25693;8
108523;-184101;47742;25357;8
124428;-171127;48736;26168;2
117297;-174245;48291;25973;8
115665;-195830;48189;24624;4
100397;-174287;47234;25971;1
103639;-175288;47437;25908;4
127781;-187047;48946;25173;8
99891;-169208;47203;26288;2
117744;-172810;48319;26063;8
117748;-186102;48319;25232;4
105007;-169608;47522;26263;2
104615;-166348;47498;26467;1
118126;-185709;48342;25257;2
127696;-183474;48941;25396;4
102233;-169075;47349;26296;2
122726;-178524;48630;25706;4
120777;-189501;48508;25020;2
103199;-171263;47409;26160;1
113931;-184757;48080;25316;4
106406;-169331;47610;26280;2
114886;-194968;48140;24678;4
129122;-176750;49030;25817;2
115786;-196070;48196;24609;8
121553;-171351;48557;26154;8
119349;-172658;48419;26072;2
104494;-172937;47490;26055;2
122425;-186187;48611;25227;8
106375;-164974;47608;26553;1
100280;-185430;47227;25274;1
101440;-173269;47300;26034;2
121373;-168937;48545;26305;8
112354;-191521;47982;24893;4
106134;-167126;47593;26418;8
124724;-191466;48755;24897;8
109539;-196471;47806;24584;1
114802;-185658;48135;25260;4
117616;-166589;48311;26452;2
118148;-170652;48344;26198;8
103868;-180815;47451;25563;8
128513;-170066;48992;26234;2
115214;-169465;48160;26272;8
127813;-184365;48948;25341;1
107235;-169528;47662;26268;2
111496;-165069;47928;26547;1
112104;-192402;47966;24838;2
115080;-181788;48152;25502;1
126594;-179171;48872;25665;4
101293;-172905;47290;26057;8
99350;-182380;47169;25465;2
115758;-166307;48194;26469;8
107126;-195037;47655;24674;8
106067;-180406;47589;25588;1
107601;-183879;47685;25371;4
114531;-194073;48118;24734;2
108181;-178038;47721;25736;1
124574;-167991;48745;26364;1
105214;-178641;47535;25698;1
101402;-170328;47297;26218;2
124390;-183356;48734;25404;1
118610;-174643;48373;25948;4
101957;-178864;47332;25685;8
109101;-171991;47778;26114;8
124580;-182534;48746;25455;4
120415;-173405;48485;26026;4
120023;-176973;48461;25803;4
115272;-185314;48164;25281;4
130677;-178527;49127;25706;4
110095;-188236;47840;25099;2
108296;-166475;47728;26459;8
118614;-164345;48373;26592;8
102037;-179296;47337;25658;2
128576;-170718;48996;26194;8
110908;-166231;47891;26474;4
126740;-164818;48881;26562;8
123824;-171767;48699;26128;1
124348;-191814;48731;24875;2
109178;-184044;47783;25361;4
101204;-185805;47285;25251;8
122415;-189699;48610;25007;8
108979;-165906;47771;26494;2
112824;-195442;48011;24648;2
104128;-165891;47468;26495;2
101572;-174748;47308;25942;1
101920;-168863;47330;26310;1
121921;-181926;48580;25493;2
122899;-165949;48641;26492;8
118350;-172553;48356;26079;8
112990;-192067;48021;24859;8
117110;-188356;48279;25091;2
122753;-166162;48632;26478;8
113867;-191099;48076;24920;8
118548;-173963;48369;25991;2
119059;-174632;48401;25949;4
101244;-167167;47287;26416;1
100661;-177779;47251;25752;8
104319;-182827;47479;25437;1
113257;-195653;48038;24635;1
109479;-195473;47802;24646;4
104892;-179735;47515;25630;4
110237;-177098;47849;25795;2
102803;-179117;47385;25669;4
115076;-195625;48152;24637;2
105564;-168130;47557;26355;8
105537;-181816;47556;25500;4
112672;-171802;48002;26126;1
99462;-172442;47176;26086;2
112420;-192102;47986;24857;4
117644;-187395;48312;25151;2
122825;-181075;48636;25546;4
103917;-182162;47454;25478;4
127600;-172339;48935;26092;2
109773;-176712;47820;25819;2
122390;-169574;48609;26265;2
110836;-187136;47887;25168;4
122831;-189357;48636;25029;1
105826;-183819;47574;25375;8
119060;-164819;48401;26562;1
128777;-166219;49008;26475;2
127201;-167784;48910;26377;4
119620;-181011;48436;25550;1
116117;-195851;48217;24623;8
122945;-167745;48644;26379;8
120507;-172061;48491;26110;4
111561;-166250;47932;26473;4
117553;-193216;48307;24788;8
123397;-167681;48672;26383;4
99759;-183747;47194;25379;1
104068;-174650;47464;25948;8
103405;-176581;47422;25827;4
103738;-175774;47443;25878;8
105280;-168448;47540;26336;1
117107;-173534;48279;26018;4
102631;-167188;47374;26414;4
121496;-180904;48553;25557;4
106875;-189500;47639;25020;2
106354;-177130;47607;25793;1
118243;-168754;48350;26316;2
118417;-180549;48361;25579;2
123348;-179082;48669;25671;1
109427;-167176;47799;26415;8
106282;-191532;47602;24893;8
100459;-170922;47238;26181;4
123082;-177802;48652;25751;1
98953;-178840;47144;25686;1
119832;-171110;48449;26169;4
115022;-181855;48148;25498;1
130896;-173476;49141;26021;4
115482;-165212;48177;26538;4
121242;-170587;48537;26202;1
112566;-192498;47995;24832;1
107545;-164407;47681;26588;8
117903;-177974;48328;25740;2
101684;-174739;47315;25942;4
121561;-167255;48557;26410;8
113963;-170805;48082;26188;8
100908;-185442;47266;25273;8
106134;-165034;47593;26549;4
113360;-194433;48045;24711;1
105586;-192067;47559;24859;8
129726;-169506;49067;26269;1
129260;-175828;49038;25874;2
117694;-169517;48315;26269;4
106066;-181741;47589;25505;8
104947;-186922;47519;25181;8
105778;-177834;47571;25749;1
121526;-169565;48555;26266;2
110378;-165855;47858;26498;4
117909;-171208;48329;26163;8
111168;-191761;47908;24878;2
116388;-189577;48234;25015;2
126704;-174116;48879;25981;8
125158;-171642;48782;26136;8
127901;-176848;48953;25811;1
130634;-172371;49124;26090;2
100099;-180494;47216;25583;2
126555;-181737;48869;25505;2
111824;-195200;47949;24664;1
119502;-196409;48428;24588;2
126808;-173662;48885;26010;8
122756;-164506;48632;26582;4
112938;-177757;48018;25754;1
121759;-186942;48569;25180;2
103099;-170732;47403;26193;8
117890;-174117;48328;25981;1
125011;-170364;48773;26216;4
123904;-193108;48704;24794;1
121099;-178783;48528;25690;1
117985;-169356;48334;26279;8
127666;-174941;48939;25930;8
107631;-178572;47686;25703;1
101712;-164341;47317;26592;2
112757;-184806;48007;25313;8
105290;-169015;47540;26300;1
105129;-178891;47530;25683;4
129341;-187613;49043;25138;8
121553;-179676;48557;25634;1
110509;-165842;47866;26498;4
100280;-174621;47227;25950;1
127522;-191118;48930;24919;8
101838;-179051;47324;25673;8
110464;-164558;47864;26579;8
105422;-192046;47548;24861;4
130189;-171857;49096;26122;2
111567;-173903;47932;25995;1
107257;-180259;47663;25597;8
120679;-166376;48502;26465;2
113217;-188321;48036;25093;4
108587;-167546;47746;26392;2
117704;-172852;48316;26060;2
109334;-184349;47793;25342;4
109209;-177411;47785;25775;2
107877;-194276;47702;24721;2
123723;-190925;48692;24931;2
101431;-183560;47299;25391;1
99339;-176655;47168;25823;8
121488;-174315;48553;25969;1
114562;-189156;48120;25041;8
101863;-183107;47326;25419;8
120389;-164927;48484;26556;2
123229;-168398;48661;26339;1
116570;-170485;48245;26208;2
122213;-177564;48598;25766;8
129288;-177881;49040;25746;4
120119;-175617;48467;25887;1
106074;-179472;47589;25647;1
106369;-190848;47608;24936;2
117042;-164962;48275;26553;8
109877;-190292;47827;24970;2
121333;-166741;48543;26442;8
105545;-189667;47556;25009;4
123102;-171952;48653;26117;4
100587;-183448;47246;25398;4
121937;-185931;48581;25243;2
121835;-185700;48574;25257;4
126683;-174183;48877;25977;1
105391;-190246;47546;24973;2
113399;-181337;48047;25530;8
123753;-190921;48694;24931;8
118653;-184871;48375;25309;8
101409;-165813;47298;26500;1
115702;-166263;48191;26472;1
102797;-171676;47384;26134;4
105628;-195678;47561;24634;2
120158;-164831;48469;26562;4
112494;-191321;47990;24906;8
129208;-176408;49035;25838;2
107488;-173049;47678;26048;1
120983;-179554;48521;25641;8
116030;-169047;48211;26298;8
110819;-192289;47886;24845;8
106316;-187648;47604;25136;4
126441;-168139;48862;26355;4
124121;-193758;48717;24754;1
128563;-164531;48995;26580;4
118339;-185285;48356;25283;1
110804;-172003;47885;26113;1
125510;-181271;48804;25534;4
122273;-164224;48602;26600;8
121073;-179984;48527;25615;1
121700;-166279;48566;26471;4
117543;-166298;48306;26470;8
115939;-189965;48206;24991;8
102151;-165769;47344;26503;4
114567;-165453;48120;26523;4
105736;-184111;47568;25357;4
106473;-178161;47614;25728;2
106760;-188186;47632;25102;2
126686;-171187;48877;26164;1
124494;-168832;48740;26312;8
100518;-173147;47242;26042;4
130613;-173545;49123;26017;2
110500;-171795;47866;26126;1
106718;-190070;47629;24984;8
118919;-189205;48392;25038;2
127851;-187222;48950;25162;2
102234;-171659;47349;26135;1
116574;-188886;48245;25058;1
127981;-177532;48958;25768;1
125992;-191377;48834;24902;4
126017;-192360;48836;24841;1
127222;-169090;48911;26295;4
106406;-186211;47610;25225;4
107682;-179989;47690;25614;8
104985;-187785;47521;25127;4
120795;-176356;48509;25841;4
116770;-168217;48258;26350;1
101730;-184915;47318;25306;2
117041;-187262;48275;25160;8
123339;-172701;48668;26070;4
112173;-173050;47970;26048;4
122930;-195051;48643;24673;4
120408;-167087;48485;26421;8
105600;-186038;47560;25236;8
113177;-185674;48033;25259;2
106462;-182856;47613;25435;2
114007;-183053;48085;25423;2
120404;-164947;48485;26554;4
104118;-181310;47467;25532;2
105781;-187432;47571;25149;2
105318;-191872;47542;24872;4
116239;-192986;48224;24802;4
116747;-189505;48256;25019;4
101822;-178945;47323;25679;8
112266;-190728;47976;24943;4
119129;-185597;48405;25264;8
118414;-170372;48360;26215;4
117486;-176779;48302;25815;2
106288;-182662;47603;25447;8
126893;-194282;48890;24721;8
104302;-175915;47478;25869;2
125252;-186608;48788;25201;2
122883;-178239;48640;25724;1
111116;-183677;47904;25384;8
115272;-191170;48164;24915;8
110033;-185809;47837;25250;4
103137;-171311;47406;26157;2
119220;-183372;48411;25403;1
127081;-188132;48902;25105;1
116333;-176101;48230;25857;4
111703;-179929;47941;25618;2
123651;-186777;48688;25190;1
123503;-192438;48678;24836;8
109666;-181833;47814;25499;2
122729;-183956;48630;25366;2
122297;-180708;48603;25569;1
116547;-166231;48244;26474;4
126901;-179210;48891;25663;4
101003;-169240;47272;26286;2
121539;-176656;48556;25823;1
114251;-190804;48100;24938;1
126834;-174928;48887;25931;2
109126;-171856;47780;26123;2
110674;-192756;47877;24816;8
99979;-172900;47208;26057;2
115937;-187549;48206;25142;4
126302;-182555;48853;25454;4
117999;-176761;48334;25816;2
110969;-195767;47895;24628;8
104317;-175079;47479;25921;1
114654;-182363;48125;25466;1
103279;-175205;47414;25913;4
125865;-186750;48826;25192;2
125059;-185140;48776;25292;2
114583;-188119;48121;25106;1
103391;-183367;47421;25403;8
128794;-178374;49009;25715;4
120423;-184767;48486;25316;4
116801;-188453;48260;25085;2
105143;-187933;47531;25118;1
121899;-186802;48578;25188;2
128798;-177646;49009;25761;2
124864;-187222;48764;25162;1
101775;-168710;47320;26319;1
115585;-184267;48184;25347;4
125967;-171155;48832;26166;8
99321;-179371;47167;25653;4
127046;-168091;48900;26358;2
122803;-165520;48635;26519;8
114804;-177148;48135;25792;2
118169;-167236;48345;26411;4
111144;-185951;47906;25242;8
117836;-186828;48324;25187;2
124856;-164634;48763;26574;1
111226;-166255;47911;26473;4
122694;-172202;48628;26101;2
107196;-166966;47659;26428;4
129652;-174934;49063;25930;8
123128;-171222;48655;26162;2
106833;-195914;47637;24619;2
100031;-164669;47211;26572;2
126590;-182101;48871;25482;2
125246;-171978;48787;26115;2
106656;-190043;47626;24986;2
130025;-166999;49086;26426;8
120851;-170436;48513;26211;8
126332;-191525;48855;24893;2
118573;-183630;48370;25387;2
117730;-172007;48318;26113;2
112959;-195005;48019;24676;8
100241;-180839;47225;25561;2
118052;-168255;48338;26348;2
122063;-189925;48588;24993;4
109236;-183586;47787;25389;8
119165;-179924;48407;25618;2
106990;-178849;47646;25685;4
104858;-187770;47513;25128;1
109463;-196207;47801;24601;8
121385;-184271;48546;25347;2
108012;-183213;47710;25413;2
129751;-173784;49069;26002;4
112652;-189553;48000;25016;4
128781;-170445;49008;26211;4
117017;-193582;48273;24765;8
118175;-176275;48345;25846;1
104035;-173192;47462;26039;1
107241;-194258;47662;24722;1
105651;-192392;47563;24839;8
111522;-178721;47930;25693;4
123024;-181056;48649;25548;8
126839;-192361;48887;24841;8
107484;-172834;47677;26061;8
110412;-176991;47860;25802;4
117729;-170328;48318;26218;1
125463;-170470;48801;26209;4
111744;-195093;47944;24670;4
99807;-183559;47197;25391;8
103550;-180482;47431;25583;2
125286;-181637;48790;25511;8
122749;-164563;48631;26578;8
107144;-178755;47656;25691;8
118295;-178953;48353;25679;8
116121;-184324;48217;25343;8
106103;-165318;47591;26531;8
104175;-183911;47470;25369;1
126385;-182725;48859;25443;2
121505;-169250;48554;26285;1
119861;-172686;48451;26071;2
112740;-182914;48006;25431;1
127416;-177713;48923;25756;2
104335;-179927;47480;25618;2
116068;-194928;48214;24681;4
101641;-164340;47312;26592;2
115291;-170361;48165;26216;8
105552;-183857;47557;25372;4
105936;-189902;47581;24995;1
130499;-165095;49116;26545;1
126401;-169984;48860;26240;2
119614;-167277;48435;26409;1
129437;-181571;49049;25515;8
115608;-192355;48185;24841;8
113939;-196005;48081;24613;2
101974;-182537;47333;25455;4
106425;-183026;47611;25424;4
117672;-166335;48314;26468;4
115331;-190146;48168;24979;2
102010;-179336;47335;25655;1
108113;-171677;47717;26134;2
109849;-174799;47825;25939;4
122119;-187936;48592;25118;1
104251;-185213;47475;25288;8
128780;-186562;49008;25203;2
107044;-178400;47650;25714;8
128093;-177937;48965;25742;4
131011;-168080;49148;26359;8
100421;-178473;47236;25709;2
107643;-183616;47687;25388;8
101632;-165020;47312;26550;1
121732;-171972;48568;26115;4
106213;-167702;47598;26382;1
106206;-177845;47597;25748;8
102217;-170349;47348;26217;1
122363;-171567;48607;26141;2
104383;-181236;47483;25536;1
117067;-185430;48276;25274;2
120489;-168015;48490;26363;2
130705;-178302;49129;25720;4
125342;-191582;48793;24890;8
100537;-166109;47243;26482;8
117034;-188261;48274;25097;4
125052;-192738;48775;24817;4
109938;-166766;47831;26441;2
122527;-173514;48617;26019;2
117496;-189870;48303;24997;2
121782;-163862;48571;26622;2
127457;-190075;48926;24984;1
105956;-191612;47582;24888;1
105509;-185298;47554;25282;2
124872;-194970;48764;24678;2
110383;-173111;47858;26044;4
103320;-171139;47417;26167;8
117805;-193144;48322;24792;4
125930;-182128;48830;25481;1
117060;-188744;48276;25067;4
130012;-164563;49085;26578;4
106495;-178711;47615;25694;4
116955;-174341;48269;25967;2
128492;-166489;48990;26458;2
130135;-171929;49093;26118;1
111863;-180535;47951;25580;4
112984;-188271;48021;25097;1
119799;-181378;48447;25527;8
122450;-165858;48613;26497;1
104861;-182957;47513;25429;4
125966;-185451;48832;25273;8
124052;-190411;48713;24963;1
120382;-174552;48483;25954;8
116295;-193804;48228;24751;2
120955;-184715;48519;25319;1
122075;-172449;48589;26085;1
100043;-169909;47212;26244;8
123691;-186409;48690;25213;8
126483;-190995;48865;24926;2
118341;-181934;48356;25493;1
125621;-181230;48811;25537;8
105669;-183953;47564;25366;1
112317;-176492;47979;25833;2
110634;-183206;47874;25413;1
123730;-168176;48693;26353;4
127449;-170796;48925;26189;1
104232;-175968;47474;25866;8
102271;-168991;47351;26302;1
104794;-167982;47509;26365;2
105976;-192821;47583;24812;4
102484;-172191;47365;26102;1
119300;-168709;48416;26319;4
125359;-179412;48794;25650;8
115180;-183087;48158;25421;4
123517;-172469;48679;26084;4
118325;-174107;48355;25982;1
104470;-170405;47489;26213;8
104745;-165038;47506;26549;2
118182;-185199;48346;25289;1
117004;-185998;48272;25239;2
118846;-191931;48387;24868;2
108450;-194659;47738;24697;8
101658;-167243;47313;26411;8
117307;-171996;48291;26114;1
113180;-176970;48033;25803;2
107335;-177111;47668;25794;8
122659;-168770;48626;26315;1
106778;-181221;47633;25537;1
124861;-169472;48763;26272;4
104029;-183926;47461;25368;4
107629;-190541;47686;24955;1
109132;-183897;47780;25370;2
116672;-186631;48252;25199;1
121080;-178237;48527;25724;1
109398;-195799;47797;24626;2
122688;-164642;48628;26573;4
126922;-166048;48892;26486;2
113785;-164753;48071;26566;8
123119;-172433;48654;26086;1
119681;-183708;48440;25382;4
128484;-164309;48990;26594;8
106115;-191190;47592;24914;1
111087;-191048;47902;24923;4
117666;-193259;48314;24785;8
112674;-165470;48002;26522;1
110956;-166052;47894;26485;2
114569;-193696;48120;24758;1
122874;-184808;48639;25313;8
124454;-187245;48738;25161;2
102096;-177485;47341;25771;1
107971;-179042;47708;25673;8
121167;-174453;48532;25960;2
122824;-194238;48636;24724;1
113874;-165359;48077;26529;4
110794;-195800;47884;24626;8
103299;-176328;47416;25843;1
127122;-169381;48905;26277;2
108310;-193278;47729;24784;8
122675;-194384;48627;24715;4
110852;-172660;47888;26072;8
106965;-178441;47645;25711;4
114316;-193519;48104;24769;2
99758;-172090;47194;26108;4
111563;-165998;47932;26489;8
121235;-178623;48537;25700;2
118533;-187853;48368;25123;8
121671;-172080;48564;26109;4
131060;-168082;49151;26358;2
124779;-169972;48758;26240;2
118580;-183646;48371;25386;8
114068;-169430;48089;26274;4
105251;-180377;47538;25590;4
113023;-186645;48023;25198;1
115825;-196369;48199;24590;1
111324;-171188;47917;26164;4
105737;-185399;47568;25276;8
127455;-188229;48925;25099;8
111112;-180443;47904;25586;1
118327;-184004;48355;25363;8
127137;-184401;48906;25338;1
127519;-196188;48929;24602;1
116265;-168131;48226;26355;1
117805;-173190;48322;26039;4
118116;-170688;48342;26196;1
110745;-174550;47881;25954;4
128764;-177196;49007;25789;2
104371;-174179;47483;25977;8
125869;-167134;48826;26418;1
114739;-168758;48131;26316;1
104781;-170676;47508;26196;1
103867;-175124;47451;25918;1
106479;-164437;47614;26586;4
117718;-170969;48317;26178;2
107144;-195355;47656;24654;8
98567;-177895;47120;25745;8
131010;-176986;49148;25802;2
121558;-179677;48557;25634;1
98574;-177845;47120;25748;8
99475;-184101;47177;25357;2
118869;-184993;48389;25301;2
112862;-167585;48013;26389;1
115933;-192313;48205;24844;1
114662;-185447;48126;25273;8
104221;-178705;47473;25694;2
108147;-187990;47719;25114;1
105200;-173913;47535;25994;4
127542;-180509;48931;25582;1
104933;-164090;47518;26608;8
117042;-177074;48275;25796;8
130607;-167554;49122;26391;8
123165;-184753;48657;25316;8
116063;-186302;48213;25220;4
112157;-165168;47969;26541;8
101081;-164502;47277;26582;4
101873;-183873;47327;25371;2
121819;-166382;48573;26465;4
104357;-185638;47482;25261;8
102163;-174943;47345;25930;8
120408;-184720;48485;25319;4
115012;-178262;48148;25722;4
123969;-185249;48708;25285;8
104075;-184302;47464;25345;8
128447;-168289;48987;26345;1
114065;-187748;48089;25129;4
119976;-179439;48458;25649;8
107539;-183629;47681;25387;4
124249;-167338;48725;26405;8
100793;-173220;47259;26037;1
109108;-190785;47779;24939;8
107784;-164212;47696;26600;1
100838;-172668;47262;26072;4
130183;-173114;49096;26044;2
110424;-177718;47861;25756;8
107294;-179219;47665;25662;8
118595;-165512;48372;26519;8
103877;-164314;47452;26594;8
110907;-177100;47891;25795;4
121025;-179888;48524;25621;8
105831;-190017;47574;24987;4
114978;-183686;48146;25383;1
125643;-193855;48812;24748;8
109263;-171402;47788;26151;1
108118;-193346;47717;24779;4
111448;-165629;47925;26512;1
124407;-188807;48735;25063;8
128439;-170249;48987;26223;4
106007;-178464;47585;25710;1
122636;-179766;48624;25628;8
127850;-174920;48950;25931;2
106574;-169585;47620;26264;2
119703;-171629;48441;26137;4
126106;-178618;48841;25700;4
130088;-167829;49090;26374;2
104110;-165884;47466;26496;1
127851;-178629;48950;25699;2
116548;-166738;48244;26442;4
111518;-191081;47929;24921;4
130573;-167917;49120;26369;8
125410;-189139;48798;25042;8
126533;-167923;48868;26368;1
113849;-180728;48075;25568;2
124155;-189193;48719;25039;4
112158;-191768;47969;24878;4
121354;-177257;48544;25785;8
118047;-190323;48337;24968;8
106915;-195218;47642;24662;1
126670;-193384;48876;24777;4
116606;-165944;48247;26492;2
110527;-176734;47867;25818;1
107171;-164384;47658;26590;2
109613;-167341;47810;26405;8
117246;-190828;48287;24937;8
114827;-193864;48136;24747;2
114172;-189544;48095;25017;8
123237;-168499;48662;26332;2
123246;-184814;48662;25313;1
125498;-170391;48803;26214;1
102738;-174894;47381;25933;2
115930;-185360;48205;25279;1
121920;-176101;48580;25857;8
130874;-178016;49139;25738;8
107752;-189554;47694;25016;1
116518;-196225;48242;24599;8
114303;-166684;48103;26446;1
112491;-186575;47990;25203;1
114676;-170656;48127;26198;2
123712;-186223;48692;25225;1
126842;-165649;48887;26510;4
115637;-195887;48187;24621;2
113950;-167538;48081;26392;2
106765;-192661;47632;24822;2
113201;-181428;48035;25524;1
112526;-187074;47992;25171;4
130107;-173766;49091;26003;8
126307;-168999;48854;26301;8
129403;-176714;49047;25819;4
125557;-193853;48807;24748;4
123602;-176235;48685;25849;8
104828;-174589;47511;25952;8
102830;-164008;47386;26613;2
124594;-181090;48747;25545;1
105350;-176276;47544;25846;2
125496;-179154;48803;25666;1
107275;-179302;47664;25657;2
127247;-173601;48912;26013;8
127258;-180115;48913;25606;1
120703;-194212;48503;24725;1
110565;-191367;47870;24903;1
102219;-164506;47348;26582;4
110951;-189658;47894;25010;4
106575;-170317;47620;26219;8
106574;-164321;47620;26593;4
106363;-189296;47607;25033;8
112648;-165472;48000;26522;1
105487;-188563;47552;25078;8
127737;-182817;48943;25437;4
112060;-191223;47963;24912;1
112225;-179617;47974;25637;4
120605;-179438;48497;25649;4
103453;-173857;47425;25997;2
123640;-164620;48687;26575;1
109669;-171349;47814;26154;1
122046;-194112;48587;24732;8
121688;-185442;48565;25273;4
114576;-181959;48121;25491;8
115727;-166506;48192;26457;2
126052;-181959;48838;25491;2
122648;-169434;48625;26274;1
104685;-167818;47502;26375;1
116287;-189179;48227;25040;8
119279;-171070;48414;26172;8
98664;-177352;47126;25779;4
108797;-195620;47759;24637;8
130081;-182683;49090;25446;8
115180;-188535;48158;25080;4
108195;-192486;47722;24833;2
116519;-166888;48242;26433;4
115055;-185761;48150;25253;1
110300;-166039;47853;26486;2
127282;-170823;48915;26187;4
119405;-189437;48422;25024;1
119778;-166335;48446;26468;4
128749;-168268;49006;26347;8
101249;-180769;47288;25565;8
101778;-169714;47321;26256;4
104583;-172933;47496;26055;2
126519;-179279;48867;25659;4
125791;-183163;48821;25416;8
112730;-183844;48005;25373;1
126731;-172729;48880;26068;8
111213;-195100;47910;24670;4
113571;-166570;48058;26453;4
112397;-164755;47984;26566;1
114360;-189042;48107;25048;1
111971;-179675;47958;25634;1
110382;-190439;47858;24961;2
105483;-190969;47552;24928;2
102841;-171379;47387;26152;1
118737;-169050;48381;26298;1
118553;-190964;48369;24928;8
123340;-187680;48668;25134;8
101343;-169266;47293;26284;2
104091;-173088;47465;26046;8
114353;-186135;48107;25230;2
125080;-192080;48777;24859;4
101999;-172777;47334;26065;2
114935;-193815;48143;24750;4
103254;-175191;47413;25914;8
121980;-176940;48583;25805;8
101112;-177227;47279;25787;1
101126;-172506;47280;26082;1
99455;-177482;47175;25771;8
99264;-176615;47164;25825;2
124294;-183716;48728;25381;4
105918;-187772;47579;25128;8
115452;-196479;48175;24584;1
126242;-169540;48850;26267;8
124023;-179918;48711;25619;8
105538;-174660;47556;25947;2
112604;-171877;47997;26121;1
122430;-188938;48611;25055;4
101368;-165289;47295;26533;8
108177;-171249;47721;26160;1
108665;-184165;47751;25353;2
110927;-188193;47892;25101;1