204845;-98317;53762;30719;8
227681;-98421;55190;30712;8
210260;-98415;54101;30713;4
205148;-98334;53781;30718;1
221714;-98400;54817;30714;8
213418;-98396;54298;30714;1
212978;-98417;54271;30712;2
208047;-98401;53962;30713;2
197602;-98376;53310;30715;2
207035;-98314;53899;30719;4
214106;-98373;54341;30715;8
217809;-98395;54573;30714;4
216948;-98356;54519;30716;1
199699;-98359;53441;30716;1
197920;-98352;53330;30717;1
217079;-98319;54527;30719;8
196911;-98403;53266;30713;4
224645;-98321;55000;30718;8
197935;-98419;53330;30712;4
218770;-98428;54633;30712;4
204020;-98405;53711;30713;8
228019;-98330;55211;30718;2
215923;-98357;54455;30716;1
222720;-98429;54880;30712;1
208920;-98366;54017;30716;2
216418;-98336;54486;30718;4
205200;-98375;53785;30715;8
226004;-98361;55085;30716;4
208413;-98327;53985;30718;4
215893;-98393;54453;30714;1
203314;-98419;53667;30712;2
206234;-98395;53849;30714;8
215578;-98332;54433;30718;4
209563;-98316;54057;30719;1
224042;-98333;54962;30718;1
208732;-98351;54005;30717;1
213859;-98393;54326;30714;1
223866;-98400;54951;30714;1
210646;-98417;54125;30712;2
205453;-98364;53800;30716;8
207413;-98321;53923;30718;1
197371;-98362;53295;30716;4
213363;-98432;54295;30712;8
221446;-98306;54800;30719;8
203630;-98325;53686;30718;2
225373;-98345;55045;30717;8
227099;-98323;55153;30718;2
210216;-98394;54098;30714;8
197184;-98338;53284;30717;8
218459;-98400;54613;30714;8
198344;-98359;53356;30716;2
197413;-98323;53298;30718;1
210787;-98323;54134;30718;8
221724;-98337;54817;30717;2
217925;-98404;54580;30713;2
198684;-98426;53377;30712;8
199339;-98423;53418;30712;4
204148;-98407;53719;30713;4
225085;-98355;55027;30716;2
215683;-98365;54440;30716;2
215601;-98343;54435;30717;4
211580;-98348;54183;30717;1
207647;-98431;53937;30712;2
200126;-98381;53467;30715;8
218064;-98404;54589;30713;1
220319;-98311;54729;30719;8
218336;-98378;54606;30715;2
219378;-98400;54671;30714;8
198278;-98315;53352;30719;1
205520;-98340;53805;30717;4
201597;-98363;53559;30716;1
229102;-98423;55278;30712;8
212089;-98391;54215;30714;2
211318;-98411;54167;30713;8
223609;-98327;54935;30718;4
206831;-98366;53886;30716;2
227160;-98405;55157;30713;1
220322;-98388;54730;30714;2
229084;-98338;55277;30717;1
205663;-98360;53813;30716;1
199128;-98336;53405;30718;4
219297;-98318;54666;30719;8
228145;-98322;55219;30718;1
198549;-98312;53369;30719;8
221924;-98382;54830;30715;8
226700;-98421;55128;30712;8
201365;-98412;53545;30713;1
219538;-98411;54681;30713;4
215213;-98329;54410;30718;1
208033;-98338;53962;30717;4
228686;-98416;55252;30713;1
215491;-98378;54428;30715;2
203874;-98310;53702;30719;1
203280;-98322;53665;30718;4
218304;-98399;54604;30714;8
225607;-98375;55060;30715;4
204592;-98424;53747;30712;4
202503;-98409;53616;30713;2
224815;-98346;55010;30717;4
198895;-98416;53390;30713;8
217599;-98394;54559;30714;8
228411;-98307;55235;30719;4
228274;-98338;55227;30717;4
220086;-98326;54715;30718;2
228750;-98362;55256;30716;2
211508;-98366;54179;30716;1
212679;-98354;54252;30716;8
210108;-98364;54091;30716;2
197530;-98369;53305;30715;1
213044;-98367;54275;30716;8
204585;-98412;53746;30713;8
216258;-98307;54476;30719;1
210709;-98401;54129;30713;4
206722;-98418;53880;30712;2
220033;-98397;54712;30714;8
225956;-98385;55082;30714;4
227093;-98371;55153;30715;2
200293;-98318;53478;30719;4
198455;-98367;53363;30716;4
217819;-98372;54573;30715;8
206325;-98389;53855;30714;4
208596;-98430;53997;30712;2
218694;-98340;54628;30717;1
200391;-98409;53484;30713;1
210663;-98322;54126;30718;1
198841;-98325;53387;30718;2
205327;-98324;53792;30718;2
226100;-98319;55091;30719;2
227729;-98393;55193;30714;2
219984;-98422;54709;30712;8
227930;-98340;55205;30717;1
201787;-98343;53571;30717;8
225684;-98362;55065;30716;1
203371;-98389;53670;30714;1
212760;-98375;54257;30715;1
214250;-98369;54350;30715;8
217896;-98391;54578;30714;4
226847;-98376;55137;30715;4
198862;-98311;53388;30719;4
220775;-98316;54758;30719;2
216909;-98353;54516;30716;8
224326;-98370;54980;30715;4
229067;-98333;55276;30718;1
225099;-98425;55028;30712;2
220521;-98331;54742;30718;2
218859;-98309;54638;30719;8
227987;-98429;55209;30712;1
203136;-98307;53656;30719;8
226721;-98350;55130;30717;1
199417;-98364;53423;30716;8
198954;-98346;53394;30717;8
198363;-98424;53357;30712;1
216380;-98396;54483;30714;2
204773;-98357;53758;30716;2
228131;-98393;55218;30714;4
208850;-98357;54013;30716;4
221721;-98365;54817;30716;1
205717;-98365;53817;30716;1
225231;-98315;55036;30719;8
209089;-98363;54028;30716;2
214378;-98362;54358;30716;8
214963;-98336;54395;30718;4
214167;-98384;54345;30715;2
217490;-98307;54553;30719;2
221856;-98404;54826;30713;2
213190;-98322;54284;30718;4
223319;-98424;54917;30712;8
214433;-98328;54362;30718;2
225401;-98405;55047;30713;4
228917;-98428;55267;30712;4
221991;-98334;54834;30718;8
197912;-98340;53329;30717;4
223037;-98327;54899;30718;8
218434;-98394;54612;30714;2
209114;-98314;54029;30719;8
214412;-98375;54360;30715;8
214111;-98377;54341;30715;4
200308;-98366;53479;30716;1
201613;-98350;53560;30717;2
223827;-98399;54949;30714;4
225676;-98342;55064;30717;4
200161;-98428;53470;30712;4
199233;-98359;53412;30716;4
207072;-98343;53902;30717;4
214026;-98335;54336;30718;8
224108;-98371;54966;30715;1
219962;-98427;54707;30712;4
200283;-98368;53477;30716;1
198110;-98364;53341;30716;8
216608;-98428;54498;30712;1
226591;-98421;55121;30712;4
208053;-98430;53963;30712;2
205013;-98372;53773;30715;4
214959;-98400;54394;30714;1
201815;-98376;53573;30715;4
220864;-98425;54764;30712;4
225905;-98334;55079;30718;8
206197;-98306;53847;30719;4
217994;-98399;54584;30714;2
213224;-98367;54286;30716;2
204739;-98319;53756;30719;8
207140;-98384;53906;30715;4
208028;-98410;53961;30713;1
228329;-98327;55230;30718;2
227619;-98373;55186;30715;1
221204;-98325;54785;30718;2
218765;-98419;54632;30712;4
197921;-98343;53330;30717;8
197596;-98323;53309;30718;1
204248;-98410;53725;30713;1
218664;-98340;54626;30717;2
222680;-98332;54877;30718;2
203823;-98429;53698;30712;4
208908;-98343;54016;30717;8
222499;-98347;54866;30717;2
202650;-98411;53625;30713;1
223127;-98356;54905;30716;1
210122;-98424;54092;30712;1
212216;-98350;54223;30717;4
211386;-98319;54171;30719;4
222360;-98387;54857;30714;4
206366;-98371;53857;30715;8
210342;-98380;54106;30715;8
219621;-98361;54686;30716;4
200191;-98429;53471;30712;4
225706;-98375;55066;30715;8
217953;-98368;54582;30716;4
222629;-98431;54874;30712;8
204476;-98359;53739;30716;2
196799;-98411;53259;30713;1
220097;-98398;54716;30714;4
204270;-98358;53726;30716;4
198795;-98408;53384;30713;1
212452;-98330;54238;30718;2
220757;-98335;54757;30718;4
226072;-98376;55089;30715;2
217253;-98359;54538;30716;1
212378;-98364;54233;30716;2
219578;-98313;54683;30719;1
212858;-98340;54263;30717;4
200387;-98427;53484;30712;8
201103;-98383;53528;30715;2
219804;-98373;54697;30715;8
218903;-98325;54641;30718;4
210171;-98344;54095;30717;8
208031;-98340;53961;30717;1
219426;-98427;54674;30712;2
201843;-98389;53575;30714;1
218329;-98368;54605;30716;1
215689;-98379;54440;30715;2
223484;-98360;54927;30716;4
214866;-98342;54389;30717;4
213345;-98324;54294;30718;4
217676;-98403;54564;30713;4
201041;-98356;53525;30716;8
208557;-98399;53994;30714;2
198350;-98365;53356;30716;1
212136;-98346;54218;30717;4
204119;-98385;53717;30714;8
225203;-98406;55035;30713;4
223913;-98341;54954;30717;4
223684;-98321;54940;30718;1
214464;-98377;54364;30715;4
208568;-98417;53995;30712;1
198738;-98423;53381;30712;4
200764;-98352;53507;30717;2
203779;-98315;53696;30719;1
204203;-98364;53722;30716;4
226306;-98341;55104;30717;8
207957;-98335;53957;30718;8
196810;-98416;53260;30713;1
222951;-98411;54894;30713;4
217775;-98404;54570;30713;4
216710;-98360;54504;30716;4
228049;-98372;55213;30715;8
210273;-98416;54102;30713;8
227065;-98372;55151;30715;4
214721;-98344;54380;30717;8
198750;-98432;53381;30712;2
215722;-98343;54442;30717;8
206478;-98371;53864;30715;8
207818;-98403;53948;30713;2
200515;-98402;53492;30713;1
205777;-98359;53821;30716;2
199957;-98318;53457;30719;1
199656;-98328;53438;30718;8
226051;-98321;55088;30718;4
207974;-98340;53958;30717;2
209946;-98410;54081;30713;1
198762;-98314;53382;30719;2
210740;-98311;54131;30719;4
217249;-98338;54538;30717;4
228742;-98417;55256;30712;8
204324;-98336;53730;30718;8
204286;-98328;53727;30718;8
217207;-98409;54535;30713;4
221203;-98337;54785;30717;8
217417;-98369;54548;30715;8
228492;-98402;55240;30713;4
200106;-98423;53466;30712;2
228536;-98325;55243;30718;4
197985;-98388;53334;30714;1
220642;-98351;54750;30717;8
205295;-98381;53790;30715;4
203411;-98378;53673;30715;2
204619;-98383;53748;30715;1
202704;-98343;53629;30717;4
210259;-98366;54101;30716;4
226611;-98330;55123;30718;8
204965;-98379;53770;30715;8
225672;-98313;55064;30719;2
206163;-98426;53845;30712;1
208565;-98429;53995;30712;2
206368;-98347;53858;30717;4
215174;-98314;54408;30719;8
224487;-98348;54990;30717;1
204303;-98394;53728;30714;8
221827;-98426;54824;30712;4
207266;-98316;53914;30719;4
204913;-98383;53767;30715;8
200098;-98341;53466;30717;4
201067;-98343;53526;30717;4
197903;-98416;53328;30713;2
200534;-98315;53493;30719;2
206456;-98341;53863;30717;1
211036;-98316;54149;30719;1
208899;-98346;54016;30717;8
217211;-98330;54535;30718;8
210811;-98396;54135;30714;8
213960;-98411;54332;30713;4
220501;-98421;54741;30712;1
206791;-98322;53884;30718;1
214744;-98341;54381;30717;2
225839;-98351;55074;30717;8
211426;-98347;54174;30717;8
218056;-98323;54588;30718;8
200656;-98359;53501;30716;4
215098;-98326;54403;30718;4
213302;-98378;54291;30715;1
206343;-98423;53856;30712;2
221046;-98312;54775;30719;2
205186;-98392;53784;30714;2
199337;-98330;53418;30718;8
224197;-98370;54972;30715;1
218578;-98426;54621;30712;8
208754;-98408;54007;30713;2
208052;-98320;53963;30719;4
198081;-98309;53340;30719;8
226818;-98338;55136;30717;8
206890;-98414;53890;30713;8
226943;-98311;55143;30719;1
226231;-98371;55099;30715;4
197264;-98348;53289;30717;1
202418;-98358;53611;30716;1
216026;-98308;54461;30719;2
211688;-98429;54190;30712;2
210956;-98330;54144;30718;1
196744;-98382;53256;30715;2
199188;-98338;53409;30717;4
216903;-98361;54516;30716;1
206260;-98363;53851;30716;8
216825;-98308;54511;30719;8
214141;-98377;54343;30715;8
205635;-98416;53812;30713;1
223902;-98341;54953;30717;8
221240;-98355;54787;30716;4
211683;-98387;54190;30714;4
215965;-98426;54457;30712;8
208167;-98403;53970;30713;1
215550;-98425;54431;30712;1
217769;-98307;54570;30719;2
227902;-98332;55203;30718;4
198433;-98323;53362;30718;1
221980;-98385;54833;30714;2
208753;-98404;54007;30713;2
204143;-98377;53718;30715;2
224934;-98404;55018;30713;2
227819;-98393;55198;30714;2
215640;-98350;54437;30717;8
206359;-98405;53857;30713;1
224900;-98314;55016;30719;4
215465;-98347;54426;30717;1
212932;-98363;54268;30716;8
226663;-98397;55126;30714;4
212455;-98395;54238;30714;8
215715;-98398;54442;30714;2
226292;-98377;55103;30715;8
205784;-98334;53821;30718;2
205323;-98372;53792;30715;8
215142;-98317;54406;30719;1
197352;-98337;53294;30717;1
201730;-98332;53568;30718;2
226353;-98344;55107;30717;2
211737;-98385;54193;30714;4
210921;-98335;54142;30718;1
212879;-98348;54264;30717;4
212323;-98421;54230;30712;4
207275;-98429;53914;30712;8
215587;-98375;54434;30715;1
228755;-98365;55257;30716;4
209477;-98388;54052;30714;1
209429;-98327;54049;30718;2
215062;-98396;54401;30714;4
228035;-98374;55212;30715;8
225088;-98405;55028;30713;1
225815;-98375;55073;30715;8
199421;-98400;53423;30714;2
198724;-98341;53380;30717;8
226780;-98415;55133;30713;8
207406;-98424;53922;30712;8
199817;-98357;53448;30716;4
214474;-98430;54364;30712;2
220791;-98362;54759;30716;8
203335;-98351;53668;30717;1
219265;-98386;54664;30714;1
204690;-98419;53753;30712;8
211170;-98367;54158;30716;8
217175;-98397;54533;30714;8
211953;-98350;54207;30717;1
207040;-98378;53900;30715;8
220108;-98340;54716;30717;2
210692;-98419;54128;30712;2
221537;-98382;54806;30715;4
210788;-98375;54134;30715;2
216249;-98363;54475;30716;8
228588;-98401;55246;30713;1
219796;-98377;54697;30715;8
223656;-98322;54938;30718;1
199053;-98432;53400;30712;1
226813;-98312;55135;30719;1
206582;-98322;53871;30718;4
213186;-98306;54284;30719;8
222555;-98365;54869;30716;8
219378;-98354;54671;30716;8
210177;-98334;54096;30718;2
210238;-98379;54099;30715;1
219092;-98371;54653;30715;8
213739;-98356;54318;30716;4
201072;-98307;53527;30719;1
206105;-98329;53841;30718;8
205543;-98315;53806;30719;1
223655;-98418;54938;30712;1
215174;-98329;54408;30718;2
210980;-98342;54146;30717;1
208888;-98354;54015;30716;8
219708;-98376;54691;30715;2
204117;-98337;53717;30717;2
213159;-98368;54282;30716;1
211164;-98393;54157;30714;1
228156;-98430;55219;30712;4
223093;-98401;54903;30713;2
221388;-98409;54796;30713;4
199065;-98383;53401;30715;1
212977;-98357;54271;30716;8
207707;-98364;53941;30716;2
219464;-98369;54676;30715;4
197577;-98352;53308;30717;4
212987;-98359;54271;30716;8
219898;-98393;54703;30714;4
220658;-98336;54751;30718;4
206928;-98405;53893;30713;2
207958;-98396;53957;30714;1
227338;-98392;55168;30714;1
214071;-98362;54339;30716;8
215030;-98325;54399;30718;2
211061;-98357;54151;30716;1
198642;-98360;53375;30716;8
205185;-98312;53784;30719;4
203810;-98396;53698;30714;1
217992;-98416;54584;30713;2
201082;-98350;53527;30717;2
226910;-98427;55141;30712;4
198138;-98396;53343;30714;8
215945;-98375;54456;30715;4
198200;-98379;53347;30715;4
224110;-98396;54966;30714;4
225590;-98418;55059;30712;4
220667;-98306;54751;30719;8
208888;-98347;54015;30717;1
220484;-98424;54740;30712;4
217399;-98414;54547;30713;8
196825;-98338;53261;30717;8
203956;-98379;53707;30715;2
202220;-98391;53598;30714;8
201630;-98358;53561;30716;1
203690;-98385;53690;30714;2
215719;-98400;54442;30714;1
217437;-98330;54549;30718;2
206932;-98377;53893;30715;2
227574;-98398;55183;30714;8
219674;-98396;54689;30714;8
216789;-98312;54509;30719;4
208425;-98321;53986;30718;4
219264;-98426;54664;30712;4
213273;-98412;54289;30713;2
200247;-98432;53475;30712;1
206388;-98413;53859;30713;4
203843;-98321;53700;30718;4
209591;-98346;54059;30717;4
215211;-98385;54410;30714;2
228013;-98402;55210;30713;2
228825;-98398;55261;30714;4
219393;-98348;54672;30717;1
199448;-98317;53425;30719;1
203243;-98371;53662;30715;8
214742;-98350;54381;30717;2
202813;-98316;53635;30719;2
208807;-98397;54010;30714;2
216116;-98330;54467;30718;2
209032;-98352;54024;30717;8
215854;-98404;54450;30713;2
216425;-98374;54486;30715;1
214598;-98350;54372;30717;2
210132;-98338;54093;30717;2
222294;-98372;54853;30715;4
213936;-98384;54331;30715;8
206951;-98413;53894;30713;8
217617;-98432;54561;30712;1
198765;-98381;53382;30715;4
201497;-98396;53553;30714;1
209992;-98344;54084;30717;2
202026;-98388;53586;30714;1
223442;-98372;54925;30715;2
218341;-98352;54606;30717;1
211985;-98375;54209;30715;8
205172;-98347;53783;30717;8
223172;-98392;54908;30714;8
201449;-98328;53550;30718;4
219065;-98322;54651;30718;8
206439;-98401;53862;30713;1
224241;-98404;54975;30713;4
204212;-98341;53723;30717;2
222994;-98425;54897;30712;1
201182;-98396;53533;30714;1
202542;-98361;53618;30716;8
199530;-98321;53430;30718;2
208805;-98331;54010;30718;2
216934;-98310;54518;30719;8
207448;-98313;53925;30719;4
204915;-98330;53767;30718;2
213079;-98340;54277;30717;2
201262;-98421;53538;30712;1
224953;-98331;55019;30718;1
214086;-98399;54340;30714;8
218601;-98344;54622;30717;2
221241;-98317;54787;30719;2
228799;-98346;55259;30717;4
225707;-98365;55066;30716;4
226205;-98317;55097;30719;8
212596;-98397;54247;30714;1
216501;-98399;54491;30714;1
203642;-98328;53687;30718;4
214727;-98364;54380;30716;8
225121;-98344;55030;30717;4
221766;-98398;54820;30714;2
209122;-98360;54030;30716;4
200946;-98332;53519;30718;8
202606;-98372;53622;30715;8
202568;-98317;53620;30719;4
199556;-98383;53432;30715;8
227962;-98378;55207;30715;8
204328;-98374;53730;30715;4
204756;-98345;53757;30717;2
199023;-98306;53398;30719;4
228213;-98399;55223;30714;4
200305;-98392;53479;30714;1
203558;-98336;53682;30718;2
210429;-98431;54111;30712;2
201849;-98361;53575;30716;2
220090;-98345;54715;30717;1
223837;-98344;54949;30717;4
204857;-98427;53763;30712;2
217407;-98328;54547;30718;8
204788;-98355;53759;30716;2
201333;-98423;53543;30712;2
213025;-98421;54274;30712;8
214649;-98380;54375;30715;2
205004;-98378;53772;30715;2
207078;-98322;53902;30718;4
204325;-98420;53730;30712;4
218668;-98426;54626;30712;2
198506;-98371;53366;30715;1
211101;-98338;54153;30717;1
213707;-98412;54316;30713;4
215017;-98407;54398;30713;4
221681;-98325;54815;30718;2
204522;-98306;53742;30719;1
213159;-98381;54282;30715;1
228912;-98313;55267;30719;1
225315;-98318;55042;30719;8
204894;-98427;53765;30712;4
200811;-98420;53510;30712;8
211805;-98350;54197;30717;8
227204;-98361;55160;30716;4
204659;-98395;53751;30714;1
213708;-98355;54316;30716;8
215903;-98345;54453;30717;1
227625;-98385;55186;30714;8
211160;-98416;54157;30713;2
223295;-98378;54915;30715;8
221443;-98361;54800;30716;2
209660;-98380;54063;30715;2
216744;-98427;54506;30712;8
222057;-98371;54838;30715;8
222716;-98347;54879;30717;4
205397;-98326;53797;30718;2
228516;-98326;55242;30718;8
214125;-98375;54342;30715;1
218027;-98326;54586;30718;8
213507;-98315;54304;30719;4
228862;-98346;55263;30717;8
218893;-98411;54640;30713;2
225877;-98391;55077;30714;4
228765;-98343;55257;30717;4
226356;-98321;55107;30718;4
200797;-98365;53509;30716;2
227059;-98360;55151;30716;2
214497;-98324;54366;30718;4
197799;-98371;53322;30715;2
221600;-98414;54810;30713;1
205452;-98408;53800;30713;8
219961;-98385;54707;30714;2
218783;-98382;54633;30715;8
220747;-98427;54756;30712;2
209271;-98333;54039;30718;1
221668;-98418;54814;30712;8
198805;-98345;53385;30717;4
211140;-98372;54156;30715;1
199107;-98430;53404;30712;2
197030;-98363;53274;30716;8
213544;-98369;54306;30715;1
211687;-98337;54190;30717;2
221795;-98385;54822;30714;8
211329;-98379;54168;30715;2
199820;-98428;53448;30712;8
220747;-98387;54756;30714;2
211978;-98427;54208;30712;8
198000;-98335;53335;30718;8
221769;-98400;54820;30714;8
209209;-98398;54035;30714;8
212919;-98323;54267;30718;1
220293;-98329;54728;30718;1
206888;-98370;53890;30715;8
213703;-98330;54316;30718;8
219293;-98307;54665;30719;4
204474;-98415;53739;30713;4
222332;-98385;54855;30714;8
206716;-98410;53879;30713;8
223364;-98310;54920;30719;1
214007;-98313;54335;30719;1
214247;-98377;54350;30715;1
221654;-98404;54813;30713;8
209412;-98332;54048;30718;1
214900;-98312;54391;30719;4
221937;-98408;54831;30713;4
217897;-98404;54578;30713;1
212319;-98332;54229;30718;2
205032;-98391;53774;30714;1
200694;-98330;53503;30718;1
202718;-98379;53629;30715;1
213145;-98425;54281;30712;2
212272;-98339;54227;30717;2
220150;-98405;54719;30713;8
224884;-98368;55015;30716;8
210934;-98343;54143;30717;2
220548;-98356;54744;30716;1
210632;-98399;54124;30714;8
224182;-98325;54971;30718;2
202641;-98359;53625;30716;8
217924;-98332;54580;30718;2
228910;-98378;55266;30715;1
214777;-98372;54383;30715;2
199194;-98394;53409;30714;4
215368;-98423;54420;30712;1
218256;-98374;54601;30715;2
221346;-98381;54794;30715;8
214748;-98325;54381;30718;8
210571;-98388;54120;30714;1
213099;-98358;54278;30716;4
220589;-98430;54746;30712;2
218254;-98310;54600;30719;1
204378;-98363;53733;30716;8
216656;-98383;54501;30715;1
218274;-98385;54602;30714;1
201887;-98367;53577;30716;1
226661;-98325;55126;30718;4
198287;-98312;53352;30719;4
223795;-98371;54947;30715;1
198743;-98372;53381;30715;2
213260;-98337;54288;30717;8
223677;-98340;54939;30717;8
218369;-98338;54608;30717;2
214748;-98366;54381;30716;1
205518;-98316;53804;30719;8
210530;-98315;54118;30719;2
206357;-98428;53857;30712;8
205132;-98422;53780;30712;1
210380;-98372;54108;30715;1
203629;-98338;53686;30717;4
209390;-98422;54046;30712;8
200593;-98419;53497;30712;8
216474;-98413;54489;30713;2
217133;-98321;54530;30718;4
225383;-98365;55046;30716;1
207970;-98431;53958;30712;1
205261;-98308;53788;30719;2
203669;-98386;53689;30714;1
198742;-98338;53381;30717;2
228136;-98373;55218;30715;1
224380;-98345;54983;30717;4
201927;-98400;53580;30714;2
223870;-98431;54951;30712;2
207460;-98415;53926;30713;2
206514;-98361;53867;30716;1
197350;-98336;53294;30718;8
214732;-98313;54380;30719;4
213450;-98308;54300;30719;4
224235;-98345;54974;30717;2
220960;-98371;54770;30715;2
215840;-98318;54450;30719;8
214330;-98329;54355;30718;2
220713;-98371;54754;30715;2
224814;-98332;55010;30718;8
203511;-98309;53679;30719;2
204003;-98386;53710;30714;1
208605;-98411;53997;30713;8
223642;-98423;54937;30712;1
199817;-98375;53448;30715;1
217912;-98353;54579;30716;4
225726;-98428;55067;30712;2
212564;-98322;54245;30718;4
207395;-98362;53922;30716;2
219599;-98408;54684;30713;1
213414;-98372;54298;30715;1
219959;-98426;54707;30712;4
228599;-98330;55247;30718;8
213964;-98308;54332;30719;2
203468;-98424;53676;30712;4
222591;-98397;54871;30714;8
228391;-98334;55234;30718;2
205300;-98425;53791;30712;2
224029;-98322;54961;30718;4
228441;-98369;55237;30715;1
225454;-98423;55050;30712;8
214531;-98356;54368;30716;4
204764;-98411;53757;30713;8
214093;-98355;54340;30716;1
225985;-98316;55084;30719;4
226230;-98424;55099;30712;1
210318;-98333;54104;30718;1
228263;-98371;55226;30715;8
228432;-98379;55237;30715;2
202238;-98370;53599;30715;4
199071;-98351;53401;30717;8
204989;-98416;53771;30713;8
216472;-98349;54489;30717;8
214869;-98379;54389;30715;8
199484;-98377;53427;30715;4
199227;-98427;53411;30712;8
199903;-98369;53453;30715;2
216877;-98357;54514;30716;1
202775;-98376;53633;30715;4
206620;-98328;53873;30718;1
213918;-98354;54329;30716;4
209682;-98419;54065;30712;1
212177;-98391;54221;30714;8
221234;-98380;54787;30715;8
221863;-98319;54826;30719;8
227411;-98328;55173;30718;4
220856;-98419;54763;30712;1
223233;-98378;54912;30715;1
213271;-98425;54289;30712;8
215666;-98378;54439;30715;1
200364;-98354;53482;30716;4
218742;-98368;54631;30716;1
218628;-98409;54624;30713;2
225264;-98355;55039;30716;2
204910;-98367;53766;30716;2
211892;-98415;54203;30713;4
228095;-98374;55215;30715;1
224377;-98377;54983;30715;4
221353;-98404;54794;30713;4
201952;-98361;53582;30716;4
198768;-98426;53383;30712;4
218344;-98397;54606;30714;1
221167;-98405;54782;30713;1
225256;-98352;55038;30717;8
216196;-98323;54472;30718;4
220549;-98349;54744;30717;2
207567;-98336;53932;30718;8
211641;-98343;54187;30717;4
198083;-98391;53340;30714;1
215789;-98410;54446;30713;8
227100;-98347;55153;30717;1
203993;-98343;53709;30717;1
208487;-98411;53990;30713;2
206434;-98328;53862;30718;2
210208;-98334;54098;30718;4
229064;-98389;55276;30714;8
217393;-98334;54547;30718;1
210341;-98395;54106;30714;2
218815;-98378;54635;30715;1
228361;-98313;55232;30719;1
208800;-98420;54010;30712;2
215292;-98334;54415;30718;1
207617;-98406;53936;30713;1
211114;-98340;54154;30717;1
196987;-98396;53271;30714;4
207818;-98366;53948;30716;2
217365;-98348;54545;30717;8
198573;-98309;53370;30719;4
217988;-98348;54584;30717;1
203260;-98384;53663;30715;8
211458;-98384;54176;30715;1
202433;-98385;53612;30714;8
201099;-98393;53528;30714;8
198838;-98365;53387;30716;4
220275;-98392;54727;30714;2
207235;-98314;53912;30719;4
209939;-98323;54081;30718;1
218618;-98393;54623;30714;1
206198;-98405;53847;30713;8
224364;-98425;54982;30712;1
225261;-98399;55038;30714;2
225234;-98427;55037;30712;4
215291;-98417;54415;30712;4
223656;-98318;54938;30719;8
206474;-98388;53864;30714;1
217691;-98315;54565;30719;4
196613;-98369;53248;30715;8
211860;-98339;54201;30717;8
200857;-98389;53513;30714;8
207702;-98413;53941;30713;8
196669;-98306;53251;30719;1
201396;-98390;53547;30714;4
197253;-98411;53288;30713;8
226093;-98385;55090;30714;2
221839;-98419;54824;30712;4
207578;-98318;53933;30719;1
222091;-98313;54840;30719;1
221899;-98400;54828;30714;8
213096;-98355;54278;30716;8
223425;-98339;54924;30717;2
204643;-98366;53750;30716;8
223357;-98432;54919;30712;4
222681;-98321;54877;30718;1
204421;-98381;53736;30715;2
219014;-98328;54648;30718;4
224174;-98379;54970;30715;4
197175;-98432;53283;30712;2
223783;-98388;54946;30714;1
225094;-98365;55028;30716;8
222159;-98348;54844;30717;4
209249;-98315;54038;30719;4
227940;-98362;55206;30716;8
211368;-98398;54170;30714;4
215682;-98326;54440;30718;8
225033;-98349;55024;30717;2
199925;-98320;53455;30719;8
224799;-98314;55009;30719;4
219344;-98334;54669;30718;2
205637;-98318;53812;30719;1
217838;-98355;54574;30716;1
197224;-98400;53286;30714;1
205676;-98430;53814;30712;2
211541;-98412;54181;30713;2
198393;-98346;53359;30717;1
226129;-98328;55093;30718;1
214256;-98393;54351;30714;4
222500;-98363;54866;30716;2
227598;-98375;55184;30715;2
198360;-98393;53357;30714;2
207659;-98335;53938;30718;2
221736;-98404;54818;30713;2
208101;-98404;53966;30713;4
220947;-98367;54769;30716;2
223028;-98415;54899;30713;2
206470;-98375;53864;30715;1
211694;-98359;54190;30716;4
219938;-98420;54706;30712;4
226640;-98332;55125;30718;4
223110;-98363;54904;30716;1
214361;-98347;54357;30717;4
219801;-98338;54697;30717;1
210349;-98326;54106;30718;8
202387;-98317;53609;30719;1
220394;-98368;54734;30716;1
221412;-98397;54798;30714;4
202410;-98358;53610;30716;8
201799;-98348;53572;30717;4
226757;-98315;55132;30719;4
223274;-98339;54914;30717;8
197487;-98309;53302;30719;2
218618;-98364;54623;30716;8
212618;-98341;54248;30717;8
204898;-98312;53766;30719;8
213195;-98339;54284;30717;4
207645;-98427;53937;30712;1
228247;-98393;55225;30714;4
227394;-98391;55172;30714;8
220310;-98312;54729;30719;1
228244;-98337;55225;30717;8
226003;-98397;55085;30714;4
216948;-98361;54519;30716;4
227259;-98400;55163;30714;4
217230;-98337;54536;30717;8
210947;-98396;54144;30714;8
215212;-98308;54410;30719;1
229019;-98409;55273;30713;8
201627;-98312;53561;30719;1
205474;-98405;53802;30713;1
224352;-98318;54982;30719;2
228851;-98353;55263;30716;4
205232;-98368;53787;30716;4
207451;-98324;53925;30718;4
209962;-98371;54082;30715;8
205710;-98429;53816;30712;8
214004;-98417;54335;30712;8
228326;-98411;55230;30713;2
218090;-98421;54590;30712;1
206844;-98386;53887;30714;8
226078;-98323;55089;30718;2
199128;-98365;53405;30716;1
212994;-98369;54272;30715;4
205675;-98357;53814;30716;2
222691;-98430;54878;30712;8
199856;-98428;53451;30712;4
220376;-98404;54733;30713;2
206330;-98347;53855;30717;1
214431;-98423;54361;30712;1
214830;-98431;54386;30712;8
217119;-98317;54529;30719;8
206461;-98308;53863;30719;2
208894;-98322;54015;30718;1
209488;-98398;54053;30714;8
221289;-98407;54790;30713;4
223933;-98419;54955;30712;1
225989;-98409;55084;30713;8
212085;-98329;54215;30718;8
212130;-98333;54218;30718;1
218850;-98357;54638;30716;1
223801;-98432;54947;30712;8
197334;-98320;53293;30719;8
204117;-98399;53717;30714;1
210129;-98326;54093;30718;4
219091;-98402;54653;30713;8
207210;-98377;53910;30715;4
216887;-98398;54515;30714;4
225763;-98391;55070;30714;1
212259;-98324;54226;30718;1
209384;-98339;54046;30717;2
197505;-98313;53304;30719;1
222777;-98372;54883;30715;2
226156;-98405;55094;30713;8
218084;-98325;54590;30718;4
214309;-98351;54354;30717;2
208001;-98379;53960;30715;4
198442;-98328;53362;30718;8
213731;-98341;54318;30717;1
201792;-98388;53572;30714;4
216221;-98399;54473;30714;1
211648;-98374;54188;30715;2
207000;-98328;53897;30718;4
215001;-98405;54397;30713;2
222970;-98306;54895;30719;8
216523;-98421;54492;30712;4
215455;-98350;54425;30717;1
201864;-98415;53576;30713;8
211506;-98370;54179;30715;2
202602;-98311;53622;30719;1
216333;-98333;54480;30718;2
203245;-98375;53662;30715;2
226842;-98347;55137;30717;1
197999;-98348;53334;30717;1
216317;-98353;54479;30716;1
222310;-98370;54854;30715;8
206886;-98367;53890;30716;4
200238;-98414;53474;30713;8
214398;-98375;54359;30715;1
218999;-98334;54647;30718;4
209675;-98416;54064;30713;4
205749;-98412;53819;30713;8
225386;-98346;55046;30717;4
222584;-98420;54871;30712;2
225978;-98365;55083;30716;8
222658;-98414;54876;30713;8
224305;-98363;54979;30716;1
210564;-98379;54120;30715;8
227317;-98406;55167;30713;8
227645;-98421;55187;30712;8
208221;-98414;53973;30713;8
208537;-98329;53993;30718;8
206134;-98369;53843;30715;1
208782;-98385;54008;30714;8
202639;-98398;53624;30714;4
205299;-98416;53791;30713;8
206449;-98338;53863;30717;1
204979;-98308;53771;30719;8
215089;-98313;54403;30719;1
197780;-98328;53321;30718;8
221696;-98351;54816;30717;2
205105;-98397;53779;30714;1
217175;-98335;54533;30718;2
203010;-98336;53648;30718;4
198604;-98333;53372;30718;1
219006;-98416;54647;30713;4
220162;-98361;54720;30716;2
216857;-98311;54513;30719;1
225764;-98362;55070;30716;8
203115;-98382;53654;30715;8
218912;-98326;54642;30718;2
208849;-98378;54013;30715;4
226524;-98418;55117;30712;2
198134;-98376;53343;30715;2
209300;-98353;54041;30716;8
201520;-98388;53555;30714;4
203002;-98391;53647;30714;4
198290;-98411;53353;30713;4
214301;-98397;54353;30714;8
202043;-98378;53587;30715;1
198059;-98335;53338;30718;8
221494;-98411;54803;30713;4
209792;-98363;54072;30716;8
221536;-98371;54806;30715;4
205538;-98307;53806;30719;8
220556;-98321;54744;30718;2
201591;-98314;53559;30719;8
203713;-98425;53692;30712;4
228088;-98350;55215;30717;8
210578;-98320;54121;30719;8
218192;-98425;54597;30712;4
210655;-98338;54125;30717;4
200663;-98392;53501;30714;1
221633;-98346;54812;30717;4
206991;-98328;53896;30718;1
203972;-98306;53708;30719;8
203893;-98373;53703;30715;4
216577;-98386;54496;30714;1
226608;-98320;55123;30719;4
204653;-98419;53750;30712;1
207235;-98369;53912;30715;8
204180;-98388;53721;30714;4
214542;-98415;54368;30713;1
214555;-98401;54369;30713;2
208541;-98338;53993;30717;4
203789;-98362;53696;30716;4
214663;-98399;54376;30714;8
220346;-98422;54731;30712;8
208290;-98415;53978;30713;1
216907;-98393;54516;30714;2
216072;-98410;54464;30713;2
221043;-98429;54775;30712;8
197199;-98426;53284;30712;1
197594;-98391;53309;30714;4
200259;-98310;53476;30719;4
199825;-98394;53449;30714;2
223145;-98400;54906;30714;1
207885;-98316;53952;30719;8
196753;-98420;53257;30712;8
201216;-98428;53536;30712;1
223006;-98405;54897;30713;4
210852;-98357;54138;30716;1
222769;-98380;54883;30715;8
221365;-98313;54795;30719;4
206465;-98355;53864;30716;2
204755;-98424;53757;30712;1
203000;-98338;53647;30717;8
198568;-98380;53370;30715;4
222011;-98413;54835;30713;1
198612;-98424;53373;30712;2
220738;-98318;54756;30719;8
226110;-98394;55091;30714;4
200472;-98429;53489;30712;1
212338;-98362;54231;30716;1
199727;-98417;53442;30712;8
209255;-98419;54038;30712;2
212739;-98370;54256;30715;2
216473;-98383;54489;30715;2
202325;-98321;53605;30718;4
216954;-98421;54519;30712;8
221145;-98383;54781;30715;2
217549;-98400;54556;30714;2
200377;-98386;53483;30714;1
225313;-98312;55042;30719;1
216975;-98315;54520;30719;1
205256;-98370;53788;30715;8
199961;-98312;53457;30719;8
196907;-98410;53266;30713;2
214867;-98310;54389;30719;2
216334;-98309;54480;30719;1
205764;-98384;53820;30715;8
217717;-98430;54567;30712;2
199251;-98425;53413;30712;8
216090;-98411;54465;30713;8
207401;-98396;53922;30714;1
208372;-98310;53983;30719;1
223148;-98336;54906;30718;2
218862;-98361;54638;30716;2
201451;-98403;53550;30713;4
201442;-98339;53550;30717;8
226289;-98420;55103;30712;2
220012;-98335;54710;30718;2
200990;-98326;53521;30718;1
227095;-98406;55153;30713;4
205193;-98337;53784;30717;8
213692;-98338;54315;30717;1
228099;-98367;55216;30716;4
222767;-98328;54882;30718;1
206957;-98428;53894;30712;4
220850;-98366;54763;30716;1
222424;-98391;54861;30714;8
209350;-98424;54044;30712;1
218562;-98373;54620;30715;8
212572;-98368;54245;30716;8
225531;-98340;55055;30717;8
205193;-98326;53784;30718;2
222321;-98403;54855;30713;2
204398;-98374;53734;30715;4
201183;-98341;53533;30717;8
203271;-98370;53664;30715;4
211932;-98393;54205;30714;2
225029;-98431;55024;30712;2
215493;-98357;54428;30716;8
199681;-98358;53440;30716;1
217597;-98406;54559;30713;2
226676;-98372;55127;30715;8
225410;-98351;55048;30717;1
204915;-98369;53767;30715;8
199543;-98398;53431;30714;1
223178;-98381;54908;30715;2
206997;-98420;53897;30712;4
220939;-98353;54768;30716;2
226251;-98374;55100;30715;2
205556;-98393;53807;30714;1
225635;-98320;55062;30719;4
198012;-98420;53335;30712;8
205378;-98411;53796;30713;8
203768;-98382;53695;30715;4
210315;-98419;54104;30712;2
212875;-98390;54264;30714;4
215031;-98323;54399;30718;1
212038;-98332;54212;30718;4
216854;-98386;54513;30714;1
201197;-98347;53534;30717;1
216616;-98313;54498;30719;4
217062;-98403;54526;30713;8
211544;-98430;54181;30712;8
214377;-98357;54358;30716;4
223248;-98417;54913;30712;1
220950;-98316;54769;30719;8
198406;-98415;53360;30713;4
205139;-98375;53781;30715;8
202592;-98332;53622;30718;8
199388;-98326;53421;30718;8
225021;-98353;55023;30716;1
226957;-98320;55144;30719;2
205615;-98363;53810;30716;1
203779;-98409;53696;30713;2
224960;-98398;55020;30714;1
226789;-98412;55134;30713;4
213091;-98368;54278;30716;1
214295;-98330;54353;30718;8
202177;-98408;53596;30713;2
214659;-98380;54376;30715;2
197998;-98362;53334;30716;1
198092;-98328;53340;30718;1
226653;-98412;55125;30713;1
212575;-98374;54245;30715;8
215977;-98391;54458;30714;8
200548;-98354;53494;30716;4
220754;-98397;54757;30714;8
223763;-98432;54945;30712;1
212753;-98322;54257;30718;1
215914;-98396;54454;30714;2
221682;-98405;54815;30713;2
202277;-98355;53602;30716;8
209327;-98422;54042;30712;2
199764;-98334;53445;30718;4
224813;-98372;55010;30715;4
197238;-98398;53287;30714;4
223648;-98330;54938;30718;4
215023;-98320;54398;30719;1
208819;-98309;54011;30719;2
217160;-98411;54532;30713;8
220395;-98340;54734;30717;2
206100;-98338;53841;30717;1
228049;-98349;55213;30717;4
224755;-98315;55007;30719;4
218103;-98325;54591;30718;2
197875;-98432;53327;30712;4
204650;-98401;53750;30713;8
199661;-98351;53438;30717;1
210383;-98337;54108;30717;2
225310;-98319;55041;30719;2
204806;-98389;53760;30714;2
219777;-98368;54696;30716;8
204882;-98359;53765;30716;2
229020;-98343;55273;30717;2
211748;-98341;54194;30717;4
207397;-98359;53922;30716;1
198225;-98407;53349;30713;4
224157;-98318;54969;30719;1
215951;-98411;54456;30713;4
197769;-98395;53320;30714;4
227463;-98382;55176;30715;8
224904;-98407;55016;30713;1
209332;-98317;54043;30719;8
221183;-98424;54783;30712;2
200835;-98422;53512;30712;8
216531;-98407;54493;30713;1
219606;-98430;54685;30712;2
200202;-98393;53472;30714;1
213894;-98379;54328;30715;4
221764;-98424;54820;30712;8
214618;-98337;54373;30717;1
217860;-98379;54576;30715;2
208458;-98375;53988;30715;8
199258;-98355;53413;30716;1
198038;-98383;53337;30715;8
215542;-98416;54431;30713;2
222907;-98327;54891;30718;1
202485;-98398;53615;30714;8
222224;-98312;54849;30719;2
207484;-98348;53927;30717;1
204016;-98313;53711;30719;1
214752;-98323;54382;30718;4
207567;-98335;53932;30718;4
228775;-98392;55258;30714;2
224310;-98338;54979;30717;8
199399;-98334;53422;30718;4
201830;-98415;53574;30713;1
219222;-98413;54661;30713;2
208131;-98346;53968;30717;4
207670;-98316;53939;30719;4
222045;-98327;54837;30718;4
216685;-98330;54502;30718;8
228831;-98409;55261;30713;2
220112;-98348;54717;30717;1
223787;-98342;54946;30717;8
210949;-98331;54144;30718;4
213823;-98372;54323;30715;2
208391;-98423;53984;30712;4
203058;-98337;53651;30717;1
202418;-98342;53611;30717;4
228515;-98314;55242;30719;8
211122;-98339;54155;30717;8
217195;-98309;54534;30719;2
196786;-98408;53259;30713;2
210975;-98342;54145;30717;4
216816;-98327;54511;30718;1
215631;-98378;54436;30715;2
203097;-98419;53653;30712;8
198563;-98391;53370;30714;4
215724;-98404;54442;30713;8
218937;-98348;54643;30717;8
213689;-98343;54315;30717;1
213678;-98329;54314;30718;8
212398;-98358;54234;30716;2
221546;-98387;54806;30714;8
210919;-98430;54142;30712;1
205000;-98319;53772;30719;1
197378;-98328;53296;30718;1
227458;-98333;55176;30718;8
218994;-98340;54647;30717;4
217662;-98404;54563;30713;1
203915;-98306;53704;30719;1
201298;-98398;53541;30714;8
199446;-98335;53425;30718;2
217327;-98402;54542;30713;8
206264;-98339;53851;30717;8
206662;-98392;53876;30714;2
217783;-98377;54571;30715;4
199096;-98401;53403;30713;1
213416;-98384;54298;30715;8
200410;-98419;53485;30712;2
213505;-98320;54304;30719;8
212981;-98373;54271;30715;4
211565;-98329;54182;30718;8
202177;-98418;53596;30712;1
206754;-98331;53882;30718;4
207223;-98426;53911;30712;4
216425;-98397;54486;30714;4
218108;-98368;54591;30716;1
203825;-98373;53699;30715;2
202835;-98361;53637;30716;2
216961;-98422;54520;30712;1
228092;-98417;55215;30712;1
211354;-98328;54169;30718;2
214125;-98338;54342;30717;2
210822;-98361;54136;30716;1
209429;-98422;54049;30712;8
223162;-98395;54907;30714;4
209880;-98336;54077;30718;4
226187;-98337;55096;30717;4
227007;-98336;55147;30718;8
213985;-98327;54334;30718;1
203298;-98313;53666;30719;4
198917;-98414;53392;30713;1
224281;-98384;54977;30715;8
209395;-98352;54047;30717;4
209760;-98388;54070;30714;1
197746;-98318;53319;30719;4
207347;-98430;53919;30712;1
200574;-98413;53495;30713;8
211830;-98345;54199;30717;8
221517;-98376;54804;30715;4
204744;-98408;53756;30713;4
202705;-98415;53629;30713;4
208150;-98389;53969;30714;2
228390;-98428;55234;30712;8
217103;-98311;54528;30719;4
216260;-98410;54476;30713;2
221888;-98333;54828;30718;1
198695;-98356;53378;30716;8
202539;-98343;53618;30717;8
219008;-98341;54648;30717;8
209665;-98321;54064;30718;8
210534;-98343;54118;30717;8
201318;-98377;53542;30715;1
197877;-98381;53327;30715;8
218191;-98408;54596;30713;8
203862;-98339;53701;30717;4
208492;-98353;53990;30716;8
224479;-98376;54989;30715;4
225281;-98420;55040;30712;1
212068;-98422;54214;30712;4
204273;-98372;53727;30715;1
211844;-98317;54200;30719;1
206657;-98413;53876;30713;2
198097;-98317;53341;30719;2
207663;-98310;53938;30719;4
221106;-98322;54779;30718;8
221190;-98327;54784;30718;2
228249;-98378;55225;30715;2
209186;-98400;54034;30714;1
221353;-98346;54794;30717;8
206666;-98432;53876;30712;2
201787;-98318;53571;30719;2
204126;-98339;53717;30717;1
217737;-98400;54568;30714;8
208498;-98308;53991;30719;2
219217;-98313;54661;30719;2
209208;-98370;54035;30715;1
221960;-98342;54832;30717;2
205500;-98397;53803;30714;4
201894;-98393;53578;30714;4
228624;-98389;55249;30714;2
206589;-98402;53871;30713;8
201662;-98311;53563;30719;1
211762;-98369;54195;30715;4
215609;-98317;54435;30719;8
228017;-98329;55211;30718;4
216066;-98407;54464;30713;8
219549;-98374;54681;30715;8
199555;-98337;53432;30717;8
214615;-98362;54373;30716;1
212436;-98380;54237;30715;4
206249;-98417;53850;30712;4
200120;-98418;53467;30712;4
207128;-98309;53905;30719;2
214816;-98387;54386;30714;2
227072;-98427;55152;30712;8
225526;-98340;55055;30717;1
219206;-98359;54660;30716;1
208414;-98309;53985;30719;1
213144;-98403;54281;30713;2
201278;-98401;53539;30713;4
202117;-98377;53592;30715;1
209854;-98351;54075;30717;4
196765;-98373;53257;30715;4
204263;-98354;53726;30716;1
213077;-98308;54277;30719;1
198223;-98385;53348;30714;2
196894;-98333;53265;30718;1
225478;-98382;55052;30715;4
199860;-98337;53451;30717;8
227929;-98347;55205;30717;1
217570;-98325;54558;30718;4
197960;-98349;53332;30717;2
222839;-98418;54887;30712;2
205759;-98432;53819;30712;2
223447;-98358;54925;30716;2
228037;-98376;55212;30715;1
199983;-98336;53458;30718;8
217561;-98323;54557;30718;2
203795;-98381;53697;30715;8
220800;-98396;54760;30714;1
222918;-98394;54892;30714;4
209669;-98393;54064;30714;4
197610;-98351;53310;30717;1
218732;-98363;54630;30716;1
225307;-98357;55041;30716;2
218907;-98329;54641;30718;4
221230;-98324;54786;30718;1
212548;-98429;54244;30712;1
203834;-98402;53699;30713;4
210611;-98337;54123;30717;8
212823;-98330;54261;30718;1
201329;-98313;53543;30719;2
219140;-98410;54656;30713;4
216872;-98383;54514;30715;2
212816;-98421;54261;30712;8
223968;-98335;54958;30718;2
212482;-98318;54240;30719;2
228328;-98417;55230;30712;1
228128;-98345;55218;30717;8
228051;-98370;55213;30715;4
220936;-98354;54768;30716;1
199603;-98386;53435;30714;8
226741;-98421;55131;30712;2
197106;-98419;53279;30712;8
204403;-98371;53735;30715;2
204389;-98399;53734;30714;1
204529;-98328;53743;30718;1
220768;-98341;54758;30717;4
214184;-98406;54346;30713;1
197703;-98431;53316;30712;1
226776;-98352;55133;30717;1
228169;-98314;55220;30719;8
218432;-98418;54612;30712;8
226840;-98417;55137;30712;8
220522;-98421;54742;30712;8
221902;-98355;54828;30716;4
198006;-98316;53335;30719;4
216260;-98374;54476;30715;2
221411;-98336;54798;30718;1
228928;-98336;55268;30718;2
222404;-98329;54860;30718;1
218620;-98427;54623;30712;8
214851;-98418;54388;30712;4
205080;-98372;53777;30715;4
220241;-98411;54725;30713;4
224595;-98388;54997;30714;8
203001;-98378;53647;30715;4
198834;-98325;53387;30718;2
199031;-98399;53399;30714;4
218487;-98325;54615;30718;2
212826;-98397;54261;30714;1
218948;-98364;54644;30716;1
201638;-98311;53562;30719;4
218440;-98406;54612;30713;4
200406;-98369;53485;30715;2
204999;-98346;53772;30717;8
211048;-98332;54150;30718;1
209870;-98306;54076;30719;8
211735;-98362;54193;30716;1
196947;-98395;53269;30714;1
201069;-98425;53526;30712;1
197739;-98352;53318;30717;2
205168;-98347;53783;30717;1
219861;-98315;54701;30719;2
222953;-98371;54894;30715;2
204160;-98412;53720;30713;4
219529;-98412;54680;30713;2
211082;-98381;54152;30715;4
213881;-98367;54327;30716;1
225684;-98366;55065;30716;1
228905;-98333;55266;30718;2
216656;-98366;54501;30716;1
206667;-98375;53876;30715;2
215437;-98352;54424;30717;4
222847;-98369;54887;30715;8
210110;-98322;54091;30718;1
203405;-98310;53672;30719;8
210431;-98385;54111;30714;4
227585;-98409;55184;30713;8
215503;-98366;54428;30716;2
223946;-98308;54956;30719;4
203127;-98340;53655;30717;2
213599;-98429;54309;30712;8
201889;-98422;53578;30712;2
203309;-98345;53666;30717;1
206223;-98422;53848;30712;8
225732;-98419;55068;30712;2
203559;-98361;53682;30716;8
199711;-98318;53441;30719;4
229085;-98328;55277;30718;8
229033;-98404;55274;30713;8
226918;-98410;55142;30713;2
226329;-98366;55105;30716;8
198286;-98376;53352;30715;1
209184;-98389;54034;30714;2
227092;-98385;55153;30714;4
200863;-98397;53513;30714;8
210429;-98341;54111;30717;8
197729;-98331;53318;30718;8
199749;-98417;53444;30712;1
228171;-98319;55220;30719;4
210629;-98366;54124;30716;8
200449;-98419;53488;30712;8
200120;-98428;53467;30712;1
197143;-98342;53281;30717;1
221517;-98323;54804;30718;8
211146;-98331;54156;30718;1
216806;-98360;54510;30716;8
200224;-98374;53474;30715;8
221926;-98395;54830;30714;4
218550;-98421;54619;30712;2
217796;-98369;54572;30715;8
201371;-98414;53545;30713;2
200051;-98322;53463;30718;4
227124;-98311;55155;30719;1
210598;-98419;54122;30712;8
201749;-98310;53569;30719;8
227793;-98326;55197;30718;8
215562;-98317;54432;30719;1
227863;-98425;55201;30712;4
200252;-98315;53475;30719;1
219086;-98379;54652;30715;2
209058;-98363;54026;30716;1
201432;-98400;53549;30714;8
225802;-98358;55072;30716;2
200870;-98311;53514;30719;8
220629;-98308;54749;30719;2
207610;-98358;53935;30716;1
209732;-98355;54068;30716;1
209323;-98373;54042;30715;1
211933;-98340;54205;30717;1
207210;-98315;53910;30719;8
224326;-98419;54980;30712;4
214369;-98351;54358;30717;4
197816;-98419;53323;30712;8
225239;-98432;55037;30712;1
209797;-98400;54072;30714;1
225498;-98367;55053;30716;8
199462;-98389;53426;30714;8
215793;-98363;54447;30716;4
212062;-98412;54213;30713;2
201139;-98393;53531;30714;1
206576;-98359;53871;30716;1
213731;-98358;54318;30716;4
202555;-98412;53619;30713;2
198349;-98427;53356;30712;1
211073;-98397;54152;30714;2
220361;-98427;54732;30712;2
210520;-98407;54117;30713;4
203727;-98313;53692;30719;2
221149;-98368;54781;30716;8
201667;-98322;53564;30718;1
228560;-98311;55245;30719;4
210568;-98430;54120;30712;1
208963;-98349;54020;30717;4
209979;-98325;54083;30718;8
225267;-98356;55039;30716;1
220047;-98326;54712;30718;4
221026;-98389;54774;30714;4
214455;-98314;54363;30719;4
207903;-98345;53953;30717;2
228196;-98392;55222;30714;8
224557;-98387;54994;30714;2
200192;-98423;53472;30712;4
211401;-98413;54172;30713;4
201048;-98364;53525;30716;8
219612;-98416;54685;30713;2
202281;-98353;53602;30716;8
209532;-98370;54055;30715;1
204277;-98366;53727;30716;1
205073;-98365;53777;30716;2
225321;-98405;55042;30713;8
215128;-98341;54405;30717;1
201473;-98379;53552;30715;2
228804;-98393;55260;30714;8
201011;-98375;53523;30715;1
206633;-98358;53874;30716;8
212800;-98371;54260;30715;2
203109;-98373;53654;30715;2
227518;-98327;55179;30718;2
208065;-98377;53964;30715;2
211361;-98378;54170;30715;1
223659;-98353;54938;30716;8
211014;-98315;54148;30719;8
215275;-98374;54414;30715;8
225269;-98420;55039;30712;8
200096;-98330;53466;30718;8
205218;-98373;53786;30715;8
227387;-98391;55171;30714;8
219604;-98339;54685;30717;2
208073;-98383;53964;30715;2
208017;-98370;53961;30715;8
198668;-98352;53376;30717;4
218130;-98325;54593;30718;1
202599;-98316;53622;30719;4
210471;-98387;54114;30714;4
216718;-98321;54504;30718;8
210946;-98356;54144;30716;2
220195;-98339;54722;30717;2
206813;-98306;53885;30719;1
217697;-98362;54566;30716;1
213577;-98424;54308;30712;2
224456;-98379;54988;30715;2
225159;-98310;55032;30719;2
218157;-98343;54594;30717;1
215357;-98412;54419;30713;1
213060;-98362;54276;30716;8
199535;-98400;53430;30714;1
203958;-98322;53707;30718;4
215174;-98352;54408;30717;1
227334;-98319;55168;30719;2
199027;-98384;53399;30715;4
221242;-98428;54787;30712;2
206121;-98392;53842;30714;8
214480;-98355;54365;30716;1
224249;-98330;54975;30718;2
217488;-98364;54553;30716;8
208424;-98422;53986;30712;4
225938;-98415;55081;30713;2
212198;-98340;54222;30717;2
217503;-98432;54553;30712;2
223711;-98306;54941;30719;8
218806;-98373;54635;30715;1
209143;-98357;54031;30716;8
211075;-98369;54152;30715;8
218337;-98405;54606;30713;2
210955;-98370;54144;30715;1
204336;-98394;53731;30714;4
227653;-98310;55188;30719;8
219699;-98391;54691;30714;2
211830;-98378;54199;30715;1
217411;-98346;54548;30717;2
213116;-98420;54279;30712;1
200437;-98369;53487;30715;4
227607;-98377;55185;30715;8
198605;-98429;53372;30712;8
216984;-98382;54521;30715;1
198076;-98310;53339;30719;4
211855;-98411;54200;30713;2
208902;-98413;54016;30713;2
199210;-98399;53410;30714;1
224688;-98425;55003;30712;1
199117;-98321;53404;30718;8
200531;-98371;53493;30715;4
224738;-98325;55006;30718;2
217606;-98395;54560;30714;2
197858;-98337;53326;30717;2
209773;-98322;54070;30718;2
211668;-98315;54189;30719;8
206456;-98432;53863;30712;2
214869;-98380;54389;30715;2
223032;-98406;54899;30713;4
203479;-98326;53677;30718;8
228521;-98316;55242;30719;4
214502;-98410;54366;30713;1
201505;-98349;53554;30717;8
224484;-98333;54990;30718;8
203211;-98309;53660;30719;8
199617;-98357;53436;30716;4
208063;-98336;53963;30718;1
214008;-98430;54335;30712;4
202286;-98408;53602;30713;2
228222;-98306;55223;30719;2
218945;-98359;54644;30716;4
214643;-98411;54375;30713;8
206432;-98351;53862;30717;1
206451;-98403;53863;30713;8
214752;-98314;54382;30719;4
207445;-98343;53925;30717;4
222348;-98422;54856;30712;4
220884;-98307;54765;30719;8
206198;-98407;53847;30713;1
208839;-98325;54012;30718;4
219455;-98385;54675;30714;2
201647;-98335;53562;30718;1
212104;-98393;54216;30714;8
210933;-98415;54143;30713;1
198819;-98337;53386;30717;4
215634;-98376;54437;30715;4
214157;-98339;54344;30717;1
209353;-98431;54044;30712;8
208496;-98399;53991;30714;8
218127;-98407;54592;30713;4
207912;-98312;53954;30719;1
215541;-98395;54431;30714;4
223450;-98362;54925;30716;8
213689;-98336;54315;30718;4
202711;-98355;53629;30716;1
211323;-98429;54167;30712;8
212217;-98390;54223;30714;1
202118;-98329;53592;30718;4
211378;-98398;54171;30714;2
212439;-98331;54237;30718;4
205768;-98360;53820;30716;1
229019;-98384;55273;30715;8
209548;-98349;54056;30717;2
227300;-98348;55166;30717;2
210438;-98416;54112;30713;2
207081;-98431;53902;30712;1
222131;-98338;54843;30717;1
204399;-98371;53734;30715;4
207182;-98355;53908;30716;8
209120;-98363;54030;30716;4
215224;-98344;54411;30717;2
222778;-98308;54883;30719;2
197017;-98339;53273;30717;2
202283;-98387;53602;30714;2
209204;-98401;54035;30713;2
202504;-98414;53616;30713;4
216228;-98348;54474;30717;4
197102;-98405;53278;30713;4
198463;-98386;53363;30714;1
198595;-98316;53372;30719;1
215850;-98334;54450;30718;8
221787;-98344;54821;30717;4
213311;-98306;54291;30719;4
218559;-98385;54619;30714;4
215901;-98394;54453;30714;4
209874;-98315;54077;30719;1
212960;-98403;54270;30713;2
206810;-98374;53885;30715;2
199358;-98397;53419;30714;2
208321;-98372;53980;30715;1
215409;-98359;54423;30716;4
199100;-98403;53403;30713;4
200946;-98333;53519;30718;1
199560;-98424;53432;30712;4
219694;-98330;54690;30718;2
210860;-98424;54138;30712;4
204342;-98319;53731;30719;2
197702;-98314;53316;30719;4
210646;-98335;54125;30718;4
208542;-98348;53993;30717;2
197631;-98383;53311;30715;8
224083;-98411;54965;30713;8
198994;-98388;53397;30714;2
227341;-98357;55168;30716;1
207654;-98382;53938;30715;2
198265;-98336;53351;30718;4
208307;-98349;53979;30717;4
214773;-98383;54383;30715;2
210385;-98369;54109;30715;8
210401;-98307;54110;30719;2
197626;-98335;53311;30718;1
208051;-98413;53963;30713;8
203382;-98382;53671;30715;1
200752;-98382;53507;30715;8
227912;-98429;55204;30712;4
210050;-98320;54088;30719;4
206422;-98399;53861;30714;8
208427;-98365;53986;30716;2
206394;-98405;53859;30713;4
203711;-98328;53691;30718;4
199385;-98353;53421;30716;8
197172;-98342;53283;30717;2
205292;-98375;53790;30715;4
206414;-98406;53860;30713;1
227866;-98380;55201;30715;8
226708;-98372;55129;30715;2
216119;-98384;54467;30715;1
223965;-98405;54957;30713;1
206371;-98369;53858;30715;1
208788;-98428;54009;30712;8
205590;-98326;53809;30718;2
203300;-98369;53666;30715;4
197212;-98391;53285;30714;8
198729;-98333;53380;30718;1
199656;-98400;53438;30714;2
220890;-98392;54765;30714;1
212771;-98337;54258;30717;2
221829;-98418;54824;30712;2
225775;-98366;55070;30716;1
214221;-98312;54348;30719;1
198463;-98432;53363;30712;8
228778;-98329;55258;30718;2
215819;-98363;54448;30716;8
209366;-98406;54045;30713;8
208213;-98392;53973;30714;1
212034;-98396;54212;30714;1
226696;-98352;55128;30717;2
198250;-98332;53350;30718;4
219308;-98343;54666;30717;4
212487;-98331;54240;30718;8
198930;-98374;53393;30715;8
227682;-98413;55190;30713;2
213507;-98350;54304;30717;1
225335;-98327;55043;30718;8
206553;-98363;53869;30716;4
212742;-98429;54256;30712;2
205617;-98407;53811;30713;2
219371;-98309;54670;30719;2
204678;-98393;53752;30714;8
228208;-98406;55223;30713;1
223275;-98375;54914;30715;4
202388;-98350;53609;30717;1
221799;-98348;54822;30717;1
202262;-98416;53601;30713;4
206322;-98369;53855;30715;1
201523;-98340;53555;30717;2
205036;-98361;53774;30716;4
196644;-98412;53250;30713;4
200056;-98352;53463;30717;8
217710;-98317;54566;30719;1
226375;-98390;55108;30714;2
199084;-98330;53402;30718;4
221747;-98308;54819;30719;8
224165;-98367;54970;30716;1
209676;-98377;54064;30715;8
222226;-98324;54849;30718;8
206675;-98360;53877;30716;1
206444;-98308;53862;30719;1
225240;-98308;55037;30719;4
209177;-98389;54033;30714;1
200133;-98421;53468;30712;4
197745;-98358;53319;30716;8
226986;-98324;55146;30718;2
218768;-98318;54633;30719;8
206392;-98424;53859;30712;2
212091;-98393;54215;30714;4
216337;-98398;54481;30714;4
211758;-98358;54194;30716;1
223001;-98400;54897;30714;1
221086;-98353;54777;30716;4
204598;-98347;53747;30717;1
198959;-98381;53394;30715;4
213201;-98393;54285;30714;4
208656;-98326;54001;30718;8
227468;-98309;55176;30719;2
229003;-98419;55272;30712;4
221815;-98327;54823;30718;1
208656;-98332;54001;30718;8
210539;-98356;54118;30716;1
211214;-98392;54160;30714;2
217510;-98311;54554;30719;2
215055;-98307;54400;30719;2
204403;-98358;53735;30716;8
206390;-98386;53859;30714;4
228598;-98352;55247;30717;8
204029;-98374;53711;30715;4
198872;-98421;53389;30712;2
196980;-98378;53271;30715;2
206444;-98333;53862;30718;8
204413;-98306;53735;30719;2
226394;-98336;55109;30718;4
221918;-98408;54829;30713;1
219205;-98392;54660;30714;2
224155;-98425;54969;30712;4
219304;-98385;54666;30714;4
214124;-98398;54342;30714;1
217117;-98313;54529;30719;2
198489;-98405;53365;30713;4
199978;-98356;53458;30716;4
197630;-98335;53311;30718;2
208886;-98405;54015;30713;1
220813;-98415;54760;30713;1
209699;-98383;54066;30715;1
219289;-98311;54665;30719;8
212018;-98319;54211;30719;8
226326;-98324;55105;30718;2
216039;-98359;54462;30716;4
205157;-98408;53782;30713;1
226626;-98375;55124;30715;1
223941;-98390;54956;30714;8
220178;-98356;54721;30716;4
198561;-98405;53370;30713;4
217251;-98388;54538;30714;4
218893;-98410;54640;30713;1
227712;-98411;55192;30713;1
209251;-98393;54038;30714;1
202787;-98395;53634;30714;1
213465;-98428;54301;30712;1
217593;-98321;54559;30718;1
197312;-98353;53292;30716;2
222871;-98338;54889;30717;8
221675;-98347;54814;30717;2
213440;-98356;54300;30716;8
211573;-98310;54183;30719;2
211603;-98321;54185;30718;2
207824;-98322;53949;30718;4
228946;-98399;55269;30714;2
215556;-98316;54432;30719;8
207698;-98326;53941;30718;2
218333;-98336;54605;30718;2
207770;-98410;53945;30713;1
218527;-98427;54617;30712;2
224826;-98376;55011;30715;2
198947;-98423;53394;30712;2
201278;-98381;53539;30715;1
211743;-98331;54193;30718;4
212262;-98428;54226;30712;1
200412;-98316;53485;30719;2
224331;-98374;54980;30715;1
204617;-98315;53748;30719;8
203260;-98420;53663;30712;2
199979;-98418;53458;30712;4
204331;-98330;53730;30718;2
223831;-98387;54949;30714;8
228338;-98391;55231;30714;2
222792;-98428;54884;30712;1
207122;-98361;53905;30716;4
212308;-98308;54229;30719;1
200183;-98394;53471;30714;1
208318;-98422;53979;30712;1
211735;-98367;54193;30716;8
207576;-98360;53933;30716;1
226051;-98429;55088;30712;1
214836;-98390;54387;30714;1
206295;-98329;53853;30718;2
221888;-98334;54828;30718;1
223416;-98417;54923;30712;4
222653;-98336;54875;30718;8
225683;-98398;55065;30714;1
217838;-98359;54574;30716;2
222275;-98381;54852;30715;1
205553;-98324;53807;30718;8
216861;-98338;54513;30717;1
199476;-98355;53427;30716;8
209798;-98382;54072;30715;1
228160;-98393;55220;30714;1
213654;-98310;54313;30719;4
201315;-98376;53542;30715;8
214024;-98376;54336;30715;8
211181;-98334;54158;30718;4
222149;-98344;54844;30717;1
206323;-98425;53855;30712;2
208439;-98311;53987;30719;8
225058;-98352;55026;30717;4
224895;-98322;55015;30718;2
201618;-98311;53561;30719;2
196775;-98412;53258;30713;1
215314;-98325;54417;30718;8
218957;-98386;54644;30714;8
228922;-98418;55267;30712;2
215638;-98374;54437;30715;2
221226;-98324;54786;30718;8
227060;-98423;55151;30712;8
203915;-98383;53704;30715;2
209548;-98361;54056;30716;8
198807;-98398;53385;30714;8
197558;-98376;53307;30715;2
220593;-98324;54747;30718;8
224887;-98335;55015;30718;1
225297;-98380;55041;30715;8
219137;-98427;54656;30712;1
228371;-98422;55233;30712;4
214738;-98387;54381;30714;1
218740;-98330;54631;30718;2
219626;-98325;54686;30718;2
225533;-98320;55055;30719;4
205095;-98396;53778;30714;1
201046;-98393;53525;30714;8
217133;-98417;54530;30712;2
217549;-98404;54556;30713;4
198359;-98417;53357;30712;1
197581;-98402;53308;30713;2
228495;-98333;55240;30718;8
219856;-98361;54701;30716;4
211464;-98369;54176;30715;1
208446;-98342;53987;30717;8
209727;-98382;54067;30715;8
197439;-98403;53299;30713;2
218314;-98310;54604;30719;2
216497;-98365;54491;30716;8
216626;-98340;54499;30717;2
208743;-98424;54006;30712;2
211505;-98310;54179;30719;8
215906;-98344;54454;30717;2
206587;-98325;53871;30718;8
224310;-98359;54979;30716;8
205118;-98394;53779;30714;4
215853;-98327;54450;30718;4
212713;-98410;54254;30713;4
216350;-98364;54481;30716;8
200003;-98370;53460;30715;1
226929;-98340;55143;30717;1
218544;-98368;54619;30716;2
198458;-98414;53363;30713;1
212423;-98388;54236;30714;2
201546;-98391;53556;30714;1
214197;-98360;54347;30716;4
226670;-98346;55126;30717;2
206848;-98408;53888;30713;1
205171;-98379;53783;30715;8
215153;-98326;54407;30718;1
218796;-98344;54634;30717;2
204787;-98353;53759;30716;8
217788;-98356;54571;30716;4
215500;-98405;54428;30713;4
206315;-98396;53854;30714;1
226626;-98422;55124;30712;2
204978;-98369;53771;30715;4
221902;-98421;54828;30712;1
204554;-98421;53744;30712;1
200484;-98412;53490;30713;2
197448;-98427;53300;30712;4
203521;-98397;53680;30714;4
210396;-98419;54109;30712;2
222110;-98372;54841;30715;1
209231;-98362;54036;30716;4
224079;-98311;54964;30719;1
215165;-98411;54407;30713;8
207185;-98331;53909;30718;2
218035;-98343;54587;30717;4
223061;-98399;54901;30714;8
197834;-98379;53324;30715;2
196642;-98411;53250;30713;1
211311;-98418;54166;30712;2
199661;-98364;53438;30716;8
199491;-98389;53428;30714;8
210764;-98412;54132;30713;1
197544;-98359;53306;30716;2
213848;-98373;54325;30715;1
205277;-98359;53789;30716;8
209931;-98335;54080;30718;2
200772;-98365;53508;30716;1
213583;-98391;54308;30714;4
220898;-98422;54766;30712;1
220080;-98385;54715;30714;8
198704;-98375;53379;30715;8
227358;-98314;55169;30719;4
226254;-98319;55100;30719;1
198861;-98317;53388;30719;4
220925;-98355;54767;30716;4
216105;-98389;54466;30714;2
209688;-98380;54065;30715;4
198127;-98424;53342;30712;4
224992;-98356;55022;30716;8
228239;-98399;55224;30714;4
208075;-98368;53964;30716;8
208179;-98312;53971;30719;8
224555;-98396;54994;30714;1
200872;-98338;53514;30717;1
223963;-98393;54957;30714;4
203015;-98318;53648;30719;4
225670;-98346;55064;30717;2
216101;-98364;54466;30716;4
217207;-98383;54535;30715;1
218246;-98391;54600;30714;1
199065;-98366;53401;30716;2
197645;-98310;53312;30719;1
228823;-98348;55261;30717;2
196929;-98336;53268;30718;8
216530;-98388;54493;30714;1
207857;-98410;53951;30713;2
226075;-98368;55089;30716;8
220477;-98354;54739;30716;8
199610;-98376;53435;30715;8
206711;-98410;53879;30713;2
200480;-98344;53490;30717;8
215011;-98401;54398;30713;4
201087;-98314;53527;30719;1
208689;-98397;54003;30714;1
209904;-98416;54079;30713;1
205016;-98323;53773;30718;1
228496;-98333;55241;30718;1
216284;-98361;54477;30716;1
207375;-98388;53920;30714;1
228026;-98321;55211;30718;8
220912;-98387;54767;30714;4
226224;-98312;55099;30719;1
217200;-98410;54535;30713;2
214121;-98387;54342;30714;2
209906;-98425;54079;30712;1
222702;-98415;54878;30713;4
207701;-98322;53941;30718;4
209465;-98368;54051;30716;2
203471;-98409;53676;30713;1
207274;-98420;53914;30712;4
210936;-98371;54143;30715;8
218936;-98402;54643;30713;1
225615;-98422;55060;30712;4
199375;-98354;53420;30716;8
222873;-98389;54889;30714;8
215004;-98362;54397;30716;1
226059;-98327;55088;30718;1
215618;-98402;54436;30713;1
226024;-98341;55086;30717;2
214459;-98356;54363;30716;8
224613;-98344;54998;30717;2
199696;-98327;53441;30718;4
197076;-98327;53277;30718;8
222507;-98376;54866;30715;2
218360;-98311;54607;30719;4
211203;-98384;54160;30715;4
222210;-98350;54848;30717;4
219488;-98407;54678;30713;2
197957;-98362;53332;30716;2
201303;-98427;53541;30712;8
228059;-98357;55213;30716;8
207393;-98419;53922;30712;8
223413;-98391;54923;30714;1
224021;-98403;54961;30713;4
224771;-98383;55008;30715;1
224105;-98322;54966;30718;2
199850;-98376;53450;30715;4
225590;-98365;55059;30716;2
226332;-98409;55105;30713;2
227507;-98307;55179;30719;8
204329;-98355;53730;30716;8
228546;-98336;55244;30718;8
199397;-98308;53422;30719;2
214574;-98308;54370;30719;8
198560;-98311;53370;30719;4
199068;-98343;53401;30717;1
218885;-98329;54640;30718;2
201738;-98334;53568;30718;2
205707;-98411;53816;30713;1
220403;-98392;54735;30714;1
221769;-98372;54820;30715;8
205335;-98389;53793;30714;4
219224;-98350;54661;30717;8
227130;-98368;55155;30716;8
219182;-98370;54658;30715;2
204830;-98311;53761;30719;8
213004;-98369;54272;30715;1
225590;-98360;55059;30716;8
228176;-98310;55221;30719;4
227048;-98339;55150;30717;4
217714;-98337;54567;30717;8
196697;-98350;53253;30717;8
204180;-98352;53721;30717;8
211622;-98335;54186;30718;2
199055;-98411;53400;30713;2
228516;-98341;55242;30717;1
204319;-98415;53729;30713;4
216286;-98307;54477;30719;8
218812;-98361;54635;30716;4
210347;-98355;54106;30716;8
226032;-98323;55087;30718;2
203896;-98411;53703;30713;8
224209;-98362;54973;30716;8
226816;-98427;55136;30712;1
219653;-98369;54688;30715;4
207981;-98415;53958;30713;2
214601;-98381;54372;30715;1
203460;-98355;53676;30716;1
221022;-98306;54773;30719;1
210456;-98399;54113;30714;8
213181;-98403;54283;30713;2
210367;-98336;54107;30718;1
198660;-98415;53376;30713;4
211858;-98361;54201;30716;1
220044;-98392;54712;30714;4
205444;-98355;53800;30716;4
212103;-98347;54216;30717;1
212377;-98427;54233;30712;8
204186;-98339;53721;30717;2
208581;-98364;53996;30716;2
219703;-98400;54691;30714;1
228356;-98390;55232;30714;1
212191;-98321;54221;30718;2
214485;-98348;54365;30717;8
200792;-98399;53509;30714;2
211965;-98431;54207;30712;1
202926;-98362;53642;30716;4
204950;-98336;53769;30718;1
213141;-98351;54281;30717;1
221155;-98381;54782;30715;1
205323;-98353;53792;30716;4
200324;-98408;53480;30713;8
201389;-98317;53546;30719;8
226326;-98429;55105;30712;2
221436;-98343;54799;30717;8
201749;-98344;53569;30717;2
209186;-98315;54034;30719;1
204299;-98409;53728;30713;4
214342;-98307;54356;30719;2
199643;-98350;53437;30717;1
204139;-98331;53718;30718;1
209832;-98376;54074;30715;8
211074;-98343;54152;30717;4
214468;-98349;54364;30717;2
205666;-98422;53814;30712;4
208756;-98398;54007;30714;8
218875;-98326;54639;30718;2
220575;-98308;54745;30719;1
215256;-98375;54413;30715;1
217147;-98347;54531;30717;8
208719;-98313;54004;30719;2
210871;-98348;54139;30717;4
210631;-98387;54124;30714;4
198789;-98329;53384;30718;2
219440;-98417;54675;30712;4
226675;-98403;55127;30713;2
209452;-98385;54050;30714;2
221619;-98354;54811;30716;2
225223;-98325;55036;30718;8
211280;-98377;54165;30715;4
228169;-98378;55220;30715;4
207000;-98386;53897;30714;8
227916;-98410;55204;30713;8
219133;-98386;54655;30714;4
227545;-98389;55181;30714;2
219961;-98306;54707;30719;8
212373;-98421;54233;30712;8
219911;-98388;54704;30714;1
226649;-98335;55125;30718;8
228365;-98315;55232;30719;2
222672;-98341;54877;30717;2
203052;-98322;53650;30718;4
224129;-98322;54968;30718;4
220171;-98413;54720;30713;2
200097;-98414;53466;30713;8
212667;-98397;54251;30714;8
220928;-98423;54768;30712;4
207878;-98368;53952;30716;2
222286;-98408;54852;30713;1
225992;-98357;55084;30716;1
200424;-98320;53486;30719;1
207546;-98315;53931;30719;2
221888;-98420;54828;30712;2
200649;-98406;53500;30713;4
216396;-98363;54484;30716;4
199792;-98339;53447;30717;2
210636;-98424;54124;30712;8
205327;-98365;53792;30716;4
221707;-98308;54816;30719;8
202797;-98427;53634;30712;8
214845;-98357;54387;30716;1
219042;-98325;54650;30718;8
223281;-98387;54915;30714;8
201211;-98358;53535;30716;1
227670;-98378;55189;30715;8
211404;-98388;54172;30714;8
227401;-98317;55172;30719;2
218572;-98342;54620;30717;1
217967;-98381;54582;30715;1
224935;-98376;55018;30715;4
200430;-98331;53486;30718;4
206689;-98431;53878;30712;8
221718;-98311;54817;30719;8
217730;-98340;54568;30717;8
206252;-98364;53850;30716;8
206527;-98386;53867;30714;1
202015;-98335;53585;30718;4
202869;-98417;53639;30712;8
202749;-98383;53631;30715;1
216032;-98393;54462;30714;4
213786;-98427;54321;30712;2
217325;-98341;54542;30717;4
206673;-98321;53877;30718;2
207656;-98413;53938;30713;8
201818;-98426;53573;30712;4
203060;-98355;53651;30716;4
220424;-98404;54736;30713;4
228359;-98352;55232;30717;1
198901;-98416;53391;30713;8
216856;-98316;54513;30719;8
221041;-98374;54775;30715;4
201364;-98373;53545;30715;8
219386;-98337;54671;30717;1
204882;-98432;53765;30712;8
226777;-98386;55133;30714;8
197647;-98396;53312;30714;2
225660;-98398;55063;30714;8
217247;-98363;54537;30716;8
224516;-98421;54992;30712;2
198255;-98377;53350;30715;1
217487;-98403;54552;30713;1
217598;-98420;54559;30712;1
202574;-98405;53620;30713;8
212097;-98406;54216;30713;1
221454;-98309;54800;30719;2
214571;-98322;54370;30718;8
215583;-98428;54433;30712;2
214252;-98389;54350;30714;4
208115;-98322;53967;30718;4
224138;-98397;54968;30714;8
202802;-98369;53635;30715;1
207350;-98355;53919;30716;4
206754;-98373;53882;30715;4
224360;-98383;54982;30715;1
213369;-98355;54295;30716;8
214627;-98398;54374;30714;1
211596;-98416;54184;30713;1
227478;-98369;55177;30715;8
211832;-98316;54199;30719;1
210955;-98311;54144;30719;4
219255;-98317;54663;30719;1
211908;-98378;54204;30715;1
208426;-98366;53986;30716;1
228805;-98355;55260;30716;4
202720;-98339;53630;30717;1
220061;-98417;54713;30712;4
210413;-98385;54110;30714;2
229085;-98324;55277;30718;1
207055;-98347;53900;30717;2
228960;-98401;55270;30713;4
222950;-98332;54894;30718;1
215008;-98367;54398;30716;2
213366;-98408;54295;30713;8
207625;-98311;53936;30719;4
205412;-98367;53798;30716;4
226111;-98356;55091;30716;8
219311;-98378;54666;30715;2
204732;-98344;53755;30717;2
206786;-98309;53884;30719;1
222636;-98349;54874;30717;4
201545;-98385;53556;30714;8
225103;-98404;55028;30713;8
215206;-98389;54410;30714;2
208052;-98338;53963;30717;2
219710;-98306;54691;30719;4
223494;-98319;54928;30719;8
202437;-98428;53612;30712;1
214824;-98390;54386;30714;1
205489;-98426;53803;30712;8
213345;-98356;54294;30716;2
226998;-98411;55147;30713;2
196685;-98397;53252;30714;8
197592;-98358;53309;30716;8
204138;-98423;53718;30712;1
220337;-98313;54731;30719;1
212061;-98324;54213;30718;1
215820;-98318;54448;30719;1
223591;-98379;54934;30715;2
220560;-98358;54745;30716;2
224023;-98350;54961;30717;2
198909;-98342;53391;30717;4
227461;-98331;55176;30718;2
203186;-98431;53659;30712;8
220892;-98358;54765;30716;1
209463;-98384;54051;30715;8
216257;-98410;54476;30713;8
223744;-98404;54944;30713;4
225304;-98339;55041;30717;4
216710;-98422;54504;30712;2
196746;-98369;53256;30715;4
217937;-98412;54581;30713;4
210907;-98354;54141;30716;2
202826;-98353;53636;30716;2
197555;-98313;53307;30719;1
196768;-98318;53258;30719;4
215377;-98371;54421;30715;2
200135;-98361;53468;30716;2
206575;-98389;53870;30714;2
198951;-98322;53394;30718;1
212672;-98361;54252;30716;4
228631;-98320;55249;30719;2
217106;-98407;54529;30713;2
218199;-98344;54597;30717;2
214900;-98411;54391;30713;8
218115;-98315;54592;30719;1
202896;-98429;53641;30712;4
206998;-98357;53897;30716;4
214557;-98353;54369;30716;1
214506;-98322;54366;30718;1
222219;-98432;54848;30712;1
225119;-98318;55029;30719;1
219286;-98387;54665;30714;8
206391;-98415;53859;30713;8
221906;-98362;54829;30716;4
228218;-98320;55223;30719;2
203215;-98353;53660;30716;8
217491;-98366;54553;30716;8
226046;-98311;55087;30719;8
227580;-98367;55183;30716;8
215534;-98360;54430;30716;8
226960;-98426;55145;30712;4
227665;-98357;55189;30716;4
213183;-98306;54283;30719;2
223907;-98329;54954;30718;4
207097;-98323;53903;30718;1
218026;-98384;54586;30715;1
197842;-98388;53325;30714;2
220818;-98350;54761;30717;8
201489;-98309;53553;30719;4
205232;-98379;53787;30715;2
211210;-98345;54160;30717;2
222702;-98428;54878;30712;1
219326;-98369;54667;30715;1
202258;-98309;53601;30719;8
198938;-98322;53393;30718;4
207070;-98418;53901;30712;1
197121;-98416;53280;30713;4
224022;-98383;54961;30715;2
227388;-98377;55171;30715;1
201147;-98337;53531;30717;8
223714;-98322;54942;30718;4
214745;-98319;54381;30719;1
213933;-98328;54330;30718;2
213558;-98423;54307;30712;1
226007;-98353;55085;30716;4
219420;-98401;54673;30713;1
210267;-98418;54101;30712;4
220412;-98333;54735;30718;2
201926;-98377;53580;30715;8
215076;-98421;54402;30712;1
219844;-98307;54700;30719;2
209796;-98357;54072;30716;8
198070;-98409;53339;30713;1
207653;-98320;53938;30719;4
202099;-98423;53591;30712;8
217153;-98307;54532;30719;4
198885;-98348;53390;30717;1
205656;-98402;53813;30713;2
203691;-98432;53690;30712;8
211915;-98422;54204;30712;8
202090;-98321;53590;30718;1
212413;-98422;54235;30712;8
212541;-98415;54243;30713;4
212535;-98376;54243;30715;4
214901;-98335;54391;30718;1
211481;-98393;54177;30714;8
216659;-98407;54501;30713;1
205698;-98430;53816;30712;1
210823;-98312;54136;30719;8
222452;-98429;54863;30712;1
219842;-98377;54700;30715;8
219155;-98386;54657;30714;2
227146;-98333;55156;30718;8
212111;-98312;54216;30719;8
216938;-98396;54518;30714;1
212764;-98366;54257;30716;4
224670;-98415;55001;30713;4
204207;-98340;53722;30717;1
215497;-98387;54428;30714;4
207800;-98343;53947;30717;4
225364;-98375;55045;30715;2
210447;-98405;54112;30713;8
197382;-98405;53296;30713;8
197900;-98315;53328;30719;2
226294;-98346;55103;30717;8
203316;-98431;53667;30712;4
219401;-98370;54672;30715;2
213939;-98382;54331;30715;1
218661;-98342;54626;30717;8
213883;-98384;54327;30715;4
203305;-98360;53666;30716;4
202267;-98363;53601;30716;2
201066;-98351;53526;30717;4
219764;-98358;54695;30716;2
225558;-98374;55057;30715;4
225548;-98379;55056;30715;1
199813;-98364;53448;30716;2
208733;-98358;54005;30716;2
211903;-98419;54203;30712;8
215522;-98323;54430;30718;2
201300;-98385;53541;30714;2
211129;-98340;54155;30717;4
211462;-98332;54176;30718;8
211808;-98356;54198;30716;2
221010;-98383;54773;30715;4
208062;-98380;53963;30715;2
227102;-98312;55153;30719;8
215248;-98419;54413;30712;1
222191;-98431;54846;30712;8
207169;-98310;53908;30719;4
199268;-98363;53414;30716;1
220333;-98401;54730;30713;4
215878;-98418;54452;30712;8
216732;-98366;54505;30716;1
225642;-98315;55062;30719;2
203679;-98351;53689;30717;4
207266;-98346;53914;30717;2
210909;-98318;54141;30719;8
221253;-98411;54788;30713;8
198664;-98327;53376;30718;4
219591;-98415;54684;30713;8
215672;-98317;54439;30719;8
202385;-98402;53609;30713;2
227553;-98353;55182;30716;8
199574;-98387;53433;30714;2
198091;-98354;53340;30716;8
207510;-98344;53929;30717;8
218243;-98378;54600;30715;4
200154;-98415;53469;30713;8
213644;-98333;54312;30718;2
214552;-98328;54369;30718;2
199580;-98393;53433;30714;8
223227;-98391;54911;30714;8
215297;-98354;54416;30716;8
228734;-98383;55255;30715;1
218307;-98395;54604;30714;2
221145;-98317;54781;30719;1
223408;-98361;54923;30716;8
215767;-98309;54445;30719;1
209452;-98430;54050;30712;1
205218;-98361;53786;30716;2
210289;-98370;54103;30715;2
227729;-98421;55193;30712;2
202885;-98332;53640;30718;1
217278;-98328;54539;30718;2
217618;-98383;54561;30715;4
216985;-98432;54521;30712;1
210670;-98411;54126;30713;4
201693;-98306;53565;30719;4
198790;-98362;53384;30716;8
221216;-98364;54786;30716;2
209921;-98385;54080;30714;1
201300;-98410;53541;30713;2
224664;-98409;55001;30713;8
223608;-98395;54935;30714;4
212647;-98425;54250;30712;2
215416;-98414;54423;30713;8
207637;-98403;53937;30713;2
208304;-98397;53979;30714;1
206102;-98334;53841;30718;8
209708;-98356;54066;30716;8
218114;-98378;54592;30715;2
228501;-98369;55241;30715;2
220446;-98358;54737;30716;1
208560;-98317;53995;30719;2
196754;-98393;53257;30714;4
222574;-98359;54870;30716;1
225263;-98419;55038;30712;4
225558;-98409;55057;30713;8
199225;-98365;53411;30716;8
214314;-98388;54354;30714;8
222191;-98404;54846;30713;2
222647;-98422;54875;30712;2
220249;-98348;54725;30717;1
202169;-98376;53595;30715;1
204011;-98391;53710;30714;8
216889;-98411;54515;30713;8
214398;-98325;54359;30718;1
220267;-98325;54726;30718;2
226267;-98309;55101;30719;2
197082;-98350;53277;30717;2
204035;-98371;53712;30715;4
207247;-98414;53912;30713;4
226161;-98383;55095;30715;2
223603;-98409;54935;30713;2
206669;-98335;53876;30718;1
199212;-98409;53410;30713;2
206977;-98331;53896;30718;4
208829;-98373;54011;30715;8
222433;-98337;54862;30717;4
217645;-98381;54562;30715;8
198682;-98370;53377;30715;2
200040;-98337;53462;30717;1
213656;-98420;54313;30712;8
215729;-98426;54443;30712;4
223418;-98379;54923;30715;4
203892;-98349;53703;30717;1
222328;-98361;54855;30716;4
223034;-98318;54899;30719;2
199769;-98419;53445;30712;4
209477;-98328;54052;30718;2
221412;-98322;54798;30718;1
201662;-98376;53563;30715;4
226489;-98346;55115;30717;2
218573;-98381;54620;30715;4
216473;-98403;54489;30713;2
222761;-98329;54882;30718;2
198753;-98350;53382;30717;1
225636;-98330;55062;30718;4
222395;-98378;54859;30715;4
206198;-98375;53847;30715;4
210979;-98340;54146;30717;4
216467;-98388;54489;30714;1
201391;-98394;53546;30714;1
224446;-98335;54987;30718;8
208295;-98421;53978;30712;4
218439;-98406;54612;30713;8
198284;-98372;53352;30715;4
228134;-98427;55218;30712;8
224027;-98413;54961;30713;4
205396;-98307;53797;30719;2
214586;-98327;54371;30718;8
199070;-98343;53401;30717;8
223883;-98360;54952;30716;8
218305;-98311;54604;30719;4
204060;-98346;53713;30717;1
207776;-98385;53946;30714;1
212496;-98398;54241;30714;8
212739;-98319;54256;30719;8
199298;-98399;53416;30714;4
203597;-98370;53684;30715;1
200672;-98417;53502;30712;4
207599;-98327;53934;30718;2
228016;-98324;55211;30718;4
223150;-98377;54906;30715;1
212903;-98344;54266;30717;4
208430;-98401;53986;30713;2
211480;-98426;54177;30712;1
213097;-98311;54278;30719;1
213009;-98425;54273;30712;1
200568;-98342;53495;30717;8
206992;-98407;53897;30713;8
216198;-98367;54472;30716;2
226508;-98419;55116;30712;8
222329;-98356;54855;30716;1
228308;-98308;55229;30719;8
210319;-98344;54104;30717;8
225954;-98377;55082;30715;8
202436;-98399;53612;30714;2
224215;-98419;54973;30712;8
212036;-98334;54212;30718;1
209993;-98409;54084;30713;1
223872;-98372;54952;30715;8
220627;-98360;54749;30716;4
201640;-98394;53562;30714;2
203318;-98381;53667;30715;1
225544;-98359;55056;30716;2
216537;-98368;54493;30716;8
215196;-98409;54409;30713;8
211403;-98327;54172;30718;8
215494;-98321;54428;30718;8
220848;-98390;54763;30714;2
213573;-98344;54308;30717;4
217206;-98383;54535;30715;4
202216;-98367;53598;30716;4
224373;-98384;54983;30715;4
204301;-98414;53728;30713;2
200704;-98369;53504;30715;4
221417;-98379;54798;30715;4
219715;-98397;54692;30714;1
213818;-98391;54323;30714;4
217461;-98348;54551;30717;1
205815;-98429;53823;30712;2
202486;-98417;53615;30712;4
204718;-98368;53754;30716;8
223176;-98316;54908;30719;2
211772;-98353;54195;30716;4
219372;-98415;54670;30713;1
221634;-98351;54812;30717;8
218728;-98333;54630;30718;8
219940;-98373;54706;30715;8
202663;-98343;53626;30717;8
225813;-98337;55073;30717;1
201291;-98386;53540;30714;2
209254;-98365;54038;30716;4
217042;-98318;54525;30719;8
224899;-98398;55016;30714;8
228106;-98351;55216;30717;8
202750;-98354;53631;30716;4
214901;-98327;54391;30718;8
204261;-98385;53726;30714;4
200329;-98334;53480;30718;2
210393;-98380;54109;30715;4
225512;-98375;55054;30715;4
197002;-98419;53272;30712;4
209075;-98379;54027;30715;1
228119;-98431;55217;30712;1
224402;-98348;54985;30717;2
201621;-98401;53561;30713;2
197207;-98385;53285;30714;4
202536;-98342;53618;30717;4
222746;-98367;54881;30716;8
220465;-98326;54739;30718;2
226572;-98379;55120;30715;4
215291;-98395;54415;30714;1
225308;-98364;55041;30716;2
228395;-98346;55234;30717;8
224810;-98429;55010;30712;8
221584;-98408;54809;30713;4
212492;-98389;54240;30714;4
209352;-98331;54044;30718;2
214394;-98362;54359;30716;2
205322;-98375;53792;30715;2
215737;-98429;54443;30712;2
224716;-98335;55004;30718;8
209990;-98329;54084;30718;1
211288;-98386;54165;30714;8
223695;-98372;54940;30715;4
209620;-98408;54061;30713;8
223947;-98424;54956;30712;2
204496;-98398;53741;30714;1
221082;-98415;54777;30713;8
204889;-98366;53765;30716;2
222435;-98326;54862;30718;1
205197;-98331;53784;30718;8
211184;-98378;54159;30715;1
212861;-98370;54263;30715;8
203638;-98390;53687;30714;2
204282;-98413;53727;30713;4
214614;-98361;54373;30716;4
197127;-98382;53280;30715;2
223706;-98381;54941;30715;4
228521;-98431;55242;30712;8
211400;-98424;54172;30712;1
207215;-98359;53910;30716;2
214344;-98317;54356;30719;2
208844;-98354;54012;30716;2
220608;-98356;54748;30716;4
203170;-98426;53658;30712;4
204637;-98344;53749;30717;1
203331;-98320;53668;30719;4
200010;-98376;53460;30715;2
205109;-98340;53779;30717;8
220903;-98432;54766;30712;2
209959;-98371;54082;30715;2
221415;-98358;54798;30716;8
212299;-98332;54228;30718;4
209198;-98374;54034;30715;1
222490;-98373;54865;30715;2
224289;-98424;54978;30712;2
226000;-98357;55085;30716;1
213823;-98410;54323;30713;1
222657;-98350;54876;30717;2
218626;-98308;54624;30719;1
201138;-98406;53531;30713;4
228836;-98409;55262;30713;2
213913;-98410;54329;30713;8
216242;-98425;54475;30712;1
214505;-98318;54366;30719;2
201160;-98329;53532;30718;2
197152;-98412;53282;30713;8
218110;-98412;54591;30713;1
197831;-98374;53324;30715;4
204975;-98398;53770;30714;4
221987;-98338;54834;30717;2
200255;-98366;53475;30716;1
201171;-98321;53533;30718;4
222695;-98324;54878;30718;2
219083;-98370;54652;30715;1
197064;-98353;53276;30716;4
198861;-98338;53388;30717;2
226568;-98427;55120;30712;2
218710;-98307;54629;30719;2
213596;-98333;54309;30718;2
227816;-98381;55198;30715;8
208061;-98363;53963;30716;4
208378;-98311;53983;30719;4
200388;-98372;53484;30715;4
208389;-98349;53984;30717;1
208937;-98338;54018;30717;8
209875;-98395;54077;30714;8
207532;-98383;53930;30715;1
205753;-98417;53819;30712;1
208115;-98417;53967;30712;4
204312;-98413;53729;30713;1
217033;-98381;54524;30715;2
208166;-98420;53970;30712;2
202967;-98384;53645;30715;2
204786;-98354;53759;30716;2
210811;-98364;54135;30716;1
221673;-98378;54814;30715;4
216492;-98399;54490;30714;1
222403;-98371;54860;30715;2
206612;-98388;53873;30714;1
197216;-98406;53286;30713;8
224094;-98399;54965;30714;8
228918;-98339;55267;30717;2
209353;-98397;54044;30714;1
212758;-98402;54257;30713;4
202888;-98329;53640;30718;2
199865;-98409;53451;30713;1
222588;-98320;54871;30719;1
203656;-98410;53688;30713;2
215950;-98348;54456;30717;2
215272;-98390;54414;30714;2
208610;-98344;53998;30717;8
201707;-98307;53566;30719;8
200800;-98392;53510;30714;2
206420;-98360;53861;30716;4
225064;-98418;55026;30712;8
215371;-98331;54420;30718;2
198437;-98351;53362;30717;2
217928;-98356;54580;30716;1
225213;-98320;55035;30719;2
224606;-98365;54997;30716;8
208146;-98384;53969;30715;8
211814;-98376;54198;30715;8
226660;-98340;55126;30717;1
199185;-98310;53409;30719;8
201706;-98425;53566;30712;2
221459;-98366;54801;30716;1
206838;-98352;53887;30717;8
197249;-98356;53288;30716;8
221391;-98432;54796;30712;8
208808;-98415;54010;30713;8
208290;-98364;53978;30716;4
229084;-98351;55277;30717;2
207931;-98387;53955;30714;4
214925;-98369;54392;30715;1
221807;-98406;54822;30713;2
215460;-98338;54426;30717;8
206239;-98377;53849;30715;1
219311;-98323;54666;30718;8
222733;-98416;54880;30713;1
227456;-98337;55176;30717;8
201572;-98333;53558;30718;2
205224;-98406;53786;30713;4
205233;-98404;53787;30713;1
204332;-98350;53730;30717;2
197357;-98422;53294;30712;2
207459;-98347;53926;30717;8
207475;-98316;53927;30719;1
206722;-98320;53880;30719;4
223001;-98408;54897;30713;1
223655;-98414;54938;30713;8
204090;-98362;53715;30716;4
215650;-98398;54438;30714;8
224527;-98415;54992;30713;8
204878;-98401;53764;30713;8
227398;-98393;55172;30714;4
200264;-98389;53476;30714;1
201470;-98313;53551;30719;2
220237;-98346;54724;30717;1
220809;-98364;54760;30716;2
199835;-98350;53449;30717;1
219307;-98432;54666;30712;2
203081;-98328;53652;30718;1
197320;-98410;53292;30713;1
218757;-98375;54632;30715;1
224620;-98381;54998;30715;4
221731;-98400;54818;30714;2
205755;-98422;53819;30712;1
207207;-98374;53910;30715;2
227053;-98387;55150;30714;1
198036;-98367;53337;30716;2
207554;-98336;53932;30718;1
217845;-98429;54575;30712;2
224255;-98414;54975;30713;4
206566;-98359;53870;30716;4
227801;-98378;55197;30715;2
211982;-98358;54208;30716;2
221889;-98330;54828;30718;2
203712;-98364;53692;30716;8
201941;-98385;53581;30714;1
213249;-98420;54288;30712;2
228041;-98404;55212;30713;4
208311;-98376;53979;30715;2
222271;-98314;54851;30719;4
217425;-98324;54549;30718;8
196716;-98340;53254;30717;1
210859;-98391;54138;30714;1
202148;-98396;53594;30714;8
220077;-98333;54714;30718;4
223096;-98313;54903;30719;4
216123;-98380;54467;30715;2
209744;-98319;54069;30719;8
211501;-98432;54178;30712;8
199566;-98361;53432;30716;4
219078;-98349;54652;30717;1
219933;-98430;54705;30712;2
217901;-98404;54578;30713;4
202115;-98384;53592;30715;1
204162;-98390;53720;30714;1
227729;-98350;55193;30717;4
216617;-98310;54498;30719;1
200507;-98364;53491;30716;1
201014;-98327;53523;30718;2
226273;-98333;55102;30718;2
221324;-98336;54792;30718;2
226069;-98386;55089;30714;2
218905;-98325;54641;30718;2
206490;-98385;53865;30714;2
210771;-98380;54133;30715;1
226167;-98387;55095;30714;2
226014;-98308;55085;30719;1
203319;-98339;53667;30717;1
208007;-98387;53960;30714;2
228173;-98368;55220;30716;8
222370;-98338;54858;30717;1
222802;-98408;54885;30713;4
225876;-98348;55077;30717;2
220165;-98336;54720;30718;2
206205;-98329;53847;30718;8
217381;-98426;54546;30712;8
223871;-98402;54951;30713;8
219226;-98320;54661;30719;1
216270;-98325;54476;30718;1
208791;-98372;54009;30715;2
214859;-98389;54388;30714;8
226335;-98333;55105;30718;8
221027;-98346;54774;30717;8
214776;-98341;54383;30717;8
220291;-98307;54728;30719;8
219688;-98397;54690;30714;8
226519;-98401;55117;30713;1
219348;-98322;54669;30718;8
199072;-98371;53402;30715;1
209001;-98416;54022;30713;2
222504;-98399;54866;30714;4
222275;-98401;54852;30713;4
217001;-98324;54522;30718;2
222367;-98319;54857;30719;1
204291;-98388;53728;30714;2
210615;-98391;54123;30714;8
209334;-98428;54043;30712;2
225859;-98399;55076;30714;4
227357;-98358;55169;30716;4
217332;-98407;54543;30713;4
204244;-98399;53725;30714;8
200371;-98408;53483;30713;4
222302;-98320;54853;30719;8
220945;-98367;54769;30716;8
205068;-98374;53776;30715;8
228949;-98319;55269;30719;2
200249;-98308;53475;30719;1
203966;-98394;53707;30714;1
216119;-98380;54467;30715;2
226670;-98404;55126;30713;8
216298;-98362;54478;30716;8
219344;-98350;54669;30717;2
220905;-98360;54766;30716;1
227560;-98306;55182;30719;4
207141;-98383;53906;30715;2
221557;-98352;54807;30717;8
211290;-98381;54165;30715;8
200951;-98343;53519;30717;8
225889;-98427;55078;30712;4
217645;-98312;54562;30719;1
223307;-98339;54916;30717;8
223339;-98306;54918;30719;1
208108;-98336;53966;30718;2
202599;-98363;53622;30716;2
223172;-98358;54908;30716;8
209725;-98367;54067;30716;2
209746;-98335;54069;30718;8
217852;-98343;54575;30717;8
227941;-98320;55206;30719;1
218334;-98397;54605;30714;2
219979;-98325;54708;30718;2
227377;-98342;55171;30717;2
204770;-98399;53758;30714;8
226191;-98381;55096;30715;1
209330;-98324;54043;30718;8
216535;-98363;54493;30716;1
223627;-98383;54936;30715;1
222048;-98346;54838;30717;2
214835;-98363;54387;30716;8
198463;-98384;53363;30715;4
208475;-98427;53989;30712;4
221123;-98324;54780;30718;2
222670;-98428;54876;30712;1
222701;-98406;54878;30713;1
198772;-98401;53383;30713;2
226435;-98405;55112;30713;4
200253;-98362;53475;30716;1
204036;-98354;53712;30716;4
207543;-98323;53931;30718;8
209737;-98352;54068;30717;2
203980;-98324;53708;30718;1
228243;-98306;55225;30719;8
220967;-98336;54770;30718;2
221471;-98364;54801;30716;4
228892;-98385;55265;30714;8
198299;-98314;53353;30719;8
211936;-98396;54206;30714;4
201697;-98377;53566;30715;2
218389;-98333;54609;30718;8
218352;-98421;54607;30712;4
206872;-98342;53889;30717;8
227850;-98366;55200;30716;4
198334;-98390;53355;30714;4
206723;-98315;53880;30719;8
216731;-98403;54505;30713;8
213979;-98344;54333;30717;8
225228;-98404;55036;30713;4
226246;-98429;55100;30712;4
223293;-98329;54915;30718;2
224312;-98420;54979;30712;1
214204;-98423;54347;30712;1
219164;-98319;54657;30719;4
222662;-98370;54876;30715;8
209865;-98351;54076;30717;4
214573;-98412;54370;30713;4
205563;-98416;53807;30713;2
227937;-98342;55206;30717;4
199004;-98342;53397;30717;8
214396;-98351;54359;30717;8
211012;-98420;54148;30712;8
219103;-98318;54653;30719;4
198272;-98408;53352;30713;2
202983;-98363;53646;30716;4
207394;-98385;53922;30714;1
199148;-98309;53406;30719;2
212160;-98353;54220;30716;1
215930;-98412;54455;30713;2
214630;-98398;54374;30714;1
200114;-98408;53467;30713;2
198296;-98354;53353;30716;2
218480;-98411;54615;30713;8
209813;-98415;54073;30713;2
204969;-98320;53770;30719;1
219801;-98317;54697;30719;4
222098;-98342;54841;30717;8
207237;-98350;53912;30717;8
222353;-98375;54857;30715;2
223936;-98371;54956;30715;2
226965;-98424;55145;30712;4
199663;-98319;53438;30719;4
212515;-98357;54242;30716;8
227536;-98356;55181;30716;4
222616;-98395;54873;30714;2
209384;-98336;54046;30718;8
201506;-98359;53554;30716;8
200339;-98403;53481;30713;2
224909;-98324;55016;30718;4
204979;-98424;53771;30712;2
228631;-98354;55249;30716;4
209959;-98325;54082;30718;8
222385;-98315;54859;30719;8
220553;-98340;54744;30717;2
221513;-98386;54804;30714;8
212624;-98389;54249;30714;4
212854;-98370;54263;30715;8
226010;-98388;55085;30714;1
201160;-98325;53532;30718;8
227668;-98361;55189;30716;4
203725;-98327;53692;30718;1
213154;-98335;54282;30718;1
219105;-98401;54654;30713;2
227943;-98374;55206;30715;2
211080;-98360;54152;30716;8
211894;-98361;54203;30716;2
210151;-98409;54094;30713;2
228088;-98408;55215;30713;4
221516;-98380;54804;30715;4
214227;-98329;54349;30718;4
218054;-98426;54588;30712;8
203115;-98342;53654;30717;1
208156;-98342;53969;30717;2
199282;-98325;53415;30718;4
214158;-98352;54344;30717;2
222571;-98419;54870;30712;2
201214;-98334;53535;30718;2
209412;-98375;54048;30715;8
214724;-98388;54380;30714;2
217426;-98363;54549;30716;4
223021;-98315;54898;30719;1
222907;-98429;54891;30712;8
201466;-98360;53551;30716;2
222330;-98347;54855;30717;8
201828;-98432;53574;30712;4
207771;-98362;53945;30716;1
219693;-98315;54690;30719;2
203269;-98377;53664;30715;4
198860;-98381;53388;30715;1
222685;-98328;54877;30718;2
197314;-98338;53292;30717;4
205441;-98361;53800;30716;4
226204;-98405;55097;30713;4
216341;-98405;54481;30713;8
217990;-98420;54584;30712;4
212756;-98354;54257;30716;1
213381;-98312;54296;30719;1
221017;-98391;54773;30714;1
206790;-98427;53884;30712;8
196636;-98323;53249;30718;8
227048;-98308;55150;30719;1
211652;-98332;54188;30718;4
214575;-98396;54370;30714;8
202109;-98374;53591;30715;4
201782;-98315;53571;30719;2
200632;-98379;53499;30715;4
200983;-98429;53521;30712;2
220994;-98342;54772;30717;8
217986;-98336;54584;30718;8
206398;-98334;53859;30718;1
225116;-98361;55029;30716;4
208114;-98307;53967;30719;2
204351;-98397;53731;30714;4
225739;-98431;55068;30712;4
211073;-98324;54152;30718;4
217528;-98344;54555;30717;1
217849;-98420;54575;30712;1
197559;-98395;53307;30714;1
215898;-98309;54453;30719;8
198136;-98399;53343;30714;2
226241;-98430;55100;30712;2
220988;-98358;54771;30716;2
228913;-98351;55267;30717;1
198874;-98375;53389;30715;8
202018;-98400;53586;30714;4
202743;-98370;53631;30715;8
212012;-98353;54210;30716;2
214916;-98379;54392;30715;8
212702;-98411;54253;30713;1
220077;-98321;54714;30718;2
219089;-98327;54653;30718;4
199211;-98315;53410;30719;4
222456;-98341;54863;30717;8
216079;-98428;54464;30712;4
208140;-98319;53968;30719;2
207863;-98310;53951;30719;8
226923;-98326;55142;30718;4
219854;-98343;54700;30717;1
226148;-98359;55094;30716;1
202962;-98371;53645;30715;4
228468;-98312;55239;30719;8
212736;-98354;54256;30716;1
207631;-98349;53936;30717;1
200076;-98349;53464;30717;1
199201;-98335;53410;30718;1
210658;-98347;54126;30717;2
227596;-98372;55184;30715;1
199441;-98306;53425;30719;2
198144;-98371;53344;30715;1
211075;-98411;54152;30713;2
199204;-98418;53410;30712;2
205699;-98332;53816;30718;1
221771;-98353;54820;30716;8
201685;-98425;53565;30712;2
197996;-98358;53334;30716;1
221666;-98352;54814;30717;2
209461;-98432;54051;30712;2
226627;-98347;55124;30717;8
226833;-98340;55137;30717;8
212486;-98395;54240;30714;1
211416;-98369;54173;30715;4
208330;-98319;53980;30719;1
227200;-98338;55160;30717;8
215613;-98337;54435;30717;2
205220;-98358;53786;30716;8
209090;-98421;54028;30712;8
209050;-98307;54025;30719;2
197666;-98337;53314;30717;1
212114;-98390;54217;30714;4
221602;-98357;54810;30716;8
218718;-98321;54629;30718;4
210119;-98375;54092;30715;1
210829;-98320;54136;30719;4
219461;-98306;54676;30719;1
206833;-98411;53887;30713;1
227038;-98392;55149;30714;2
204599;-98351;53747;30717;8
214694;-98432;54378;30712;1
208865;-98429;54014;30712;8
200181;-98429;53471;30712;2
214842;-98408;54387;30713;4
219610;-98410;54685;30713;4
203862;-98430;53701;30712;4
221048;-98343;54775;30717;2
199015;-98395;53398;30714;8
210041;-98410;54087;30713;8
199177;-98372;53408;30715;8
228911;-98378;55266;30715;4
217838;-98333;54574;30718;2
217147;-98398;54531;30714;2
214988;-98383;54396;30715;4
198445;-98306;53362;30719;4
212269;-98409;54226;30713;8
204368;-98374;53733;30715;1
227587;-98411;55184;30713;2
229097;-98412;55278;30713;4
211863;-98379;54201;30715;4
215813;-98432;54448;30712;8
218278;-98372;54602;30715;2
198369;-98308;53358;30719;2
200781;-98430;53508;30712;4
204112;-98407;53717;30713;8
216220;-98418;54473;30712;1
222934;-98327;54893;30718;2
215779;-98408;54446;30713;8
204675;-98416;53752;30713;4
203712;-98385;53692;30714;4
217636;-98405;54562;30713;4
204356;-98408;53732;30713;1
207911;-98324;53954;30718;4
226286;-98405;55102;30713;1
224999;-98314;55022;30719;4
225620;-98323;55061;30718;4
216618;-98411;54498;30713;4
224076;-98348;54964;30717;8
218775;-98354;54633;30716;8
221344;-98337;54794;30717;2
228520;-98341;55242;30717;2
206528;-98413;53868;30713;2
215932;-98337;54455;30717;1
197263;-98352;53288;30717;4
197662;-98369;53313;30715;8
227174;-98356;55158;30716;1
204211;-98340;53723;30717;8
203653;-98374;53688;30715;8
212479;-98416;54239;30713;2
217380;-98346;54546;30717;1
216350;-98420;54481;30712;2
217787;-98334;54571;30718;8
204250;-98421;53725;30712;1
204908;-98422;53766;30712;2
216228;-98429;54474;30712;8
207211;-98320;53910;30719;2
203268;-98377;53664;30715;1
219436;-98345;54674;30717;1
215589;-98306;54434;30719;8
221396;-98353;54797;30716;4
218882;-98429;54640;30712;4
210195;-98390;54097;30714;4
225087;-98311;55027;30719;4
209597;-98375;54059;30715;4
227451;-98311;55175;30719;4
226970;-98425;55145;30712;1
215781;-98335;54446;30718;1
228591;-98314;55246;30719;2
215275;-98378;54414;30715;4
200870;-98384;53514;30715;4
201552;-98313;53557;30719;4
223291;-98410;54915;30713;1
203473;-98354;53677;30716;8
227058;-98350;55151;30717;8
221409;-98390;54798;30714;4
216335;-98392;54480;30714;2
224655;-98377;55000;30715;4
205700;-98410;53816;30713;4
211604;-98402;54185;30713;8
225123;-98334;55030;30718;4
219918;-98311;54704;30719;1
224351;-98407;54981;30713;2
219536;-98355;54681;30716;1
207965;-98413;53957;30713;4
205031;-98414;53774;30713;4
200426;-98348;53486;30717;2
202362;-98333;53607;30718;1
218566;-98346;54620;30717;8
204968;-98356;53770;30716;4
218193;-98400;54597;30714;8
211731;-98357;54193;30716;1
212567;-98385;54245;30714;4
206249;-98371;53850;30715;4
225452;-98322;55050;30718;4
210470;-98388;54114;30714;4
208781;-98352;54008;30717;4
202302;-98398;53603;30714;4
223489;-98306;54928;30719;2
220004;-98346;54710;30717;1
220473;-98352;54739;30717;8
204250;-98407;53725;30713;8
222001;-98338;54835;30717;2
228452;-98413;55238;30713;1
225105;-98359;55029;30716;8
222992;-98351;54897;30717;4
198436;-98320;53362;30719;1
215966;-98371;54457;30715;8
222863;-98397;54888;30714;2
212045;-98386;54212;30714;8
213517;-98379;54304;30715;2
218661;-98315;54626;30719;1
211880;-98366;54202;30716;4
204823;-98355;53761;30716;8
223510;-98416;54929;30713;8
203519;-98374;53679;30715;2
200728;-98378;53505;30715;8
214932;-98318;54393;30719;4
220458;-98314;54738;30719;2
226725;-98394;55130;30714;2
220155;-98425;54719;30712;1
210501;-98384;54116;30715;1
203486;-98331;53677;30718;4
204651;-98334;53750;30718;8
219210;-98387;54660;30714;8
221212;-98393;54785;30714;2
214108;-98331;54341;30718;4
228991;-98398;55271;30714;2
197633;-98358;53312;30716;4
220413;-98387;54735;30714;1
222109;-98344;54841;30717;2
219917;-98312;54704;30719;4
219384;-98387;54671;30714;4
225639;-98429;55062;30712;1
228310;-98338;55229;30717;8
220110;-98389;54716;30714;2
198176;-98400;53346;30714;4
218421;-98421;54611;30712;8
214563;-98393;54370;30714;1
212548;-98331;54244;30718;1
216821;-98424;54511;30712;4
200551;-98328;53494;30718;1
204154;-98411;53719;30713;4
217324;-98327;54542;30718;4
222347;-98361;54856;30716;1
204680;-98311;53752;30719;4
205504;-98392;53804;30714;2
204758;-98424;53757;30712;8
198942;-98361;53393;30716;2
228906;-98398;55266;30714;2
222475;-98387;54864;30714;8
206856;-98425;53888;30712;1
226963;-98367;55145;30716;4
215301;-98372;54416;30715;2
228410;-98360;55235;30716;1
217877;-98366;54577;30716;8
219084;-98343;54652;30717;2
214538;-98379;54368;30715;8
214220;-98340;54348;30717;1
228875;-98334;55264;30718;8
203179;-98345;53658;30717;1
213666;-98409;54314;30713;1
219550;-98342;54681;30717;8
212049;-98325;54213;30718;2
206568;-98354;53870;30716;4
203595;-98350;53684;30717;1
198964;-98383;53395;30715;1
198853;-98426;53388;30712;8
226565;-98314;55120;30719;8
201011;-98333;53523;30718;4
203957;-98330;53707;30718;2
218152;-98374;54594;30715;2
209387;-98371;54046;30715;1
208407;-98340;53985;30717;4
226137;-98356;55093;30716;1
223957;-98376;54957;30715;8
196782;-98426;53258;30712;8
219082;-98371;54652;30715;1
215371;-98421;54420;30712;4
208223;-98423;53973;30712;8
212876;-98344;54264;30717;2
224648;-98362;55000;30716;1
202737;-98414;53631;30713;4
221571;-98420;54808;30712;1
210142;-98330;54093;30718;1
215570;-98393;54433;30714;1
200643;-98427;53500;30712;2
199066;-98415;53401;30713;2
216421;-98315;54486;30719;4
215847;-98394;54450;30714;8
223488;-98324;54928;30718;2
219826;-98376;54699;30715;4
197455;-98392;53300;30714;2
220771;-98383;54758;30715;2
210943;-98429;54143;30712;1
221768;-98375;54820;30715;8
199673;-98343;53439;30717;1
209222;-98382;54036;30715;4
200557;-98339;53494;30717;4
222003;-98412;54835;30713;4
228310;-98344;55229;30717;4
214818;-98329;54386;30718;4
206911;-98415;53891;30713;8
222584;-98380;54871;30715;8
198392;-98377;53359;30715;1
201325;-98344;53542;30717;4
224462;-98358;54988;30716;2
203216;-98410;53661;30713;8
203832;-98427;53699;30712;1
220671;-98371;54751;30715;2
216348;-98356;54481;30716;8
202266;-98432;53601;30712;8
227617;-98408;55186;30713;1
226356;-98416;55107;30713;4
206565;-98333;53870;30718;2
214603;-98357;54372;30716;4
216089;-98417;54465;30712;1
198496;-98374;53366;30715;2
218686;-98371;54627;30715;4
220442;-98412;54737;30713;2
210174;-98337;54095;30717;1
219731;-98325;54693;30718;4
223048;-98412;54900;30713;8
209638;-98399;54062;30714;2
220230;-98349;54724;30717;1
197847;-98410;53325;30713;2
221098;-98402;54778;30713;1
200118;-98432;53467;30712;4
201858;-98361;53576;30716;1
201709;-98308;53566;30719;1
198003;-98404;53335;30713;2
200620;-98391;53498;30714;2
216832;-98367;54512;30716;1
201782;-98351;53571;30717;2
221728;-98321;54818;30718;8
211161;-98422;54157;30712;8
223401;-98367;54922;30716;1
205488;-98424;53803;30712;1
228238;-98332;55224;30718;2
197476;-98367;53302;30716;1
212729;-98410;54255;30713;8
220971;-98366;54770;30716;1
200907;-98320;53516;30719;2
220289;-98340;54728;30717;1
220862;-98408;54763;30713;2
219185;-98359;54659;30716;8
223732;-98313;54943;30719;1
201691;-98416;53565;30713;4
226798;-98344;55134;30717;4
223400;-98431;54922;30712;1
220558;-98412;54744;30713;8
226308;-98345;55104;30717;4
198946;-98375;53394;30715;2
229038;-98406;55274;30713;2
224890;-98423;55015;30712;4
199458;-98320;53426;30719;2
202404;-98403;53610;30713;4
218759;-98356;54632;30716;2
213505;-98397;54304;30714;4
205238;-98407;53787;30713;4
222385;-98360;54859;30716;4
219609;-98430;54685;30712;2
201591;-98341;53559;30717;4
224500;-98327;54991;30718;8
212675;-98369;54252;30715;8
205646;-98316;53812;30719;1
197981;-98350;53333;30717;8
227422;-98329;55173;30718;1
219585;-98394;54684;30714;4
220110;-98425;54716;30712;1
212754;-98311;54257;30719;1
228097;-98328;55216;30718;8
206916;-98357;53892;30716;4
202897;-98397;53641;30714;4
217518;-98348;54554;30717;1
206377;-98432;53858;30712;4
213087;-98319;54277;30719;2
205798;-98327;53822;30718;8
227580;-98306;55183;30719;1
202437;-98314;53612;30719;2
203229;-98404;53661;30713;4
198948;-98306;53394;30719;2
210070;-98386;54089;30714;8
228739;-98350;55256;30717;1
208342;-98400;53981;30714;2
212525;-98344;54242;30717;4
216847;-98411;54512;30713;1
202843;-98424;53637;30712;1
227720;-98411;55192;30713;4
224887;-98357;55015;30716;8
226980;-98317;55146;30719;1
207813;-98356;53948;30716;8
196885;-98396;53265;30714;8
226112;-98366;55092;30716;1
212605;-98416;54247;30713;2
215478;-98307;54427;30719;8
201815;-98374;53573;30715;2
207243;-98407;53912;30713;1
223387;-98315;54921;30719;2
197386;-98356;53296;30716;1
196836;-98414;53262;30713;2
209632;-98382;54062;30715;2
205443;-98396;53800;30714;1
199544;-98309;53431;30719;4
200450;-98353;53488;30716;4
209330;-98420;54043;30712;4
214266;-98333;54351;30718;4
226716;-98374;55129;30715;2
211266;-98413;54164;30713;4
205077;-98418;53777;30712;8
221702;-98339;54816;30717;4
215097;-98419;54403;30712;8
209743;-98418;54068;30712;8
199680;-98349;53440;30717;4
226933;-98316;55143;30719;4
226818;-98321;55136;30718;2
220709;-98394;54754;30714;1
222015;-98379;54835;30715;8
211011;-98348;54148;30717;1
201572;-98398;53558;30714;2
224622;-98315;54998;30719;8
209950;-98327;54081;30718;1
228690;-98424;55253;30712;4
208197;-98367;53972;30716;1
211263;-98417;54163;30712;2
200912;-98357;53517;30716;8
219885;-98364;54702;30716;8
217079;-98361;54527;30716;2
218725;-98403;54630;30713;8
228867;-98388;55264;30714;8
226795;-98400;55134;30714;8
198371;-98334;53358;30718;2
209378;-98431;54046;30712;8
200837;-98337;53512;30717;2
208612;-98325;53998;30718;1
216560;-98377;54495;30715;8
207209;-98335;53910;30718;2
202976;-98416;53646;30713;1
197310;-98421;53291;30712;2
196894;-98331;53265;30718;8
206815;-98429;53885;30712;4
200859;-98336;53513;30718;1
227179;-98363;55158;30716;1
224911;-98424;55016;30712;2
209907;-98373;54079;30715;2
213744;-98337;54319;30717;1
227815;-98432;55198;30712;1
215932;-98416;54455;30713;2
211338;-98314;54168;30719;2
227055;-98317;55150;30719;4
208882;-98417;54015;30712;1
205645;-98323;53812;30718;2
217404;-98354;54547;30716;2
222353;-98371;54857;30715;4
224841;-98377;55012;30715;2
223147;-98370;54906;30715;1
213912;-98410;54329;30713;1
200735;-98382;53505;30715;4
215949;-98321;54456;30718;1
227719;-98313;55192;30719;2
221948;-98403;54831;30713;4
216466;-98306;54489;30719;2
209181;-98350;54033;30717;1
220352;-98355;54732;30716;2
221816;-98409;54823;30713;8
199964;-98373;53457;30715;2
214093;-98397;54340;30714;2
197185;-98402;53284;30713;4
201008;-98429;53523;30712;4
201997;-98358;53584;30716;4
204879;-98320;53764;30719;4
218153;-98365;54594;30716;8
198861;-98325;53388;30718;8
221007;-98362;54772;30716;4
197965;-98348;53332;30717;1
198830;-98401;53386;30713;1
197769;-98368;53320;30716;8
200137;-98369;53468;30715;4
198352;-98391;53357;30714;8
220909;-98401;54766;30713;8
212575;-98406;54245;30713;1
219970;-98326;54708;30718;2
224299;-98370;54978;30715;1
211153;-98431;54157;30712;8
206250;-98356;53850;30716;2
217982;-98338;54583;30717;1
218032;-98349;54587;30717;8
201422;-98359;53548;30716;4
206994;-98394;53897;30714;8
199866;-98355;53451;30716;4
217650;-98380;54563;30715;1
213833;-98357;54324;30716;8
198060;-98332;53338;30718;1
207008;-98325;53898;30718;8
204710;-98400;53754;30714;8
224532;-98382;54993;30715;4
213269;-98311;54289;30719;8
211922;-98424;54205;30712;8
226336;-98370;55106;30715;8
224719;-98332;55004;30718;1
216836;-98338;54512;30717;8
203299;-98410;53666;30713;4
223718;-98373;54942;30715;4
205334;-98308;53793;30719;2
226237;-98325;55099;30718;4
202785;-98368;53634;30716;8
225226;-98424;55036;30712;8
208052;-98399;53963;30714;2
227442;-98372;55175;30715;1
227829;-98357;55199;30716;8
201753;-98405;53569;30713;2
225802;-98319;55072;30719;4
210279;-98322;54102;30718;2
216438;-98376;54487;30715;8
217959;-98421;54582;30712;4
219961;-98431;54707;30712;2
199901;-98424;53453;30712;1
226357;-98401;55107;30713;2
219080;-98365;54652;30716;1
209982;-98359;54083;30716;2
204609;-98387;53748;30714;1
213770;-98423;54320;30712;2
198077;-98375;53339;30715;1
197136;-98325;53281;30718;8
197782;-98357;53321;30716;4
226726;-98416;55130;30713;4
228943;-98320;55268;30719;1
196848;-98339;53263;30717;2
226274;-98423;55102;30712;2
203513;-98332;53679;30718;1
201645;-98354;53562;30716;1
226754;-98311;55132;30719;2
198703;-98403;53378;30713;8
222612;-98366;54873;30716;4
218927;-98309;54642;30719;4
224012;-98316;54960;30719;2
227774;-98357;55195;30716;8
217583;-98402;54558;30713;8
198777;-98327;53383;30718;4
205502;-98336;53803;30718;8
211711;-98331;54191;30718;1
214418;-98399;54361;30714;8
226790;-98402;55134;30713;8
209809;-98343;54073;30717;1
215590;-98377;54434;30715;2
202362;-98324;53607;30718;2
197852;-98400;53325;30714;2
223439;-98315;54924;30719;2
220555;-98348;54744;30717;1
227946;-98417;55206;30712;1
215302;-98423;54416;30712;1
210027;-98397;54086;30714;2
222965;-98383;54895;30715;4
199173;-98340;53408;30717;8
222228;-98423;54849;30712;1
197973;-98327;53333;30718;1
214358;-98381;54357;30715;4
221050;-98428;54775;30712;1
207728;-98330;53943;30718;8
224122;-98309;54967;30719;2
216554;-98380;54494;30715;4
207283;-98348;53915;30717;2
202659;-98423;53626;30712;8
215760;-98418;54445;30712;1
223498;-98409;54928;30713;1
209262;-98362;54038;30716;4
201377;-98312;53546;30719;4
218035;-98363;54587;30716;1
223316;-98362;54917;30716;1
227405;-98308;55172;30719;1
209433;-98414;54049;30713;8
197080;-98342;53277;30717;8
226178;-98339;55096;30717;1
207813;-98352;53948;30717;8
199566;-98421;53432;30712;2
218120;-98431;54592;30712;4
199633;-98360;53437;30716;2
222622;-98335;54873;30718;2
213966;-98375;54332;30715;1
199336;-98365;53418;30716;8
228716;-98328;55254;30718;1
209748;-98391;54069;30714;4
208472;-98419;53989;30712;8
220917;-98403;54767;30713;1
196753;-98375;53257;30715;4
217102;-98430;54528;30712;1
224150;-98430;54969;30712;8
215619;-98344;54436;30717;8
213880;-98371;54327;30715;2
219222;-98392;54661;30714;2
211166;-98384;54157;30715;2
212085;-98312;54215;30719;2
213219;-98403;54286;30713;2
203446;-98322;53675;30718;1
222729;-98354;54880;30716;4
197904;-98310;53329;30719;1
220471;-98347;54739;30717;4
214326;-98325;54355;30718;4
213333;-98386;54293;30714;4
200045;-98390;53462;30714;4
215233;-98374;54412;30715;2
212434;-98415;54237;30713;1
226806;-98342;55135;30717;1
228799;-98337;55259;30717;4
212833;-98397;54262;30714;8
213327;-98342;54292;30717;4
201903;-98363;53578;30716;1
227256;-98402;55163;30713;4
227198;-98335;55159;30718;4
225689;-98312;55065;30719;2
208701;-98422;54003;30712;4
221945;-98314;54831;30719;8
223536;-98369;54931;30715;2
228401;-98400;55235;30714;1
208663;-98430;54001;30712;4
227518;-98415;55179;30713;8
198929;-98420;53393;30712;1
223404;-98332;54922;30718;4
211769;-98428;54195;30712;4
227037;-98357;55149;30716;8
208026;-98373;53961;30715;4
214793;-98345;54384;30717;8
226881;-98414;55140;30713;2
200240;-98329;53475;30718;2
205252;-98392;53788;30714;2
215850;-98387;54450;30714;1
223192;-98325;54909;30718;2
201843;-98401;53575;30713;8
203798;-98368;53697;30716;2
213530;-98429;54305;30712;2
201269;-98306;53539;30719;1
225635;-98403;55062;30713;2
228523;-98332;55242;30718;8
209804;-98391;54072;30714;4
204874;-98331;53764;30718;4
201381;-98427;53546;30712;2
226127;-98356;55092;30716;8
216924;-98317;54517;30719;4
224152;-98431;54969;30712;4
205146;-98420;53781;30712;4
228138;-98387;55218;30714;8
218620;-98400;54623;30714;2
214002;-98394;54335;30714;4
219461;-98356;54676;30716;8
221017;-98356;54773;30716;8
219738;-98421;54693;30712;4
198278;-98325;53352;30718;2
202603;-98381;53622;30715;1
224237;-98336;54974;30718;1
216103;-98389;54466;30714;4
198763;-98405;53382;30713;2
225960;-98332;55082;30718;1
203028;-98320;53649;30719;8
225205;-98323;55035;30718;1
204179;-98421;53721;30712;2
207017;-98308;53898;30719;1
212971;-98410;54270;30713;1
224068;-98309;54964;30719;2
210132;-98362;54093;30716;1
219629;-98323;54686;30718;4
219844;-98349;54700;30717;2
216686;-98432;54502;30712;4
217450;-98375;54550;30715;8
221040;-98384;54775;30715;8
208028;-98343;53961;30717;4
206972;-98337;53895;30717;4
210116;-98312;54092;30719;4
217250;-98415;54538;30713;8
220350;-98311;54731;30719;2
212937;-98371;54268;30715;1
228221;-98368;55223;30716;4
228158;-98364;55219;30716;1
200213;-98309;53473;30719;8
199408;-98352;53423;30717;8
212002;-98318;54210;30719;4
226744;-98313;55131;30719;2
211685;-98358;54190;30716;1
212685;-98394;54252;30714;4
207320;-98381;53917;30715;2
224451;-98406;54988;30713;1
201567;-98333;53557;30718;8
227783;-98313;55196;30719;1
228156;-98353;55219;30716;8
198277;-98380;53352;30715;4
200501;-98342;53491;30717;1
215115;-98366;54404;30716;2
196982;-98361;53271;30716;2
213638;-98317;54312;30719;8
219998;-98405;54709;30713;4
207930;-98406;53955;30713;8
214479;-98336;54364;30718;1
209339;-98391;54043;30714;4
201647;-98327;53562;30718;2
220641;-98353;54750;30716;8
215602;-98373;54435;30715;4
216552;-98413;54494;30713;2
202637;-98398;53624;30714;1
224491;-98349;54990;30717;1
214812;-98417;54385;30712;1
209889;-98362;54078;30716;4
203841;-98350;53700;30717;8
201439;-98363;53549;30716;4
212366;-98370;54232;30715;4
198004;-98397;53335;30714;4
206450;-98343;53863;30717;1
200795;-98358;53509;30716;8
208933;-98326;54018;30718;1
210610;-98377;54123;30715;1
229037;-98321;55274;30718;4
206966;-98357;53895;30716;1
220752;-98365;54757;30716;2
228681;-98354;55252;30716;4
222293;-98427;54853;30712;1
221256;-98430;54788;30712;2
228727;-98353;55255;30716;1
211573;-98419;54183;30712;4
222007;-98387;54835;30714;8
214117;-98415;54342;30713;8
196691;-98327;53253;30718;2
215672;-98398;54439;30714;4
228279;-98387;55227;30714;4
213946;-98385;54331;30714;2
214067;-98379;54339;30715;2
210953;-98350;54144;30717;4
220625;-98340;54749;30717;1
220442;-98343;54737;30717;8
224316;-98321;54979;30718;8
199667;-98429;53439;30712;8
207543;-98338;53931;30717;2
201250;-98353;53538;30716;1
220081;-98356;54715;30716;1
216208;-98308;54473;30719;4
212002;-98388;54210;30714;1
220069;-98361;54714;30716;4
223537;-98429;54931;30712;2
209803;-98324;54072;30718;8
228203;-98399;55222;30714;4
206591;-98405;53871;30713;2
204369;-98352;53733;30717;1
220617;-98395;54748;30714;1
212092;-98354;54215;30716;8
208842;-98368;54012;30716;2
219137;-98347;54656;30717;2
205274;-98404;53789;30713;2
218596;-98347;54622;30717;1
215040;-98398;54400;30714;1
218915;-98412;54642;30713;8
215889;-98413;54453;30713;1
226507;-98309;55116;30719;1
224630;-98353;54999;30716;8
225154;-98354;55032;30716;4
214681;-98397;54377;30714;2
211477;-98400;54177;30714;1
206164;-98326;53845;30718;8
223670;-98420;54939;30712;1
209040;-98395;54025;30714;4
202497;-98381;53616;30715;1
197157;-98407;53282;30713;8
216232;-98334;54474;30718;8
224847;-98381;55012;30715;8
202369;-98360;53608;30716;2
199089;-98378;53403;30715;1
212258;-98418;54226;30712;8
212909;-98328;54266;30718;8
218867;-98373;54639;30715;8
227894;-98399;55203;30714;4
224855;-98348;55013;30717;4
210559;-98378;54119;30715;1
209937;-98350;54081;30717;4
223317;-98327;54917;30718;8
229087;-98416;55277;30713;2
203205;-98335;53660;30718;4
220934;-98351;54768;30717;1
219203;-98395;54660;30714;4
209770;-98309;54070;30719;8
199634;-98355;53437;30716;4
200623;-98317;53498;30719;2
222498;-98371;54866;30715;8
221612;-98414;54810;30713;4
208720;-98417;54005;30712;2
210212;-98406;54098;30713;1
197624;-98331;53311;30718;4
224301;-98402;54978;30713;2
210339;-98383;54106;30715;2
196953;-98327;53269;30718;4
226022;-98312;55086;30719;2
220483;-98416;54740;30713;4
216876;-98386;54514;30714;2
207582;-98310;53933;30719;8
205620;-98315;53811;30719;1
204129;-98344;53718;30717;8
208878;-98374;54014;30715;8
220508;-98368;54741;30716;8
208025;-98342;53961;30717;8
197154;-98409;53282;30713;1
203731;-98380;53693;30715;8
216130;-98341;54468;30717;8
199509;-98399;53429;30714;2
225039;-98423;55024;30712;4
204404;-98346;53735;30717;2
210966;-98367;54145;30716;1
218832;-98314;54637;30719;8
217276;-98314;54539;30719;1
219005;-98362;54647;30716;8
198189;-98429;53346;30712;1
220677;-98395;54752;30714;2
198603;-98400;53372;30714;1
214452;-98329;54363;30718;4
197536;-98415;53306;30713;1
217157;-98362;54532;30716;4
203322;-98392;53667;30714;4
210525;-98342;54117;30717;4
203126;-98355;53655;30716;8
213929;-98412;54330;30713;4
198682;-98390;53377;30714;1
206876;-98359;53889;30716;2
197724;-98369;53317;30715;4
210505;-98351;54116;30717;8
208322;-98343;53980;30717;2
203007;-98325;53647;30718;8
222893;-98421;54890;30712;8
228051;-98407;55213;30713;8
224463;-98327;54988;30718;8
205734;-98319;53818;30719;4
198905;-98350;53391;30717;2
197776;-98360;53321;30716;8
213208;-98312;54285;30719;2
196629;-98417;53249;30712;2
217120;-98365;54530;30716;8
219939;-98403;54706;30713;4
200964;-98356;53520;30716;1
226025;-98406;55086;30713;4
223157;-98373;54907;30715;2
225705;-98331;55066;30718;8
206908;-98398;53891;30714;8
228148;-98394;55219;30714;2
206487;-98349;53865;30717;8
214877;-98399;54389;30714;8
222299;-98429;54853;30712;4
214813;-98375;54385;30715;2
211559;-98332;54182;30718;8
209908;-98346;54079;30717;2
204228;-98333;53724;30718;2
215267;-98337;54414;30717;1
215566;-98430;54432;30712;4
199421;-98377;53423;30715;2
209136;-98423;54031;30712;4
210180;-98359;54096;30716;4
198053;-98352;53338;30717;4
227359;-98320;55169;30719;2
207305;-98342;53916;30717;8
202263;-98422;53601;30712;1
226290;-98431;55103;30712;8
199763;-98314;53445;30719;4
197183;-98430;53283;30712;1
218380;-98386;54608;30714;2
224020;-98341;54961;30717;4
214685;-98401;54377;30713;2
206755;-98313;53882;30719;8
206620;-98377;53873;30715;4
225317;-98390;55042;30714;8
209147;-98427;54031;30712;1
221868;-98334;54826;30718;8
218359;-98344;54607;30717;2
217687;-98358;54565;30716;2
208017;-98351;53961;30717;1
215894;-98326;54453;30718;4
199789;-98386;53446;30714;8
206962;-98365;53895;30716;8
218693;-98422;54628;30712;1
213027;-98343;54274;30717;1
196774;-98355;53258;30716;2
215426;-98402;54424;30713;8
205523;-98326;53805;30718;2
216252;-98385;54475;30714;8
215706;-98331;54441;30718;2
222830;-98307;54886;30719;8
217342;-98405;54543;30713;8
204733;-98386;53755;30714;2
226070;-98322;55089;30718;8
215046;-98429;54400;30712;8
201377;-98351;53546;30717;2
213500;-98426;54303;30712;1
206456;-98356;53863;30716;2
217250;-98400;54538;30714;2
198979;-98418;53396;30712;1
203709;-98414;53691;30713;8
212866;-98414;54264;30713;1
220465;-98331;54739;30718;2
197200;-98311;53285;30719;8
225921;-98365;55080;30716;2
207213;-98346;53910;30717;4
221524;-98427;54805;30712;8
208821;-98345;54011;30717;2
206170;-98375;53845;30715;4
197637;-98318;53312;30719;2
209415;-98306;54048;30719;4
227467;-98326;55176;30718;8
228024;-98403;55211;30713;4
199396;-98365;53422;30716;1
207192;-98318;53909;30719;2
221931;-98399;54830;30714;4
206326;-98395;53855;30714;2
210744;-98355;54131;30716;8
208738;-98364;54006;30716;4
203017;-98408;53648;30713;4
210556;-98378;54119;30715;2
205515;-98338;53804;30717;1
202118;-98333;53592;30718;1
213973;-98369;54333;30715;1
214134;-98425;54343;30712;1
207250;-98360;53913;30716;2
225428;-98387;55049;30714;8
200333;-98325;53480;30718;4
203088;-98376;53653;30715;4
226380;-98382;55108;30715;4
202772;-98404;53633;30713;2
222735;-98349;54880;30717;2
209358;-98409;54044;30713;2
201575;-98386;53558;30714;2
201393;-98388;53547;30714;8
214846;-98319;54387;30719;8
211001;-98411;54147;30713;2
220457;-98385;54738;30714;2
227179;-98344;55158;30717;1
217722;-98355;54567;30716;4
206542;-98389;53868;30714;2
211678;-98323;54189;30718;4
219693;-98424;54690;30712;2
220605;-98416;54747;30713;4
202010;-98354;53585;30716;1
207681;-98341;53940;30717;1
225838;-98372;55074;30715;1
216319;-98377;54479;30715;8
220432;-98350;54737;30717;8
204133;-98384;53718;30715;2
222592;-98383;54872;30715;1
198851;-98330;53388;30718;1
212579;-98311;54246;30719;2
214140;-98311;54343;30719;8
220049;-98386;54713;30714;2
208163;-98418;53970;30712;2
196704;-98417;53254;30712;4
200216;-98370;53473;30715;1
199200;-98381;53410;30715;2
212721;-98322;54255;30718;8
200718;-98323;53504;30718;8
227778;-98389;55196;30714;8
216942;-98335;54518;30718;4
205178;-98308;53783;30719;8
210053;-98423;54088;30712;1
212601;-98311;54247;30719;4
202826;-98367;53636;30716;4
213353;-98420;54294;30712;2
199656;-98394;53438;30714;1
218370;-98419;54608;30712;8
223431;-98371;54924;30715;4
212464;-98352;54239;30717;8
207596;-98379;53934;30715;4
219121;-98357;54655;30716;4
220686;-98364;54752;30716;2
226315;-98360;55104;30716;1
206947;-98420;53894;30712;1
214496;-98404;54366;30713;1
199109;-98306;53404;30719;4
222425;-98403;54861;30713;8
207818;-98365;53948;30716;2
226757;-98425;55132;30712;2
218171;-98369;54595;30715;4
211599;-98361;54184;30716;1
208067;-98313;53964;30719;1
223909;-98314;54954;30719;1
223097;-98337;54903;30717;8
206667;-98306;53876;30719;4
205761;-98370;53820;30715;4
204036;-98324;53712;30718;8
208686;-98391;54002;30714;2
224229;-98422;54974;30712;2
216207;-98382;54472;30715;2
220773;-98420;54758;30712;1
221657;-98421;54813;30712;1
224172;-98408;54970;30713;4
209672;-98327;54064;30718;1
208651;-98324;54000;30718;8
215550;-98328;54431;30718;2
214840;-98399;54387;30714;2
201930;-98311;53580;30719;4
228564;-98386;55245;30714;2
196735;-98313;53255;30719;8
222211;-98310;54848;30719;1
226377;-98374;55108;30715;4
201146;-98359;53531;30716;1
228376;-98333;55233;30718;8
197901;-98428;53328;30712;8
209001;-98353;54022;30716;2
203800;-98390;53697;30714;8
198376;-98318;53358;30719;1
209954;-98352;54082;30717;4
219234;-98315;54662;30719;4
207934;-98393;53955;30714;1
218262;-98337;54601;30717;1
226841;-98416;55137;30713;8
211752;-98314;54194;30719;4
223412;-98407;54923;30713;4
204022;-98375;53711;30715;8
207065;-98319;53901;30719;8
223685;-98407;54940;30713;4
223026;-98416;54899;30713;1
210803;-98424;54135;30712;2
213471;-98372;54301;30715;2
213001;-98309;54272;30719;2
207701;-98312;53941;30719;8
197652;-98350;53313;30717;4
197360;-98418;53295;30712;2
204884;-98328;53765;30718;2
216476;-98427;54489;30712;2
227407;-98357;55172;30716;8
217548;-98429;54556;30712;8
213477;-98360;54302;30716;4
214867;-98355;54389;30716;8
206240;-98324;53850;30718;1
228046;-98314;55212;30719;2
222097;-98425;54841;30712;4
198345;-98323;53356;30718;2
207127;-98432;53905;30712;4
227181;-98367;55158;30716;4
209894;-98347;54078;30717;1
196680;-98369;53252;30715;2
224618;-98336;54998;30718;1
208359;-98370;53982;30715;4
228538;-98387;55243;30714;4
215244;-98328;54412;30718;2
220154;-98400;54719;30714;8
200532;-98308;53493;30719;1
213048;-98358;54275;30716;2
208214;-98340;53973;30717;4
212895;-98367;54265;30716;2
209499;-98319;54053;30719;1
227190;-98367;55159;30716;2
206676;-98322;53877;30718;1
197758;-98357;53319;30716;8
222044;-98349;54837;30717;2
223741;-98408;54943;30713;8
223020;-98403;54898;30713;4
215800;-98427;54447;30712;2
205553;-98388;53807;30714;2
210957;-98399;54144;30714;4
207624;-98357;53936;30716;8
208059;-98326;53963;30718;8
214708;-98311;54379;30719;2
223233;-98392;54912;30714;4
207688;-98327;53940;30718;4
217003;-98376;54522;30715;4
212180;-98417;54221;30712;4
215213;-98379;54410;30715;8
203962;-98411;53707;30713;1
223061;-98337;54901;30717;8
196699;-98404;53253;30713;8
218502;-98348;54616;30717;2
212742;-98390;54256;30714;4
221270;-98409;54789;30713;4
216690;-98426;54503;30712;8
207137;-98368;53906;30716;8
225596;-98369;55059;30715;4
207845;-98369;53950;30715;8
203338;-98363;53668;30716;2
200116;-98414;53467;30713;8
212534;-98327;54243;30718;1
206355;-98370;53857;30715;4
216823;-98399;54511;30714;2
206382;-98310;53858;30719;8
220425;-98340;54736;30717;4
204556;-98310;53744;30719;4
213457;-98404;54301;30713;8
224264;-98402;54976;30713;8
209916;-98324;54079;30718;8
197129;-98411;53280;30713;4
215761;-98381;54445;30715;1
205495;-98336;53803;30718;1
221583;-98355;54808;30716;2
216864;-98321;54514;30718;2
223875;-98348;54952;30717;1
223026;-98356;54899;30716;8
208850;-98428;54013;30712;8
228988;-98332;55271;30718;4
227862;-98314;55201;30719;8
197078;-98317;53277;30719;8
205622;-98400;53811;30714;4
220454;-98377;54738;30715;1
222152;-98391;54844;30714;4
215012;-98306;54398;30719;8
202665;-98405;53626;30713;1
210048;-98349;54088;30717;1
228706;-98406;55254;30713;8
220682;-98389;54752;30714;4
198511;-98321;53366;30718;8
198386;-98346;53359;30717;4
211431;-98404;54174;30713;4
209508;-98432;54054;30712;4
224800;-98398;55010;30714;4
200876;-98425;53514;30712;8
209482;-98426;54052;30712;1
217822;-98318;54573;30719;2
209511;-98418;54054;30712;8
227478;-98418;55177;30712;2
210081;-98432;54090;30712;4
207609;-98349;53935;30717;8
197010;-98351;53273;30717;8
203587;-98368;53684;30716;8
219522;-98400;54680;30714;4
202043;-98322;53587;30718;4
198811;-98389;53385;30714;8
217381;-98306;54546;30719;2
199650;-98405;53438;30713;8
223105;-98388;54904;30714;8
213341;-98402;54293;30713;8
225225;-98405;55036;30713;8
208180;-98410;53971;30713;4
225658;-98344;55063;30717;1
202754;-98359;53632;30716;8
205044;-98389;53775;30714;2
200619;-98331;53498;30718;1
219452;-98372;54675;30715;2
206580;-98384;53871;30715;2
208492;-98333;53990;30718;4
197165;-98406;53282;30713;1
211242;-98388;54162;30714;8
206851;-98333;53888;30718;8
211467;-98352;54176;30717;8
217580;-98389;54558;30714;4
204400;-98398;53735;30714;1
217655;-98332;54563;30718;1
197479;-98396;53302;30714;4
217745;-98402;54569;30713;1
198836;-98308;53387;30719;1
200747;-98347;53506;30717;4
200960;-98353;53520;30716;2
209251;-98399;54038;30714;1
196730;-98343;53255;30717;4
214643;-98396;54375;30714;8
228967;-98353;55270;30716;4
199928;-98402;53455;30713;1
226086;-98320;55090;30719;8
214696;-98312;54378;30719;2
209144;-98422;54031;30712;8
205090;-98311;53778;30719;1
227736;-98376;55193;30715;2
212635;-98327;54249;30718;2
228019;-98353;55211;30716;8
226847;-98379;55137;30715;2
202981;-98323;53646;30718;8
214081;-98373;54340;30715;8
213702;-98338;54316;30717;4
221570;-98416;54808;30713;4
200119;-98334;53467;30718;8
198720;-98346;53380;30717;8
201054;-98394;53525;30714;8
204109;-98426;53716;30712;4
211448;-98361;54175;30716;4
225658;-98365;55063;30716;2
207538;-98393;53931;30714;2
217562;-98430;54557;30712;4
208690;-98410;54003;30713;1
218589;-98354;54621;30716;8
226657;-98337;55126;30717;4
223479;-98415;54927;30713;4
210990;-98357;54146;30716;2
210434;-98411;54112;30713;2
226854;-98314;55138;30719;8
198562;-98333;53370;30718;2
219171;-98319;54658;30719;2
218425;-98322;54611;30718;2
207439;-98346;53924;30717;4
225956;-98431;55082;30712;2
199555;-98387;53432;30714;2
212996;-98373;54272;30715;4
198914;-98401;53392;30713;2
198933;-98376;53393;30715;8
215394;-98428;54422;30712;8
207664;-98367;53939;30716;2
224985;-98370;55021;30715;1
217410;-98384;54548;30715;1
213158;-98423;54282;30712;2
208113;-98325;53967;30718;8
203871;-98408;53701;30713;4
212428;-98321;54236;30718;4
213319;-98411;54292;30713;8
225612;-98333;55060;30718;1
228899;-98422;55266;30712;1
212400;-98390;54235;30714;1
221477;-98386;54802;30714;8
211310;-98384;54166;30715;8
226565;-98322;55120;30718;4
221705;-98395;54816;30714;8
205280;-98415;53790;30713;1
226079;-98321;55089;30718;4
220750;-98394;54756;30714;1
199212;-98348;53410;30717;8
214214;-98385;54348;30714;2
211852;-98390;54200;30714;8
204529;-98316;53743;30719;2
217735;-98360;54568;30716;8
202771;-98317;53633;30719;4
221126;-98367;54780;30716;4
220023;-98359;54711;30716;2
218698;-98423;54628;30712;4
212144;-98317;54219;30719;1
224290;-98364;54978;30716;2
216079;-98354;54464;30716;4
199624;-98358;53436;30716;4
220013;-98367;54710;30716;4
226795;-98390;55134;30714;1
209166;-98315;54032;30719;2
205003;-98325;53772;30718;4
223088;-98340;54903;30717;2
220756;-98351;54757;30717;4
219667;-98424;54689;30712;2
216035;-98328;54462;30718;2
205811;-98417;53823;30712;4
216617;-98367;54498;30716;1
222686;-98377;54877;30715;2
203358;-98386;53669;30714;4
206683;-98319;53877;30719;2
196939;-98396;53268;30714;1
197049;-98358;53275;30716;2
212219;-98392;54223;30714;8
226972;-98404;55145;30713;1
206576;-98311;53871;30719;2
214070;-98408;54339;30713;4
226179;-98319;55096;30719;2
218322;-98425;54605;30712;1
197680;-98409;53315;30713;2
227782;-98420;55196;30712;8
226997;-98307;55147;30719;4
217907;-98372;54579;30715;4
222272;-98329;54852;30718;2
215920;-98370;54455;30715;8
198567;-98312;53370;30719;2
221256;-98365;54788;30716;8
225888;-98338;55078;30717;1
204318;-98416;53729;30713;4
210417;-98308;54111;30719;4
214379;-98380;54358;30715;4
220745;-98417;54756;30712;8
211581;-98352;54183;30717;2
204393;-98336;53734;30718;8
198295;-98425;53353;30712;1
197935;-98310;53330;30719;4
217454;-98350;54550;30717;4
226616;-98374;55123;30715;8
209852;-98389;54075;30714;8
198931;-98384;53393;30715;1
225164;-98358;55032;30716;8
199522;-98399;53430;30714;1
202069;-98372;53589;30715;1
200139;-98414;53468;30713;2
203107;-98391;53654;30714;4
198966;-98421;53395;30712;8
198054;-98379;53338;30715;4
198797;-98313;53384;30719;4
226822;-98391;55136;30714;1
217725;-98409;54567;30713;8
217020;-98428;54523;30712;4
199077;-98324;53402;30718;4
217337;-98331;54543;30718;2
214465;-98371;54364;30715;8
211169;-98333;54158;30718;2
219191;-98349;54659;30717;8
199204;-98426;53410;30712;4
204644;-98409;53750;30713;8
200858;-98361;53513;30716;2
208416;-98330;53986;30718;4
204464;-98426;53739;30712;8
223259;-98355;54913;30716;4
221298;-98307;54791;30719;2
213244;-98426;54287;30712;1
220318;-98314;54729;30719;4
216916;-98406;54517;30713;1
210791;-98393;54134;30714;8
198436;-98330;53362;30718;1
216490;-98422;54490;30712;4
209424;-98360;54049;30716;4
197303;-98343;53291;30717;2
209654;-98370;54063;30715;4
222745;-98431;54881;30712;8
221387;-98392;54796;30714;2
228797;-98398;55259;30714;8
222194;-98341;54847;30717;1
219734;-98357;54693;30716;4
224983;-98351;55021;30717;2
217013;-98359;54523;30716;4
228758;-98396;55257;30714;8
211342;-98415;54168;30713;4
213196;-98354;54284;30716;8
210771;-98337;54133;30717;1
203907;-98365;53704;30716;2
211303;-98423;54166;30712;2
212953;-98363;54269;30716;1
204159;-98388;53719;30714;4
199088;-98413;53403;30713;1
210652;-98394;54125;30714;4
205372;-98406;53795;30713;4
202164;-98378;53595;30715;8
199403;-98333;53422;30718;2
205084;-98361;53777;30716;8
204416;-98378;53736;30715;2
228832;-98332;55262;30718;4
214166;-98420;54345;30712;2
196613;-98395;53248;30714;2
201241;-98430;53537;30712;2
221063;-98332;54776;30718;1
211880;-98376;54202;30715;1
218835;-98383;54637;30715;8
208582;-98422;53996;30712;1
198129;-98390;53343;30714;8
225852;-98359;55075;30716;1
208368;-98350;53983;30717;1
208041;-98336;53962;30718;2
211385;-98373;54171;30715;8
226788;-98429;55134;30712;2
203402;-98325;53672;30718;8
208427;-98354;53986;30716;8
205560;-98347;53807;30717;4
206520;-98320;53867;30719;2
210859;-98321;54138;30718;8
222951;-98319;54894;30719;1
213313;-98403;54292;30713;4
207754;-98415;53944;30713;8
210737;-98367;54131;30716;4
199427;-98408;53424;30713;8
217310;-98404;54541;30713;4
221574;-98355;54808;30716;4
224903;-98399;55016;30714;8
204593;-98344;53747;30717;4
201756;-98347;53569;30717;4
227572;-98416;55183;30713;4
206430;-98392;53861;30714;8
218495;-98411;54615;30713;8
207913;-98376;53954;30715;2
225979;-98362;55083;30716;4
215058;-98340;54401;30717;1
217013;-98311;54523;30719;1
207505;-98422;53929;30712;1
197322;-98351;53292;30717;1
205175;-98363;53783;30716;1
212592;-98425;54247;30712;2
211282;-98395;54165;30714;2
208731;-98401;54005;30713;4
216308;-98399;54479;30714;2
206887;-98334;53890;30718;1
201957;-98427;53582;30712;4
202355;-98306;53607;30719;4
224992;-98355;55022;30716;8
216517;-98420;54492;30712;2
197468;-98378;53301;30715;1
205100;-98421;53778;30712;2
205816;-98364;53823;30716;1
200663;-98378;53501;30715;1
200392;-98423;53484;30712;8
223554;-98374;54932;30715;1
212090;-98316;54215;30719;2
225042;-98428;55025;30712;2
212324;-98377;54230;30715;2
210142;-98307;54093;30719;2
199248;-98401;53413;30713;8
224851;-98385;55013;30714;2
204543;-98321;53743;30718;4
213063;-98312;54276;30719;2
228107;-98390;55216;30714;2
210557;-98417;54119;30712;2
205121;-98367;53780;30716;2
203441;-98355;53675;30716;8
212393;-98392;54234;30714;8
222184;-98424;54846;30712;2
208500;-98420;53991;30712;1
228762;-98418;55257;30712;1
196723;-98375;53255;30715;4
222658;-98403;54876;30713;8
225642;-98372;55062;30715;1
208163;-98320;53970;30719;1
206105;-98363;53841;30716;1
209327;-98337;54042;30717;1
210438;-98392;54112;30714;8
197649;-98412;53313;30713;8
206667;-98347;53876;30717;4
209712;-98396;54067;30714;8
228438;-98338;55237;30717;2
215165;-98432;54407;30712;2
215701;-98338;54441;30717;2
218600;-98365;54622;30716;4
204389;-98427;53734;30712;2
209946;-98312;54081;30719;4
211652;-98431;54188;30712;8
223312;-98409;54917;30713;2
216503;-98390;54491;30714;4
220426;-98329;54736;30718;2
197754;-98367;53319;30716;8
215961;-98320;54457;30719;1
199697;-98309;53441;30719;8
206273;-98368;53852;30716;8
223292;-98423;54915;30712;1
197301;-98348;53291;30717;2
209103;-98337;54028;30717;8
215380;-98318;54421;30719;2
223504;-98347;54929;30717;4
214557;-98420;54369;30712;2
223576;-98345;54933;30717;1
223797;-98408;54947;30713;8
206457;-98389;53863;30714;1
197854;-98412;53325;30713;1
197570;-98392;53308;30714;2
215045;-98409;54400;30713;4
227328;-98318;55168;30719;4
203139;-98363;53656;30716;1
203842;-98306;53700;30719;1
227971;-98390;55208;30714;1
198466;-98328;53364;30718;1
198892;-98375;53390;30715;8
224210;-98358;54973;30716;8
215057;-98376;54401;30715;2
210592;-98403;54122;30713;4
223927;-98411;54955;30713;2
209775;-98389;54070;30714;4
222122;-98370;54842;30715;4
215199;-98371;54409;30715;8
206976;-98381;53896;30715;2
215445;-98324;54425;30718;8
197884;-98315;53327;30719;4
202158;-98315;53594;30719;8
197666;-98406;53314;30713;4
211209;-98425;54160;30712;8
201110;-98380;53529;30715;8
217112;-98342;54529;30717;2
201223;-98329;53536;30718;4
211879;-98360;54202;30716;4
218686;-98342;54627;30717;8
205506;-98407;53804;30713;8
198885;-98327;53390;30718;1
222468;-98348;54864;30717;1
207552;-98394;53932;30714;4
208730;-98381;54005;30715;4
211353;-98412;54169;30713;2
215730;-98355;54443;30716;4
200425;-98362;53486;30716;1
204770;-98405;53758;30713;8
215946;-98323;54456;30718;4
223538;-98420;54931;30712;1
211989;-98358;54209;30716;1
214681;-98397;54377;30714;4
204571;-98327;53745;30718;4
210527;-98307;54117;30719;4
203386;-98392;53671;30714;4
227880;-98408;55202;30713;4
225346;-98423;55044;30712;2
225928;-98407;55080;30713;4
217777;-98346;54571;30717;4
220241;-98352;54725;30717;2
227127;-98381;55155;30715;8
198929;-98351;53393;30717;1
217563;-98428;54557;30712;1
210883;-98331;54140;30718;2
212737;-98382;54256;30715;4
197034;-98363;53274;30716;8
210324;-98319;54105;30719;8
210900;-98363;54141;30716;2
198637;-98314;53374;30719;8
215576;-98350;54433;30717;8
213599;-98364;54309;30716;4
213360;-98424;54295;30712;1
198530;-98413;53368;30713;2
199965;-98323;53457;30718;4
210857;-98376;54138;30715;1
215102;-98411;54403;30713;2
216383;-98382;54483;30715;1
219636;-98412;54687;30713;8
218577;-98331;54621;30718;1
222504;-98406;54866;30713;4
219947;-98353;54706;30716;8
198302;-98332;53353;30718;8
227025;-98399;55149;30714;8
211065;-98421;54151;30712;1
207174;-98333;53908;30718;8
203891;-98316;53703;30719;8
216083;-98424;54465;30712;1
220565;-98421;54745;30712;1
221116;-98312;54779;30719;4
208829;-98309;54011;30719;2
198576;-98425;53371;30712;8
206839;-98349;53887;30717;8
223783;-98414;54946;30713;4
207091;-98356;53903;30716;8
217814;-98395;54573;30714;1
212673;-98307;54252;30719;1
204322;-98422;53730;30712;1
228173;-98429;55220;30712;8
223016;-98384;54898;30715;4
202937;-98424;53643;30712;8
207129;-98320;53905;30719;8
197511;-98323;53304;30718;1
228367;-98329;55232;30718;4
203270;-98352;53664;30717;2
226106;-98352;55091;30717;1
222806;-98382;54885;30715;1
200365;-98350;53482;30717;2
215078;-98418;54402;30712;1
224461;-98362;54988;30716;4
216865;-98431;54514;30712;1
222026;-98367;54836;30716;4
221370;-98403;54795;30713;1
222981;-98315;54896;30719;4
229080;-98306;55277;30719;4
197446;-98387;53300;30714;2
217142;-98418;54531;30712;8
202079;-98403;53589;30713;8
219901;-98377;54703;30715;1
200889;-98355;53515;30716;2
224302;-98413;54978;30713;8
223123;-98431;54905;30712;8
204810;-98347;53760;30717;8
213414;-98412;54298;30713;4
199990;-98360;53459;30716;4
198820;-98418;53386;30712;1
227685;-98430;55190;30712;2
222026;-98363;54836;30716;1
199735;-98326;53443;30718;4
226354;-98408;55107;30713;4
206390;-98339;53859;30717;1
209022;-98359;54023;30716;2
219945;-98378;54706;30715;8
217272;-98386;54539;30714;1
208614;-98414;53998;30713;1
212971;-98380;54270;30715;2
215677;-98421;54439;30712;8
214767;-98379;54382;30715;1
224743;-98380;55006;30715;4
227706;-98374;55191;30715;2
225111;-98365;55029;30716;2
212658;-98398;54251;30714;4
198778;-98380;53383;30715;8
221182;-98346;54783;30717;8
219434;-98379;54674;30715;8
225284;-98421;55040;30712;8
219093;-98316;54653;30719;2
213540;-98426;54306;30712;2
209918;-98352;54079;30717;4
215938;-98324;54456;30718;8
200021;-98402;53461;30713;2
218045;-98398;54587;30714;2
215600;-98426;54435;30712;1
225389;-98423;55046;30712;8
219751;-98363;54694;30716;2
225813;-98381;55073;30715;4
203118;-98347;53654;30717;8
214264;-98322;54351;30718;1
197232;-98424;53287;30712;8
224775;-98365;55008;30716;8
203319;-98375;53667;30715;1
214674;-98352;54377;30717;1
220770;-98361;54758;30716;8
226398;-98309;55109;30719;4
201677;-98378;53564;30715;8
203661;-98396;53688;30714;2
205692;-98372;53815;30715;4
207218;-98420;53911;30712;2
227346;-98405;55169;30713;8
201588;-98365;53559;30716;4
198850;-98431;53388;30712;8
220758;-98344;54757;30717;2
227992;-98357;55209;30716;8
212146;-98368;54219;30716;4
217336;-98421;54543;30712;1
228675;-98432;55252;30712;8
199255;-98315;53413;30719;4
211640;-98357;54187;30716;8
219138;-98322;54656;30718;4
210243;-98391;54100;30714;2
216755;-98313;54507;30719;1
218864;-98308;54639;30719;2
209887;-98347;54077;30717;8
201192;-98338;53534;30717;2
196706;-98315;53254;30719;2
203894;-98320;53703;30719;2
201244;-98360;53537;30716;4
208870;-98372;54014;30715;2
202836;-98382;53637;30715;2
226851;-98397;55138;30714;8
219326;-98343;54667;30717;4
205126;-98311;53780;30719;1
198638;-98365;53374;30716;4
207385;-98351;53921;30717;2
197902;-98331;53328;30718;8
214802;-98359;54385;30716;2
214449;-98405;54363;30713;4
201145;-98419;53531;30712;8
213040;-98404;54275;30713;2
210461;-98392;54113;30714;4
224502;-98391;54991;30714;8
219598;-98371;54684;30715;2
213275;-98422;54289;30712;8
223367;-98389;54920;30714;4
203908;-98399;53704;30714;4
212935;-98311;54268;30719;8
205820;-98357;53823;30716;2
225552;-98306;55057;30719;1
222605;-98422;54872;30712;1
208332;-98406;53980;30713;4
222774;-98411;54883;30713;1
213125;-98338;54280;30717;8
211725;-98377;54192;30715;4
206410;-98376;53860;30715;2
209385;-98359;54046;30716;8
218413;-98309;54610;30719;2
207476;-98373;53927;30715;2
227495;-98349;55178;30717;8
223520;-98432;54930;30712;2
225028;-98416;55024;30713;8
203003;-98308;53647;30719;4
218180;-98338;54596;30717;2
219688;-98360;54690;30716;4
214615;-98412;54373;30713;1
207499;-98309;53928;30719;4
211757;-98404;54194;30713;4
218198;-98313;54597;30719;4
204571;-98344;53745;30717;8
209929;-98402;54080;30713;4
223458;-98413;54926;30713;1
227384;-98385;55171;30714;8
221189;-98332;54784;30718;1
203558;-98393;53682;30714;8
203749;-98308;53694;30719;1
222421;-98340;54861;30717;2
199119;-98361;53404;30716;8
215452;-98357;54425;30716;4
212313;-98329;54229;30718;4
224719;-98310;55004;30719;2
204280;-98361;53727;30716;1
199922;-98396;53455;30714;8
216594;-98359;54497;30716;1
219426;-98423;54674;30712;4
223196;-98387;54909;30714;8
198301;-98421;53353;30712;4
206114;-98328;53842;30718;1
227564;-98382;55182;30715;2
207916;-98417;53954;30712;4
227620;-98420;55186;30712;2
201748;-98386;53569;30714;1
219384;-98402;54671;30713;4
214794;-98339;54384;30717;1
204343;-98392;53731;30714;1
221397;-98341;54797;30717;2
214759;-98414;54382;30713;2
212019;-98379;54211;30715;4
228408;-98326;55235;30718;1
224544;-98396;54994;30714;2
221730;-98341;54818;30717;1
223637;-98362;54937;30716;1
210484;-98382;54115;30715;2
214331;-98334;54355;30718;8
208963;-98338;54020;30717;4
208106;-98358;53966;30716;2
198172;-98429;53345;30712;8
206281;-98333;53852;30718;4
207548;-98334;53931;30718;4
216521;-98335;54492;30718;2
225107;-98380;55029;30715;1
223919;-98356;54954;30716;1
223820;-98366;54948;30716;2
220124;-98405;54717;30713;4
219744;-98324;54694;30718;4
222322;-98315;54855;30719;4
202648;-98335;53625;30718;2
228909;-98345;55266;30717;8
220242;-98423;54725;30712;8
203302;-98415;53666;30713;1
207530;-98406;53930;30713;8
205206;-98429;53785;30712;2
210924;-98366;54142;30716;2
227199;-98308;55159;30719;8
220308;-98321;54729;30718;8
222118;-98339;54842;30717;2
207821;-98413;53948;30713;8
227064;-98402;55151;30713;2
212331;-98397;54230;30714;8
215625;-98321;54436;30718;8
221859;-98342;54826;30717;1
201437;-98395;53549;30714;2
205490;-98318;53803;30719;4
202282;-98314;53602;30719;1
226176;-98328;55096;30718;8
205429;-98346;53799;30717;2
218003;-98420;54585;30712;4
210072;-98333;54089;30718;8
198550;-98321;53369;30718;8
214412;-98386;54360;30714;4
204757;-98405;53757;30713;1
208730;-98388;54005;30714;4
218739;-98370;54631;30715;4
218556;-98322;54619;30718;4
212245;-98414;54225;30713;8
220290;-98318;54728;30719;2
213270;-98325;54289;30718;4
209940;-98387;54081;30714;2
204182;-98410;53721;30713;1
200297;-98403;53478;30713;2
207269;-98416;53914;30713;4
225906;-98368;55079;30716;2
198619;-98400;53373;30714;8
200029;-98380;53461;30715;8
204393;-98396;53734;30714;1
210014;-98380;54085;30715;8
214610;-98413;54373;30713;8
209294;-98395;54040;30714;2
204420;-98332;53736;30718;2
217256;-98422;54538;30712;2
220223;-98374;54723;30715;8
214015;-98333;54335;30718;8
217135;-98416;54530;30713;8
220871;-98339;54764;30717;2
219171;-98372;54658;30715;4
202089;-98313;53590;30719;8
206579;-98391;53871;30714;8
228212;-98337;55223;30717;4
202622;-98354;53623;30716;1
219871;-98373;54701;30715;4
197983;-98323;53333;30718;1
208500;-98405;53991;30713;8
222836;-98401;54887;30713;1
226185;-98370;55096;30715;8
202336;-98388;53606;30714;1
219572;-98346;54683;30717;1
227001;-98368;55147;30716;4
210348;-98426;54106;30712;1
211624;-98307;54186;30719;8
220267;-98391;54726;30714;8
219438;-98407;54674;30713;2
222285;-98320;54852;30719;8
224537;-98396;54993;30714;4
225054;-98314;55025;30719;2
224260;-98350;54976;30717;8
228208;-98376;55223;30715;2
222151;-98406;54844;30713;4
220305;-98374;54729;30715;8
212906;-98339;54266;30717;2
215437;-98337;54424;30717;2
199471;-98372;53426;30715;4
209430;-98401;54049;30713;2
219245;-98401;54662;30713;4
220566;-98307;54745;30719;4
198310;-98424;53354;30712;2
221068;-98361;54776;30716;1
220092;-98317;54715;30719;8
219284;-98343;54665;30717;1
198195;-98384;53347;30715;4
202677;-98369;53627;30715;8
206237;-98326;53849;30718;1
226983;-98422;55146;30712;2
206542;-98411;53868;30713;1
209334;-98401;54043;30713;4
205069;-98398;53776;30714;1
199005;-98411;53397;30713;4
205137;-98323;53781;30718;2
228311;-98368;55229;30716;1
220477;-98429;54739;30712;4
217454;-98363;54550;30716;8
220372;-98401;54733;30713;2
227600;-98341;55185;30717;1
214353;-98414;54357;30713;2
219166;-98395;54657;30714;8
211519;-98310;54179;30719;1
199226;-98328;53411;30718;4
228505;-98313;55241;30719;8
204012;-98306;53710;30719;8
198738;-98325;53381;30718;2
222624;-98359;54874;30716;2
200529;-98350;53493;30717;4
210903;-98368;54141;30716;2
226078;-98397;55089;30714;4
213362;-98352;54295;30717;1
226328;-98350;55105;30717;8
206428;-98308;53861;30719;4
212211;-98345;54223;30717;2
208743;-98335;54006;30718;4
212644;-98319;54250;30719;8
213807;-98403;54322;30713;4
211489;-98367;54178;30716;8
199608;-98338;53435;30717;4
223606;-98307;54935;30719;1
220856;-98412;54763;30713;2
205356;-98348;53794;30717;1
216456;-98400;54488;30714;2
214879;-98414;54389;30713;4
219116;-98419;54654;30712;1
206517;-98404;53867;30713;2
220830;-98406;54761;30713;1
214074;-98327;54339;30718;4
218326;-98310;54605;30719;4
197093;-98374;53278;30715;2
221222;-98426;54786;30712;2
218037;-98408;54587;30713;2
207781;-98374;53946;30715;8
203545;-98359;53681;30716;1
217633;-98310;54562;30719;2
216709;-98368;54504;30716;8
214568;-98362;54370;30716;2
204166;-98355;53720;30716;2
216907;-98313;54516;30719;2
220938;-98394;54768;30714;2
222583;-98420;54871;30712;2
217807;-98348;54572;30717;2
220526;-98403;54742;30713;1
226919;-98309;55142;30719;4
226566;-98318;55120;30719;2
209235;-98349;54037;30717;4
212678;-98349;54252;30717;2
206745;-98332;53881;30718;2
199684;-98340;53440;30717;4
199248;-98410;53413;30713;2
198533;-98420;53368;30712;4
203640;-98377;53687;30715;8
217005;-98364;54522;30716;4
207832;-98421;53949;30712;1
214723;-98407;54380;30713;2
204624;-98403;53749;30713;2
201007;-98374;53522;30715;4
217709;-98309;54566;30719;8
199102;-98389;53403;30714;2
225972;-98375;55083;30715;1
216796;-98427;54509;30712;4
216695;-98396;54503;30714;1
205753;-98408;53819;30713;2
207335;-98418;53918;30712;4
227271;-98355;55164;30716;8
224613;-98332;54998;30718;1
226900;-98398;55141;30714;4
211491;-98308;54178;30719;1
216516;-98332;54492;30718;4
219983;-98402;54708;30713;1
223404;-98340;54922;30717;1
225271;-98425;55039;30712;2
222387;-98413;54859;30713;1
213985;-98337;54334;30717;1
200378;-98416;53483;30713;1
199203;-98346;53410;30717;8
201714;-98406;53567;30713;8
228609;-98375;55248;30715;2
216849;-98408;54513;30713;4
200648;-98429;53500;30712;8
217076;-98314;54527;30719;1
225635;-98350;55062;30717;1
203497;-98337;53678;30717;1
208238;-98402;53974;30713;4
207492;-98391;53928;30714;8
201833;-98432;53574;30712;1
200016;-98405;53461;30713;1
219727;-98330;54692;30718;1
211266;-98392;54164;30714;4
224998;-98365;55022;30716;2
205023;-98353;53773;30716;2
227181;-98429;55158;30712;2
221455;-98413;54800;30713;8
202462;-98341;53613;30717;2
205522;-98364;53805;30716;4
208435;-98421;53987;30712;1
217418;-98412;54548;30713;4
198921;-98371;53392;30715;8
203738;-98351;53693;30717;1
218514;-98372;54617;30715;2
222326;-98344;54855;30717;1
226236;-98356;55099;30716;8
225962;-98413;55082;30713;2
200563;-98422;53495;30712;4
213232;-98424;54287;30712;8
212399;-98409;54234;30713;8
228635;-98410;55249;30713;1
226635;-98394;55124;30714;2
223852;-98359;54950;30716;4
225484;-98379;55052;30715;1
204353;-98347;53732;30717;1
228265;-98393;55226;30714;4
228020;-98356;55211;30716;8
214171;-98386;54345;30714;8
206150;-98419;53844;30712;2
202101;-98349;53591;30717;2
205259;-98380;53788;30715;1
213503;-98346;54303;30717;4
202484;-98393;53615;30714;2
208938;-98335;54018;30718;8
218876;-98390;54639;30714;2
226018;-98312;55086;30719;4
222767;-98386;54882;30714;8
197148;-98353;53281;30716;4
217124;-98370;54530;30715;4
216831;-98385;54511;30714;4
209182;-98402;54033;30713;8
217719;-98310;54567;30719;1
222068;-98419;54839;30712;4
200983;-98369;53521;30715;2
219419;-98364;54673;30716;4
212560;-98383;54245;30715;1
201849;-98379;53575;30715;2
201453;-98327;53550;30718;2
221578;-98393;54808;30714;4
224365;-98329;54982;30718;2
197737;-98336;53318;30718;4
216426;-98392;54486;30714;4
198330;-98384;53355;30715;2
223992;-98314;54959;30719;2
213953;-98330;54332;30718;2
213455;-98417;54300;30712;1
213572;-98386;54308;30714;2
226352;-98381;55107;30715;1
227401;-98425;55172;30712;4
202210;-98345;53598;30717;4
208896;-98347;54016;30717;2
197555;-98399;53307;30714;8
220479;-98373;54739;30715;4
219174;-98412;54658;30713;2
219424;-98357;54674;30716;8
226601;-98422;55122;30712;8
216368;-98363;54483;30716;4
223709;-98432;54941;30712;1
220066;-98358;54714;30716;8
212428;-98327;54236;30718;2
203333;-98338;53668;30717;8
223759;-98350;54944;30717;2
221031;-98322;54774;30718;1
223859;-98309;54951;30719;4
201769;-98315;53570;30719;1
222307;-98368;54854;30716;8
208457;-98377;53988;30715;2
207639;-98429;53937;30712;1
196664;-98408;53251;30713;2
196867;-98392;53264;30714;1
228506;-98337;55241;30717;4
204975;-98417;53770;30712;1
205214;-98369;53785;30715;8
214178;-98428;54346;30712;2
215158;-98369;54407;30715;8
224524;-98392;54992;30714;8
223217;-98317;54911;30719;4
208955;-98340;54019;30717;4
210407;-98384;54110;30715;2
220514;-98424;54742;30712;8
200255;-98325;53475;30718;1
197783;-98411;53321;30713;4
218632;-98318;54624;30719;1
223465;-98316;54926;30719;8
202949;-98432;53644;30712;8
200681;-98360;53502;30716;4
214650;-98402;54375;30713;1
225354;-98373;55044;30715;4
204608;-98352;53748;30717;2
210049;-98322;54088;30718;2
228452;-98404;55238;30713;8
203265;-98404;53664;30713;4
216264;-98416;54476;30713;2
203110;-98346;53654;30717;2
217034;-98422;54524;30712;2
209543;-98324;54056;30718;8
222770;-98403;54883;30713;2
220431;-98330;54736;30718;2
223123;-98379;54905;30715;2
206984;-98391;53896;30714;4
224493;-98306;54990;30719;4
219492;-98417;54678;30712;4
222769;-98315;54883;30719;2
220322;-98423;54730;30712;2
197174;-98355;53283;30716;2
228744;-98334;55256;30718;4
226581;-98403;55121;30713;8
200659;-98425;53501;30712;4
201537;-98363;53556;30716;8
225745;-98357;55069;30716;1
201184;-98429;53534;30712;8
226283;-98313;55102;30719;2
217775;-98431;54570;30712;8
198347;-98422;53356;30712;4
199847;-98376;53450;30715;1
215902;-98341;54453;30717;2
215637;-98370;54437;30715;2
201835;-98432;53574;30712;2
208037;-98419;53962;30712;2
221253;-98335;54788;30718;8
220674;-98431;54752;30712;8
198932;-98413;53393;30713;1
213678;-98347;54314;30717;2
208087;-98385;53965;30714;8
204385;-98318;53734;30719;2
202893;-98402;53640;30713;4
217325;-98397;54542;30714;2
199544;-98411;53431;30713;2
220015;-98325;54710;30718;2
199166;-98396;53407;30714;4
225135;-98415;55030;30713;1
223664;-98312;54939;30719;1
221625;-98345;54811;30717;1
211666;-98310;54189;30719;8
212329;-98319;54230;30719;1
210103;-98422;54091;30712;4
201294;-98331;53540;30718;1
207173;-98408;53908;30713;1
208476;-98387;53989;30714;4
213053;-98425;54275;30712;1
225652;-98396;55063;30714;2
212846;-98405;54262;30713;8
199639;-98429;53437;30712;1
223544;-98324;54931;30718;8
207062;-98371;53901;30715;1
203147;-98430;53656;30712;2
225258;-98386;55038;30714;4
204705;-98380;53754;30715;1
213792;-98368;54322;30716;4
208328;-98430;53980;30712;2
198996;-98431;53397;30712;8
218876;-98431;54639;30712;8
216276;-98422;54477;30712;2
200955;-98334;53519;30718;2
228118;-98307;55217;30719;2
199942;-98343;53456;30717;1
204122;-98362;53717;30716;4
220356;-98324;54732;30718;4
215086;-98339;54402;30717;8
228150;-98306;55219;30719;1
213964;-98381;54332;30715;2
213106;-98318;54279;30719;1
227924;-98380;55205;30715;8
218952;-98370;54644;30715;1
203798;-98432;53697;30712;8
227340;-98314;55168;30719;2
224519;-98381;54992;30715;2
217496;-98343;54553;30717;8
204789;-98410;53759;30713;8
224254;-98411;54975;30713;2
226080;-98358;55090;30716;8
224110;-98312;54966;30719;8
223701;-98394;54941;30714;4
207916;-98313;53954;30719;8
221661;-98380;54813;30715;2
207481;-98330;53927;30718;8
212909;-98380;54266;30715;1
218991;-98425;54646;30712;2
198546;-98379;53369;30715;1
206611;-98311;53873;30719;8
219887;-98410;54702;30713;1
205784;-98432;53821;30712;2
197805;-98379;53322;30715;2
197908;-98364;53329;30716;4
209445;-98427;54050;30712;1
208816;-98330;54011;30718;2
203809;-98427;53698;30712;4
222135;-98306;54843;30719;4
215305;-98361;54416;30716;1
226768;-98333;55133;30718;2
217067;-98327;54526;30718;8
196662;-98354;53251;30716;2
196916;-98349;53267;30717;4
229067;-98365;55276;30716;1
225888;-98397;55078;30714;1
224758;-98377;55007;30715;2
219503;-98375;54678;30715;2
226852;-98378;55138;30715;1
216951;-98343;54519;30717;4
214212;-98416;54348;30713;1
203081;-98361;53652;30716;1
225569;-98363;55058;30716;8
227285;-98350;55165;30717;4
223525;-98432;54930;30712;1
197160;-98385;53282;30714;1
225966;-98355;55082;30716;1
210321;-98431;54105;30712;2
196743;-98324;53256;30718;1
211507;-98397;54179;30714;4
219132;-98352;54655;30717;4
226091;-98387;55090;30714;8
213423;-98379;54298;30715;8
216041;-98382;54462;30715;2
220020;-98392;54711;30714;1
199865;-98417;53451;30712;2
223120;-98402;54905;30713;1
206999;-98327;53897;30718;1
197879;-98366;53327;30716;4
218011;-98309;54585;30719;8
216739;-98335;54506;30718;2
198303;-98315;53353;30719;8
211827;-98379;54199;30715;8
211304;-98410;54166;30713;8
217606;-98346;54560;30717;8
212381;-98408;54233;30713;1
228370;-98409;55233;30713;8
206486;-98331;53865;30718;4
216207;-98361;54472;30716;8
225545;-98316;55056;30719;2
207509;-98425;53929;30712;4
222652;-98326;54875;30718;8
199999;-98418;53459;30712;1
222623;-98321;54873;30718;2
213690;-98354;54315;30716;4
225072;-98342;55027;30717;8
208487;-98338;53990;30717;8
198410;-98329;53360;30718;4
226043;-98322;55087;30718;8
212798;-98422;54259;30712;1
216207;-98355;54472;30716;4
214342;-98412;54356;30713;1
212828;-98308;54261;30719;1
206765;-98406;53882;30713;4
219435;-98320;54674;30719;4
208435;-98381;53987;30715;1
227451;-98368;55175;30716;4
218246;-98347;54600;30717;2
220424;-98373;54736;30715;4
201631;-98375;53561;30715;1
197599;-98314;53309;30719;4
214761;-98425;54382;30712;2
228390;-98414;55234;30713;8
228439;-98351;55237;30717;8
199734;-98336;53443;30718;1
224394;-98352;54984;30717;2
225935;-98316;55080;30719;2
228334;-98422;55230;30712;1
197287;-98426;53290;30712;4
223667;-98354;54939;30716;4
219934;-98401;54705;30713;8
217438;-98371;54549;30715;8
218013;-98310;54585;30719;4
222402;-98370;54860;30715;1
214499;-98358;54366;30716;1
197347;-98329;53294;30718;2
223567;-98427;54932;30712;8
201912;-98343;53579;30717;4
218164;-98419;54595;30712;4
211556;-98370;54182;30715;2
220677;-98403;54752;30713;1
212413;-98416;54235;30713;2
202257;-98379;53601;30715;8
198862;-98346;53388;30717;2
213061;-98401;54276;30713;8
199256;-98373;53413;30715;4
217521;-98343;54555;30717;4
221787;-98379;54821;30715;8
202009;-98373;53585;30715;1
212377;-98336;54233;30718;1
215334;-98360;54418;30716;1
205470;-98306;53801;30719;8
202091;-98317;53590;30719;8
197339;-98351;53293;30717;1
217781;-98396;54571;30714;2
199452;-98418;53425;30712;2
203983;-98414;53708;30713;4
212949;-98378;54269;30715;4
203854;-98395;53700;30714;2
220671;-98399;54751;30714;1
221115;-98375;54779;30715;8
225000;-98379;55022;30715;4
209282;-98335;54040;30718;2
216474;-98327;54489;30718;1
213300;-98404;54291;30713;2
222967;-98415;54895;30713;4
218125;-98330;54592;30718;1
207438;-98373;53924;30715;8
212368;-98395;54233;30714;8
222746;-98394;54881;30714;4
206564;-98369;53870;30715;4
217733;-98388;54568;30714;2
207602;-98404;53935;30713;4
209303;-98418;54041;30712;2
200674;-98393;53502;30714;2
208478;-98413;53989;30713;2
227704;-98418;55191;30712;4
212544;-98320;54244;30719;8
197900;-98395;53328;30714;8
205313;-98422;53792;30712;1
203122;-98348;53655;30717;8
210971;-98353;54145;30716;2
221929;-98415;54830;30713;1
198392;-98366;53359;30716;1
221504;-98398;54804;30714;8
206557;-98372;53869;30715;2
218254;-98342;54600;30717;1
224856;-98325;55013;30718;4
228873;-98338;55264;30717;1
204765;-98410;53757;30713;4
217796;-98321;54572;30718;8
206738;-98408;53881;30713;4
219121;-98372;54655;30715;1
227532;-98323;55180;30718;8
224982;-98416;55021;30713;8
224150;-98363;54969;30716;4
215693;-98344;54440;30717;4
198279;-98382;53352;30715;4
220680;-98404;54752;30713;1
221404;-98359;54797;30716;2
203416;-98376;53673;30715;4
228829;-98387;55261;30714;1
199295;-98373;53415;30715;2
205020;-98391;53773;30714;1
223930;-98415;54955;30713;2
206295;-98388;53853;30714;8
200800;-98348;53510;30717;4
205823;-98320;53823;30719;4
198502;-98367;53366;30716;8
206655;-98356;53875;30716;4
211333;-98340;54168;30717;2
225407;-98425;55047;30712;8
211108;-98367;54154;30716;8
222678;-98376;54877;30715;8
198417;-98371;53361;30715;2
224393;-98398;54984;30714;8
200712;-98328;53504;30718;4
201651;-98355;53563;30716;4
201502;-98387;53553;30714;8
227318;-98426;55167;30712;8
223499;-98319;54928;30719;8
221837;-98323;54824;30718;8
217414;-98339;54548;30717;4
203489;-98331;53678;30718;2
205337;-98410;53793;30713;1
213433;-98378;54299;30715;1
214600;-98391;54372;30714;1
201306;-98392;53541;30714;4
224888;-98385;55015;30714;1
220719;-98387;54754;30714;4
224107;-98391;54966;30714;4
223870;-98429;54951;30712;2
209774;-98375;54070;30715;2
221374;-98379;54795;30715;1
203030;-98329;53649;30718;2
227487;-98413;55177;30713;1
222613;-98363;54873;30716;4
214688;-98367;54378;30716;2
199677;-98339;53439;30717;2
210510;-98394;54116;30714;4
214064;-98378;54339;30715;2
211652;-98342;54188;30717;8
201432;-98339;53549;30717;4
199910;-98367;53454;30716;8
213967;-98402;54332;30713;8
213757;-98404;54319;30713;8
204909;-98338;53766;30717;8
201835;-98427;53574;30712;8
208163;-98349;53970;30717;8
198859;-98359;53388;30716;8
215641;-98372;54437;30715;8
201782;-98319;53571;30719;4
197980;-98332;53333;30718;8
197221;-98425;53286;30712;2
198696;-98347;53378;30717;1
220681;-98430;54752;30712;2
226654;-98349;55125;30717;1
218591;-98380;54621;30715;1
224240;-98324;54975;30718;2
220572;-98432;54745;30712;8
220115;-98320;54717;30719;4
218710;-98386;54629;30714;4
219647;-98386;54687;30714;1
223170;-98374;54908;30715;4
201960;-98409;53582;30713;1
208783;-98338;54008;30717;8
222253;-98367;54850;30716;4
218037;-98308;54587;30719;2
227486;-98380;55177;30715;4
207726;-98432;53942;30712;2
199604;-98342;53435;30717;8
210620;-98327;54123;30718;4
213696;-98384;54316;30715;4
199682;-98357;53440;30716;1
197653;-98325;53313;30718;4
196821;-98432;53261;30712;2
228801;-98328;55260;30718;8
201974;-98310;53583;30719;4
219905;-98428;54704;30712;1
210040;-98341;54087;30717;4
214029;-98381;54336;30715;8
210827;-98351;54136;30717;8
215532;-98307;54430;30719;4
205046;-98388;53775;30714;8
220667;-98360;54751;30716;2
200506;-98334;53491;30718;1
202000;-98418;53585;30712;4
228811;-98353;55260;30716;8
213835;-98339;54324;30717;2
222369;-98343;54858;30717;2
211131;-98326;54155;30718;8
202520;-98431;53617;30712;8
222110;-98417;54841;30712;4
226128;-98409;55093;30713;4
208026;-98363;53961;30716;8
200907;-98341;53516;30717;2
198046;-98396;53337;30714;1
222717;-98425;54879;30712;8
220742;-98414;54756;30713;1
214006;-98428;54335;30712;8
204137;-98405;53718;30713;4
211011;-98399;54148;30714;2
218550;-98334;54619;30718;4
216501;-98364;54491;30716;1
207614;-98335;53935;30718;4
227946;-98369;55206;30715;2
203710;-98357;53691;30716;4
226407;-98364;55110;30716;1
226240;-98386;55100;30714;2
214999;-98403;54397;30713;4
218867;-98326;54639;30718;8
210188;-98421;54096;30712;4
206991;-98370;53896;30715;1
217658;-98323;54563;30718;1
224401;-98357;54985;30716;4
197590;-98400;53309;30714;2
209869;-98337;54076;30717;2
212811;-98384;54260;30715;1
214062;-98335;54338;30718;2
211643;-98328;54187;30718;2
201445;-98405;53550;30713;8
198744;-98350;53381;30717;8
219798;-98420;54697;30712;2
201977;-98339;53583;30717;2
214457;-98348;54363;30717;4
200130;-98406;53468;30713;2
219791;-98421;54696;30712;8
200600;-98328;53497;30718;4
227716;-98364;55192;30716;2
200556;-98344;53494;30717;8
222359;-98346;54857;30717;1
207599;-98394;53934;30714;1
228184;-98432;55221;30712;8
214600;-98336;54372;30718;4
224445;-98325;54987;30718;2
204565;-98315;53745;30719;2
197465;-98359;53301;30716;1
212254;-98392;54225;30714;4
225756;-98421;55069;30712;4
225000;-98339;55022;30717;4
222193;-98355;54847;30716;4
227139;-98411;55156;30713;4
198400;-98384;53360;30715;4
197030;-98410;53274;30713;8
220844;-98348;54762;30717;4
210311;-98355;54104;30716;2
227862;-98345;55201;30717;1
204109;-98316;53716;30719;8
218420;-98364;54611;30716;2
196933;-98328;53268;30718;4
201850;-98362;53575;30716;2
208535;-98380;53993;30715;4
226025;-98381;55086;30715;8
199121;-98314;53405;30719;4
199157;-98343;53407;30717;2
228470;-98389;55239;30714;4
213165;-98393;54282;30714;8
207876;-98423;53952;30712;4
224505;-98431;54991;30712;2
209384;-98314;54046;30719;1
227609;-98403;55185;30713;4
208768;-98377;54008;30715;1
222795;-98349;54884;30717;2
207237;-98333;53912;30718;2
214366;-98387;54357;30714;2
204326;-98403;53730;30713;8
206330;-98337;53855;30717;2
212521;-98377;54242;30715;1
206718;-98399;53879;30714;1
196650;-98346;53250;30717;8
198215;-98398;53348;30714;8
227220;-98326;55161;30718;1
210237;-98364;54099;30716;4
217014;-98363;54523;30716;1
216550;-98360;54494;30716;8
204665;-98424;53751;30712;2
203544;-98320;53681;30719;4
206594;-98417;53872;30712;8
203844;-98362;53700;30716;2
197906;-98419;53329;30712;4
228061;-98410;55213;30713;8
220044;-98329;54712;30718;1
220963;-98358;54770;30716;1
211789;-98346;54196;30717;2
220545;-98406;54744;30713;4
217674;-98426;54564;30712;1
213935;-98390;54330;30714;4
210162;-98380;54095;30715;8
209456;-98338;54051;30717;8
198168;-98328;53345;30718;8
204549;-98382;53744;30715;8
217789;-98309;54571;30719;4
218465;-98387;54614;30714;8
214600;-98347;54372;30717;8
229052;-98383;55275;30715;1
214151;-98376;54344;30715;4
219934;-98306;54705;30719;4
200419;-98325;53486;30718;1
228089;-98353;55215;30716;2
217210;-98337;54535;30717;8
213085;-98399;54277;30714;4
204393;-98332;53734;30718;4
227107;-98370;55154;30715;2
203827;-98413;53699;30713;1
199430;-98376;53424;30715;2
227985;-98349;55209;30717;8
228636;-98416;55249;30713;1
214147;-98375;54344;30715;2
216620;-98429;54498;30712;4
207420;-98373;53923;30715;2
199472;-98412;53427;30713;2
223933;-98321;54955;30718;2
196658;-98334;53251;30718;8
208847;-98378;54012;30715;2
201368;-98360;53545;30716;1
197607;-98329;53310;30718;4
209202;-98372;54035;30715;2
217540;-98330;54556;30718;2
196955;-98325;53269;30718;8
208897;-98381;54016;30715;4
209637;-98361;54062;30716;2
218490;-98380;54615;30715;1
218665;-98308;54626;30719;2
205359;-98331;53794;30718;8
215880;-98405;54452;30713;2
224437;-98419;54987;30712;4
212422;-98339;54236;30717;4
214446;-98400;54362;30714;8
224415;-98425;54985;30712;8
220825;-98397;54761;30714;2
217177;-98412;54533;30713;2
216689;-98335;54503;30718;1
223162;-98408;54907;30713;1
223660;-98379;54938;30715;8
211406;-98429;54172;30712;4
199171;-98375;53408;30715;8
213596;-98426;54309;30712;4
223451;-98340;54925;30717;4
213203;-98404;54285;30713;4
222293;-98374;54853;30715;8
228644;-98421;55250;30712;8
222654;-98310;54875;30719;2
205283;-98409;53790;30713;4
226979;-98356;55146;30716;8
202037;-98421;53587;30712;2
202803;-98417;53635;30712;4
212368;-98312;54233;30719;8
208244;-98383;53975;30715;8
204838;-98343;53762;30717;4
216793;-98334;54509;30718;8
211725;-98329;54192;30718;1
229072;-98319;55277;30719;2
196918;-98315;53267;30719;1
207864;-98311;53951;30719;8
218968;-98381;54645;30715;4
199751;-98427;53444;30712;2
221834;-98365;54824;30716;2
223374;-98431;54920;30712;1
219126;-98357;54655;30716;2
197899;-98428;53328;30712;8
210010;-98407;54085;30713;1
216459;-98369;54488;30715;8
224567;-98385;54995;30714;2
210235;-98428;54099;30712;1
212609;-98314;54248;30719;4
209313;-98424;54042;30712;8
205726;-98379;53817;30715;2
215673;-98405;54439;30713;8
204279;-98348;53727;30717;2
217709;-98426;54566;30712;8
201981;-98384;53583;30715;1
224508;-98425;54991;30712;1
201504;-98376;53554;30715;2
201663;-98316;53563;30719;8
224609;-98344;54998;30717;8
199731;-98338;53443;30717;2
198416;-98321;53361;30718;8
206297;-98312;53853;30719;1
220969;-98318;54770;30719;1
212975;-98330;54270;30718;1
222479;-98354;54864;30716;8
221937;-98345;54831;30717;8
206188;-98428;53846;30712;1
217853;-98420;54575;30712;1
227972;-98397;55208;30714;8
204753;-98333;53757;30718;1
220493;-98367;54740;30716;1
200883;-98394;53515;30714;2
204620;-98401;53748;30713;1
222077;-98373;54839;30715;8
215550;-98310;54431;30719;2
219540;-98414;54681;30713;8
226884;-98395;55140;30714;2
220162;-98403;54720;30713;2
208137;-98415;53968;30713;8
218695;-98425;54628;30712;8
209192;-98431;54034;30712;8
208900;-98416;54016;30713;1
217920;-98424;54580;30712;1
201499;-98308;53553;30719;4
228774;-98327;55258;30718;8
208912;-98408;54017;30713;4
212793;-98333;54259;30718;4
214306;-98432;54354;30712;2
216474;-98432;54489;30712;8
202194;-98316;53597;30719;2
198617;-98373;53373;30715;4
225387;-98421;55046;30712;2
200391;-98432;53484;30712;4
217514;-98366;54554;30716;8
214593;-98392;54372;30714;4
225410;-98330;55048;30718;8
216025;-98393;54461;30714;2
210176;-98364;54096;30716;2
200374;-98378;53483;30715;2
213858;-98356;54326;30716;1
225117;-98342;55029;30717;8
216395;-98372;54484;30715;1
208998;-98407;54022;30713;8
207669;-98312;53939;30719;1
214909;-98396;54391;30714;2
201920;-98432;53580;30712;4
220085;-98394;54715;30714;8
226689;-98371;55128;30715;1
215914;-98424;54454;30712;2
223814;-98387;54948;30714;8
218756;-98319;54632;30719;4
198756;-98354;53382;30716;2
205610;-98363;53810;30716;2
199206;-98382;53410;30715;1
209531;-98378;54055;30715;4
207069;-98424;53901;30712;8
225691;-98385;55065;30714;4
226372;-98336;55108;30718;2
215020;-98424;54398;30712;4
227280;-98392;55165;30714;2
209200;-98429;54035;30712;2
204726;-98376;53755;30715;4
226283;-98309;55102;30719;1
219019;-98313;54648;30719;1
225596;-98432;55059;30712;2
227065;-98400;55151;30714;8
209513;-98319;54054;30719;8
199804;-98426;53447;30712;4
211960;-98327;54207;30718;4
197252;-98413;53288;30713;2
200691;-98405;53503;30713;4
212319;-98348;54229;30717;1
220459;-98377;54738;30715;2
209417;-98383;54048;30715;1
201685;-98337;53565;30717;2
199826;-98416;53449;30713;2
223398;-98327;54922;30718;1
214480;-98338;54365;30717;8
198260;-98352;53351;30717;8
214103;-98352;54341;30717;1
223004;-98416;54897;30713;4
203381;-98396;53671;30714;8
221609;-98428;54810;30712;8
225008;-98426;55023;30712;8
213527;-98314;54305;30719;8
217784;-98394;54571;30714;8
215715;-98345;54442;30717;2
223083;-98308;54902;30719;1
197874;-98331;53327;30718;2
201275;-98369;53539;30715;8
222658;-98363;54876;30716;1
206628;-98341;53874;30717;1
205068;-98343;53776;30717;1
210294;-98400;54103;30714;2
220434;-98401;54737;30713;4
202082;-98317;53590;30719;4
198590;-98320;53371;30719;8
224817;-98330;55011;30718;1
218208;-98348;54598;30717;8
204005;-98382;53710;30715;4
215868;-98357;54451;30716;4
200974;-98403;53520;30713;2
223989;-98330;54959;30718;4
214488;-98401;54365;30713;4
210537;-98370;54118;30715;8
225536;-98353;55056;30716;4
208005;-98381;53960;30715;8
205769;-98420;53820;30712;2
217994;-98356;54584;30716;4
206520;-98384;53867;30715;2
227511;-98336;55179;30718;2
201593;-98326;53559;30718;8
224138;-98420;54968;30712;2
196628;-98327;53249;30718;1
223972;-98343;54958;30717;2
213424;-98417;54299;30712;2
198209;-98402;53348;30713;1
202315;-98418;53604;30712;8
201817;-98409;53573;30713;8
199611;-98354;53435;30716;2
226106;-98344;55091;30717;4
223912;-98399;54954;30714;8
202269;-98384;53601;30715;4
226104;-98423;55091;30712;2
198547;-98399;53369;30714;8
214312;-98327;54354;30718;4
205448;-98409;53800;30713;8
199974;-98316;53458;30719;1
218264;-98322;54601;30718;4
228337;-98330;55231;30718;1
197860;-98353;53326;30716;4
202546;-98346;53619;30717;4
226057;-98375;55088;30715;8
225295;-98391;55040;30714;4
215392;-98334;54422;30718;8
198874;-98306;53389;30719;2
209390;-98337;54046;30717;1
217619;-98419;54561;30712;4
198163;-98337;53345;30717;1
200633;-98413;53499;30713;2
216879;-98347;54514;30717;2
208693;-98362;54003;30716;8
224623;-98383;54998;30715;2
209274;-98419;54039;30712;1
197654;-98401;53313;30713;2
219529;-98361;54680;30716;2
210429;-98384;54111;30715;4
212210;-98429;54223;30712;1
202018;-98355;53586;30716;2
211077;-98331;54152;30718;2
210762;-98400;54132;30714;8
204992;-98404;53772;30713;2
228728;-98397;55255;30714;4
210042;-98372;54087;30715;2
225369;-98429;55045;30712;1
207986;-98308;53959;30719;8
208790;-98334;54009;30718;1
198232;-98426;53349;30712;2
207223;-98425;53911;30712;2
219400;-98425;54672;30712;2
196698;-98397;53253;30714;8
198695;-98393;53378;30714;4
201190;-98337;53534;30717;4
206536;-98351;53868;30717;8
218101;-98364;54591;30716;1
222757;-98309;54882;30719;4
208280;-98388;53977;30714;2
202369;-98389;53608;30714;1
216934;-98378;54518;30715;4
222903;-98406;54891;30713;8
204627;-98373;53749;30715;1
225337;-98357;55043;30716;8
215064;-98366;54401;30716;4
218712;-98367;54629;30716;8
207016;-98384;53898;30715;1
227181;-98307;55158;30719;1
222389;-98388;54859;30714;1
227627;-98315;55186;30719;4
220674;-98322;54752;30718;8
226283;-98391;55102;30714;8
211367;-98361;54170;30716;4
211042;-98419;54150;30712;8
226007;-98396;55085;30714;2
201330;-98340;53543;30717;1
200936;-98323;53518;30718;8
198306;-98408;53354;30713;8
226332;-98306;55105;30719;8
205391;-98379;53796;30715;2
227665;-98361;55189;30716;1
223375;-98432;54920;30712;8
220256;-98309;54726;30719;4
212692;-98422;54253;30712;4
220848;-98358;54763;30716;8
214353;-98375;54357;30715;4
198398;-98417;53359;30712;8
211631;-98367;54186;30716;2
205081;-98387;53777;30714;1
214341;-98327;54356;30718;8
197529;-98415;53305;30713;8
212531;-98329;54243;30718;2
213014;-98348;54273;30717;4
202247;-98372;53600;30715;2
203222;-98336;53661;30718;1
199313;-98312;53417;30719;8
203965;-98309;53707;30719;2
228027;-98347;55211;30717;4
215846;-98353;54450;30716;8
208254;-98421;53975;30712;2
224726;-98327;55005;30718;8
222207;-98379;54847;30715;8
209363;-98339;54045;30717;4
228065;-98348;55214;30717;8
226022;-98311;55086;30719;8
224430;-98396;54986;30714;1
226829;-98363;55136;30716;8
198716;-98411;53379;30713;8
221855;-98420;54825;30712;4
217951;-98339;54581;30717;4
213384;-98361;54296;30716;8
214957;-98368;54394;30716;8
207789;-98421;53946;30712;2
196857;-98409;53263;30713;1
209609;-98373;54060;30715;4
198334;-98373;53355;30715;2
201070;-98398;53526;30714;8
208688;-98346;54003;30717;2
212709;-98396;54254;30714;2
203079;-98366;53652;30716;2
209218;-98363;54036;30716;1
206516;-98339;53867;30717;1
203255;-98411;53663;30713;1
221933;-98352;54830;30717;4
214972;-98415;54395;30713;2
221780;-98316;54821;30719;8
201633;-98395;53562;30714;4
211094;-98381;54153;30715;8
196958;-98317;53269;30719;1
218915;-98312;54642;30719;4
228281;-98403;55227;30713;8
209537;-98409;54056;30713;1
216081;-98352;54465;30717;4
216917;-98340;54517;30717;4
213704;-98360;54316;30716;8
223684;-98325;54940;30718;2
219409;-98396;54673;30714;2
220519;-98312;54742;30719;2
218380;-98385;54608;30714;2
221557;-98431;54807;30712;8
206866;-98365;53889;30716;1
216853;-98353;54513;30716;1
224896;-98336;55016;30718;8
199233;-98382;53412;30715;8
220676;-98423;54752;30712;4
202327;-98414;53605;30713;4
226143;-98362;55093;30716;8
218818;-98423;54636;30712;2
203843;-98403;53700;30713;1
213417;-98308;54298;30719;2
212433;-98398;54237;30714;4
215221;-98391;54411;30714;2
203076;-98319;53652;30719;1
197829;-98360;53324;30716;1
202108;-98411;53591;30713;2
222465;-98367;54864;30716;1
203787;-98391;53696;30714;2
209492;-98335;54053;30718;8
210078;-98429;54089;30712;4
211468;-98366;54176;30716;4
225253;-98332;55038;30718;8
211009;-98386;54148;30714;2
207678;-98383;53939;30715;8
223379;-98343;54921;30717;4
204191;-98417;53721;30712;8
229109;-98391;55279;30714;4
209882;-98383;54077;30715;1
200748;-98344;53506;30717;2
223093;-98409;54903;30713;1
206390;-98360;53859;30716;8
206104;-98356;53841;30716;8
208463;-98334;53988;30718;2
220992;-98330;54772;30718;2
225797;-98329;55072;30718;1
216770;-98322;54508;30718;1
207310;-98324;53916;30718;4
210012;-98412;54085;30713;8
228896;-98424;55266;30712;1
226896;-98356;55141;30716;1
200935;-98308;53518;30719;1
224968;-98430;55020;30712;4
224281;-98320;54977;30719;2
215109;-98396;54404;30714;2
201978;-98414;53583;30713;2
211896;-98339;54203;30717;2
198447;-98341;53362;30717;8
211599;-98312;54184;30719;1
202495;-98417;53615;30712;8
219869;-98372;54701;30715;2
216619;-98394;54498;30714;1
214857;-98332;54388;30718;2
205676;-98358;53814;30716;2
201191;-98376;53534;30715;2
215816;-98316;54448;30719;8
223080;-98396;54902;30714;2
205013;-98327;53773;30718;8
223944;-98402;54956;30713;4
225694;-98364;55065;30716;4
221651;-98324;54813;30718;8
215583;-98373;54433;30715;2
227326;-98381;55167;30715;1
209315;-98407;54042;30713;2
197218;-98407;53286;30713;2
205238;-98370;53787;30715;1
227653;-98404;55188;30713;8
212635;-98374;54249;30715;1
220263;-98381;54726;30715;4
218857;-98380;54638;30715;2
228311;-98308;55229;30719;4
217732;-98386;54568;30714;8
216709;-98411;54504;30713;2
225404;-98324;55047;30718;8
216451;-98385;54488;30714;8
228608;-98358;55248;30716;1
200387;-98415;53484;30713;1
207982;-98384;53958;30715;1
210515;-98328;54117;30718;2
212502;-98320;54241;30719;1
210798;-98330;54134;30718;2
223499;-98356;54928;30716;2
225074;-98416;55027;30713;8
199291;-98308;53415;30719;4
223707;-98399;54941;30714;8
220195;-98359;54722;30716;1
214332;-98385;54355;30714;2
226867;-98334;55139;30718;2
225246;-98346;55037;30717;2
206858;-98357;53888;30716;8
197223;-98350;53286;30717;8
213279;-98376;54289;30715;8
203046;-98317;53650;30719;1
206697;-98374;53878;30715;8
202123;-98419;53592;30712;4
220856;-98319;54763;30719;2
228888;-98430;55265;30712;2
196736;-98335;53256;30718;2
225795;-98344;55072;30717;2
218302;-98341;54603;30717;8
227641;-98400;55187;30714;4
220184;-98343;54721;30717;1
219851;-98426;54700;30712;2
225596;-98426;55059;30712;8
196749;-98345;53256;30717;1
206981;-98341;53896;30717;1
214764;-98372;54382;30715;2
198054;-98400;53338;30714;4
198266;-98401;53351;30713;8
206784;-98400;53884;30714;2
197022;-98429;53273;30712;8
226180;-98348;55096;30717;1
209831;-98376;54074;30715;8
198274;-98381;53352;30715;4
222199;-98348;54847;30717;1
217028;-98427;54524;30712;4
197764;-98330;53320;30718;2
214117;-98342;54342;30717;1
211809;-98415;54198;30713;2
206737;-98385;53881;30714;1
197339;-98414;53293;30713;8
211225;-98430;54161;30712;1
222845;-98384;54887;30715;1
203606;-98330;53685;30718;8
199858;-98418;53451;30712;8
199971;-98425;53458;30712;2
205224;-98430;53786;30712;1
202546;-98327;53619;30718;8
203603;-98359;53685;30716;8
214667;-98334;54376;30718;1
226565;-98341;55120;30717;1
207393;-98422;53922;30712;4
208165;-98324;53970;30718;8
227465;-98406;55176;30713;8
216951;-98322;54519;30718;8
219701;-98349;54691;30717;8
196880;-98413;53265;30713;1
209089;-98369;54028;30715;4
197171;-98355;53283;30716;2
214857;-98415;54388;30713;4
197240;-98308;53287;30719;8
227561;-98387;55182;30714;8
217829;-98379;54574;30715;8
203034;-98416;53649;30713;1
218553;-98397;54619;30714;4
216668;-98348;54501;30717;1
205031;-98378;53774;30715;4
216902;-98353;54516;30716;2
219272;-98429;54664;30712;8
201132;-98317;53530;30719;4
197749;-98311;53319;30719;8
198192;-98390;53347;30714;1
218142;-98393;54593;30714;4
198833;-98361;53387;30716;4
220907;-98307;54766;30719;4
222287;-98326;54852;30718;8
218178;-98332;54596;30718;4
198541;-98419;53368;30712;2
220886;-98391;54765;30714;1
203085;-98344;53652;30717;2
207262;-98316;53913;30719;2
219889;-98324;54703;30718;4
205367;-98385;53795;30714;4
225610;-98307;55060;30719;4
211276;-98427;54164;30712;8
212201;-98307;54222;30719;1
217435;-98432;54549;30712;2
223961;-98307;54957;30719;2
224065;-98377;54964;30715;4
203683;-98377;53690;30715;4
215328;-98355;54418;30716;8
203752;-98393;53694;30714;2
210682;-98328;54127;30718;4
209310;-98382;54041;30715;4
223603;-98432;54935;30712;1
214825;-98395;54386;30714;2
206380;-98428;53858;30712;8
198009;-98333;53335;30718;4
224771;-98313;55008;30719;1
198836;-98378;53387;30715;4
212926;-98364;54267;30716;1
220936;-98406;54768;30713;2
218707;-98337;54629;30717;8
228147;-98371;55219;30715;8
205317;-98391;53792;30714;1
215413;-98357;54423;30716;8
203224;-98374;53661;30715;4
227696;-98412;55191;30713;2
205122;-98384;53780;30715;1
224532;-98382;54993;30715;2
215695;-98370;54440;30715;2
199249;-98345;53413;30717;4
222248;-98393;54850;30714;8
198652;-98426;53375;30712;4
223107;-98311;54904;30719;1
202422;-98324;53611;30718;2
226369;-98412;55108;30713;4
206741;-98401;53881;30713;2
221593;-98389;54809;30714;1
208844;-98312;54012;30719;8
218044;-98399;54587;30714;4
210165;-98343;54095;30717;2
212730;-98308;54255;30719;1
225521;-98313;55055;30719;2
208942;-98425;54018;30712;2
228058;-98373;55213;30715;4
202112;-98319;53592;30719;8
205775;-98394;53820;30714;4
220396;-98326;54734;30718;4
207000;-98424;53897;30712;4
198821;-98306;53386;30719;8
215720;-98404;54442;30713;2
210798;-98376;54134;30715;8
199765;-98411;53445;30713;4
226595;-98307;55122;30719;4
226555;-98363;55119;30716;8
212579;-98323;54246;30718;2
202894;-98330;53640;30718;4
203272;-98420;53664;30712;8
217418;-98403;54548;30713;2
217557;-98393;54557;30714;1
224925;-98411;55017;30713;8
203540;-98396;53681;30714;2
209185;-98357;54034;30716;4
199441;-98405;53425;30713;4
204104;-98372;53716;30715;4
227074;-98323;55152;30718;4
212086;-98311;54215;30719;1
228624;-98425;55249;30712;4
208855;-98353;54013;30716;4
209023;-98410;54023;30713;1
200171;-98360;53470;30716;4
227640;-98356;55187;30716;2
206968;-98344;53895;30717;1
208583;-98381;53996;30715;8
203784;-98316;53696;30719;1
208018;-98361;53961;30716;2
219751;-98378;54694;30715;2
204095;-98358;53715;30716;1
206553;-98352;53869;30717;8
213590;-98326;54309;30718;4
225741;-98314;55068;30719;2
208536;-98365;53993;30716;1
220842;-98307;54762;30719;8
218076;-98408;54589;30713;2
209305;-98371;54041;30715;1
226228;-98409;55099;30713;4
212041;-98371;54212;30715;2
223861;-98326;54951;30718;8
217989;-98401;54584;30713;8
197883;-98375;53327;30715;8
206768;-98360;53883;30716;8
208334;-98432;53980;30712;8
211472;-98365;54177;30716;2
200863;-98408;53513;30713;2
213516;-98428;54304;30712;2
215191;-98307;54409;30719;8
224532;-98371;54993;30715;2
202970;-98375;53645;30715;4
209817;-98428;54073;30712;2
227362;-98345;55170;30717;8
197794;-98355;53322;30716;1
223017;-98328;54898;30718;1
219816;-98331;54698;30718;1
201750;-98358;53569;30716;8
219431;-98370;54674;30715;1
209008;-98373;54023;30715;4
216316;-98376;54479;30715;8
224278;-98419;54977;30712;2
214221;-98357;54348;30716;8
220461;-98335;54738;30718;8
211063;-98360;54151;30716;2
217367;-98335;54545;30718;2
207428;-98353;53924;30716;8
220954;-98356;54769;30716;2
216808;-98340;54510;30717;1
196742;-98403;53256;30713;2
205283;-98332;53790;30718;8
212770;-98327;54258;30718;1
202900;-98389;53641;30714;1
214487;-98340;54365;30717;4
199568;-98311;53433;30719;1
227712;-98415;55192;30713;4
224876;-98315;55014;30719;1
197675;-98429;53314;30712;4
197082;-98346;53277;30717;4
222215;-98364;54848;30716;4
217767;-98315;54570;30719;8
218748;-98333;54631;30718;8
211615;-98307;54185;30719;4
228126;-98428;55217;30712;4
199300;-98409;53416;30713;1
211146;-98390;54156;30714;2
201259;-98383;53538;30715;4
212514;-98358;54242;30716;4
208745;-98424;54006;30712;8
200541;-98402;53493;30713;8
222012;-98415;54835;30713;8
212395;-98387;54234;30714;2
228338;-98386;55231;30714;2
227727;-98329;55192;30718;2
201347;-98409;53544;30713;2
223384;-98392;54921;30714;4
204505;-98307;53741;30719;2
213052;-98391;54275;30714;8
220953;-98400;54769;30714;1
213860;-98429;54326;30712;2
218844;-98366;54637;30716;4
208379;-98344;53983;30717;8
227159;-98358;55157;30716;1
205286;-98309;53790;30719;4
213607;-98382;54310;30715;2
217136;-98419;54531;30712;4
227620;-98371;55186;30715;1
204680;-98384;53752;30715;4
221980;-98376;54833;30715;2
226122;-98376;55092;30715;2
226783;-98378;55133;30715;4
219981;-98419;54708;30712;2
212497;-98373;54241;30715;2
213482;-98342;54302;30717;1
206137;-98358;53843;30716;4
201846;-98414;53575;30713;1
211014;-98419;54148;30712;8
210983;-98405;54146;30713;4
214465;-98416;54364;30713;1
211126;-98349;54155;30717;1
219199;-98370;54659;30715;8
216788;-98425;54509;30712;4
197347;-98381;53294;30715;1
217258;-98426;54538;30712;8
199311;-98360;53416;30716;1
217715;-98413;54567;30713;2
202945;-98324;53644;30718;8
203230;-98426;53661;30712;4
224193;-98354;54972;30716;8
202138;-98365;53593;30716;4
207576;-98367;53933;30716;2
228042;-98369;55212;30715;1
225436;-98404;55049;30713;4
201348;-98345;53544;30717;1
198702;-98317;53378;30719;2
225606;-98409;55060;30713;2
228878;-98359;55264;30716;4
211030;-98391;54149;30714;2
208697;-98379;54003;30715;2
209470;-98323;54051;30718;4
200219;-98402;53473;30713;2
216746;-98337;54506;30717;8
213188;-98351;54284;30717;2
222869;-98410;54889;30713;8
223034;-98395;54899;30714;4
211142;-98361;54156;30716;2
222921;-98349;54892;30717;4
209638;-98344;54062;30717;2
208074;-98357;53964;30716;8
211511;-98401;54179;30713;2
225097;-98352;55028;30717;8
218894;-98375;54640;30715;4
217399;-98413;54547;30713;8
212024;-98431;54211;30712;2
219006;-98377;54647;30715;4
213378;-98428;54296;30712;4
203586;-98406;53684;30713;8
200209;-98365;53473;30716;8
209431;-98358;54049;30716;1
210303;-98430;54103;30712;4
196659;-98407;53251;30713;2
197589;-98381;53309;30715;2
204586;-98314;53746;30719;4
199727;-98322;53442;30718;8
220262;-98361;54726;30716;8
204877;-98425;53764;30712;2
196656;-98343;53251;30717;1
203503;-98418;53678;30712;4
209316;-98365;54042;30716;2
221245;-98363;54787;30716;8
203858;-98375;53701;30715;1
227218;-98388;55161;30714;4
208538;-98409;53993;30713;1
202042;-98415;53587;30713;2
221127;-98314;54780;30719;2
210604;-98424;54122;30712;2
205820;-98422;53823;30712;8
216090;-98402;54465;30713;8
209440;-98406;54050;30713;8
211269;-98341;54164;30717;8
216447;-98358;54487;30716;8
218909;-98403;54641;30713;4
200331;-98328;53480;30718;4
213553;-98429;54307;30712;2
228360;-98421;55232;30712;4
218783;-98357;54633;30716;1
222262;-98358;54851;30716;1
215805;-98391;54447;30714;8
214551;-98385;54369;30714;2
207817;-98391;53948;30714;2
199920;-98339;53455;30717;8
214809;-98381;54385;30715;2
218435;-98323;54612;30718;8
203160;-98371;53657;30715;4
222361;-98394;54857;30714;8
208971;-98396;54020;30714;8
223060;-98424;54901;30712;1
216419;-98395;54486;30714;1
223544;-98418;54931;30712;1
199884;-98344;53452;30717;8
222146;-98328;54844;30718;4
208382;-98424;53983;30712;4
208906;-98420;54016;30712;2
223934;-98350;54955;30717;8
199698;-98314;53441;30719;2
204380;-98381;53733;30715;8
226836;-98316;55137;30719;8
221510;-98418;54804;30712;4
222692;-98363;54878;30716;1
201390;-98427;53546;30712;8
213120;-98404;54280;30713;4
206146;-98371;53844;30715;1
226028;-98313;55086;30719;4
221154;-98360;54782;30716;8
221060;-98394;54776;30714;1
199829;-98395;53449;30714;1
205119;-98378;53779;30715;8
221672;-98431;54814;30712;1
211273;-98365;54164;30716;8
217217;-98407;54536;30713;8
221487;-98323;54802;30718;2
201605;-98420;53560;30712;2
201868;-98374;53576;30715;4
223437;-98355;54924;30716;4
197787;-98350;53321;30717;8
213038;-98369;54274;30715;8
224914;-98344;55017;30717;4
219405;-98394;54672;30714;8
225445;-98422;55050;30712;4
210006;-98349;54085;30717;4
225957;-98314;55082;30719;8
221753;-98326;54819;30718;8
216114;-98326;54467;30718;8
207994;-98364;53959;30716;1
224763;-98424;55007;30712;4
201765;-98322;53570;30718;4
216805;-98323;54510;30718;1
219726;-98311;54692;30719;4
199433;-98384;53424;30715;2
202795;-98390;53634;30714;1
225615;-98402;55060;30713;4
207586;-98381;53934;30715;8
214463;-98348;54363;30717;4
227183;-98376;55158;30715;2
199522;-98423;53430;30712;1
206449;-98350;53863;30717;1
216045;-98380;54462;30715;8
227338;-98367;55168;30716;1
203834;-98424;53699;30712;2
196757;-98324;53257;30718;4
208894;-98318;54015;30719;8
202511;-98372;53616;30715;8
217609;-98334;54560;30718;4
221590;-98307;54809;30719;4
200005;-98431;53460;30712;4
205067;-98312;53776;30719;8
209853;-98424;54075;30712;1
203576;-98312;53683;30719;2
216352;-98415;54482;30713;4
229050;-98321;55275;30718;8
221130;-98392;54780;30714;8
215960;-98399;54457;30714;2
200677;-98348;53502;30717;8
205125;-98350;53780;30717;8
204119;-98400;53717;30714;2
205718;-98361;53817;30716;1
205059;-98415;53776;30713;2
217302;-98366;54541;30716;8
215852;-98429;54450;30712;2
222685;-98431;54877;30712;1
200576;-98357;53496;30716;8
199094;-98366;53403;30716;1
214808;-98319;54385;30719;1
210815;-98310;54135;30719;4
206108;-98405;53841;30713;8
201806;-98414;53572;30713;8
219968;-98430;54708;30712;8
226966;-98314;55145;30719;1
207888;-98397;53953;30714;4
210507;-98360;54116;30716;4
207128;-98342;53905;30717;1
213258;-98311;54288;30719;8
203808;-98352;53698;30717;4
205716;-98389;53817;30714;2
211633;-98332;54187;30718;1
200640;-98333;53500;30718;2
221398;-98333;54797;30718;1
204480;-98367;53740;30716;4
218648;-98380;54625;30715;1
212180;-98397;54221;30714;2
227455;-98386;55175;30714;1
197668;-98399;53314;30714;1
225535;-98411;55055;30713;2
223377;-98324;54921;30718;1
210828;-98347;54136;30717;8
213797;-98307;54322;30719;1
227652;-98319;55188;30719;1
221928;-98404;54830;30713;2
226850;-98402;55138;30713;1
222696;-98324;54878;30718;4
197759;-98411;53319;30713;4
210462;-98316;54113;30719;8
197685;-98377;53315;30715;2
205822;-98373;53823;30715;2
210143;-98395;54093;30714;1
217018;-98386;54523;30714;8
209332;-98352;54043;30717;1
228621;-98370;55248;30715;1
209612;-98418;54060;30712;2
204254;-98311;53725;30719;8
209921;-98348;54080;30717;1
223719;-98387;54942;30714;8
203017;-98357;53648;30716;8
208640;-98405;54000;30713;1
223763;-98323;54945;30718;8
204750;-98412;53756;30713;1
228845;-98376;55262;30715;8
211381;-98367;54171;30716;2
222078;-98402;54839;30713;8
216659;-98427;54501;30712;4
203232;-98321;53662;30718;2
227574;-98385;55183;30714;8
214457;-98426;54363;30712;4
221007;-98404;54772;30713;1
219653;-98400;54688;30714;2
214629;-98405;54374;30713;1
200922;-98339;53517;30717;2
205775;-98379;53820;30715;2
227965;-98384;55207;30715;8
219515;-98311;54679;30719;1
226796;-98353;55134;30716;8
225509;-98349;55054;30717;2
223577;-98380;54933;30715;2
223344;-98356;54919;30716;2
202714;-98431;53629;30712;2
220961;-98415;54770;30713;8
215930;-98410;54455;30713;8
228091;-98393;55215;30714;8
207020;-98415;53898;30713;2
197646;-98417;53312;30712;2
208662;-98354;54001;30716;1
200479;-98425;53489;30712;2
205696;-98326;53816;30718;8
215071;-98353;54401;30716;4
203140;-98424;53656;30712;8
197916;-98314;53329;30719;2
205346;-98309;53794;30719;1
212741;-98353;54256;30716;2
216333;-98328;54480;30718;4
219557;-98393;54682;30714;2
219776;-98351;54696;30717;1
209233;-98354;54037;30716;2
204754;-98403;53757;30713;1
201702;-98348;53566;30717;8
224316;-98309;54979;30719;8
208835;-98323;54012;30718;1
202595;-98420;53622;30712;2
225465;-98377;55051;30715;4
222166;-98382;54845;30715;1
228676;-98350;55252;30717;1
197209;-98400;53285;30714;4
221687;-98412;54815;30713;2
212171;-98333;54220;30718;1
225672;-98416;55064;30713;4
201526;-98363;53555;30716;8
224202;-98357;54972;30716;2
215570;-98365;54433;30716;2
204936;-98338;53768;30717;1
200898;-98417;53516;30712;2
210055;-98311;54088;30719;1
203080;-98402;53652;30713;2
211360;-98344;54170;30717;8
222534;-98333;54868;30718;2
201930;-98412;53580;30713;8
210166;-98376;54095;30715;4
206603;-98358;53872;30716;4
212925;-98427;54267;30712;2
204785;-98383;53759;30715;4
222254;-98413;54850;30713;8
213376;-98412;54296;30713;2
212319;-98314;54229;30719;8
226554;-98377;55119;30715;8
210427;-98334;54111;30718;1
196812;-98358;53260;30716;1
221070;-98389;54776;30714;2
224869;-98416;55014;30713;2
201927;-98385;53580;30714;2
223559;-98410;54932;30713;1
224815;-98423;55010;30712;8
211668;-98362;54189;30716;8
225893;-98368;55078;30716;2
201295;-98329;53540;30718;4
212375;-98411;54233;30713;8
220805;-98313;54760;30719;1
219011;-98319;54648;30719;8
218576;-98400;54621;30714;8
201540;-98328;53556;30718;8
227956;-98423;55207;30712;4
214356;-98359;54357;30716;8
217004;-98356;54522;30716;2
219900;-98416;54703;30713;1
227257;-98408;55163;30713;1
213445;-98336;54300;30718;2
199230;-98427;53411;30712;2
226259;-98356;55101;30716;4
208013;-98415;53960;30713;8
219301;-98317;54666;30719;8
207941;-98408;53956;30713;4
214853;-98372;54388;30715;2
202383;-98310;53608;30719;2
202328;-98354;53605;30716;2
220523;-98342;54742;30717;4
213630;-98382;54311;30715;4
217319;-98339;54542;30717;8
209922;-98429;54080;30712;1
198309;-98341;53354;30717;2
219817;-98431;54698;30712;8
227545;-98361;55181;30716;4
197567;-98316;53307;30719;8
218713;-98359;54629;30716;4
201487;-98406;53552;30713;2
211725;-98361;54192;30716;1
213356;-98424;54294;30712;8
221346;-98327;54794;30718;2
228872;-98384;55264;30715;4
228003;-98376;55210;30715;1
208284;-98405;53977;30713;2
219965;-98428;54707;30712;4
227209;-98390;55160;30714;2
223975;-98400;54958;30714;1
219950;-98307;54706;30719;1
213650;-98418;54313;30712;8
220308;-98311;54729;30719;4
200445;-98368;53487;30716;2
217307;-98369;54541;30715;8
222813;-98390;54885;30714;1
223815;-98351;54948;30717;2
201593;-98321;53559;30718;4
225505;-98418;55054;30712;1
201168;-98356;53533;30716;4
205807;-98392;53822;30714;4
212848;-98380;54263;30715;1
198795;-98343;53384;30717;4
207584;-98310;53934;30719;4
208321;-98398;53980;30714;4
227410;-98421;55173;30712;1
221588;-98329;54809;30718;1
214964;-98325;54395;30718;8
219883;-98381;54702;30715;1
197655;-98390;53313;30714;4
206938;-98418;53893;30712;2
223532;-98374;54930;30715;1
210747;-98350;54131;30717;8
207835;-98391;53949;30714;4
211866;-98378;54201;30715;8
199290;-98335;53415;30718;2
219330;-98365;54668;30716;8
212265;-98405;54226;30713;2
219431;-98328;54674;30718;8
205578;-98420;53808;30712;8
218904;-98355;54641;30716;4
221968;-98397;54833;30714;4
224692;-98428;55003;30712;1
226253;-98312;55100;30719;1
228017;-98390;55211;30714;1
214675;-98383;54377;30715;4
198931;-98345;53393;30717;1
207075;-98400;53902;30714;1
208165;-98318;53970;30719;4
206659;-98307;53876;30719;4
204062;-98354;53713;30716;2
216468;-98328;54489;30718;2
226968;-98351;55145;30717;1
209864;-98384;54076;30715;2
228858;-98425;55263;30712;8
221429;-98333;54799;30718;8
217796;-98401;54572;30713;2
220655;-98353;54750;30716;4
223505;-98402;54929;30713;1
213660;-98312;54313;30719;1
221449;-98425;54800;30712;8
208953;-98353;54019;30716;2
224231;-98404;54974;30713;2
206741;-98312;53881;30719;4
202562;-98354;53620;30716;1
225308;-98384;55041;30715;8
214092;-98330;54340;30718;4
217538;-98325;54556;30718;1
199177;-98390;53408;30714;4
196708;-98388;53254;30714;4
212058;-98375;54213;30715;1
212131;-98323;54218;30718;1
210436;-98326;54112;30718;4
220623;-98427;54748;30712;1
226244;-98324;55100;30718;8
228038;-98418;55212;30712;1
221889;-98308;54828;30719;8
214162;-98408;54345;30713;4
215191;-98317;54409;30719;4
221413;-98425;54798;30712;2
204914;-98332;53767;30718;8
215511;-98382;54429;30715;2
197672;-98427;53314;30712;8
208805;-98366;54010;30716;4
224601;-98361;54997;30716;8
227617;-98322;55186;30718;4
206612;-98369;53873;30715;1
207627;-98343;53936;30717;8
222831;-98366;54886;30716;8
223564;-98357;54932;30716;8
207223;-98377;53911;30715;4
212326;-98380;54230;30715;8
210244;-98340;54100;30717;2
211597;-98345;54184;30717;8
220056;-98360;54713;30716;2
206106;-98311;53841;30719;1
210955;-98323;54144;30718;8
199572;-98336;53433;30718;8
202232;-98399;53599;30714;8
207752;-98315;53944;30719;4
199599;-98408;53434;30713;1
201355;-98399;53544;30714;1
217297;-98349;54541;30717;4
212847;-98313;54262;30719;4
213271;-98350;54289;30717;1
225891;-98419;55078;30712;8
199910;-98310;53454;30719;2
226745;-98312;55131;30719;4
201813;-98333;53573;30718;2
212553;-98377;54244;30715;8
221646;-98363;54812;30716;2
221259;-98363;54788;30716;2
212848;-98408;54263;30713;4
222593;-98354;54872;30716;1
221292;-98383;54790;30715;8
207537;-98373;53931;30715;2
201927;-98346;53580;30717;8
228341;-98326;55231;30718;4
210314;-98353;54104;30716;4
215114;-98399;54404;30714;4
210998;-98367;54147;30716;8
212329;-98388;54230;30714;2
224279;-98396;54977;30714;8
203621;-98412;53686;30713;8
210785;-98313;54134;30719;8
219874;-98383;54702;30715;8
201188;-98353;53534;30716;4
209709;-98344;54066;30717;1
217660;-98306;54563;30719;4
207820;-98308;53948;30719;2
219493;-98387;54678;30714;8
199131;-98386;53405;30714;2
207861;-98361;53951;30716;2
228935;-98382;55268;30715;4
199613;-98362;53435;30716;4
197266;-98333;53289;30718;4
223832;-98340;54949;30717;8
227576;-98326;55183;30718;4
221417;-98405;54798;30713;1
215601;-98418;54435;30712;4
198890;-98430;53390;30712;1
212100;-98379;54216;30715;8
206731;-98429;53880;30712;2
212160;-98337;54220;30717;8
211526;-98349;54180;30717;1
221231;-98365;54786;30716;1
227928;-98370;55205;30715;4
202355;-98373;53607;30715;2
219698;-98335;54691;30718;4
209543;-98403;54056;30713;1
204792;-98381;53759;30715;4
220683;-98337;54752;30717;2
213920;-98385;54330;30714;2
227648;-98325;55188;30718;2
216561;-98423;54495;30712;4
201482;-98408;53552;30713;8
204303;-98345;53728;30717;4
220573;-98403;54745;30713;4
208063;-98368;53963;30716;2
211093;-98400;54153;30714;8
217997;-98313;54584;30719;1
212900;-98390;54266;30714;2
197099;-98331;53278;30718;1
218550;-98408;54619;30713;2
205211;-98356;53785;30716;8
216380;-98360;54483;30716;1
214988;-98317;54396;30719;1
216535;-98343;54493;30717;4
198479;-98381;53364;30715;1
203361;-98423;53670;30712;8
222576;-98369;54871;30715;8
209561;-98332;54057;30718;4
218259;-98389;54601;30714;2
207946;-98377;53956;30715;8
208376;-98422;53983;30712;1
204184;-98353;53721;30716;2
218397;-98345;54609;30717;1
221172;-98417;54783;30712;4
204469;-98311;53739;30719;2
206807;-98391;53885;30714;4
216116;-98355;54467;30716;8
210560;-98365;54120;30716;8
209362;-98384;54045;30715;2
204806;-98366;53760;30716;1
216055;-98378;54463;30715;1
218550;-98397;54619;30714;2
219062;-98364;54651;30716;4
218555;-98403;54619;30713;2
225659;-98431;55063;30712;2
221397;-98345;54797;30717;1
203264;-98313;53664;30719;4
197378;-98411;53296;30713;4
222145;-98352;54844;30717;8
201694;-98331;53565;30718;2
218873;-98328;54639;30718;4
204732;-98326;53755;30718;4
210621;-98310;54123;30719;2
203568;-98330;53683;30718;1
210797;-98377;54134;30715;1
216777;-98307;54508;30719;4
219348;-98401;54669;30713;1
217383;-98346;54546;30717;4
208072;-98369;53964;30715;2
198515;-98427;53367;30712;1
203796;-98409;53697;30713;8
227668;-98367;55189;30716;2
219017;-98426;54648;30712;8
216556;-98382;54494;30715;2
224126;-98379;54967;30715;4
211357;-98341;54169;30717;1
227359;-98383;55169;30715;8
207486;-98411;53927;30713;4
213154;-98381;54282;30715;8
218891;-98370;54640;30715;1
204195;-98356;53722;30716;4
206561;-98320;53870;30719;8
209977;-98310;54083;30719;8
220149;-98397;54719;30714;1
200211;-98358;53473;30716;1
198439;-98389;53362;30714;4
210364;-98306;54107;30719;1
228548;-98316;55244;30719;2
225232;-98374;55037;30715;1
226826;-98387;55136;30714;2
197198;-98312;53284;30719;2
202695;-98377;53628;30715;2
224931;-98344;55018;30717;4
207883;-98335;53952;30718;8
224750;-98357;55006;30716;2
217177;-98402;54533;30713;8
218188;-98431;54596;30712;2
212141;-98342;54218;30717;1
214412;-98385;54360;30714;1
208976;-98327;54021;30718;8
211460;-98380;54176;30715;8
211281;-98332;54165;30718;4
204024;-98402;53711;30713;1
223817;-98336;54948;30718;1
215972;-98428;54458;30712;2
202564;-98413;53620;30713;8
226169;-98402;55095;30713;8
196927;-98419;53267;30712;2
223911;-98343;54954;30717;4
198356;-98407;53357;30713;8
218349;-98323;54606;30718;2
198964;-98412;53395;30713;2
211326;-98360;54167;30716;4
209613;-98388;54060;30714;8
210107;-98412;54091;30713;1
214438;-98342;54362;30717;2
218075;-98315;54589;30719;8
221389;-98430;54796;30712;2
227105;-98331;55154;30718;4
208250;-98422;53975;30712;1
221318;-98344;54792;30717;2
209906;-98423;54079;30712;2
220683;-98334;54752;30718;2
224219;-98346;54973;30717;2
200918;-98374;53517;30715;1
197935;-98307;53330;30719;2
208786;-98317;54009;30719;1
212246;-98319;54225;30719;8
215315;-98338;54417;30717;8
217822;-98310;54573;30719;1
205731;-98377;53818;30715;2
212153;-98385;54219;30714;8
219365;-98351;54670;30717;1
221871;-98331;54826;30718;2
209519;-98330;54054;30718;1
207190;-98370;53909;30715;8
215010;-98317;54398;30719;8
213992;-98358;54334;30716;4
224965;-98336;55020;30718;2
227466;-98374;55176;30715;8
213488;-98335;54303;30718;8
216889;-98378;54515;30715;2
227810;-98373;55198;30715;8
198039;-98329;53337;30718;2
219115;-98323;54654;30718;1
216788;-98410;54509;30713;1
222424;-98320;54861;30719;1
216350;-98335;54481;30718;4
219474;-98342;54677;30717;2
215036;-98406;54399;30713;2
227589;-98328;55184;30718;2
226521;-98422;55117;30712;2
227444;-98318;55175;30719;2
224249;-98306;54975;30719;2
218123;-98404;54592;30713;4
197225;-98407;53286;30713;4
220080;-98346;54715;30717;8
197013;-98325;53273;30718;4
196971;-98313;53270;30719;8
221845;-98372;54825;30715;4
217687;-98350;54565;30717;4
218369;-98399;54608;30714;1
204309;-98336;53729;30718;8
200531;-98348;53493;30717;8
200556;-98319;53494;30719;2
212073;-98348;54214;30717;4
223513;-98429;54929;30712;1
213334;-98381;54293;30715;4
203746;-98350;53694;30717;4
224078;-98315;54964;30719;1
228874;-98362;55264;30716;8
201706;-98378;53566;30715;4
212580;-98331;54246;30718;2
223877;-98375;54952;30715;8
200733;-98311;53505;30719;4
199235;-98364;53412;30716;8
217291;-98319;54540;30719;4
215313;-98367;54417;30716;2
212148;-98405;54219;30713;8
209983;-98425;54083;30712;4
197662;-98428;53313;30712;8
209142;-98415;54031;30713;4
226708;-98358;55129;30716;4
198740;-98423;53381;30712;8
216144;-98412;54469;30713;8
197247;-98318;53287;30719;8
200460;-98353;53488;30716;1
212997;-98427;54272;30712;4
198353;-98377;53357;30715;2
212916;-98359;54267;30716;8
213611;-98411;54310;30713;1
208320;-98346;53980;30717;1
205524;-98357;53805;30716;1
207005;-98398;53897;30714;4
221848;-98403;54825;30713;8
199953;-98308;53457;30719;8
200487;-98382;53490;30715;4
206718;-98415;53879;30713;4
222224;-98356;54849;30716;2
225123;-98351;55030;30717;8
203367;-98409;53670;30713;1
220351;-98362;54731;30716;1
212028;-98327;54211;30718;2
227422;-98352;55173;30717;1
219038;-98410;54649;30713;4
197699;-98332;53316;30718;8
208143;-98308;53968;30719;4
208026;-98320;53961;30719;4
218665;-98400;54626;30714;1
219610;-98416;54685;30713;4
222321;-98366;54855;30716;8
198823;-98345;53386;30717;4
220265;-98358;54726;30716;8
212778;-98347;54258;30717;4
214769;-98422;54383;30712;4
217472;-98373;54552;30715;8
222513;-98411;54867;30713;2
219823;-98341;54698;30717;8
216301;-98391;54478;30714;8
227937;-98325;55206;30718;8
212153;-98405;54219;30713;4
198986;-98397;53396;30714;8
211469;-98335;54176;30718;4
200514;-98365;53492;30716;4
226089;-98366;55090;30716;1
220637;-98420;54749;30712;2
200184;-98413;53471;30713;2
226329;-98424;55105;30712;8
202410;-98328;53610;30718;8
218454;-98428;54613;30712;1
199620;-98422;53436;30712;8
214264;-98361;54351;30716;2
216097;-98321;54466;30718;8
216321;-98395;54480;30714;4
217601;-98411;54560;30713;8
197525;-98402;53305;30713;4
196863;-98392;53263;30714;8
221301;-98419;54791;30712;4
219987;-98392;54709;30714;1
206889;-98353;53890;30716;8
223574;-98394;54933;30714;1
217248;-98363;54538;30716;2
207960;-98422;53957;30712;1
228491;-98312;55240;30719;2
210087;-98423;54090;30712;4
225089;-98409;55028;30713;8
222865;-98306;54889;30719;4
223158;-98312;54907;30719;2
225543;-98411;55056;30713;1
213695;-98428;54315;30712;4
208939;-98370;54018;30715;2
211229;-98385;54161;30714;1
215114;-98351;54404;30717;1
226361;-98399;55107;30714;4
214955;-98345;54394;30717;4
225969;-98409;55083;30713;1
224345;-98328;54981;30718;8
211070;-98416;54151;30713;2
200878;-98360;53514;30716;8
212876;-98344;54264;30717;8
204907;-98389;53766;30714;1
228567;-98377;55245;30715;1
228534;-98344;55243;30717;4
227147;-98412;55156;30713;8
215916;-98363;54454;30716;4
219519;-98428;54679;30712;2
219586;-98334;54684;30718;4
228589;-98387;55246;30714;1
206762;-98330;53882;30718;1
227540;-98316;55181;30719;2
225309;-98393;55041;30714;2
214560;-98397;54370;30714;2
200529;-98425;53493;30712;4
217797;-98338;54572;30717;2
209740;-98308;54068;30719;4
209238;-98334;54037;30718;2
213400;-98314;54297;30719;4
204087;-98322;53715;30718;2
229031;-98371;55274;30715;8
221154;-98423;54782;30712;1
202788;-98365;53634;30716;4
213535;-98373;54305;30715;2
226166;-98331;55095;30718;2
203269;-98422;53664;30712;4
220067;-98343;54714;30717;4
206254;-98352;53850;30717;4
217372;-98423;54545;30712;2
203453;-98316;53675;30719;8
204547;-98312;53744;30719;1
217561;-98351;54557;30717;8
228517;-98416;55242;30713;4
208303;-98352;53978;30717;4
228480;-98320;55240;30719;2
221969;-98345;54833;30717;8
219581;-98368;54683;30716;4
202044;-98307;53587;30719;4
197964;-98398;53332;30714;2
215648;-98341;54438;30717;8
213884;-98382;54327;30715;2
197601;-98376;53310;30715;2
224105;-98422;54966;30712;4
216881;-98400;54515;30714;1
207557;-98360;53932;30716;4
211534;-98352;54180;30717;2
201702;-98355;53566;30716;1
209312;-98330;54042;30718;1
197158;-98362;53282;30716;4
227634;-98365;55187;30716;4
212908;-98319;54266;30719;2
204714;-98385;53754;30714;8
211009;-98342;54148;30717;8
201303;-98410;53541;30713;8
215944;-98337;54456;30717;2
197653;-98320;53313;30719;4
207361;-98336;53920;30718;2
207069;-98357;53901;30716;1
204758;-98419;53757;30712;4
203616;-98365;53686;30716;8
203162;-98332;53657;30718;1
224146;-98429;54969;30712;2
203545;-98326;53681;30718;8
202462;-98314;53613;30719;8
200077;-98429;53464;30712;8
212721;-98427;54255;30712;4
225892;-98394;55078;30714;2
215284;-98309;54415;30719;2
202967;-98426;53645;30712;2
203835;-98409;53699;30713;8
226409;-98364;55110;30716;8
226754;-98321;55132;30718;2
212257;-98378;54226;30715;8
211988;-98390;54209;30714;2
205295;-98366;53790;30716;1
226916;-98426;55142;30712;8
210950;-98379;54144;30715;2
208166;-98334;53970;30718;2
202391;-98356;53609;30716;2
204079;-98430;53714;30712;1
197473;-98413;53302;30713;8
226509;-98309;55116;30719;1
206484;-98420;53865;30712;1
209403;-98393;54047;30714;1
221091;-98383;54778;30715;2
225232;-98363;55037;30716;4
226042;-98356;55087;30716;2
219991;-98311;54709;30719;8
205155;-98417;53782;30712;1
220370;-98330;54733;30718;1
225420;-98394;55048;30714;4
216051;-98355;54463;30716;2
212822;-98366;54261;30716;1
218760;-98395;54632;30714;2
217014;-98378;54523;30715;1
224878;-98388;55014;30714;2
212514;-98334;54242;30718;1
212664;-98396;54251;30714;1
225664;-98353;55064;30716;8
222644;-98368;54875;30716;1
204162;-98423;53720;30712;8
226384;-98429;55109;30712;4
221901;-98423;54828;30712;4
220417;-98379;54736;30715;2
217772;-98361;54570;30716;8
211861;-98316;54201;30719;1
197404;-98366;53297;30716;4
208316;-98381;53979;30715;2
224116;-98429;54967;30712;1
226398;-98366;55109;30716;8
210312;-98380;54104;30715;8
213795;-98312;54322;30719;4
213473;-98308;54302;30719;4
212029;-98346;54211;30717;1
214636;-98325;54374;30718;1
217023;-98337;54523;30717;1
211941;-98344;54206;30717;4
198325;-98415;53355;30713;8
215797;-98374;54447;30715;2
224573;-98336;54995;30718;4
225857;-98332;55076;30718;4
216964;-98389;54520;30714;8
223360;-98341;54920;30717;4
224999;-98413;55022;30713;2
196944;-98420;53269;30712;1
201150;-98380;53531;30715;4
227980;-98321;55208;30718;1
211461;-98418;54176;30712;2
200889;-98431;53515;30712;2
223460;-98432;54926;30712;8
202634;-98379;53624;30715;8
205634;-98409;53812;30713;8
212047;-98325;54212;30718;4
215947;-98313;54456;30719;2
204792;-98415;53759;30713;1
199584;-98383;53434;30715;8
218857;-98344;54638;30717;4
222340;-98391;54856;30714;1
224948;-98337;55019;30717;1
204366;-98306;53732;30719;4
224071;-98330;54964;30718;4
212333;-98363;54230;30716;2
207226;-98336;53911;30718;8
197159;-98315;53282;30719;1
209541;-98397;54056;30714;8
223479;-98415;54927;30713;1
219377;-98426;54671;30712;8
199390;-98419;53421;30712;4
213635;-98360;54312;30716;2
211779;-98362;54196;30716;2
204249;-98358;53725;30716;8
204288;-98339;53728;30717;1
212222;-98347;54223;30717;4
201786;-98369;53571;30715;4
216469;-98423;54489;30712;8
213877;-98416;54327;30713;1
201547;-98428;53556;30712;4
202208;-98382;53598;30715;1
227909;-98323;55204;30718;4
203160;-98370;53657;30715;2
198994;-98310;53397;30719;8
215534;-98333;54430;30718;2
223534;-98403;54930;30713;8
203816;-98338;53698;30717;2
215366;-98356;54420;30716;4
210759;-98306;54132;30719;2
218718;-98336;54629;30718;4
219910;-98420;54704;30712;2
201451;-98319;53550;30719;8
222851;-98428;54888;30712;1
210252;-98394;54100;30714;8
227217;-98408;55161;30713;4
220214;-98369;54723;30715;2
213913;-98424;54329;30712;4
216952;-98336;54519;30718;4
220880;-98383;54765;30715;4
205537;-98420;53806;30712;4
212206;-98365;54222;30716;2
212092;-98307;54215;30719;4
228251;-98396;55225;30714;8
198928;-98379;53393;30715;1
199928;-98371;53455;30715;4
219387;-98391;54671;30714;8
213434;-98399;54299;30714;4
228670;-98370;55251;30715;4
205191;-98371;53784;30715;4
202833;-98308;53637;30719;2
200767;-98382;53507;30715;4
204399;-98356;53734;30716;2
196667;-98417;53251;30712;8
209148;-98387;54031;30714;2
213901;-98337;54328;30717;2
209302;-98337;54041;30717;2
198381;-98429;53358;30712;4
207079;-98394;53902;30714;4
203948;-98320;53706;30719;2
205477;-98382;53802;30715;8
204886;-98349;53765;30717;1
214080;-98409;54340;30713;8
208281;-98317;53977;30719;8
218086;-98306;54590;30719;4
229064;-98374;55276;30715;4
214710;-98330;54379;30718;4
216460;-98426;54488;30712;2
227282;-98322;55165;30718;4
203817;-98311;53698;30719;4
210728;-98408;54130;30713;2
210184;-98394;54096;30714;8
203036;-98394;53649;30714;2
221625;-98426;54811;30712;4
211808;-98377;54198;30715;4
207144;-98394;53906;30714;8
224157;-98355;54969;30716;1
226683;-98385;55127;30714;8
198318;-98350;53354;30717;4
199455;-98306;53425;30719;4
200251;-98372;53475;30715;8
208395;-98374;53984;30715;4
208753;-98429;54007;30712;2
225878;-98353;55077;30716;8
206183;-98365;53846;30716;4
222534;-98388;54868;30714;2
223761;-98311;54945;30719;1
225267;-98402;55039;30713;2
227783;-98311;55196;30719;8
219892;-98425;54703;30712;2
209796;-98383;54072;30715;4
213286;-98348;54290;30717;8
217240;-98384;54537;30715;1
226645;-98411;55125;30713;2
224404;-98333;54985;30718;2
201895;-98378;53578;30715;8
225550;-98363;55056;30716;2
199395;-98339;53422;30717;4
215978;-98347;54458;30717;8
223836;-98425;54949;30712;4
213831;-98345;54324;30717;2
197153;-98323;53282;30718;2
219994;-98336;54709;30718;2
218733;-98427;54630;30712;4
210294;-98398;54103;30714;8
199936;-98356;53456;30716;1
224239;-98322;54974;30718;4
207897;-98389;53953;30714;8
202133;-98385;53593;30714;2
210515;-98383;54117;30715;4
218175;-98361;54595;30716;8
228382;-98366;55233;30716;8
203755;-98370;53694;30715;2
226730;-98351;55130;30717;8
228728;-98420;55255;30712;4
197372;-98369;53295;30715;1
216416;-98412;54486;30713;1
198932;-98411;53393;30713;2
207598;-98380;53934;30715;8
228826;-98391;55261;30714;8
214127;-98401;54342;30713;2
224691;-98358;55003;30716;2
197747;-98340;53319;30717;8
214633;-98415;54374;30713;4
212920;-98388;54267;30714;2
205237;-98418;53787;30712;8
199769;-98339;53445;30717;2
224621;-98366;54998;30716;1
220809;-98334;54760;30718;2
223785;-98351;54946;30717;8
221958;-98346;54832;30717;8
212723;-98357;54255;30716;8
213463;-98412;54301;30713;2
201053;-98320;53525;30719;8
202169;-98365;53595;30716;8
213118;-98344;54279;30717;2
226008;-98337;55085;30717;4
213208;-98408;54285;30713;2
225959;-98351;55082;30717;1
201854;-98335;53575;30718;2
228295;-98354;55228;30716;1
201188;-98378;53534;30715;4
206630;-98376;53874;30715;4
199177;-98387;53408;30714;8
199122;-98375;53405;30715;2
218042;-98323;54587;30718;1
219448;-98339;54675;30717;2
211517;-98422;54179;30712;4
206227;-98312;53849;30719;8
212114;-98368;54217;30716;8
218869;-98425;54639;30712;1
206775;-98414;53883;30713;8
204360;-98377;53732;30715;8
222639;-98348;54874;30717;4
198125;-98415;53342;30713;8
214902;-98329;54391;30718;8
226997;-98375;55147;30715;2
217711;-98389;54566;30714;8
198121;-98397;53342;30714;8
216135;-98430;54468;30712;8
225907;-98364;55079;30716;4
219273;-98360;54664;30716;1
222335;-98341;54855;30717;1
228633;-98403;55249;30713;1
217942;-98345;54581;30717;1
211808;-98344;54198;30717;2
215136;-98319;54406;30719;8
199706;-98398;53441;30714;2
228601;-98327;55247;30718;4
219023;-98425;54648;30712;8
222918;-98422;54892;30712;4
212417;-98392;54236;30714;1
211761;-98418;54195;30712;8
197214;-98382;53285;30715;2
205422;-98329;53798;30718;1
201101;-98364;53528;30716;8
198698;-98374;53378;30715;1
209501;-98322;54053;30718;4
206900;-98419;53891;30712;1
209026;-98375;54024;30715;4
206507;-98325;53866;30718;8
220466;-98432;54739;30712;4
218124;-98403;54592;30713;1
210117;-98317;54092;30719;1
215000;-98419;54397;30712;8
225537;-98353;55056;30716;1
208003;-98347;53960;30717;1
199525;-98352;53430;30717;2
205225;-98340;53786;30717;4
197109;-98431;53279;30712;4
197143;-98309;53281;30719;1
221052;-98370;54775;30715;8
203382;-98375;53671;30715;8
196980;-98387;53271;30714;8
211111;-98372;54154;30715;2
202577;-98408;53621;30713;2
225045;-98370;55025;30715;1
221690;-98356;54815;30716;8
224661;-98361;55001;30716;1
221841;-98396;54825;30714;4
203787;-98363;53696;30716;8
214958;-98429;54394;30712;4
200494;-98406;53490;30713;1
206547;-98413;53869;30713;1
214215;-98341;54348;30717;1
213061;-98332;54276;30718;4
210870;-98358;54139;30716;8
213365;-98425;54295;30712;8
207037;-98382;53899;30715;2
217032;-98421;54524;30712;1
200091;-98307;53465;30719;4
211093;-98367;54153;30716;2
213817;-98430;54323;30712;4
221106;-98312;54779;30719;4
228337;-98349;55231;30717;8
207790;-98322;53946;30718;4
200635;-98364;53499;30716;1
220697;-98347;54753;30717;4
218379;-98398;54608;30714;2
199728;-98331;53443;30718;4
205044;-98347;53775;30717;8
211305;-98335;54166;30718;2
199386;-98398;53421;30714;2
199632;-98325;53437;30718;8
202333;-98431;53605;30712;1
209467;-98424;54051;30712;8
200780;-98423;53508;30712;8
208403;-98402;53985;30713;4
214805;-98329;54385;30718;4
224298;-98401;54978;30713;8
200757;-98342;53507;30717;4
206989;-98317;53896;30719;2
202609;-98307;53623;30719;4
211836;-98405;54199;30713;2
216178;-98307;54471;30719;1
217190;-98356;54534;30716;1
224553;-98341;54994;30717;8
226970;-98393;55145;30714;8
207061;-98308;53901;30719;4
220903;-98375;54766;30715;8
217082;-98328;54527;30718;8
212525;-98366;54242;30716;4
223075;-98416;54902;30713;4
197335;-98363;53293;30716;8
212796;-98398;54259;30714;1
204794;-98358;53759;30716;2
216419;-98330;54486;30718;4
217830;-98412;54574;30713;1
205301;-98404;53791;30713;2
209926;-98368;54080;30716;1
209826;-98357;54074;30716;8
215664;-98330;54439;30718;1
222455;-98398;54863;30714;2
201379;-98403;53546;30713;4
200760;-98309;53507;30719;2
224638;-98384;54999;30715;2
221749;-98310;54819;30719;2
227128;-98396;55155;30714;8
217527;-98366;54555;30716;8
218986;-98354;54646;30716;8
218090;-98312;54590;30719;1
212156;-98376;54219;30715;8
200590;-98360;53496;30716;2
216032;-98351;54462;30717;8
224374;-98360;54983;30716;2
222999;-98358;54897;30716;4
199943;-98352;53456;30717;2
201468;-98343;53551;30717;1
214415;-98422;54360;30712;4
199213;-98381;53410;30715;4
197831;-98384;53324;30715;2
222996;-98393;54897;30714;2
212317;-98307;54229;30719;8
211563;-98404;54182;30713;1
222304;-98422;54854;30712;2
199251;-98311;53413;30719;4
204679;-98307;53752;30719;8
222341;-98404;54856;30713;4
203490;-98394;53678;30714;1
207906;-98416;53954;30713;8
228549;-98400;55244;30714;4
208765;-98320;54007;30719;1
222244;-98399;54850;30714;2
213334;-98355;54293;30716;2
196610;-98313;53248;30719;1
225030;-98415;55024;30713;4
228986;-98352;55271;30717;4
203201;-98355;53660;30716;8
202112;-98396;53592;30714;4
222798;-98326;54884;30718;2
210982;-98427;54146;30712;2
224753;-98357;55007;30716;4
205033;-98316;53774;30719;1
219782;-98415;54696;30713;2
225336;-98341;55043;30717;4
204906;-98314;53766;30719;4
207918;-98342;53954;30717;1
207361;-98390;53920;30714;2
219223;-98336;54661;30718;4
209456;-98335;54051;30718;1
196702;-98386;53253;30714;4
214247;-98309;54350;30719;8
216627;-98417;54499;30712;2
206717;-98322;53879;30718;1
221877;-98399;54827;30714;8
213728;-98411;54318;30713;1
203232;-98362;53662;30716;4
205678;-98394;53814;30714;4
226422;-98329;55111;30718;4
219379;-98373;54671;30715;8
210296;-98357;54103;30716;8
224639;-98377;54999;30715;2
201450;-98355;53550;30716;2
209922;-98391;54080;30714;4
213258;-98362;54288;30716;1
202236;-98329;53599;30718;1
202370;-98330;53608;30718;2
211512;-98382;54179;30715;1
210257;-98361;54101;30716;4
222903;-98349;54891;30717;2
210771;-98376;54133;30715;1
228166;-98399;55220;30714;8
198709;-98391;53379;30714;1
207149;-98350;53906;30717;1
204172;-98427;53720;30712;4
215661;-98417;54438;30712;1
221818;-98389;54823;30714;1
221088;-98385;54778;30714;8
216872;-98348;54514;30717;1
207670;-98352;53939;30717;1
216725;-98329;54505;30718;1
200146;-98340;53469;30717;8
226515;-98314;55117;30719;1
198703;-98388;53378;30714;1
214593;-98315;54372;30719;2
215469;-98375;54426;30715;8
197629;-98425;53311;30712;4
201360;-98389;53545;30714;4
210137;-98367;54093;30716;2
197916;-98331;53329;30718;8
204044;-98393;53712;30714;4
227582;-98311;55183;30719;4
198742;-98406;53381;30713;2
219212;-98403;54660;30713;1
209312;-98424;54042;30712;8
214331;-98385;54355;30714;2
217704;-98421;54566;30712;4
226355;-98391;55107;30714;2
208858;-98374;54013;30715;2
223230;-98347;54911;30717;1
227792;-98418;55197;30712;2
215180;-98411;54408;30713;8
207709;-98403;53941;30713;2
205185;-98405;53784;30713;2
208655;-98412;54000;30713;8
202037;-98346;53587;30717;4
215588;-98309;54434;30719;8
216934;-98308;54518;30719;2
217440;-98427;54550;30712;4
199822;-98370;53448;30715;1
228539;-98397;55243;30714;4
206425;-98429;53861;30712;2
201371;-98431;53545;30712;2
214982;-98382;54396;30715;4
199799;-98328;53447;30718;2
206550;-98431;53869;30712;4
227745;-98358;55194;30716;8
226126;-98431;55092;30712;4
202992;-98366;53647;30716;4
208527;-98332;53992;30718;4
221098;-98318;54778;30719;2
216601;-98408;54497;30713;2
205725;-98356;53817;30716;1
228149;-98406;55219;30713;8
218775;-98410;54633;30713;2
201264;-98336;53539;30718;2
221384;-98393;54796;30714;1
219282;-98399;54665;30714;1
206702;-98310;53878;30719;2
220440;-98360;54737;30716;2
213597;-98324;54309;30718;4
207044;-98342;53900;30717;2
212861;-98342;54263;30717;1
216797;-98315;54509;30719;4
211133;-98420;54155;30712;2
227133;-98419;55155;30712;1
224467;-98413;54989;30713;2
208481;-98432;53990;30712;4
204388;-98384;53734;30715;4
216287;-98351;54477;30717;2
210575;-98373;54120;30715;2
201330;-98361;53543;30716;1
221503;-98395;54803;30714;1
204283;-98317;53727;30719;2
210412;-98308;54110;30719;4
197536;-98412;53306;30713;1
211530;-98383;54180;30715;2
224671;-98331;55001;30718;1
223559;-98410;54932;30713;1
210320;-98369;54105;30715;8
218197;-98310;54597;30719;2
228265;-98413;55226;30713;2
204644;-98366;53750;30716;4
201988;-98344;53584;30717;2
213062;-98307;54276;30719;2
225994;-98423;55084;30712;4
209713;-98380;54067;30715;4
227690;-98429;55190;30712;8
212026;-98343;54211;30717;2
199242;-98427;53412;30712;2
219208;-98412;54660;30713;1
197448;-98332;53300;30718;8
198144;-98360;53344;30716;4
225757;-98391;55069;30714;4
201434;-98314;53549;30719;1
204654;-98332;53750;30718;2
210172;-98382;54095;30715;8
218040;-98386;54587;30714;8
202359;-98363;53607;30716;2
227256;-98430;55163;30712;4
224758;-98313;55007;30719;2
227846;-98327;55200;30718;2
221313;-98388;54792;30714;4
228682;-98424;55252;30712;8
215579;-98322;54433;30718;1
214069;-98356;54339;30716;2
207230;-98375;53911;30715;1
206679;-98370;53877;30715;2
206552;-98378;53869;30715;8
213485;-98309;54302;30719;1
197235;-98306;53287;30719;2
216419;-98375;54486;30715;2
200443;-98348;53487;30717;2
220242;-98428;54725;30712;1
204147;-98417;53719;30712;8
199848;-98391;53450;30714;1
208372;-98332;53983;30718;1
209894;-98350;54078;30717;1
211512;-98319;54179;30719;4
202131;-98414;53593;30713;4
220097;-98414;54716;30713;8
203447;-98361;53675;30716;1
215865;-98395;54451;30714;8
197456;-98380;53301;30715;8
206397;-98431;53859;30712;1
223959;-98384;54957;30715;1
206676;-98381;53877;30715;8
198398;-98391;53359;30714;1
212091;-98417;54215;30712;8
223915;-98310;54954;30719;1
202665;-98354;53626;30716;2
204338;-98324;53731;30718;2
211196;-98379;54159;30715;8
225788;-98424;55071;30712;2
218994;-98393;54647;30714;2
206539;-98423;53868;30712;1
216332;-98365;54480;30716;2
215241;-98395;54412;30714;1
199411;-98371;53423;30715;8
211759;-98359;54194;30716;4
216851;-98425;54513;30712;1
198286;-98409;53352;30713;2
211293;-98393;54165;30714;4
211643;-98363;54187;30716;1
214347;-98331;54356;30718;2
203031;-98367;53649;30716;1
214939;-98350;54393;30717;1
214834;-98431;54387;30712;8
198625;-98350;53374;30717;1
225015;-98319;55023;30719;1
217223;-98403;54536;30713;4
221767;-98348;54820;30717;1
220404;-98408;54735;30713;4
224082;-98382;54965;30715;2
212466;-98360;54239;30716;1
210542;-98422;54118;30712;1
227512;-98375;55179;30715;8
200022;-98390;53461;30714;1
206716;-98405;53879;30713;4
214933;-98353;54393;30716;8
221039;-98388;54774;30714;2
213655;-98307;54313;30719;2
221142;-98394;54781;30714;4
223793;-98418;54947;30712;8
227782;-98323;55196;30718;1
203968;-98307;53708;30719;2
206872;-98379;53889;30715;2
222779;-98382;54883;30715;2
205431;-98412;53799;30713;1
204172;-98313;53720;30719;4
218086;-98426;54590;30712;8
218206;-98316;54597;30719;1
214252;-98346;54350;30717;8
209559;-98307;54057;30719;1
218592;-98313;54622;30719;2
197351;-98357;53294;30716;8
205751;-98422;53819;30712;1
207140;-98328;53906;30718;8
214572;-98353;54370;30716;8
202656;-98360;53626;30716;2
212371;-98324;54233;30718;4
202547;-98391;53619;30714;2
212828;-98367;54261;30716;2
224668;-98424;55001;30712;4
198561;-98426;53370;30712;8
224532;-98394;54993;30714;4
216014;-98407;54460;30713;4
200014;-98367;53460;30716;8
226931;-98363;55143;30716;1
219334;-98383;54668;30715;8
202333;-98309;53605;30719;1
219467;-98320;54676;30719;2
227175;-98392;55158;30714;8
203475;-98413;53677;30713;1
226502;-98370;55116;30715;2
226444;-98424;55112;30712;8
199542;-98313;53431;30719;8
201578;-98332;53558;30718;4
223416;-98408;54923;30713;4
223440;-98312;54925;30719;4
201730;-98396;53568;30714;4
203994;-98356;53709;30716;8
211804;-98396;54197;30714;8
207843;-98405;53950;30713;1
223820;-98379;54948;30715;1
203222;-98322;53661;30718;2
206963;-98417;53895;30712;4
216010;-98319;54460;30719;1
197032;-98318;53274;30719;1
212012;-98386;54210;30714;2
200409;-98425;53485;30712;2
207814;-98335;53948;30718;2
200992;-98351;53522;30717;8
209077;-98427;54027;30712;2
221396;-98337;54797;30717;4
216514;-98343;54492;30717;1
211899;-98432;54203;30712;2
223528;-98324;54930;30718;2
223521;-98397;54930;30714;2
208546;-98408;53994;30713;1
212146;-98345;54219;30717;8
201152;-98330;53532;30718;8
224191;-98380;54971;30715;2
198011;-98368;53335;30716;2
200900;-98325;53516;30718;4
209454;-98409;54050;30713;8
221674;-98311;54814;30719;2
226365;-98420;55107;30712;8
213870;-98364;54326;30716;1
215548;-98404;54431;30713;2
202044;-98400;53587;30714;4
201228;-98402;53536;30713;1
209273;-98424;54039;30712;2
220333;-98386;54730;30714;2
206942;-98416;53893;30713;1
226634;-98388;55124;30714;2
204469;-98413;53739;30713;8
225784;-98413;55071;30713;1
215913;-98383;54454;30715;4
220254;-98384;54725;30715;8
227505;-98355;55179;30716;8
228816;-98357;55261;30716;1
226282;-98397;55102;30714;2
208003;-98338;53960;30717;4
206760;-98408;53882;30713;2
203725;-98371;53692;30715;8
198516;-98390;53367;30714;2
222348;-98360;54856;30716;2
204514;-98387;53742;30714;8
207291;-98415;53915;30713;8
217962;-98309;54582;30719;1
214075;-98404;54339;30713;2
212000;-98395;54210;30714;8
200635;-98307;53499;30719;8
206783;-98367;53883;30716;8
224946;-98369;55019;30715;4
218180;-98339;54596;30717;4
205811;-98414;53823;30713;1
224723;-98423;55005;30712;4
215223;-98430;54411;30712;8
204981;-98404;53771;30713;1
209321;-98343;54042;30717;1
197320;-98339;53292;30717;2
225743;-98341;55068;30717;2
215017;-98396;54398;30714;8
204728;-98373;53755;30715;8
211699;-98339;54191;30717;1
201333;-98372;53543;30715;8
203455;-98410;53675;30713;4
215608;-98336;54435;30718;8
225387;-98356;55046;30716;8
209812;-98368;54073;30716;4
197280;-98362;53290;30716;4
215534;-98357;54430;30716;1
223489;-98364;54928;30716;1
219134;-98359;54655;30716;8
213020;-98314;54273;30719;1
216535;-98338;54493;30717;4
220508;-98410;54741;30713;4
210791;-98358;54134;30716;2
223341;-98372;54918;30715;8
220490;-98365;54740;30716;8
214617;-98337;54373;30717;8
217409;-98309;54548;30719;4
212168;-98340;54220;30717;2
213978;-98306;54333;30719;2
212343;-98347;54231;30717;2
200510;-98414;53491;30713;8
204285;-98369;53727;30715;4
199696;-98424;53441;30712;8
221110;-98346;54779;30717;1
217091;-98330;54528;30718;8
215329;-98326;54418;30718;4
197879;-98395;53327;30714;8
210040;-98410;54087;30713;4
222600;-98411;54872;30713;1
224532;-98369;54993;30715;2
210641;-98421;54125;30712;8
200248;-98386;53475;30714;4
218037;-98333;54587;30718;8
215687;-98358;54440;30716;2
204914;-98309;53767;30719;1
200861;-98412;53513;30713;1
225731;-98390;55068;30714;4
208897;-98395;54016;30714;1
219457;-98334;54676;30718;4
198883;-98334;53390;30718;2
212911;-98314;54266;30719;1
225556;-98346;55057;30717;4
201573;-98387;53558;30714;8
216647;-98381;54500;30715;2
201812;-98341;53573;30717;8
212204;-98337;54222;30717;2
197747;-98314;53319;30719;1
204361;-98398;53732;30714;8
228580;-98393;55246;30714;4
203640;-98362;53687;30716;8
228657;-98310;55251;30719;2
221016;-98358;54773;30716;8
208044;-98380;53962;30715;2
224038;-98381;54962;30715;8
222461;-98369;54863;30715;1
197116;-98353;53279;30716;4
197041;-98319;53275;30719;1
220777;-98405;54758;30713;1
216352;-98365;54482;30716;2
219705;-98398;54691;30714;1
200836;-98311;53512;30719;2
201398;-98357;53547;30716;1
219693;-98411;54690;30713;1
217599;-98368;54559;30716;4
228669;-98381;55251;30715;8
219508;-98393;54679;30714;1
225051;-98368;55025;30716;4
205129;-98351;53780;30717;8
201390;-98325;53546;30718;2
220493;-98367;54740;30716;8
226926;-98321;55142;30718;2
211087;-98379;54152;30715;8
219571;-98357;54683;30716;8
224691;-98384;55003;30715;1
210481;-98319;54115;30719;8
214689;-98421;54378;30712;2
227518;-98340;55179;30717;1
206181;-98399;53846;30714;2
205748;-98383;53819;30715;8
203343;-98380;53668;30715;8
217024;-98392;54524;30714;4
200932;-98362;53518;30716;8
215050;-98332;54400;30718;8
197694;-98388;53315;30714;1
229016;-98368;55273;30716;8
227101;-98352;55153;30717;4
211320;-98335;54167;30718;8
216607;-98380;54497;30715;8
216680;-98337;54502;30717;4
215103;-98324;54403;30718;4
225105;-98396;55029;30714;2
205565;-98401;53807;30713;2
225201;-98369;55035;30715;4
209071;-98356;54026;30716;8
211993;-98413;54209;30713;2
225278;-98397;55039;30714;8
198071;-98353;53339;30716;1
223644;-98420;54937;30712;2
211033;-98341;54149;30717;1
201884;-98347;53577;30717;4
228925;-98426;55267;30712;4
201250;-98343;53538;30717;4
200569;-98328;53495;30718;2
218771;-98422;54633;30712;8
204941;-98385;53768;30714;2
223536;-98400;54931;30714;4
204463;-98325;53738;30718;8
217020;-98336;54523;30718;1
203384;-98397;53671;30714;1
197682;-98405;53315;30713;8
208495;-98394;53990;30714;1
225490;-98411;55053;30713;1
226315;-98424;55104;30712;1
220118;-98378;54717;30715;4
219406;-98389;54672;30714;8
219108;-98373;54654;30715;1
207624;-98431;53936;30712;8
206140;-98344;53843;30717;8
217065;-98363;54526;30716;2
196850;-98404;53263;30713;2
212595;-98399;54247;30714;2
197879;-98341;53327;30717;2
217315;-98335;54542;30718;1
225924;-98307;55080;30719;4
204164;-98308;53720;30719;8
217570;-98394;54558;30714;2
205687;-98414;53815;30713;4
215197;-98382;54409;30715;4
206356;-98384;53857;30715;1
218712;-98358;54629;30716;1
203780;-98353;53696;30716;4
206715;-98399;53879;30714;8
206339;-98409;53856;30713;2
228118;-98357;55217;30716;8
223101;-98372;54903;30715;1
227496;-98405;55178;30713;8
226433;-98326;55112;30718;2
201051;-98410;53525;30713;4
198122;-98364;53342;30716;2
218826;-98362;54636;30716;2
222483;-98416;54865;30713;8
201732;-98388;53568;30714;2
203995;-98414;53709;30713;4
215667;-98420;54439;30712;2
218010;-98407;54585;30713;8
216488;-98404;54490;30713;4
220693;-98405;54753;30713;1
226277;-98403;55102;30713;4
218839;-98417;54637;30712;1
196691;-98401;53253;30713;4
207925;-98384;53955;30715;8
206900;-98419;53891;30712;2
228961;-98344;55270;30717;2
207775;-98380;53945;30715;2
219686;-98337;54690;30717;8
207379;-98332;53921;30718;1
222426;-98334;54861;30718;2
214429;-98390;54361;30714;8
200245;-98327;53475;30718;8
229027;-98355;55274;30716;1
209838;-98359;54074;30716;1
199849;-98377;53450;30715;4
202288;-98406;53603;30713;4
210624;-98421;54124;30712;4
219339;-98341;54668;30717;2
217495;-98314;54553;30719;1
207010;-98385;53898;30714;8
208233;-98378;53974;30715;8
197471;-98411;53301;30713;2
222452;-98333;54863;30718;8
209766;-98371;54070;30715;4
204702;-98363;53753;30716;4
219456;-98327;54676;30718;8
205578;-98419;53808;30712;8
210284;-98406;54102;30713;4
214885;-98348;54390;30717;8
202255;-98331;53600;30718;8
206744;-98361;53881;30716;1
209689;-98336;54065;30718;2
223977;-98417;54958;30712;2
220539;-98348;54743;30717;2
211994;-98396;54209;30714;4
200592;-98358;53497;30716;4
218437;-98377;54612;30715;1
220064;-98370;54714;30715;1
217010;-98318;54523;30719;4
228671;-98388;55251;30714;4
216949;-98325;54519;30718;8
228181;-98310;55221;30719;2
222325;-98326;54855;30718;2
198404;-98313;53360;30719;8
199680;-98340;53440;30717;8
211473;-98344;54177;30717;8
206337;-98351;53856;30717;4
227410;-98419;55173;30712;1
210856;-98397;54138;30714;2
228668;-98402;55251;30713;2
226968;-98306;55145;30719;4
198332;-98324;53355;30718;8
198530;-98389;53368;30714;4
205301;-98333;53791;30718;2
203767;-98323;53695;30718;4
221590;-98426;54809;30712;1
224105;-98353;54966;30716;1
204183;-98417;53721;30712;8
220468;-98402;54739;30713;2
211848;-98372;54200;30715;4
221050;-98422;54775;30712;2
215701;-98375;54441;30715;2
221195;-98338;54784;30717;1
224313;-98417;54979;30712;8
212293;-98408;54228;30713;4
225980;-98405;55083;30713;2
210413;-98337;54110;30717;8
197274;-98330;53289;30718;8
214399;-98417;54359;30712;8
197411;-98413;53298;30713;2
227088;-98329;55153;30718;2
214793;-98355;54384;30716;1
197120;-98381;53280;30715;1
198404;-98408;53360;30713;8
216533;-98367;54493;30716;1
228528;-98340;55243;30717;2
204990;-98416;53771;30713;1
211786;-98331;54196;30718;2
212745;-98320;54256;30719;2
225013;-98383;55023;30715;8
207571;-98340;53933;30717;8
218521;-98325;54617;30718;2
224421;-98382;54986;30715;2
203941;-98418;53706;30712;4
217853;-98407;54575;30713;8
218935;-98350;54643;30717;4
221977;-98380;54833;30715;4
223910;-98337;54954;30717;4
202788;-98386;53634;30714;4
209235;-98360;54037;30716;2
208156;-98318;53969;30719;1
206796;-98415;53884;30713;1
196829;-98391;53261;30714;2
224277;-98381;54977;30715;1
200273;-98364;53477;30716;1
210738;-98340;54131;30717;8
199189;-98422;53409;30712;2
206951;-98410;53894;30713;8
197575;-98418;53308;30712;2
215888;-98334;54453;30718;2
215979;-98420;54458;30712;4
215720;-98354;54442;30716;1
206097;-98359;53841;30716;8
225412;-98413;55048;30713;8
213028;-98366;54274;30716;8
228668;-98405;55251;30713;8
215364;-98314;54420;30719;1
228488;-98362;55240;30716;2
222022;-98414;54836;30713;8
205421;-98356;53798;30716;4
202407;-98333;53610;30718;8
227269;-98337;55164;30717;2
204016;-98342;53711;30717;8
201174;-98400;53533;30714;1
196950;-98323;53269;30718;8
225624;-98378;55061;30715;4
224636;-98310;54999;30719;1
225159;-98389;55032;30714;2
216664;-98345;54501;30717;8
200026;-98389;53461;30714;8
204031;-98384;53711;30715;4
214887;-98350;54390;30717;1
213223;-98387;54286;30714;4
199715;-98413;53442;30713;8
214570;-98330;54370;30718;4
213389;-98316;54296;30719;4
201880;-98419;53577;30712;1
215939;-98318;54456;30719;2
223552;-98331;54932;30718;1
196846;-98336;53262;30718;8
207764;-98360;53945;30716;1
218238;-98342;54599;30717;8
207386;-98410;53921;30713;8
225591;-98331;55059;30718;2
202477;-98430;53614;30712;4
199195;-98385;53409;30714;4
206787;-98376;53884;30715;8
204195;-98391;53722;30714;4
219983;-98362;54708;30716;8
200247;-98351;53475;30717;2
224080;-98410;54965;30713;2
207012;-98405;53898;30713;1
211108;-98423;54154;30712;4
197591;-98372;53309;30715;4
198453;-98345;53363;30717;2
218785;-98374;54634;30715;2
222885;-98395;54890;30714;2
199358;-98404;53419;30713;4
198802;-98380;53385;30715;1
227115;-98432;55154;30712;2
198491;-98322;53365;30718;2
221113;-98417;54779;30712;8
222429;-98318;54861;30719;1
223572;-98369;54933;30715;4
223408;-98425;54923;30712;1
223318;-98387;54917;30714;1
201961;-98372;53582;30715;1
205461;-98341;53801;30717;2
225411;-98424;55048;30712;2
221351;-98363;54794;30716;8
221716;-98371;54817;30715;1
206836;-98428;53887;30712;8
227915;-98423;55204;30712;1
204893;-98407;53765;30713;8
199838;-98361;53449;30716;8
214385;-98369;54359;30715;4
209746;-98340;54069;30717;1
203555;-98308;53682;30719;2
213691;-98322;54315;30718;4
212276;-98389;54227;30714;1
201041;-98377;53525;30715;8
217984;-98362;54584;30716;8
210593;-98410;54122;30713;1
215553;-98421;54432;30712;8
207017;-98345;53898;30717;4
210477;-98360;54114;30716;2
198778;-98360;53383;30716;8
199035;-98375;53399;30715;2
223951;-98403;54956;30713;4
200908;-98426;53516;30712;1
204675;-98387;53752;30714;2
226243;-98429;55100;30712;1
196645;-98423;53250;30712;2
219785;-98307;54696;30719;2
222641;-98337;54875;30717;4
214386;-98366;54359;30716;8
216817;-98325;54511;30718;1
209469;-98336;54051;30718;4
227474;-98320;55177;30719;1
214882;-98362;54390;30716;4
220693;-98344;54753;30717;8
212998;-98398;54272;30714;4
218996;-98351;54647;30717;1
206992;-98429;53897;30712;2
219850;-98312;54700;30719;8
212418;-98354;54236;30716;8
222993;-98388;54897;30714;8
208536;-98416;53993;30713;2
222813;-98331;54885;30718;1
213382;-98317;54296;30719;4
205424;-98399;53799;30714;8
228898;-98336;55266;30718;4
208288;-98372;53978;30715;8
197661;-98379;53313;30715;8
205733;-98350;53818;30717;8
214810;-98397;54385;30714;4
212657;-98352;54251;30717;8
201322;-98371;53542;30715;2
221393;-98395;54797;30714;4
205331;-98403;53793;30713;2
213213;-98389;54285;30714;8
196611;-98346;53248;30717;2
220213;-98352;54723;30717;1
216413;-98360;54485;30716;4
205327;-98418;53792;30712;8
197419;-98408;53298;30713;4
200347;-98322;53481;30718;4
203116;-98401;53654;30713;2
221101;-98410;54778;30713;1
197836;-98382;53324;30715;8
212701;-98424;54253;30712;8
197327;-98415;53292;30713;2
209809;-98378;54073;30715;8
228567;-98367;55245;30716;1
222202;-98319;54847;30719;4
207410;-98336;53923;30718;8
224003;-98431;54960;30712;2
197068;-98356;53276;30716;8
217194;-98340;54534;30717;4
212550;-98406;54244;30713;1
208355;-98355;53982;30716;1
210403;-98333;54110;30718;4
199703;-98321;53441;30718;2
202013;-98334;53585;30718;8
206096;-98399;53841;30714;8
205082;-98330;53777;30718;1
217838;-98390;54574;30714;1
217081;-98383;54527;30715;1
222302;-98357;54853;30716;1
221072;-98320;54777;30719;8
199497;-98335;53428;30718;2
224493;-98314;54990;30719;4
216204;-98340;54472;30717;8
204774;-98329;53758;30718;2
203299;-98326;53666;30718;4
200949;-98332;53519;30718;1
215412;-98362;54423;30716;2
217910;-98412;54579;30713;1
198571;-98390;53370;30714;1
205018;-98416;53773;30713;2
209713;-98394;54067;30714;8
214269;-98344;54351;30717;2
228784;-98423;55259;30712;8
198116;-98324;53342;30718;2
214914;-98401;54392;30713;1
208661;-98394;54001;30714;8
216229;-98361;54474;30716;2
218772;-98356;54633;30716;4
202896;-98325;53641;30718;4
200196;-98423;53472;30712;4
219176;-98345;54658;30717;1
223706;-98419;54941;30712;1
226629;-98380;55124;30715;1
211495;-98353;54178;30716;2
226158;-98427;55094;30712;4
201797;-98412;53572;30713;4
198186;-98319;53346;30719;2
226364;-98420;55107;30712;4
207304;-98404;53916;30713;8
201666;-98426;53564;30712;8
223909;-98332;54954;30718;4
216829;-98403;54511;30713;8
216841;-98365;54512;30716;2
221336;-98424;54793;30712;8
202652;-98354;53625;30716;4
209545;-98396;54056;30714;8
197556;-98431;53307;30712;8
205695;-98388;53815;30714;2
212242;-98427;54225;30712;2
198805;-98309;53385;30719;1
219966;-98431;54707;30712;4
215336;-98401;54418;30713;8
203255;-98357;53663;30716;8
198707;-98422;53379;30712;2
223592;-98401;54934;30713;8
217906;-98329;54579;30718;2
196774;-98417;53258;30712;4
199033;-98413;53399;30713;1
212972;-98331;54270;30718;8
214761;-98378;54382;30715;4
197451;-98315;53300;30719;8
210595;-98318;54122;30719;2
200664;-98424;53501;30712;2
222296;-98403;54853;30713;1
221348;-98367;54794;30716;1
209100;-98360;54028;30716;2
220398;-98312;54734;30719;8
225658;-98401;55063;30713;8
200487;-98425;53490;30712;1
204291;-98375;53728;30715;4
216383;-98337;54483;30717;1
226419;-98344;55111;30717;1
219551;-98405;54681;30713;8
198765;-98417;53382;30712;2
215913;-98317;54454;30719;8
203505;-98397;53679;30714;4
200751;-98349;53506;30717;8
210856;-98432;54138;30712;8
199425;-98351;53424;30717;8
202759;-98324;53632;30718;2
221529;-98417;54805;30712;8
217115;-98346;54529;30717;2
202991;-98342;53646;30717;4
223105;-98357;54904;30716;1
223322;-98346;54917;30717;1
220200;-98431;54722;30712;2
203947;-98349;53706;30717;1
204789;-98428;53759;30712;1
205471;-98396;53801;30714;1
228085;-98413;55215;30713;1
200036;-98384;53462;30715;4
197808;-98306;53323;30719;8
204600;-98384;53747;30715;2
225640;-98358;55062;30716;8
228860;-98397;55263;30714;4
211373;-98387;54170;30714;2
219538;-98409;54681;30713;8
197057;-98332;53276;30718;2
221925;-98333;54830;30718;1
226287;-98356;55102;30716;1
223414;-98417;54923;30712;1
200295;-98369;53478;30715;2
227155;-98399;55157;30714;8
202850;-98310;53638;30719;8
210077;-98308;54089;30719;2
220801;-98326;54760;30718;1
211083;-98327;54152;30718;2
228135;-98313;55218;30719;8
205275;-98327;53789;30718;8
198782;-98337;53383;30717;2
224389;-98344;54984;30717;2
212767;-98327;54257;30718;2
198730;-98396;53380;30714;1
223980;-98352;54958;30717;2
217064;-98362;54526;30716;2
211200;-98314;54160;30719;4
227107;-98316;55154;30719;4
223443;-98343;54925;30717;1
205244;-98349;53787;30717;2
202285;-98358;53602;30716;8
225619;-98343;55061;30717;8
222711;-98321;54879;30718;4
229077;-98356;55277;30716;8
226679;-98396;55127;30714;2
219463;-98378;54676;30715;2
203265;-98332;53664;30718;4
224535;-98310;54993;30719;4
215240;-98429;54412;30712;1
220806;-98406;54760;30713;4
201889;-98429;53578;30712;2
210498;-98354;54116;30716;4
221785;-98308;54821;30719;2
210533;-98338;54118;30717;8
197869;-98318;53326;30719;8
206112;-98401;53842;30713;2
213175;-98326;54283;30718;1
212348;-98425;54231;30712;8
217387;-98355;54546;30716;4
201738;-98307;53568;30719;8
219133;-98411;54655;30713;8
223424;-98368;54924;30716;2
203224;-98329;53661;30718;2
223902;-98425;54953;30712;4
226538;-98372;55118;30715;2
227770;-98422;55195;30712;4
216055;-98380;54463;30715;8
216714;-98324;54504;30718;2
196668;-98330;53251;30718;8
217327;-98413;54542;30713;8
210342;-98416;54106;30713;1
227664;-98313;55189;30719;2
209179;-98340;54033;30717;4
210188;-98334;54096;30718;8
212125;-98306;54217;30719;8
223917;-98431;54954;30712;2
207343;-98380;53918;30715;2
206377;-98346;53858;30717;4
225775;-98336;55070;30718;8
215341;-98310;54418;30719;4
206375;-98361;53858;30716;1
204475;-98353;53739;30716;2
226445;-98365;55112;30716;1
198303;-98377;53353;30715;2
199011;-98342;53398;30717;1
212778;-98381;54258;30715;4
209236;-98308;54037;30719;2
216898;-98382;54516;30715;1
221403;-98341;54797;30717;1
219206;-98359;54660;30716;4
204505;-98416;53741;30713;4
198535;-98306;53368;30719;4
203982;-98390;53708;30714;8
222202;-98328;54847;30718;1
207164;-98315;53907;30719;8
201518;-98396;53554;30714;2
205611;-98411;53810;30713;2
208950;-98383;54019;30715;4
227548;-98406;55181;30713;2
206350;-98396;53856;30714;4
226276;-98337;55102;30717;2
210789;-98317;54134;30719;8
202118;-98427;53592;30712;1
215647;-98376;54437;30715;1
224176;-98394;54971;30714;8
199295;-98398;53415;30714;4
204702;-98333;53753;30718;1
218729;-98362;54630;30716;4
223760;-98420;54945;30712;8
216678;-98361;54502;30716;4
203278;-98404;53664;30713;1
212657;-98418;54251;30712;8
226501;-98377;55116;30715;1
227223;-98352;55161;30717;4
204097;-98382;53716;30715;2
225175;-98401;55033;30713;4
226698;-98338;55128;30717;4
226959;-98344;55144;30717;8
225854;-98316;55075;30719;2
201224;-98364;53536;30716;1
208125;-98323;53967;30718;8
223866;-98373;54951;30715;1
228580;-98329;55246;30718;2
226853;-98368;55138;30716;8
217168;-98328;54533;30718;2
209849;-98395;54075;30714;4
217337;-98398;54543;30714;4
196978;-98328;53271;30718;4
201837;-98418;53574;30712;4
214733;-98415;54380;30713;1
219994;-98315;54709;30719;1
226769;-98336;55133;30718;4
204224;-98316;53724;30719;1
226130;-98391;55093;30714;1
219316;-98364;54667;30716;8
210156;-98407;54094;30713;4
224208;-98408;54973;30713;4
219632;-98419;54687;30712;2
225362;-98386;55045;30714;8
211845;-98350;54200;30717;1
221671;-98307;54814;30719;2
215073;-98362;54402;30716;2
227655;-98426;55188;30712;4
220685;-98409;54752;30713;2
219105;-98332;54654;30718;2
225864;-98339;55076;30717;4
216675;-98313;54502;30719;8
207736;-98431;53943;30712;8
220467;-98425;54739;30712;2
206931;-98410;53893;30713;4
201745;-98396;53569;30714;8
224903;-98363;55016;30716;2
206251;-98361;53850;30716;1
198199;-98378;53347;30715;4
206255;-98315;53850;30719;1
197572;-98376;53308;30715;8
216918;-98411;54517;30713;8
215018;-98425;54398;30712;4
214937;-98311;54393;30719;2
197719;-98392;53317;30714;8
202764;-98372;53632;30715;8
216993;-98423;54522;30712;4
210875;-98308;54139;30719;2
197402;-98383;53297;30715;4
199331;-98335;53418;30718;2
206287;-98332;53852;30718;8
211862;-98344;54201;30717;8
212581;-98366;54246;30716;1
207426;-98403;53924;30713;8
205713;-98374;53817;30715;8
206962;-98381;53895;30715;2
226112;-98388;55092;30714;2
203403;-98396;53672;30714;1
202322;-98328;53605;30718;8
207836;-98355;53949;30716;4
200777;-98368;53508;30716;1
216688;-98323;54503;30718;2
224453;-98338;54988;30717;1
212245;-98390;54225;30714;2
225054;-98357;55025;30716;2
222703;-98411;54878;30713;2
207559;-98314;53932;30719;1
217445;-98409;54550;30713;2
216841;-98429;54512;30712;2
227746;-98331;55194;30718;4
209007;-98366;54022;30716;4
228753;-98405;55257;30713;4
224730;-98314;55005;30719;8
219787;-98353;54696;30716;1
220360;-98331;54732;30718;8
221494;-98354;54803;30716;8
211834;-98310;54199;30719;1
220930;-98429;54768;30712;4
212670;-98339;54251;30717;2
213077;-98337;54277;30717;4
210642;-98367;54125;30716;1
225579;-98421;55058;30712;4
228844;-98374;55262;30715;8
208878;-98422;54014;30712;8
200481;-98328;53490;30718;2
215814;-98321;54448;30718;1
206855;-98399;53888;30714;1
225496;-98363;55053;30716;4
223616;-98431;54936;30712;8
221588;-98364;54809;30716;1
228249;-98419;55225;30712;2
198839;-98332;53387;30718;8
214279;-98341;54352;30717;8
208046;-98351;53962;30717;2
202868;-98382;53639;30715;2
223193;-98359;54909;30716;2
203032;-98369;53649;30715;1
198872;-98344;53389;30717;4
202693;-98398;53628;30714;4
219983;-98425;54708;30712;8
212213;-98367;54223;30716;2
224473;-98403;54989;30713;8
198581;-98376;53371;30715;8
197189;-98326;53284;30718;8
221940;-98421;54831;30712;1
197061;-98423;53276;30712;2
219138;-98419;54656;30712;8
210726;-98311;54130;30719;2
217938;-98351;54581;30717;2
227609;-98374;55185;30715;2
207208;-98413;53910;30713;1
226465;-98308;55114;30719;1
212826;-98324;54261;30718;8
209036;-98359;54024;30716;8
212327;-98378;54230;30715;4
220019;-98354;54711;30716;8
203080;-98405;53652;30713;2
227866;-98316;55201;30719;8
215096;-98339;54403;30717;2
197864;-98427;53326;30712;2
225942;-98387;55081;30714;4
208323;-98338;53980;30717;2
202378;-98353;53608;30716;8
208662;-98317;54001;30719;1
217581;-98405;54558;30713;8
212525;-98432;54242;30712;4
218387;-98338;54609;30717;8
196801;-98309;53260;30719;2
200325;-98316;53480;30719;8
224675;-98416;55002;30713;2
219923;-98356;54705;30716;4
206932;-98329;53893;30718;4
228525;-98414;55242;30713;1
210368;-98311;54108;30719;8
225708;-98310;55066;30719;2
226353;-98384;55107;30715;8
202066;-98339;53589;30717;2
228129;-98432;55218;30712;1
226907;-98345;55141;30717;8
199905;-98351;53454;30717;8
221677;-98362;54814;30716;8
216955;-98395;54519;30714;8
210680;-98414;54127;30713;1
198628;-98429;53374;30712;2
209066;-98354;54026;30716;4
223102;-98356;54903;30716;4
210706;-98377;54129;30715;8
225406;-98362;55047;30716;4
202877;-98361;53639;30716;2
223185;-98388;54909;30714;4
198153;-98418;53344;30712;4
201905;-98349;53579;30717;4
201036;-98367;53524;30716;2
200438;-98431;53487;30712;2
196905;-98346;53266;30717;8
223685;-98339;54940;30717;1
216141;-98429;54468;30712;1
222281;-98401;54852;30713;4
221131;-98372;54780;30715;2
224273;-98409;54977;30713;1
218096;-98355;54591;30716;2
214653;-98430;54375;30712;2
224583;-98409;54996;30713;2
200588;-98340;53496;30717;4
210218;-98425;54098;30712;1
210667;-98415;54126;30713;4
226533;-98398;55118;30714;8
223100;-98363;54903;30716;1
223650;-98427;54938;30712;4
201636;-98316;53562;30719;8
197427;-98389;53299;30714;1
228610;-98399;55248;30714;8
198357;-98330;53357;30718;2
217576;-98358;54558;30716;1
214103;-98355;54341;30716;1
228178;-98376;55221;30715;4
214085;-98394;54340;30714;4
206721;-98328;53880;30718;8
197047;-98329;53275;30718;2
217462;-98325;54551;30718;2
201610;-98359;53560;30716;4
219956;-98419;54707;30712;2
225363;-98375;55045;30715;8
206364;-98427;53857;30712;8
205211;-98388;53785;30714;1
207778;-98319;53946;30719;2
199660;-98380;53438;30715;8
216957;-98368;54519;30716;1
220253;-98407;54725;30713;4
199508;-98378;53429;30715;1
203385;-98365;53671;30716;8
203149;-98375;53656;30715;2
199273;-98407;53414;30713;4
198427;-98368;53361;30716;8
225448;-98388;55050;30714;4
202824;-98355;53636;30716;1
222864;-98367;54889;30716;4
212720;-98384;54255;30715;2
222360;-98320;54857;30719;2
205663;-98307;53813;30719;8
220504;-98331;54741;30718;4
220622;-98332;54748;30718;1
224156;-98329;54969;30718;1
219503;-98333;54678;30718;4
226396;-98409;55109;30713;8
225160;-98384;55032;30715;4
206678;-98318;53877;30719;4
205649;-98400;53813;30714;1
222948;-98398;54894;30714;2
210647;-98405;54125;30713;4
198169;-98332;53345;30718;1
210319;-98320;54104;30719;4
202987;-98398;53646;30714;8
211737;-98347;54193;30717;1
200403;-98390;53485;30714;1
222861;-98336;54888;30718;4
229060;-98394;55276;30714;4
220256;-98343;54726;30717;4
212238;-98416;54224;30713;4
205145;-98411;53781;30713;4
213785;-98392;54321;30714;4
223270;-98415;54914;30713;2
201637;-98381;53562;30715;2
210771;-98338;54133;30717;1
203440;-98332;53675;30718;8
207524;-98401;53930;30713;4
207272;-98422;53914;30712;4
227932;-98391;55205;30714;2
214062;-98423;54338;30712;4
209688;-98308;54065;30719;4
208520;-98343;53992;30717;1
216503;-98309;54491;30719;1
220853;-98357;54763;30716;8
198932;-98333;53393;30718;8
208049;-98416;53963;30713;1
226310;-98341;55104;30717;8
228005;-98423;55210;30712;2
224380;-98340;54983;30717;1
221144;-98340;54781;30717;8
216024;-98408;54461;30713;4
198522;-98349;53367;30717;2
222091;-98330;54840;30718;1
219619;-98398;54686;30714;8
213881;-98336;54327;30718;8
227256;-98424;55163;30712;1
216891;-98344;54515;30717;1
206179;-98431;53846;30712;2
228619;-98347;55248;30717;2
221168;-98389;54783;30714;2
222781;-98386;54883;30714;1
219074;-98328;54652;30718;4
226302;-98369;55103;30715;4
203661;-98416;53688;30713;8
222380;-98361;54858;30716;1
197307;-98393;53291;30714;4
222967;-98409;54895;30713;8
209513;-98317;54054;30719;4
223059;-98421;54901;30712;1
200023;-98389;53461;30714;8
222963;-98370;54895;30715;8
221541;-98348;54806;30717;2
212284;-98402;54227;30713;8
216348;-98413;54481;30713;2
224877;-98377;55014;30715;1
208452;-98403;53988;30713;1
212001;-98428;54210;30712;2
217782;-98426;54571;30712;2
223416;-98365;54923;30716;1
202095;-98410;53590;30713;1
208360;-98419;53982;30712;1
227268;-98370;55164;30715;4
209195;-98362;54034;30716;4
220187;-98312;54721;30719;2
212413;-98389;54235;30714;8
218959;-98391;54644;30714;2
226111;-98339;55091;30717;1
222938;-98416;54893;30713;2
229041;-98431;55275;30712;2
221428;-98407;54799;30713;8
217846;-98413;54575;30713;2
225569;-98358;55058;30716;2
227991;-98417;55209;30712;1
222162;-98420;54845;30712;8
202179;-98387;53596;30714;2
224577;-98383;54996;30715;1
213014;-98360;54273;30716;1
217554;-98309;54557;30719;4
203898;-98311;53703;30719;1
201501;-98426;53553;30712;8
203639;-98376;53687;30715;1
209042;-98335;54025;30718;4
203334;-98392;53668;30714;8
226885;-98371;55140;30715;2
223450;-98383;54925;30715;2
223482;-98344;54927;30717;1
216790;-98410;54509;30713;1
214682;-98420;54377;30712;4
226087;-98419;55090;30712;1
218960;-98388;54645;30714;8
221310;-98308;54791;30719;4
202461;-98377;53613;30715;1
206159;-98406;53844;30713;1
210270;-98307;54101;30719;4
227884;-98375;55202;30715;2
219655;-98313;54688;30719;8
215230;-98357;54411;30716;1
219089;-98307;54653;30719;2
198358;-98423;53357;30712;2
226215;-98431;55098;30712;2
198235;-98325;53349;30718;1
198516;-98383;53367;30715;2
215904;-98388;54454;30714;1
209392;-98333;54047;30718;1
228647;-98340;55250;30717;1
205396;-98327;53797;30718;4
228757;-98344;55257;30717;2
200264;-98317;53476;30719;1
225060;-98376;55026;30715;4
202127;-98386;53592;30714;4
212974;-98324;54270;30718;1
203076;-98394;53652;30714;1
198597;-98398;53372;30714;1
216493;-98416;54490;30713;4
201096;-98422;53528;30712;2
202520;-98352;53617;30717;8
228062;-98368;55213;30716;4
218066;-98336;54589;30718;2
219653;-98308;54688;30719;1
211738;-98340;54193;30717;4
229059;-98432;55276;30712;1
198728;-98388;53380;30714;2
196916;-98382;53267;30715;2
215298;-98368;54416;30716;2
224416;-98412;54986;30713;2
212879;-98363;54264;30716;4
211910;-98417;54204;30712;4
224193;-98385;54972;30714;1
227846;-98346;55200;30717;4
227614;-98398;55185;30714;2
216543;-98383;54493;30715;1
209966;-98389;54082;30714;4
219575;-98416;54683;30713;8
200753;-98424;53507;30712;1
219989;-98432;54709;30712;1
215450;-98309;54425;30719;8
204933;-98346;53768;30717;1
217422;-98370;54548;30715;2
199053;-98380;53400;30715;2
225472;-98357;55052;30716;1
204658;-98330;53751;30718;4
202996;-98419;53647;30712;8
200981;-98370;53521;30715;2
215915;-98375;54454;30715;2
199578;-98419;53433;30712;2
208255;-98312;53975;30719;1
217139;-98364;54531;30716;8
208385;-98349;53984;30717;4
205375;-98311;53795;30719;1
211195;-98337;54159;30717;8
215512;-98415;54429;30713;1
203974;-98330;53708;30718;4
204976;-98369;53771;30715;8
221151;-98323;54781;30718;1
198705;-98429;53379;30712;2
228762;-98366;55257;30716;4
208385;-98432;53984;30712;2
203178;-98400;53658;30714;2
207265;-98401;53914;30713;4
224249;-98410;54975;30713;1
211841;-98380;54200;30715;8
202661;-98387;53626;30714;2
228452;-98400;55238;30714;2
210621;-98384;54123;30715;2
223280;-98347;54915;30717;1
212383;-98334;54233;30718;4
216079;-98329;54464;30718;1
216324;-98400;54480;30714;2
216837;-98330;54512;30718;1
207486;-98384;53927;30715;8
221244;-98360;54787;30716;8
214004;-98407;54335;30713;1
216859;-98317;54513;30719;4
211115;-98361;54154;30716;1
209439;-98430;54049;30712;1
212317;-98383;54229;30715;1
203668;-98321;53689;30718;2
218903;-98353;54641;30716;8
203192;-98402;53659;30713;1
219220;-98382;54661;30715;1
199651;-98432;53438;30712;4
226209;-98372;55098;30715;8
223078;-98317;54902;30719;8
219889;-98365;54703;30716;1
215894;-98389;54453;30714;2
212332;-98350;54230;30717;2
213399;-98418;54297;30712;1
205165;-98415;53782;30713;2
198014;-98312;53335;30719;8
214571;-98385;54370;30714;1
214942;-98360;54393;30716;8
199493;-98396;53428;30714;1
224846;-98400;55012;30714;1
211478;-98331;54177;30718;2
207682;-98346;53940;30717;8
214309;-98423;54354;30712;4
198415;-98384;53360;30715;8
215315;-98306;54417;30719;8
217808;-98364;54573;30716;8
206106;-98362;53841;30716;4
227694;-98423;55190;30712;1
213782;-98432;54321;30712;2
214222;-98428;54348;30712;8
228018;-98314;55211;30719;2
211360;-98344;54170;30717;4
213407;-98364;54297;30716;2
198743;-98360;53381;30716;4
221145;-98423;54781;30712;4
226455;-98424;55113;30712;1
223770;-98343;54945;30717;1
215903;-98349;54453;30717;1
197815;-98394;53323;30714;1
225341;-98337;55043;30717;8
218325;-98324;54605;30718;8
196953;-98427;53269;30712;1
204147;-98423;53719;30712;4
202250;-98369;53600;30715;4
199533;-98430;53430;30712;1
199685;-98389;53440;30714;2
228193;-98314;55222;30719;4
200586;-98428;53496;30712;8
227871;-98351;55201;30717;8
226476;-98357;55114;30716;1
215874;-98317;54452;30719;4
215816;-98355;54448;30716;4
202712;-98317;53629;30719;4
217375;-98314;54545;30719;1
199142;-98357;53406;30716;8
218384;-98369;54609;30715;8
226298;-98395;55103;30714;4
197858;-98333;53326;30718;2
211032;-98381;54149;30715;8
221563;-98394;54807;30714;8
210468;-98390;54114;30714;8
220473;-98372;54739;30715;1
224236;-98334;54974;30718;1
199621;-98385;53436;30714;4
228663;-98413;55251;30713;8
217374;-98323;54545;30718;8
208621;-98307;53998;30719;2
204995;-98384;53772;30715;4
201735;-98313;53568;30719;8
217681;-98397;54565;30714;2
225258;-98330;55038;30718;4
216507;-98414;54491;30713;8
197421;-98352;53298;30717;2
218168;-98357;54595;30716;2
198631;-98313;53374;30719;4
219406;-98365;54672;30716;2
210839;-98432;54137;30712;4
220975;-98338;54770;30717;1
210996;-98432;54147;30712;2
200516;-98394;53492;30714;2
213725;-98341;54317;30717;2
202788;-98345;53634;30717;8
207612;-98388;53935;30714;8
222739;-98336;54881;30718;4
220477;-98413;54739;30713;2
227166;-98391;55157;30714;1
217463;-98312;54551;30719;8
200144;-98430;53469;30712;1
198237;-98404;53349;30713;4
197812;-98424;53323;30712;8
200442;-98402;53487;30713;4
217965;-98355;54582;30716;1
196947;-98400;53269;30714;4
218206;-98377;54597;30715;2
209568;-98387;54058;30714;2
213416;-98402;54298;30713;8
227680;-98330;55190;30718;2
215672;-98408;54439;30713;1
206996;-98352;53897;30717;2
209169;-98389;54033;30714;8
222776;-98393;54883;30714;8
229093;-98375;55278;30715;1
215247;-98369;54412;30715;8
204191;-98396;53721;30714;8
213035;-98340;54274;30717;4
208992;-98397;54022;30714;4
201988;-98333;53584;30718;2
201383;-98316;53546;30719;8
209338;-98308;54043;30719;8
203367;-98342;53670;30717;1
221351;-98311;54794;30719;2
210980;-98431;54146;30712;4
223205;-98392;54910;30714;1
227285;-98331;55165;30718;8
217468;-98391;54551;30714;2
210959;-98338;54144;30717;8
199544;-98332;53431;30718;4
220135;-98309;54718;30719;4
201035;-98367;53524;30716;1
200779;-98368;53508;30716;1
221633;-98312;54812;30719;2
213305;-98396;54291;30714;4
210606;-98330;54122;30718;1
226174;-98330;55095;30718;8
228263;-98431;55226;30712;1
228663;-98366;55251;30716;4
209324;-98306;54042;30719;2
227118;-98331;55154;30718;8
198496;-98390;53366;30714;8
208651;-98393;54000;30714;8
207058;-98395;53901;30714;2
221142;-98361;54781;30716;4
212054;-98368;54213;30716;2
205593;-98413;53809;30713;2
225586;-98376;55059;30715;1
196639;-98328;53249;30718;4
213356;-98388;54294;30714;4
211633;-98425;54187;30712;2
211355;-98349;54169;30717;1
224150;-98432;54969;30712;1
216185;-98374;54471;30715;1
222660;-98366;54876;30716;4
203300;-98419;53666;30712;8
198197;-98386;53347;30714;4
211980;-98415;54208;30713;1
213995;-98390;54334;30714;8
209899;-98388;54078;30714;1
197741;-98414;53318;30713;1
216962;-98360;54520;30716;2
212711;-98349;54254;30717;2
212664;-98414;54251;30713;8
199753;-98356;53444;30716;8
223471;-98356;54926;30716;8
228219;-98362;55223;30716;1
203135;-98318;53655;30719;2
221889;-98358;54828;30716;8
214138;-98325;54343;30718;4
208326;-98416;53980;30713;2
219194;-98403;54659;30713;8
197370;-98407;53295;30713;2
197474;-98432;53302;30712;4
208598;-98386;53997;30714;1
198616;-98419;53373;30712;4
214470;-98399;54364;30714;2
208646;-98314;54000;30719;8
226667;-98344;55126;30717;1
216065;-98334;54464;30718;8
220398;-98395;54734;30714;2
204913;-98413;53767;30713;2
204193;-98348;53722;30717;4
213564;-98328;54307;30718;8
201534;-98395;53555;30714;8
222435;-98380;54862;30715;8
217085;-98329;54527;30718;4
228470;-98320;55239;30719;2
211643;-98319;54187;30719;2
196735;-98363;53255;30716;4
206548;-98372;53869;30715;2
207262;-98334;53913;30718;4
212957;-98338;54269;30717;1
198251;-98360;53350;30716;2
211659;-98334;54188;30718;8
222325;-98379;54855;30715;1
211655;-98351;54188;30717;8
218622;-98343;54623;30717;1
211597;-98337;54184;30717;4
206471;-98313;53864;30719;4
207819;-98346;53948;30717;2
222509;-98371;54866;30715;4
210620;-98348;54123;30717;2
196677;-98397;53252;30714;4
206829;-98376;53886;30715;4
213429;-98373;54299;30715;4
218000;-98405;54585;30713;4
218187;-98366;54596;30716;2
228840;-98361;55262;30716;8
197305;-98325;53291;30718;8
211456;-98393;54176;30714;1
225325;-98426;55042;30712;1
223496;-98365;54928;30716;1
224199;-98307;54972;30719;4
197829;-98417;53324;30712;1
203518;-98419;53679;30712;4
204088;-98417;53715;30712;8
203076;-98397;53652;30714;1
226511;-98413;55116;30713;1
219346;-98341;54669;30717;8
218469;-98394;54614;30714;8
220672;-98316;54752;30719;2
198900;-98326;53391;30718;1
217537;-98332;54556;30718;8
204168;-98387;53720;30714;4
228885;-98328;55265;30718;1
225330;-98349;55043;30717;1
203166;-98398;53657;30714;8
202139;-98335;53593;30718;2
211428;-98423;54174;30712;2
207034;-98320;53899;30719;2
209476;-98385;54052;30714;8
202804;-98328;53635;30718;1
206839;-98401;53887;30713;1
211049;-98314;54150;30719;8
203333;-98321;53668;30718;8
211183;-98413;54158;30713;8
203320;-98365;53667;30716;2
224632;-98323;54999;30718;1
210479;-98340;54114;30717;1
225493;-98323;55053;30718;2
201341;-98345;53543;30717;1
221580;-98353;54808;30716;4
196807;-98370;53260;30715;1
201226;-98394;53536;30714;4
226290;-98335;55103;30718;2
219765;-98351;54695;30717;2
209735;-98361;54068;30716;1
214865;-98418;54389;30712;2
226565;-98408;55120;30713;1
222245;-98354;54850;30716;8
206497;-98314;53866;30719;2
213908;-98360;54329;30716;1
222106;-98393;54841;30714;4
207203;-98399;53910;30714;8
211364;-98400;54170;30714;8
228355;-98430;55232;30712;4
208895;-98351;54015;30717;4
207300;-98371;53916;30715;4
227978;-98405;55208;30713;8
214940;-98422;54393;30712;8
197375;-98387;53295;30714;4
222058;-98363;54838;30716;4
216437;-98392;54487;30714;4
218362;-98387;54607;30714;1
207470;-98335;53926;30718;2
217599;-98412;54559;30713;8
222618;-98397;54873;30714;4
207266;-98322;53914;30718;2
214941;-98349;54393;30717;2
225640;-98353;55062;30716;4
207417;-98348;53923;30717;2
225337;-98309;55043;30719;8
223962;-98399;54957;30714;8
197905;-98331;53329;30718;8
215706;-98314;54441;30719;1
204788;-98321;53759;30718;2
198885;-98339;53390;30717;2
210581;-98363;54121;30716;8
206485;-98315;53865;30719;2
218408;-98343;54610;30717;2
220547;-98408;54744;30713;4
208084;-98413;53965;30713;8
209581;-98324;54058;30718;1
202812;-98343;53635;30717;4
201474;-98394;53552;30714;8
202741;-98409;53631;30713;2
221593;-98344;54809;30717;1
217016;-98417;54523;30712;1
213330;-98335;54293;30718;8
213353;-98376;54294;30715;4
218991;-98338;54646;30717;2
210464;-98406;54114;30713;8
223230;-98374;54911;30715;4
209541;-98327;54056;30718;1
210099;-98333;54091;30718;4
227502;-98358;55178;30716;8
214334;-98348;54355;30717;8
203760;-98429;53695;30712;1
202022;-98319;53586;30719;2
210411;-98363;54110;30716;4
212554;-98411;54244;30713;8
227383;-98356;55171;30716;2
218852;-98335;54638;30718;8
215785;-98420;54446;30712;1
226498;-98340;55116;30717;4
227509;-98389;55179;30714;8
213606;-98391;54310;30714;8
221717;-98306;54817;30719;4
215278;-98382;54414;30715;1
204445;-98400;53737;30714;8
211372;-98385;54170;30714;1
219969;-98336;54708;30718;4
216655;-98414;54500;30713;2
200654;-98401;53500;30713;4
210232;-98373;54099;30715;2
219152;-98347;54657;30717;2
227723;-98356;55192;30716;1
224141;-98412;54968;30713;8
201031;-98374;53524;30715;2
209489;-98381;54053;30715;2
196910;-98426;53266;30712;1
217707;-98386;54566;30714;1
208257;-98327;53976;30718;2
202558;-98413;53619;30713;4
215377;-98395;54421;30714;1
199272;-98362;53414;30716;8
218991;-98315;54646;30719;2
200946;-98331;53519;30718;1
202332;-98345;53605;30717;2
216718;-98313;54504;30719;1
204286;-98338;53727;30717;4
202537;-98364;53618;30716;8
226432;-98311;55112;30719;8
212435;-98367;54237;30716;1
213932;-98371;54330;30715;2
205648;-98412;53813;30713;4
221075;-98390;54777;30714;4
198237;-98374;53349;30715;2
219323;-98391;54667;30714;4
226951;-98349;55144;30717;4
209394;-98389;54047;30714;4
220000;-98361;54710;30716;8
227839;-98403;55199;30713;2
224714;-98396;55004;30714;2
223812;-98338;54948;30717;1
208029;-98360;53961;30716;4
211613;-98417;54185;30712;8
198010;-98430;53335;30712;4
203202;-98309;53660;30719;8
210146;-98380;54094;30715;4
225292;-98431;55040;30712;4
200930;-98327;53518;30718;8
213799;-98381;54322;30715;1
199725;-98337;53442;30717;4
225841;-98378;55075;30715;1
217155;-98371;54532;30715;8
222713;-98360;54879;30716;1
214446;-98336;54362;30718;4
209958;-98331;54082;30718;2
211880;-98353;54202;30716;4
205302;-98349;53791;30717;8
216535;-98354;54493;30716;2
225959;-98343;55082;30717;4
203044;-98329;53650;30718;8
222559;-98367;54869;30716;8
203764;-98412;53695;30713;1
207493;-98333;53928;30718;2
212918;-98316;54267;30719;2
210433;-98361;54112;30716;1
205589;-98430;53809;30712;1
201697;-98314;53566;30719;8
220756;-98337;54757;30717;1
216456;-98342;54488;30717;4
211211;-98359;54160;30716;8
216852;-98432;54513;30712;2
223934;-98431;54955;30712;4
226283;-98342;55102;30717;1
228718;-98398;55254;30714;2
228712;-98371;55254;30715;4
222750;-98342;54881;30717;1
213081;-98378;54277;30715;8
223492;-98361;54928;30716;8
218871;-98392;54639;30714;4
228615;-98425;55248;30712;4
200334;-98389;53480;30714;8
215067;-98320;54401;30719;2
203651;-98348;53688;30717;4
208720;-98373;54005;30715;2
201016;-98314;53523;30719;4
224187;-98432;54971;30712;1
201461;-98392;53551;30714;4
215039;-98382;54399;30715;4
196913;-98326;53267;30718;8
211235;-98396;54162;30714;8
212991;-98306;54271;30719;8
212182;-98367;54221;30716;4
203201;-98420;53660;30712;8
207786;-98412;53946;30713;2
211300;-98338;54166;30717;8
214854;-98390;54388;30714;2
223877;-98360;54952;30716;1
210335;-98430;54105;30712;4
205386;-98329;53796;30718;4
225628;-98336;55061;30718;1
208009;-98392;53960;30714;2
207128;-98431;53905;30712;1
228213;-98394;55223;30714;8
207970;-98361;53958;30716;2
209946;-98326;54081;30718;8
197757;-98332;53319;30718;2
221460;-98416;54801;30713;4
221653;-98334;54813;30718;2
201467;-98333;53551;30718;1
218734;-98384;54630;30715;4
210772;-98410;54133;30713;1
218928;-98349;54643;30717;1
209935;-98309;54080;30719;4
215777;-98349;54446;30717;4
226714;-98412;55129;30713;8
227976;-98428;55208;30712;4
228670;-98308;55251;30719;2
203331;-98397;53668;30714;2
204427;-98312;53736;30719;2
213777;-98314;54321;30719;1
202250;-98351;53600;30717;8
222486;-98421;54865;30712;1
219725;-98382;54692;30715;1
227150;-98334;55156;30718;2
202424;-98360;53611;30716;1
205764;-98318;53820;30719;1
200388;-98351;53484;30717;1
213830;-98336;54324;30718;1
223217;-98355;54911;30716;4
217608;-98313;54560;30719;8
228329;-98397;55230;30714;1
210588;-98348;54121;30717;8
226290;-98409;55103;30713;8
197314;-98383;53292;30715;4
198207;-98306;53347;30719;2
202580;-98373;53621;30715;2
226865;-98345;55139;30717;4
203573;-98400;53683;30714;8
200276;-98376;53477;30715;8
204717;-98311;53754;30719;2
212033;-98406;54212;30713;1
208454;-98344;53988;30717;2
199209;-98387;53410;30714;1
225118;-98309;55029;30719;2
213295;-98317;54290;30719;4
213536;-98428;54306;30712;1
199595;-98348;53434;30717;1
212595;-98335;54247;30718;8
201082;-98379;53527;30715;1
220702;-98336;54753;30718;8
198572;-98342;53370;30717;8
221385;-98315;54796;30719;4
211268;-98345;54164;30717;1
218500;-98387;54616;30714;8
204601;-98376;53747;30715;2
228823;-98415;55261;30713;4
216393;-98366;54484;30716;2
226335;-98364;55105;30716;1
216888;-98386;54515;30714;1
219274;-98313;54664;30719;8
219215;-98370;54660;30715;1
210581;-98331;54121;30718;1
197089;-98318;53278;30719;2
225848;-98411;55075;30713;4
210639;-98389;54124;30714;8
202454;-98401;53613;30713;8
226774;-98396;55133;30714;4
205070;-98372;53776;30715;2
198021;-98354;53336;30716;2
221933;-98389;54830;30714;8
205201;-98312;53785;30719;1
227469;-98358;55176;30716;4
197381;-98350;53296;30717;4
220500;-98364;54741;30716;4
217141;-98346;54531;30717;1
211459;-98318;54176;30719;1
197232;-98318;53287;30719;8
212000;-98333;54210;30718;8
211019;-98383;54148;30715;4
204762;-98370;53757;30715;2
227967;-98419;55207;30712;4
228270;-98309;55226;30719;1
218920;-98365;54642;30716;4
218247;-98337;54600;30717;2
218539;-98319;54618;30719;1
208423;-98360;53986;30716;2
205614;-98332;53810;30718;8
201202;-98369;53535;30715;1
213770;-98367;54320;30716;1
219458;-98338;54676;30717;4
213837;-98386;54324;30714;8
219271;-98361;54664;30716;4
214732;-98411;54380;30713;1
214224;-98381;54349;30715;1
218953;-98390;54644;30714;2
218532;-98418;54618;30712;1
209631;-98379;54061;30715;1
214607;-98417;54372;30712;1
211033;-98330;54149;30718;8
217573;-98391;54558;30714;8
223447;-98388;54925;30714;8
200744;-98373;53506;30715;1
219932;-98329;54705;30718;8
224481;-98355;54990;30716;2
201460;-98394;53551;30714;4
197414;-98423;53298;30712;2
220262;-98378;54726;30715;1
197930;-98338;53330;30717;1
203559;-98329;53682;30718;4
224720;-98424;55005;30712;1
205676;-98387;53814;30714;8
223177;-98312;54908;30719;1
217994;-98385;54584;30714;8
219393;-98378;54672;30715;2
219176;-98370;54658;30715;1
215025;-98320;54399;30719;1
218883;-98399;54640;30714;4
196608;-98427;53248;30712;2
216787;-98323;54509;30718;8
222905;-98329;54891;30718;8
216606;-98368;54497;30716;1
204308;-98373;53729;30715;4
216642;-98411;54500;30713;2
208231;-98381;53974;30715;1
204438;-98377;53737;30715;1
205643;-98321;53812;30718;1
205139;-98399;53781;30714;8
197770;-98424;53320;30712;1
197798;-98375;53322;30715;8
225352;-98383;55044;30715;8
203343;-98370;53668;30715;1
227427;-98326;55174;30718;1
225830;-98337;55074;30717;4
209430;-98377;54049;30715;2
228268;-98310;55226;30719;1
220561;-98318;54745;30719;1
208498;-98388;53991;30714;1
212111;-98343;54216;30717;1
229044;-98364;55275;30716;8
219269;-98412;54664;30713;8
204088;-98379;53715;30715;2
214931;-98405;54393;30713;2
208633;-98341;53999;30717;1
216397;-98367;54484;30716;8
208165;-98422;53970;30712;1
226027;-98413;55086;30713;8
211392;-98318;54172;30719;8
199795;-98368;53447;30716;8
222921;-98423;54892;30712;8
223383;-98426;54921;30712;1
203322;-98385;53667;30714;8
216533;-98313;54493;30719;1
211810;-98320;54198;30719;2
219169;-98385;54658;30714;2
226392;-98342;55109;30717;1
213461;-98423;54301;30712;2
204763;-98382;53757;30715;1
214640;-98379;54375;30715;1
225991;-98327;55084;30718;8
216925;-98330;54517;30718;2
221528;-98364;54805;30716;1
203077;-98409;53652;30713;1
217780;-98418;54571;30712;2
198546;-98371;53369;30715;2
228942;-98313;55268;30719;4
211221;-98400;54161;30714;1
228622;-98316;55248;30719;1
202960;-98417;53645;30712;8
200626;-98430;53499;30712;8
208945;-98347;54019;30717;1
220252;-98419;54725;30712;8
228852;-98339;55263;30717;2
215280;-98390;54415;30714;4
200384;-98325;53484;30718;8
209523;-98341;54055;30717;2
213549;-98404;54306;30713;8
201545;-98336;53556;30718;4
205082;-98429;53777;30712;2
202512;-98404;53617;30713;4
219748;-98384;54694;30715;1
223350;-98409;54919;30713;4
211607;-98407;54185;30713;1
197126;-98414;53280;30713;2
206279;-98418;53852;30712;1
224333;-98382;54980;30715;8
222348;-98310;54856;30719;4
201212;-98423;53535;30712;4
212696;-98362;54253;30716;8
217713;-98318;54567;30719;4
224268;-98353;54976;30716;2
225300;-98429;55041;30712;8
215534;-98395;54430;30714;1
208390;-98348;53984;30717;2
223265;-98402;54914;30713;1
206085;-98340;53840;30717;4
215356;-98307;54419;30719;8
219550;-98414;54681;30713;2
223201;-98340;54910;30717;1
197196;-98395;53284;30714;4
210311;-98336;54104;30718;1
211724;-98312;54192;30719;2
227379;-98341;55171;30717;8
210777;-98386;54133;30714;4
219132;-98344;54655;30717;2
208255;-98378;53975;30715;8
206848;-98422;53888;30712;2
219957;-98410;54707;30713;2
212397;-98331;54234;30718;8
214533;-98354;54368;30716;8
226543;-98428;55118;30712;2
222961;-98355;54895;30716;8
208238;-98424;53974;30712;2
201450;-98327;53550;30718;8
223650;-98431;54938;30712;2
227692;-98335;55190;30718;1
209405;-98338;54047;30717;2
223339;-98351;54918;30717;8
212900;-98397;54266;30714;1
210180;-98318;54096;30719;4
212524;-98392;54242;30714;2
199947;-98351;53456;30717;8
204989;-98395;53771;30714;8
214451;-98318;54363;30719;4
207265;-98309;53914;30719;1
199364;-98332;53420;30718;1
196711;-98313;53254;30719;1
210748;-98342;54131;30717;1
204623;-98397;53748;30714;1
211516;-98418;54179;30712;1
217963;-98407;54582;30713;4
207184;-98390;53909;30714;2
202440;-98373;53612;30715;2
207300;-98394;53916;30714;2
207643;-98348;53937;30717;4
228566;-98418;55245;30712;8
220071;-98390;54714;30714;8
227627;-98346;55186;30717;4
218803;-98335;54635;30718;1
228905;-98306;55266;30719;2
199537;-98386;53431;30714;1
224523;-98384;54992;30715;8
212235;-98314;54224;30719;4
204115;-98334;53717;30718;2
211469;-98334;54176;30718;1
226285;-98412;55102;30713;4
215195;-98309;54409;30719;8
207279;-98317;53914;30719;4
215031;-98354;54399;30716;1
202084;-98395;53590;30714;2
203030;-98412;53649;30713;2
224204;-98317;54972;30719;1
211296;-98412;54166;30713;8
215463;-98329;54426;30718;8
212672;-98362;54252;30716;8
214727;-98395;54380;30714;2
200648;-98319;53500;30719;1
225355;-98403;55044;30713;2
214047;-98317;54337;30719;8
206812;-98398;53885;30714;2
212595;-98358;54247;30716;2
201243;-98339;53537;30717;2
201699;-98429;53566;30712;2
221120;-98318;54780;30719;8
225041;-98337;55025;30717;2
218996;-98398;54647;30714;4
221483;-98424;54802;30712;1
213788;-98387;54321;30714;1
222105;-98395;54841;30714;1
216230;-98390;54474;30714;4
199380;-98310;53421;30719;8
210531;-98392;54118;30714;1
201298;-98341;53541;30717;1
201731;-98338;53568;30717;1
211379;-98340;54171;30717;2
213243;-98383;54287;30715;4
202978;-98354;53646;30716;8
227134;-98428;55155;30712;1
212093;-98426;54215;30712;4
221834;-98306;54824;30719;2
222810;-98331;54885;30718;1
201092;-98332;53528;30718;2
212462;-98319;54238;30719;1
228146;-98399;55219;30714;8
212322;-98425;54230;30712;2
221582;-98378;54808;30715;8
227778;-98408;55196;30713;1
210621;-98419;54123;30712;4
216249;-98405;54475;30713;2
209516;-98379;54054;30715;8
217487;-98333;54552;30718;4
220681;-98340;54752;30717;2
224767;-98397;55007;30714;4
223805;-98360;54947;30716;2
206212;-98388;53848;30714;8
219692;-98402;54690;30713;8
214472;-98338;54364;30717;8
212837;-98387;54262;30714;2
217154;-98384;54532;30715;8
225161;-98386;55032;30714;1
201894;-98416;53578;30713;1
217233;-98380;54537;30715;2
226800;-98416;55135;30713;8
225368;-98340;55045;30717;8
204277;-98375;53727;30715;2
218332;-98362;54605;30716;4
216316;-98375;54479;30715;4
215274;-98411;54414;30713;2
208690;-98327;54003;30718;4
221807;-98358;54822;30716;1
228342;-98351;55231;30717;8
221996;-98394;54834;30714;4
212285;-98403;54227;30713;4
202899;-98363;53641;30716;1
200397;-98414;53484;30713;2
212293;-98382;54228;30715;2
209510;-98342;54054;30717;4
212548;-98432;54244;30712;2
223436;-98414;54924;30713;1
197023;-98311;53273;30719;4
219777;-98401;54696;30713;2
210374;-98311;54108;30719;2
224536;-98315;54993;30719;8
212228;-98365;54224;30716;8
202609;-98347;53623;30717;4
197167;-98367;53282;30716;1
209872;-98425;54077;30712;2
199921;-98427;53455;30712;4
222477;-98374;54864;30715;4
201977;-98430;53583;30712;8
200817;-98387;53511;30714;2
200586;-98365;53496;30716;1
219037;-98361;54649;30716;1
202278;-98419;53602;30712;1
224157;-98329;54969;30718;1
204907;-98414;53766;30713;1
216190;-98425;54471;30712;1
200707;-98387;53504;30714;4
227384;-98418;55171;30712;4
223988;-98360;54959;30716;8
213685;-98327;54315;30718;1
213522;-98422;54305;30712;8
220518;-98330;54742;30718;2
212695;-98315;54253;30719;1
216504;-98387;54491;30714;1
200641;-98330;53500;30718;4
204228;-98306;53724;30719;4
203542;-98349;53681;30717;8
211778;-98333;54196;30718;2
214048;-98419;54338;30712;8
226240;-98349;55100;30717;2
220226;-98345;54724;30717;2
209322;-98404;54042;30713;1
203650;-98339;53688;30717;4
211107;-98426;54154;30712;1
212023;-98308;54211;30719;1
210367;-98418;54107;30712;4
203297;-98430;53666;30712;2
223757;-98371;54944;30715;4
203102;-98314;53653;30719;2
212894;-98420;54265;30712;2
208180;-98390;53971;30714;4
220474;-98377;54739;30715;8
200453;-98351;53488;30717;1
209867;-98397;54076;30714;2
219782;-98361;54696;30716;1
210735;-98327;54130;30718;4
223932;-98307;54955;30719;8
201996;-98426;53584;30712;1
214589;-98335;54371;30718;2
216201;-98411;54472;30713;2
225218;-98420;55036;30712;2
207667;-98391;53939;30714;1
217462;-98418;54551;30712;8
197984;-98372;53334;30715;4
217880;-98399;54577;30714;4
220545;-98371;54744;30715;2
197200;-98353;53285;30716;2
200271;-98338;53476;30717;4
224340;-98308;54981;30719;8
219173;-98391;54658;30714;8
220439;-98377;54737;30715;4
221156;-98315;54782;30719;1
206617;-98399;53873;30714;1
199682;-98353;53440;30716;1
222016;-98390;54836;30714;4
227316;-98323;55167;30718;2
217923;-98412;54580;30713;4
205783;-98429;53821;30712;8
226026;-98337;55086;30717;2
198397;-98345;53359;30717;1
212709;-98429;54254;30712;4
213584;-98341;54309;30717;2
200140;-98346;53468;30717;8
214460;-98394;54363;30714;8
219080;-98345;54652;30717;2
224810;-98317;55010;30719;8
212021;-98367;54211;30716;1
226728;-98386;55130;30714;4
202327;-98403;53605;30713;8
221778;-98428;54821;30712;2
219385;-98388;54671;30714;4
223116;-98411;54904;30713;4
220905;-98371;54766;30715;2
221086;-98369;54777;30715;1
197042;-98383;53275;30715;2
228793;-98310;55259;30719;8
225964;-98339;55082;30717;1
202168;-98367;53595;30716;4
216017;-98368;54461;30716;1
226495;-98345;55115;30717;2
216381;-98361;54483;30716;4
217200;-98334;54535;30718;1
217209;-98423;54535;30712;2
219129;-98409;54655;30713;4
199640;-98353;53437;30716;2
226570;-98357;55120;30716;2
200293;-98354;53478;30716;2
216096;-98422;54466;30712;4
206627;-98329;53874;30718;8
213923;-98322;54330;30718;4
211807;-98403;54197;30713;4
207909;-98355;53954;30716;4
198235;-98369;53349;30715;2
219443;-98336;54675;30718;4
202444;-98411;53612;30713;8
212192;-98335;54222;30718;2
209586;-98388;54059;30714;8
206669;-98420;53876;30712;2
224594;-98367;54997;30716;1
224451;-98363;54988;30716;8
228178;-98406;55221;30713;1
222275;-98362;54852;30716;1
225218;-98329;55036;30718;2
198930;-98356;53393;30716;1
209181;-98316;54033;30719;2
213716;-98311;54317;30719;4
203147;-98385;53656;30714;1
201670;-98377;53564;30715;1
211668;-98336;54189;30718;8
208936;-98309;54018;30719;2
223831;-98393;54949;30714;4
225000;-98427;55022;30712;2
224817;-98363;55011;30716;2
221480;-98389;54802;30714;8
212079;-98313;54214;30719;4
211607;-98365;54185;30716;2
201802;-98412;53572;30713;4
213795;-98339;54322;30717;4
217069;-98375;54526;30715;4
207951;-98389;53956;30714;8
220852;-98308;54763;30719;2
225750;-98394;55069;30714;2
227763;-98343;55195;30717;8
206092;-98336;53840;30718;4
202926;-98357;53642;30716;8
226954;-98319;55144;30719;4
223654;-98391;54938;30714;8
204664;-98423;53751;30712;8
209526;-98338;54055;30717;1
219558;-98429;54682;30712;1
224026;-98430;54961;30712;1
223204;-98396;54910;30714;2
218141;-98344;54593;30717;4
210456;-98425;54113;30712;2
203747;-98415;53694;30713;8
226171;-98420;55095;30712;4
208032;-98423;53962;30712;4
202446;-98394;53612;30714;4
205225;-98306;53786;30719;2
221917;-98374;54829;30715;8
212144;-98312;54219;30719;4
207421;-98389;53923;30714;2
207106;-98414;53904;30713;2
204254;-98331;53725;30718;8
214119;-98325;54342;30718;2
215234;-98333;54412;30718;2
211692;-98423;54190;30712;1
203076;-98390;53652;30714;4
202781;-98351;53633;30717;1
203901;-98385;53703;30714;8
220259;-98379;54726;30715;2
206286;-98386;53852;30714;4
203517;-98406;53679;30713;1
199867;-98308;53451;30719;1
216843;-98406;54512;30713;2
218840;-98352;54637;30717;4
211366;-98414;54170;30713;1
224051;-98344;54963;30717;8
227863;-98381;55201;30715;4
213491;-98414;54303;30713;2
204601;-98329;53747;30718;8
213316;-98307;54292;30719;8
213887;-98392;54327;30714;1
229072;-98384;55277;30715;4
206215;-98325;53848;30718;8
209362;-98312;54045;30719;4
206395;-98431;53859;30712;2
217620;-98342;54561;30717;2
212905;-98431;54266;30712;2
227925;-98352;55205;30717;4
225183;-98397;55033;30714;1
220768;-98347;54758;30717;2
215079;-98421;54402;30712;4
203889;-98336;53703;30718;2
203110;-98432;53654;30712;4
228079;-98407;55214;30713;8
196656;-98409;53251;30713;1
219995;-98306;54709;30719;8
218667;-98407;54626;30713;1
214861;-98408;54388;30713;1
207171;-98414;53908;30713;8
207300;-98337;53916;30717;2
224780;-98322;55008;30718;4
218510;-98381;54616;30715;4
209848;-98380;54075;30715;8
220369;-98403;54733;30713;4
212927;-98400;54267;30714;2
221081;-98413;54777;30713;8
218599;-98423;54622;30712;1
207280;-98362;53915;30716;4
202428;-98384;53611;30715;2
224458;-98390;54988;30714;2
209454;-98424;54050;30712;4
218385;-98361;54609;30716;1
213865;-98308;54326;30719;1
228087;-98343;55215;30717;4
203552;-98357;53682;30716;4
216221;-98334;54473;30718;4
202376;-98327;53608;30718;4
205451;-98319;53800;30719;4
204895;-98366;53765;30716;1
199481;-98379;53427;30715;4
197655;-98332;53313;30718;8
208596;-98341;53997;30717;4
207057;-98403;53901;30713;1
210435;-98358;54112;30716;1
218844;-98320;54637;30719;8
204237;-98422;53724;30712;2
214346;-98409;54356;30713;4
198360;-98364;53357;30716;8
209252;-98417;54038;30712;2
219063;-98338;54651;30717;2
211875;-98381;54202;30715;4
215246;-98378;54412;30715;4
203476;-98350;53677;30717;8
225932;-98362;55080;30716;2
216983;-98357;54521;30716;4
216242;-98335;54475;30718;2
212389;-98394;54234;30714;1
226896;-98347;55141;30717;8
224720;-98348;55005;30717;1
217501;-98306;54553;30719;2
213984;-98316;54334;30719;8
219064;-98365;54651;30716;4
218136;-98352;54593;30717;1
217803;-98339;54572;30717;4
210233;-98402;54099;30713;2
216313;-98417;54479;30712;8
211649;-98372;54188;30715;8
224788;-98411;55009;30713;2
226374;-98338;55108;30717;4
202169;-98377;53595;30715;1
226697;-98376;55128;30715;2
221225;-98401;54786;30713;8
200568;-98344;53495;30717;8
223712;-98414;54942;30713;4
218122;-98312;54592;30719;2
209187;-98330;54034;30718;2
227488;-98402;55178;30713;2
197172;-98416;53283;30713;8
200931;-98416;53518;30713;2
226246;-98339;55100;30717;1
226218;-98312;55098;30719;4
220762;-98374;54757;30715;8
210759;-98309;54132;30719;4
204436;-98348;53737;30717;1
215525;-98393;54430;30714;4
225006;-98352;55022;30717;2
202865;-98417;53639;30712;1
207580;-98395;53933;30714;2
205173;-98338;53783;30717;4
221510;-98378;54804;30715;4
201270;-98413;53539;30713;8
217898;-98396;54578;30714;4
198195;-98328;53347;30718;4
221412;-98355;54798;30716;8
211128;-98393;54155;30714;1
223431;-98383;54924;30715;8
211738;-98325;54193;30718;8
202058;-98408;53588;30713;1
212844;-98372;54262;30715;2
208806;-98377;54010;30715;1
214852;-98328;54388;30718;8
216827;-98396;54511;30714;4
225559;-98313;55057;30719;1
215528;-98334;54430;30718;4
203199;-98332;53659;30718;2
212916;-98411;54267;30713;8
227140;-98383;55156;30715;8
208934;-98431;54018;30712;2
208044;-98322;53962;30718;2
220562;-98332;54745;30718;8
201541;-98342;53556;30717;2
207822;-98427;53948;30712;8
226106;-98373;55091;30715;1
211521;-98377;54180;30715;8
228411;-98345;55235;30717;4
215030;-98356;54399;30716;1
212061;-98337;54213;30717;8
209931;-98418;54080;30712;8
206159;-98330;53844;30718;1
205081;-98323;53777;30718;1
226374;-98320;55108;30719;2
207505;-98338;53929;30717;2
205079;-98382;53777;30715;1
223542;-98308;54931;30719;8
206815;-98347;53885;30717;4
222547;-98349;54869;30717;1
219453;-98415;54675;30713;2
211763;-98355;54195;30716;2
212947;-98427;54269;30712;4
217110;-98347;54529;30717;4
209752;-98310;54069;30719;2
207280;-98408;53915;30713;4
198224;-98373;53349;30715;8
222171;-98327;54845;30718;4
204624;-98313;53749;30719;1
226648;-98379;55125;30715;4
224168;-98344;54970;30717;8
223484;-98357;54927;30716;4
197428;-98358;53299;30716;1
220457;-98397;54738;30714;1
218652;-98310;54625;30719;4
198126;-98334;53342;30718;1
199684;-98334;53440;30718;1
218002;-98422;54585;30712;4
205602;-98321;53810;30718;8
213237;-98411;54287;30713;4
223678;-98311;54939;30719;4
214279;-98428;54352;30712;4
208919;-98378;54017;30715;1
214786;-98351;54384;30717;4
204397;-98313;53734;30719;1
227609;-98361;55185;30716;2
209553;-98319;54057;30719;4
215375;-98324;54420;30718;4
210791;-98349;54134;30717;4
216135;-98398;54468;30714;8
216920;-98429;54517;30712;4
210200;-98419;54097;30712;2
204341;-98368;53731;30716;8
212292;-98310;54228;30719;8
210248;-98332;54100;30718;2
225255;-98364;55038;30716;8
205109;-98404;53779;30713;2
213489;-98354;54303;30716;1
211010;-98367;54148;30716;1
221481;-98342;54802;30717;1
220932;-98415;54768;30713;2
218579;-98386;54621;30714;2
219688;-98373;54690;30715;8
213943;-98310;54331;30719;8
218589;-98403;54621;30713;8
226499;-98345;55116;30717;1
211168;-98371;54158;30715;1
219666;-98311;54689;30719;2
213301;-98341;54291;30717;8
226832;-98307;55137;30719;1
198275;-98390;53352;30714;1
205112;-98410;53779;30713;8
206335;-98419;53855;30712;4
207357;-98334;53919;30718;4
223751;-98320;54944;30719;1
227329;-98384;55168;30715;2
208758;-98365;54007;30716;1
219152;-98368;54657;30716;4
198768;-98399;53383;30714;2
203448;-98367;53675;30716;8
219476;-98340;54677;30717;8
210736;-98400;54131;30714;4
216740;-98373;54506;30715;2
226875;-98381;55139;30715;4
210266;-98357;54101;30716;4
221262;-98415;54788;30713;4
199514;-98322;53429;30718;1
198774;-98353;53383;30716;4
211400;-98396;54172;30714;4
201529;-98365;53555;30716;2
215334;-98394;54418;30714;2
215813;-98411;54448;30713;2
202747;-98424;53631;30712;2
206391;-98402;53859;30713;2
213699;-98367;54316;30716;1
223280;-98345;54915;30717;8
199270;-98333;53414;30718;4
200224;-98325;53474;30718;1
204325;-98389;53730;30714;8
218345;-98400;54606;30714;1
208393;-98422;53984;30712;2
207409;-98408;53923;30713;1
213018;-98349;54273;30717;2
217863;-98339;54576;30717;1
197488;-98331;53303;30718;8
200237;-98405;53474;30713;4
196825;-98405;53261;30713;4
203820;-98362;53698;30716;1
197485;-98326;53302;30718;4
224029;-98331;54961;30718;2
222437;-98307;54862;30719;1
221476;-98401;54802;30713;4
216625;-98384;54499;30715;8
228617;-98337;55248;30717;2
216267;-98392;54476;30714;1
198234;-98423;53349;30712;8
199077;-98332;53402;30718;8
212336;-98306;54231;30719;8
203055;-98312;53650;30719;1
207846;-98357;53950;30716;4
204271;-98342;53726;30717;2
224648;-98307;55000;30719;8
218151;-98396;54594;30714;2
197816;-98384;53323;30715;8
228207;-98338;55222;30717;4
217481;-98390;54552;30714;1
214528;-98360;54368;30716;8
201655;-98425;53563;30712;4
208680;-98424;54002;30712;2
205327;-98306;53792;30719;1
200351;-98348;53481;30717;8
227127;-98399;55155;30714;4
208370;-98408;53983;30713;8
197504;-98311;53304;30719;4
207444;-98432;53925;30712;1
219430;-98306;54674;30719;2
215539;-98414;54431;30713;1
227441;-98316;55175;30719;8
205301;-98335;53791;30718;4
203538;-98416;53681;30713;4
222054;-98418;54838;30712;8
213368;-98414;54295;30713;1
216501;-98394;54491;30714;1
206285;-98383;53852;30715;2
224125;-98400;54967;30714;8
205072;-98383;53777;30715;1
207442;-98312;53925;30719;2
197814;-98318;53323;30719;8
226462;-98307;55113;30719;1
222597;-98350;54872;30717;4
228406;-98335;55235;30718;2
214706;-98432;54379;30712;1
203978;-98376;53708;30715;2
223448;-98382;54925;30715;1
203074;-98378;53652;30715;1
199617;-98392;53436;30714;2
219301;-98344;54666;30717;2
197382;-98429;53296;30712;2
200207;-98342;53472;30717;4
210089;-98420;54090;30712;1
216747;-98328;54506;30718;8
213065;-98334;54276;30718;4
225622;-98318;55061;30719;4
213504;-98395;54304;30714;4
228259;-98328;55226;30718;2
218912;-98402;54642;30713;4
224906;-98414;55016;30713;8
211667;-98367;54189;30716;8
207880;-98321;53952;30718;8
202615;-98357;53623;30716;4
210479;-98415;54114;30713;2
200090;-98343;53465;30717;2
227964;-98322;55207;30718;2
223732;-98364;54943;30716;8
217106;-98432;54529;30712;8
220875;-98403;54764;30713;1
196793;-98349;53259;30717;8
205535;-98397;53805;30714;1
213439;-98325;54299;30718;8
224691;-98412;55003;30713;1
203559;-98423;53682;30712;4
221892;-98364;54828;30716;8
209994;-98389;54084;30714;2
220968;-98373;54770;30715;1
221383;-98341;54796;30717;4
226162;-98314;55095;30719;4
217452;-98311;54550;30719;4
219201;-98342;54660;30717;1
224576;-98429;54996;30712;4
204388;-98306;53734;30719;1
228170;-98311;55220;30719;4
210807;-98412;54135;30713;8
210286;-98366;54102;30716;8
228960;-98424;55270;30712;8
204117;-98377;53717;30715;8
210803;-98394;54135;30714;8
199620;-98307;53436;30719;4
226584;-98343;55121;30717;1
222041;-98335;54837;30718;8
196785;-98364;53259;30716;1
206755;-98406;53882;30713;2
201991;-98366;53584;30716;4
222394;-98335;54859;30718;4
228743;-98336;55256;30718;2
214854;-98395;54388;30714;2
223990;-98373;54959;30715;2
198232;-98369;53349;30715;1
223397;-98330;54922;30718;1
214703;-98387;54378;30714;4
218872;-98385;54639;30714;1
216168;-98327;54470;30718;1
216596;-98375;54497;30715;4
221154;-98365;54782;30716;1
208327;-98406;53980;30713;1
197022;-98384;53273;30715;8
228303;-98379;55228;30715;4
225141;-98379;55031;30715;1
226772;-98397;55133;30714;4
206451;-98393;53863;30714;8
224875;-98371;55014;30715;8
216193;-98377;54472;30715;8
215000;-98364;54397;30716;1
209067;-98430;54026;30712;2
198063;-98367;53338;30716;4
217916;-98322;54579;30718;8
229076;-98392;55277;30714;2
206686;-98347;53877;30717;2
215593;-98355;54434;30716;1
209871;-98399;54076;30714;4
221130;-98415;54780;30713;2
198790;-98323;53384;30718;8
202786;-98356;53634;30716;1
207635;-98315;53937;30719;4
212763;-98390;54257;30714;2
201943;-98388;53581;30714;2
224105;-98418;54966;30712;8
226839;-98368;55137;30716;8
198224;-98369;53349;30715;1
226922;-98392;55142;30714;2
218380;-98390;54608;30714;4
224735;-98349;55005;30717;4
196683;-98337;53252;30717;8
221663;-98431;54813;30712;1
200567;-98319;53495;30719;2
217523;-98335;54555;30718;4
215204;-98401;54410;30713;8
214963;-98416;54395;30713;8
198798;-98385;53384;30714;2
214805;-98394;54385;30714;4
210626;-98309;54124;30719;2
197684;-98394;53315;30714;1
212869;-98360;54264;30716;2
197074;-98407;53277;30713;1
207481;-98315;53927;30719;8
212439;-98320;54237;30719;8
216437;-98340;54487;30717;8
207491;-98429;53928;30712;2
221447;-98337;54800;30717;4
218551;-98406;54619;30713;8
224143;-98345;54968;30717;2
199249;-98320;53413;30719;4
221420;-98358;54798;30716;8
207544;-98377;53931;30715;8
215859;-98319;54451;30719;8
228380;-98329;55233;30718;8
197803;-98381;53322;30715;4
227147;-98331;55156;30718;1
220555;-98432;54744;30712;1
199356;-98367;53419;30716;2
223452;-98375;54925;30715;1
212956;-98362;54269;30716;1
208503;-98385;53991;30714;1
205656;-98350;53813;30717;1
224538;-98392;54993;30714;4
203450;-98343;53675;30717;2
226243;-98372;55100;30715;1
228348;-98357;55231;30716;2
212038;-98407;54212;30713;2
204168;-98374;53720;30715;4
197356;-98384;53294;30715;4
218941;-98367;54643;30716;4
228922;-98332;55267;30718;2
216939;-98361;54518;30716;8
198556;-98415;53369;30713;8
203591;-98388;53684;30714;8
205607;-98344;53810;30717;4
198208;-98366;53348;30716;8
214901;-98325;54391;30718;2
219749;-98368;54694;30716;2
213846;-98431;54325;30712;8
220248;-98358;54725;30716;1
208816;-98407;54011;30713;2
228307;-98399;55229;30714;4
202489;-98429;53615;30712;8
211115;-98365;54154;30716;4
209237;-98375;54037;30715;1
203918;-98334;53704;30718;2
198059;-98411;53338;30713;1
206117;-98351;53842;30717;8
201851;-98325;53575;30718;1
209888;-98426;54078;30712;2
227887;-98341;55202;30717;8
204140;-98314;53718;30719;1
200539;-98427;53493;30712;8
214840;-98317;54387;30719;1
224027;-98310;54961;30719;4
209148;-98334;54031;30718;4
226317;-98366;55104;30716;4
197105;-98399;53279;30714;1
228883;-98359;55265;30716;1
209658;-98431;54063;30712;2
213012;-98374;54273;30715;2
214504;-98421;54366;30712;1
210975;-98329;54145;30718;4
205725;-98425;53817;30712;2
199176;-98337;53408;30717;4
213771;-98308;54320;30719;2
227631;-98417;55186;30712;2
221745;-98409;54819;30713;4
218676;-98323;54627;30718;1
227293;-98311;55165;30719;4
222277;-98342;54852;30717;4
206090;-98333;53840;30718;4
221417;-98343;54798;30717;1
216376;-98369;54483;30715;4
208905;-98430;54016;30712;4
199391;-98422;53421;30712;8
225235;-98410;55037;30713;8
216555;-98343;54494;30717;1
217636;-98374;54562;30715;4
228117;-98360;55217;30716;4
204652;-98326;53750;30718;8
225776;-98406;55071;30713;8
223027;-98351;54899;30717;4
214057;-98306;54338;30719;1
196820;-98410;53261;30713;4
203876;-98346;53702;30717;8
213196;-98416;54284;30713;8
218611;-98347;54623;30717;4
205273;-98334;53789;30718;4
199288;-98331;53415;30718;4
202771;-98328;53633;30718;4
219893;-98348;54703;30717;4
225852;-98329;55075;30718;1
199673;-98422;53439;30712;8
201919;-98327;53579;30718;4
212492;-98355;54240;30716;2
204150;-98424;53719;30712;8
211046;-98366;54150;30716;4
211252;-98419;54163;30712;1
225650;-98395;55063;30714;4
216007;-98337;54460;30717;8
215795;-98326;54447;30718;4
204921;-98337;53767;30717;2
222211;-98399;54848;30714;2
218443;-98347;54612;30717;1
206684;-98337;53877;30717;8
208548;-98394;53994;30714;1
204382;-98324;53733;30718;2
208014;-98426;53960;30712;8
216123;-98404;54467;30713;2
199352;-98415;53419;30713;4
221949;-98413;54831;30713;1
217051;-98345;54525;30717;2
224703;-98335;55003;30718;2
201483;-98369;53552;30715;8
199434;-98413;53424;30713;1
216038;-98409;54462;30713;8
215845;-98366;54450;30716;1
211311;-98410;54166;30713;8
222403;-98316;54860;30719;4
222860;-98425;54888;30712;8
203599;-98384;53684;30715;1
200255;-98313;53475;30719;4
221534;-98355;54805;30716;1
221461;-98392;54801;30714;1
210172;-98388;54095;30714;4
197010;-98378;53273;30715;8
223438;-98353;54924;30716;1
212215;-98363;54223;30716;2
205592;-98405;53809;30713;8
196981;-98347;53271;30717;4
218891;-98382;54640;30715;8
216892;-98326;54515;30718;4
214453;-98347;54363;30717;1
222319;-98306;54854;30719;1
220058;-98405;54713;30713;4
227694;-98349;55190;30717;2
198512;-98411;53367;30713;1
198882;-98375;53390;30715;2
199729;-98356;53443;30716;4
226365;-98417;55107;30712;8
219402;-98401;54672;30713;2
210101;-98389;54091;30714;2
210592;-98390;54122;30714;2
220987;-98396;54771;30714;8
218784;-98372;54634;30715;8
199329;-98400;53418;30714;1
213324;-98364;54292;30716;1
201258;-98370;53538;30715;8
211322;-98344;54167;30717;8
202287;-98402;53602;30713;8
204241;-98427;53725;30712;8
202270;-98377;53601;30715;4
208570;-98394;53995;30714;2
218354;-98409;54607;30713;8
221030;-98321;54774;30718;8
229085;-98366;55277;30716;1
225527;-98359;55055;30716;1
221593;-98371;54809;30715;2
228319;-98311;55229;30719;8
200280;-98330;53477;30718;8
222777;-98352;54883;30717;8
215307;-98344;54416;30717;4
218139;-98374;54593;30715;1
208501;-98322;53991;30718;2
211971;-98310;54208;30719;2
206782;-98329;53883;30718;1
227073;-98392;55152;30714;8
197883;-98339;53327;30717;4
224270;-98386;54976;30714;8
204289;-98425;53728;30712;2
202655;-98320;53625;30719;4
219666;-98321;54689;30718;4
213111;-98348;54279;30717;1
227718;-98396;55192;30714;8
210821;-98330;54136;30718;1
199102;-98316;53403;30719;8
197354;-98401;53294;30713;2
217135;-98327;54530;30718;4
215058;-98335;54401;30718;1
213381;-98344;54296;30717;8
204867;-98330;53764;30718;4
196628;-98370;53249;30715;1
217079;-98364;54527;30716;8
199707;-98416;53441;30713;2
217238;-98424;54537;30712;1
224168;-98369;54970;30715;4
223590;-98421;54934;30712;8
226266;-98402;55101;30713;1
226233;-98418;55099;30712;2
209680;-98419;54065;30712;1
217750;-98396;54569;30714;1
217148;-98392;54531;30714;8
219763;-98321;54695;30718;1
197320;-98316;53292;30719;8
198570;-98380;53370;30715;1
221468;-98370;54801;30715;2
202306;-98334;53604;30718;8
198612;-98394;53373;30714;8
203734;-98399;53693;30714;1
199181;-98380;53408;30715;4
226464;-98415;55114;30713;2
198031;-98415;53336;30713;1
205172;-98392;53783;30714;8
200372;-98316;53483;30719;1
226484;-98342;55115;30717;2
207136;-98381;53906;30715;1
214090;-98373;54340;30715;2
227707;-98424;55191;30712;2
225702;-98308;55066;30719;8
215200;-98365;54410;30716;4
228074;-98336;55214;30718;4
214493;-98314;54365;30719;2
221756;-98371;54819;30715;2
223831;-98391;54949;30714;1
208432;-98335;53987;30718;4
197208;-98429;53285;30712;4
210021;-98306;54086;30719;1
222482;-98432;54865;30712;2
203161;-98391;53657;30714;8
215195;-98342;54409;30717;1
201281;-98398;53540;30714;2
227781;-98407;55196;30713;1
220923;-98358;54767;30716;2
221402;-98373;54797;30715;4
198904;-98412;53391;30713;1
204481;-98391;53740;30714;1
221778;-98316;54821;30719;4
226057;-98399;55088;30714;8
226801;-98346;55135;30717;2
198881;-98377;53390;30715;8
222444;-98380;54862;30715;2
219560;-98428;54682;30712;2
200259;-98381;53476;30715;1
203574;-98378;53683;30715;2
219238;-98378;54662;30715;2
204422;-98386;53736;30714;4
223070;-98377;54901;30715;4
218511;-98333;54616;30718;1
208528;-98366;53993;30716;8
204748;-98430;53756;30712;8
227645;-98339;55187;30717;2
219341;-98382;54668;30715;4
208208;-98337;53973;30717;4
220784;-98377;54759;30715;8
225543;-98333;55056;30718;8
217526;-98318;54555;30719;4
201214;-98356;53535;30716;8
213639;-98418;54312;30712;8
213001;-98313;54272;30719;2
196615;-98335;53248;30718;4
202178;-98400;53596;30714;4
207297;-98404;53916;30713;1
219779;-98348;54696;30717;1
201904;-98358;53579;30716;4
224263;-98323;54976;30718;4
196969;-98420;53270;30712;2
226097;-98428;55091;30712;4
219593;-98393;54684;30714;1
200548;-98383;53494;30715;2
214094;-98374;54340;30715;1
222048;-98422;54838;30712;8
197870;-98341;53326;30717;4
204211;-98430;53723;30712;1
220850;-98422;54763;30712;2
202968;-98403;53645;30713;8
218887;-98389;54640;30714;1
216094;-98383;54465;30715;4
207562;-98431;53932;30712;4
201676;-98406;53564;30713;8
226033;-98402;55087;30713;4
226877;-98360;55139;30716;8
218517;-98384;54617;30715;4
220913;-98371;54767;30715;4
223341;-98307;54918;30719;4
211848;-98320;54200;30719;8
207253;-98398;53913;30714;2
225825;-98426;55074;30712;4
202954;-98350;53644;30717;2
225866;-98343;55076;30717;8
226035;-98417;55087;30712;4
205621;-98390;53811;30714;8
210305;-98391;54104;30714;8
207762;-98367;53945;30716;2
223258;-98315;54913;30719;1
222294;-98353;54853;30716;2
215423;-98405;54423;30713;2
214375;-98319;54358;30719;1
217810;-98414;54573;30713;8
210593;-98412;54122;30713;4
224069;-98329;54964;30718;8
217839;-98308;54574;30719;8
218015;-98390;54585;30714;8
220048;-98409;54713;30713;8
225459;-98358;55051;30716;1
223289;-98411;54915;30713;1
214760;-98359;54382;30716;2
204502;-98371;53741;30715;8
228899;-98316;55266;30719;1
219996;-98311;54709;30719;1
220629;-98315;54749;30719;8
224433;-98315;54987;30719;8
218120;-98315;54592;30719;4
227738;-98346;55193;30717;4
226318;-98323;55104;30718;4
200252;-98342;53475;30717;1
219803;-98423;54697;30712;1
201121;-98359;53530;30716;8
219647;-98333;54687;30718;4
220091;-98372;54715;30715;8
199015;-98389;53398;30714;8
225103;-98361;55028;30716;1
208852;-98309;54013;30719;8
207595;-98379;53934;30715;2
200163;-98361;53470;30716;2
218988;-98360;54646;30716;8
205370;-98369;53795;30715;1
218973;-98348;54645;30717;2
220315;-98336;54729;30718;4
207173;-98415;53908;30713;8
202314;-98394;53604;30714;2
198956;-98334;53394;30718;4
201620;-98431;53561;30712;4
220051;-98416;54713;30713;2
204384;-98430;53734;30712;8
208408;-98360;53985;30716;2
219156;-98374;54657;30715;4
210739;-98413;54131;30713;8
209480;-98329;54052;30718;4
207895;-98389;53953;30714;8
207138;-98405;53906;30713;8
197167;-98360;53282;30716;8
207246;-98404;53912;30713;2
216748;-98374;54506;30715;1
225618;-98400;55061;30714;1
228573;-98367;55245;30716;2
223122;-98416;54905;30713;2
209017;-98318;54023;30719;1
216236;-98308;54474;30719;8
199302;-98381;53416;30715;1
217878;-98350;54577;30717;2
217113;-98414;54529;30713;4
219819;-98432;54698;30712;2
207581;-98307;53933;30719;8
228253;-98368;55225;30716;4
218532;-98411;54618;30713;8
220852;-98373;54763;30715;8
227000;-98382;55147;30715;8
215148;-98316;54406;30719;8
220760;-98318;54757;30719;8
227557;-98347;55182;30717;2
218833;-98396;54637;30714;1
211692;-98405;54190;30713;2