128414;-182851;48985;25435;2
111055;-183093;47900;25420;4
112520;-183302;47992;25407;8
104043;-168607;47462;26326;8
129346;-181882;49044;25496;8
112209;-187150;47973;25167;2
127725;-182231;48942;25474;8
102965;-164484;47395;26583;2
126374;-176543;48858;25830;1
129725;-182548;49067;25454;1
127946;-179899;48956;25620;1
100497;-174051;47241;25985;8
121762;-191069;48570;24922;8
114676;-193101;48127;24795;2
100243;-181455;47225;25523;4
120614;-186459;48498;25210;4
113161;-179756;48032;25629;1
125975;-175209;48833;25913;2
113267;-175224;48039;25912;4
129885;-178486;49077;25708;8
109195;-189219;47784;25037;4
127372;-188558;48920;25079;2
121483;-190810;48552;24938;4
118857;-171580;48388;26140;8
114006;-170253;48085;26223;1
113266;-179796;48039;25626;8
127960;-179918;48957;25619;8
116759;-186731;48257;25193;2
123523;-187200;48680;25164;4
115919;-177776;48204;25753;2
130477;-184373;49114;25340;2
117740;-175956;48318;25866;1
130848;-187290;49138;25158;1
129453;-182059;49050;25485;1
127706;-164289;48941;26595;2
109444;-176055;47800;25860;2
108184;-171937;47721;26117;2
122089;-185328;48590;25281;1
115044;-193766;48150;24753;2
116097;-176981;48216;25802;8
116390;-191489;48234;24895;4
124443;-173163;48737;26041;8
120611;-186457;48498;25210;2
114840;-182481;48137;25458;2
112471;-174007;47989;25988;4
124751;-186466;48756;25209;2
121941;-185472;48581;25272;1
110295;-186837;47853;25186;2
115312;-180318;48167;25594;2
101205;-164702;47285;26570;4
120516;-181644;48492;25511;1
104052;-168606;47463;26326;2
122119;-192238;48592;24849;1
109351;-172517;47794;26081;8
128399;-195521;48984;24643;4
100265;-176634;47226;25824;8
113663;-193841;48063;24748;2
114960;-193695;48145;24758;2
123604;-190348;48685;24967;8
113445;-164102;48050;26607;4
116901;-184353;48266;25341;2
126095;-168889;48840;26308;2
111971;-172601;47958;26076;4
114716;-192975;48129;24803;2
121024;-184272;48524;25347;8
116405;-172345;48235;26092;4
110488;-164196;47865;26601;8
113728;-174737;48068;25942;1
115898;-194441;48203;24711;4
129850;-177444;49075;25773;4
117220;-195587;48286;24639;8
130115;-187774;49092;25128;1
111876;-188319;47952;25094;8
107459;-188018;47676;25112;8
102014;-177920;47335;25744;8
115887;-177729;48202;25755;2
115091;-182982;48153;25427;8
129366;-181783;49045;25502;1
106346;-174426;47606;25962;2
106459;-174141;47613;25980;2
128687;-178245;49002;25723;4
123835;-191632;48699;24887;2
120286;-164709;48477;26569;2
110646;-186149;47875;25229;8
121504;-190705;48554;24944;4
105117;-194566;47529;24703;8
129468;-179229;49051;25662;1
119233;-182312;48412;25469;4
102705;-178671;47379;25697;4
127605;-182075;48935;25484;1
114950;-195158;48144;24666;1
129469;-187184;49051;25165;4
118811;-193734;48385;24755;4
121863;-175230;48576;25912;1
100329;-165150;47230;26542;8
117417;-180537;48298;25580;8
108288;-172011;47728;26113;8
105400;-193126;47547;24793;8
106351;-177510;47606;25769;4
114370;-179848;48108;25623;8
127269;-189718;48914;25006;2
129426;-189668;49049;25009;2
108331;-190377;47730;24965;8
127136;-192673;48906;24821;8
103411;-170884;47423;26183;1
106083;-174545;47590;25954;1
114646;-170427;48125;26212;4
112193;-176766;47972;25816;2
115482;-181821;48177;25500;2
109463;-178208;47801;25726;4
125326;-172345;48792;26092;2
121355;-190478;48544;24959;8
129190;-175504;49034;25895;2
117235;-176821;48287;25812;8
129873;-186604;49077;25201;8
120091;-165471;48465;26522;2
113127;-173821;48030;26000;8
116848;-184322;48263;25343;1
129499;-189579;49053;25015;4
125608;-185360;48810;25279;4
99139;-173444;47156;26023;4
128852;-195983;49013;24615;8
118495;-170287;48365;26221;8
105952;-196100;47582;24607;1
129228;-177394;49036;25776;2
126704;-191348;48879;24904;2
127501;-184980;48928;25302;2
118703;-191201;48378;24913;8
112832;-189349;48012;25029;4
118259;-177486;48351;25771;2
129151;-194845;49031;24686;8
117980;-178509;48333;25707;2
126804;-180201;48885;25601;1
100569;-174012;47245;25988;8
118920;-179381;48392;25652;8
109313;-172493;47792;26083;4
116340;-172113;48231;26106;4
125251;-186784;48788;25190;4
117075;-194346;48277;24717;8
101317;-168537;47292;26330;4
108330;-189661;47730;25010;8
116857;-184384;48263;25340;8
128377;-178624;48983;25700;1
117187;-195625;48284;24637;2
116449;-185225;48238;25287;1
130502;-185853;49116;25248;8
127386;-186050;48921;25235;2
117772;-188110;48320;25107;1
126994;-176552;48897;25829;1
100204;-176351;47222;25842;4
112276;-173855;47977;25998;1
117996;-170736;48334;26193;4
105366;-174977;47545;25927;1
120328;-187642;48480;25136;1
101741;-185727;47318;25256;1
127932;-195279;48955;24659;4
117102;-183272;48278;25409;8
120364;-188774;48482;25065;4
124758;-183378;48757;25402;2
101169;-179372;47283;25653;2
104320;-178209;47480;25725;8
129276;-181635;49039;25511;1
128754;-178671;49007;25697;8
120607;-165536;48497;26518;1
128773;-178128;49008;25731;2
104923;-183785;47517;25377;4
109540;-178208;47806;25726;4
109019;-188572;47773;25078;1
109180;-172426;47783;26087;1
125998;-188223;48834;25100;4
113401;-182088;48047;25483;2
119333;-182390;48418;25464;4
108744;-171570;47756;26140;8
115631;-194192;48186;24727;8
110293;-173560;47853;26016;4
129372;-186015;49045;25238;2
116729;-172818;48255;26062;2
114883;-193304;48140;24782;1
124434;-196547;48737;24579;8
117592;-171027;48309;26174;2
130107;-187659;49091;25135;4
112101;-183316;47966;25406;1
117533;-182710;48305;25444;8
114943;-180974;48143;25553;8
130904;-187352;49141;25154;4
115046;-193761;48150;24753;2
104885;-183742;47515;25380;4
104649;-170320;47500;26219;8
130042;-184516;49087;25331;1
129358;-187237;49044;25161;4
99534;-166526;47180;26456;4
120397;-181683;48484;25508;1
117488;-180500;48303;25582;1
130266;-192573;49101;24828;4
114928;-193360;48143;24779;4
112206;-165735;47972;26505;8
113430;-171305;48049;26157;1
101271;-179207;47289;25663;1
112578;-183378;47996;25402;1
127951;-181491;48956;25520;1
110044;-174444;47837;25961;1
105573;-193025;47558;24799;4
110242;-186798;47850;25189;1
124069;-186742;48714;25192;2
129184;-164575;49034;26578;4
108364;-172278;47732;26096;4
124442;-196608;48737;24576;8
117529;-182747;48305;25442;8
104556;-172450;47494;26085;4
102256;-173982;47351;25990;2
128959;-179869;49019;25622;4
129419;-189648;49048;25011;8
116751;-186637;48256;25199;4
127980;-179084;48958;25671;8
109414;-172461;47798;26085;4
120991;-165634;48521;26511;1
127880;-195239;48952;24661;4
123834;-187812;48699;25125;8
115867;-171512;48201;26144;1
116796;-184325;48259;25343;8
120897;-184412;48516;25338;4
114008;-178953;48085;25679;4
128819;-178167;49011;25728;2
116501;-194127;48241;24731;2
103310;-170965;47416;26178;2
121454;-190391;48550;24964;2
122217;-186685;48598;25196;1
127625;-165466;48936;26522;1
99769;-174684;47195;25946;2
118093;-185136;48340;25293;4
120161;-181230;48470;25537;8
115273;-181901;48164;25495;1
129846;-186603;49075;25201;8
120754;-183018;48507;25425;2
114311;-192265;48104;24847;1
116625;-193948;48249;24742;4
113788;-164412;48071;26588;8
129982;-186643;49083;25198;8
107007;-168561;47647;26328;1
117131;-175605;48280;25888;1
100752;-181571;47257;25515;2
125390;-181352;48796;25529;2
127818;-175225;48948;25912;8
104284;-177786;47477;25752;2
104378;-184887;47483;25308;8
127810;-175143;48948;25917;1
127516;-187061;48929;25172;1
120576;-187817;48496;25125;4
122124;-186740;48592;25192;4
108036;-179838;47712;25624;2
121650;-190950;48563;24929;2
120183;-189043;48471;25048;1
121917;-191197;48579;24914;1
128802;-184349;49010;25342;1
128018;-179281;48961;25658;4
122625;-184831;48624;25312;8
120853;-189039;48513;25049;2
103251;-164484;47413;26583;4
129069;-194839;49026;24686;8
118209;-177493;48348;25770;2
125747;-180758;48819;25566;8
103218;-164361;47411;26591;1
129108;-184535;49029;25330;8
129457;-182088;49051;25483;2
129144;-183677;49031;25384;4
105331;-194709;47543;24694;8
120965;-190410;48520;24963;8
128264;-178650;48976;25698;4
113352;-175309;48044;25907;1
114461;-175302;48113;25907;4
123916;-166474;48704;26459;2
99761;-174616;47195;25950;1
127577;-187016;48933;25175;2
114234;-194178;48099;24727;2
113921;-174980;48080;25927;1
130311;-166394;49104;26464;1
105374;-175058;47545;25922;8
106884;-168482;47640;26333;1
128271;-195516;48976;24644;4
108352;-172270;47732;26097;2
123703;-177234;48691;25786;8
104496;-186589;47491;25202;2
111074;-181957;47902;25491;2
120934;-184363;48518;25341;1
119888;-190892;48453;24933;1
115011;-190866;48148;24934;1
115788;-171546;48196;26142;2
120182;-165442;48471;26523;1
113223;-175197;48036;25914;2
117246;-195665;48287;24634;1
127559;-185085;48932;25296;8
128295;-164188;48978;26602;8
123808;-191736;48698;24880;4
108334;-185813;47730;25250;4
101179;-179347;47283;25654;4
126443;-180239;48862;25599;1
108659;-180188;47751;25602;2
123893;-187880;48703;25121;8
128369;-176754;48983;25816;1
129523;-179309;49055;25657;2
99646;-183095;47187;25420;2
128736;-178610;49006;25700;8
111205;-194006;47910;24738;4
115529;-186853;48180;25185;8
127403;-185880;48922;25246;4
128572;-168906;48995;26307;2
109479;-176235;47802;25849;8
116005;-192073;48210;24859;8
124718;-186008;48754;25238;1
127798;-190186;48947;24977;8
118188;-188455;48346;25085;4
122351;-167189;48606;26414;4
128766;-195096;49007;24670;4
115857;-184616;48201;25325;1
113582;-171474;48058;26146;1
118886;-171412;48390;26150;2
127570;-180845;48933;25561;2
115063;-182805;48151;25438;8
127627;-186278;48936;25221;8
127155;-181475;48907;25521;1
109633;-180904;47812;25557;2
120396;-188550;48484;25079;1
110200;-173476;47847;26021;1
126106;-179200;48841;25664;8
115638;-179991;48187;25614;1
113623;-178904;48061;25682;2
121030;-184269;48524;25347;4
109531;-178298;47805;25720;2
124375;-176799;48733;25814;1
116423;-172127;48236;26106;2
127507;-186308;48929;25219;8
121276;-195989;48539;24614;2
108124;-179759;47717;25629;1
129070;-194766;49026;24691;8
107055;-176212;47650;25850;2
119344;-178980;48419;25677;1
125712;-180766;48817;25566;8
117873;-188147;48327;25104;4
127824;-181296;48949;25533;8
115590;-194217;48184;24725;8
115295;-180278;48165;25596;2
127943;-181398;48956;25526;1
117463;-183297;48301;25407;8
126483;-186118;48865;25231;2
108396;-185732;47734;25255;8
128857;-183212;49013;25413;8
128302;-181586;48978;25514;8
99707;-183075;47191;25421;2
128669;-195095;49001;24670;1
130231;-193736;49099;24755;2
115187;-196570;48159;24578;8
122713;-184749;48629;25317;2
130255;-192544;49100;24830;2
112810;-192300;48010;24845;2
129839;-177536;49074;25768;2
123432;-173942;48674;25992;4
130241;-193704;49100;24757;8
128808;-184432;49010;25337;2
110960;-178218;47895;25725;2
99260;-178825;47163;25687;4
104422;-184929;47486;25305;2
117574;-188632;48308;25074;1
121877;-191180;48577;24915;2
106886;-175674;47640;25884;1
116978;-194005;48271;24738;1
128935;-167919;49018;26369;1
100843;-182534;47262;25455;8
113437;-166121;48049;26481;8
115035;-190900;48149;24932;2
115627;-170437;48186;26211;1
115141;-182971;48156;25428;4
114613;-187984;48123;25115;2
110085;-173468;47840;26022;4
117879;-188115;48327;25106;2
128431;-178459;48986;25710;2
117607;-188563;48310;25078;8
117158;-176832;48282;25812;4
112902;-189325;48016;25031;2
123598;-190535;48684;24955;1
101758;-173946;47319;25992;4
99164;-173469;47157;26022;4
118498;-184031;48366;25362;1
116086;-194336;48215;24718;1
126537;-186182;48868;25227;8
108406;-185811;47735;25250;8
117591;-182140;48309;25480;8
105794;-167539;47572;26392;1
117632;-164235;48312;26599;8
118185;-177465;48346;25772;2
116401;-170240;48235;26224;8
112186;-176761;47971;25816;4
121836;-192842;48574;24811;4
109744;-164094;47819;26608;4
128591;-168935;48996;26305;4
127395;-185902;48922;25245;4
127791;-182295;48946;25470;8
114983;-195087;48146;24671;2
100997;-184932;47272;25305;2
117131;-195591;48280;24639;2
113460;-171459;48051;26147;8
127180;-185362;48908;25278;2
108417;-187668;47736;25134;8
129137;-177411;49031;25775;8
109168;-188417;47783;25087;1
123734;-176887;48693;25808;2
101069;-182604;47276;25451;2
106899;-165171;47641;26540;4
128337;-181613;48981;25513;8
107006;-165144;47647;26542;1
126385;-192907;48859;24807;2
124481;-196505;48740;24582;2
116294;-172154;48228;26104;1
121161;-190508;48532;24957;8
116352;-172066;48232;26109;1
121678;-196183;48564;24602;8
106784;-170757;47634;26191;8
113822;-187862;48073;25122;1
112676;-195083;48002;24671;8
128527;-168892;48992;26308;4
112216;-187218;47973;25162;4
122317;-167305;48604;26407;4
126935;-186931;48893;25180;1
117608;-188722;48310;25068;2
121027;-185242;48524;25286;2
117050;-172677;48275;26071;1
121623;-190959;48561;24929;8
99758;-173142;47194;26042;2
99528;-166473;47180;26459;8
109181;-177958;47783;25741;1
119271;-190612;48414;24950;4
128821;-179353;49011;25654;1
112803;-189430;48010;25024;4
120895;-187212;48515;25163;4
104790;-167572;47509;26390;4
106974;-165175;47645;26540;2
117657;-189064;48313;25047;2
111118;-189214;47904;25038;4
114007;-175081;48085;25921;8
105092;-194673;47528;24696;1
113774;-164440;48070;26586;2
129304;-187204;49041;25163;4
109418;-172421;47798;26087;8
120931;-187180;48518;25165;2
100272;-181410;47227;25525;2
108778;-180216;47758;25600;2
111227;-187667;47911;25134;1
120700;-186474;48503;25209;8
101722;-180777;47317;25565;4
121495;-193193;48553;24789;8
105164;-190148;47532;24979;4
109044;-186068;47775;25234;2
110492;-174089;47865;25983;1
117232;-195669;48287;24634;2
130242;-178652;49100;25698;1
120801;-183002;48510;25426;4
116671;-178808;48251;25688;2
117620;-182118;48311;25481;2
126070;-183672;48839;25384;8
129678;-192098;49064;24857;2
122532;-179095;48618;25670;2
103189;-173864;47409;25997;4
116048;-192065;48213;24859;2
127499;-185026;48928;25299;2
114305;-179900;48104;25620;8
104513;-187006;47492;25176;4
116611;-193952;48248;24742;1
103108;-170042;47404;26236;4
120103;-165303;48466;26532;4
115543;-181855;48181;25498;1
120941;-176605;48518;25826;1
116676;-177128;48252;25793;1
121458;-180450;48551;25585;1
122192;-186553;48597;25204;4
114202;-192602;48097;24826;8
122639;-192566;48624;24828;8
124514;-173102;48742;26045;8
122138;-185174;48593;25290;8
122388;-192328;48609;24843;2
111193;-189231;47909;25037;1
114572;-179469;48120;25647;8
99888;-183407;47203;25401;2
121505;-165707;48554;26507;8
113693;-164357;48065;26591;4
126907;-177374;48891;25778;4
117828;-189245;48324;25036;4
119135;-179066;48405;25672;4
129075;-177409;49027;25775;4
107951;-167740;47706;26380;4
110244;-195487;47850;24646;1
129723;-190902;49067;24932;1
115606;-177663;48185;25760;8
127434;-188669;48924;25072;4
102145;-173833;47344;25999;1
128635;-178370;48999;25715;2
113689;-174537;48065;25955;2
122051;-171020;48588;26175;8
118823;-171564;48386;26141;1
113293;-183367;48040;25403;2
111455;-173281;47925;26033;1
104375;-184946;47483;25304;1
105352;-194868;47544;24684;2
100750;-182539;47256;25455;1
111817;-179321;47948;25656;2
115890;-184674;48203;25321;4
123587;-178030;48684;25737;2
106406;-177629;47610;25762;8
130049;-187856;49088;25123;8
119330;-179068;48418;25672;4
109177;-177934;47783;25743;1
120981;-165735;48521;26505;8
114649;-175287;48125;25908;1
118523;-190377;48367;24965;4
129058;-180822;49026;25562;1
130222;-186845;49098;25186;8
115166;-194887;48157;24683;8
113036;-175081;48024;25921;4
100220;-176396;47223;25839;2
120543;-181723;48493;25506;8
128292;-179870;48978;25622;1
115062;-193703;48151;24757;2
100225;-175470;47224;25897;4
109405;-185613;47797;25263;1
122837;-177136;48637;25793;4
121739;-190991;48568;24927;2
120484;-187339;48490;25155;8
124729;-186420;48755;25212;1
117512;-182139;48304;25480;2
118406;-171198;48360;26164;8
101665;-185650;47314;25260;8
128670;-178668;49001;25697;2
125573;-181004;48808;25551;8
105201;-190185;47535;24977;8
120914;-185111;48517;25294;8
128950;-179990;49019;25614;8
128723;-195315;49005;24656;1
105702;-167464;47566;26397;8
100361;-177362;47232;25778;8
124788;-186111;48759;25232;8
101910;-165596;47329;26514;2
123849;-195384;48700;24652;8
120347;-188704;48481;25070;8
120612;-187805;48498;25126;2
123840;-166463;48700;26460;1
129390;-181876;49046;25496;1
101997;-170361;47334;26216;8
117980;-178549;48333;25704;1
123808;-166439;48698;26461;8
127550;-191924;48931;24868;8
103054;-169988;47400;26239;1
124135;-186693;48718;25195;4
123440;-173912;48675;25994;4
115596;-181593;48184;25514;4
120265;-164610;48476;26575;2
125794;-180827;48822;25562;8
115006;-182788;48147;25439;8
115197;-183012;48159;25425;8
106771;-173186;47633;26039;2
126424;-176611;48861;25825;1
115021;-193759;48148;24754;2
118631;-186207;48374;25226;1
117735;-174106;48318;25982;4
104229;-174200;47474;25976;8
127978;-195251;48958;24660;1
102237;-173868;47349;25997;1
100242;-165225;47225;26537;2
113996;-170353;48084;26216;2
124622;-193561;48748;24766;1
129167;-175579;49032;25890;8
124393;-176805;48734;25813;8
105495;-193138;47553;24792;1
114434;-177898;48112;25745;4
116244;-172313;48225;26094;4
105270;-194748;47539;24692;8
117381;-179899;48296;25620;2
113861;-174553;48076;25954;1
117902;-170686;48328;26196;2
100555;-174036;47244;25986;8
122068;-193639;48589;24761;2
120877;-190219;48514;24975;8
126137;-191135;48843;24918;1
114989;-175621;48146;25887;4
124487;-170722;48740;26193;8
108957;-186108;47769;25232;2
113379;-182044;48046;25486;2
128353;-182735;48982;25443;1
107596;-188885;47684;25058;4
113044;-173815;48025;26000;1
111785;-179210;47946;25663;4
121681;-196208;48565;24601;8
119414;-179057;48423;25672;2
117486;-179990;48302;25614;4
119013;-179373;48398;25653;2
127923;-181499;48955;25520;8
121483;-190715;48552;24944;1
113749;-174471;48069;25959;1
126531;-191197;48868;24914;1
122668;-179688;48626;25633;4
123457;-193370;48676;24778;2
99468;-166401;47176;26463;8
126737;-189241;48881;25036;4
112178;-165679;47971;26509;8
114859;-182481;48138;25458;4
128450;-178507;48988;25707;2
117976;-170647;48333;26198;8
123591;-190381;48684;24965;4
122031;-193280;48586;24784;2
122174;-185128;48595;25293;4
115043;-195177;48150;24665;8
114718;-193006;48129;24801;8
109078;-180784;47777;25565;4
117167;-176892;48282;25808;8
121725;-190930;48567;24930;8
110276;-173516;47852;26019;4
112773;-175033;48008;25924;1
126764;-176296;48882;25845;1
117652;-188205;48313;25101;8
127917;-195285;48954;24658;4
111594;-177171;47934;25790;8
120171;-193661;48470;24760;4
100462;-180817;47238;25562;1
99147;-173422;47156;26025;1
100590;-164579;47246;26577;4
129275;-181699;49039;25507;4
122717;-184763;48629;25316;4
122342;-183998;48606;25364;8
118790;-193670;48384;24759;2
129656;-176424;49063;25837;1
123963;-166445;48707;26461;1
114662;-176568;48126;25828;8
121121;-165742;48530;26505;8
101702;-173881;47316;25996;2
113443;-182089;48050;25483;2
128999;-179374;49022;25653;8
122149;-185273;48594;25284;2
120935;-189172;48518;25040;1
120170;-182719;48470;25444;2
114043;-170340;48087;26217;2
110707;-173493;47879;26020;8
130082;-178522;49090;25706;1
120893;-185090;48515;25295;8
113433;-182142;48049;25480;4
129314;-177756;49042;25754;2
105584;-194620;47559;24700;1
111066;-193679;47901;24759;4
105544;-190637;47556;24949;2
115104;-180963;48154;25553;8
129561;-186413;49057;25213;8
127940;-179841;48956;25623;8
107399;-187910;47672;25119;1
130200;-178433;49097;25711;2
117011;-184283;48273;25346;2
113306;-193179;48041;24790;8
116291;-172094;48228;26108;1
101293;-182678;47290;25446;2
99915;-173198;47204;26039;8
120388;-188702;48484;25070;1
119331;-191350;48418;24904;1
115103;-194648;48153;24698;2
114109;-170168;48091;26228;4
115193;-180939;48159;25555;1
116397;-195546;48234;24642;4
122766;-177077;48632;25796;4
127945;-179155;48956;25666;2
124330;-167683;48730;26383;8
118099;-185285;48341;25283;1
115085;-194826;48152;24687;1
120628;-186385;48499;25214;4
114229;-179245;48099;25661;4
120568;-185708;48495;25257;4
116002;-194408;48210;24713;4
128678;-178608;49002;25701;4
101979;-174035;47333;25986;1
120826;-182790;48511;25439;4
120668;-187846;48501;25123;8
115852;-177258;48200;25785;2
120921;-190244;48517;24973;8
127781;-190195;48946;24976;2
117006;-193967;48272;24741;8
113000;-189846;48022;24998;2
114377;-194232;48108;24724;4
128905;-179937;49016;25617;4
118907;-171614;48391;26138;1
125740;-180749;48818;25567;2
112262;-186309;47976;25219;1
123937;-177884;48706;25746;4
110614;-193311;47873;24782;2
105739;-173054;47568;26048;4
123743;-169863;48693;26247;1
102200;-174032;47347;25987;8
109243;-194526;47787;24706;2
104193;-174096;47472;25983;4
129444;-186349;49050;25217;2
128156;-180235;48969;25599;2
102270;-169774;47351;26253;1
123283;-192664;48665;24822;1
105498;-194571;47553;24703;8
110912;-178243;47892;25723;1
121077;-165574;48527;26515;8
130093;-187019;49090;25175;8
118304;-170359;48354;26216;1
117494;-183299;48303;25407;1
120200;-164711;48472;26569;8
120392;-187577;48484;25140;8
120943;-188976;48518;25053;4
115633;-170466;48187;26209;8
116624;-175182;48249;25915;8
106311;-177305;47604;25782;8
118143;-184293;48343;25345;2
128660;-195204;49001;24663;4
129263;-177407;49038;25776;4
121458;-180440;48551;25586;8
116422;-185266;48236;25284;2
110657;-193325;47876;24781;4
108710;-180199;47754;25601;1
118950;-179402;48394;25651;4
122210;-193693;48598;24758;4
100854;-181561;47263;25516;1
110582;-185654;47871;25260;8
122445;-192266;48612;24847;2
121657;-177776;48563;25753;1
112894;-175044;48015;25923;4
114886;-180887;48140;25558;8
122452;-192350;48613;24842;8
118449;-170293;48363;26220;1
106095;-170957;47590;26179;2
106624;-185923;47624;25243;8
129452;-181687;49050;25508;1
117826;-189249;48324;25035;4
105796;-167539;47572;26392;1
106328;-174512;47605;25957;4
115479;-181786;48177;25502;1
114932;-180393;48143;25589;4
116421;-191427;48236;24899;8
130182;-166784;49096;26440;4
109526;-179715;47805;25631;2
128322;-176670;48980;25822;8
120455;-185631;48488;25262;2
112880;-175096;48015;25920;2
114849;-180411;48138;25588;1
112471;-173391;47989;26027;4
128274;-164159;48977;26604;4
120353;-188706;48482;25069;1
129255;-181691;49038;25508;4
128847;-179331;49012;25655;2
127630;-182212;48936;25475;8
103278;-164443;47414;26586;1
127176;-185448;48908;25273;2
108768;-171540;47758;26142;1
120943;-169008;48518;26301;1
128660;-178611;49001;25700;8
106044;-175883;47587;25871;2
121540;-190697;48556;24945;1
122009;-193025;48585;24799;4
114406;-181773;48110;25503;4
108624;-180169;47749;25603;1
122100;-171130;48591;26168;1
126437;-176440;48862;25836;1
121665;-196182;48564;24602;8
130268;-192533;49101;24830;4
123519;-193378;48679;24777;1
112064;-173937;47964;25992;2
117225;-175558;48286;25891;8
127490;-191956;48928;24866;4
103213;-164375;47410;26590;1
130628;-178729;49124;25693;4
100312;-181406;47229;25526;8
105555;-193096;47557;24795;2
128661;-175845;49001;25873;2
100512;-174045;47242;25986;1
115825;-171596;48199;26139;2
129252;-185707;49038;25257;4
107716;-182387;47692;25464;8
129900;-165725;49078;26506;4
104396;-178198;47484;25726;1
106536;-168680;47618;26321;1
116670;-192443;48251;24836;1
129378;-187137;49046;25167;2
100181;-181938;47221;25492;4
111515;-164263;47929;26597;1
101950;-177822;47331;25750;1
126796;-179502;48884;25645;1
111878;-172590;47952;26077;8
122066;-175155;48589;25916;1
128433;-178684;48987;25696;4
118459;-184029;48363;25362;4
110614;-173526;47873;26018;8
110424;-189730;47861;25005;8
105546;-165882;47556;26496;4
109292;-194467;47790;24709;1
114187;-194276;48096;24721;2
127409;-182004;48923;25488;1
115130;-180976;48155;25553;4
114368;-179918;48108;25619;4
107043;-176223;47650;25850;2
122110;-191913;48591;24869;4
117882;-188080;48327;25109;8
114381;-194422;48108;24712;2
115034;-182829;48149;25437;1
128685;-178276;49002;25721;8
125368;-181287;48795;25533;2
115253;-166164;48163;26478;4
117053;-194353;48275;24716;1
124291;-189667;48728;25009;8
123550;-176376;48681;25840;8
99616;-165538;47186;26517;4
126137;-191109;48843;24919;4
113328;-189255;48043;25035;8
108476;-188343;47739;25092;1
127136;-175538;48906;25892;2
114386;-192344;48109;24842;2
100986;-181623;47271;25512;2
112280;-173874;47977;25996;2
127335;-181816;48918;25500;8
129712;-192115;49067;24856;1
103390;-170971;47421;26178;1
110322;-193454;47855;24773;8
100442;-180005;47237;25613;1
119512;-193931;48429;24743;1
125753;-193093;48819;24795;1
113940;-170301;48081;26220;2
126843;-189438;48887;25024;2
114517;-184458;48117;25335;8
123685;-169863;48690;26247;8
119951;-181197;48456;25539;8
126842;-185808;48887;25251;2
110234;-186858;47849;25185;4
115885;-184981;48202;25302;4
111940;-172649;47956;26073;2
103007;-164508;47397;26582;2
113344;-193199;48044;24789;4
127016;-176513;48898;25831;1
121927;-185431;48580;25274;4
114601;-170397;48122;26214;4
119958;-182176;48457;25478;1
114652;-175257;48125;25910;4
129129;-185520;49030;25269;1
125005;-194411;48772;24713;8
113547;-181865;48056;25497;2
114855;-180377;48138;25590;4
101946;-174027;47331;25987;8
128904;-183480;49016;25396;1
117880;-189261;48327;25035;2
100459;-180825;47238;25562;1
105343;-189917;47543;24994;2
116148;-176919;48219;25806;2
128854;-179955;49013;25616;1
118681;-191213;48377;24913;4
123920;-166422;48705;26462;1
117695;-174157;48315;25979;4
111062;-183155;47901;25416;1
108400;-189599;47735;25014;4
108945;-186015;47769;25238;8
104075;-165723;47464;26506;2
114562;-175316;48120;25906;1
121206;-165716;48535;26506;4
123397;-173841;48672;25998;4
99514;-166436;47179;26461;1
128324;-195470;48980;24647;2
121153;-180582;48532;25577;2
130590;-178722;49121;25693;2
129090;-184535;49028;25330;2
112969;-189130;48020;25043;8
126014;-179635;48835;25636;8
106472;-177629;47614;25762;4
102062;-170457;47338;26210;4
105851;-167535;47575;26393;8
126118;-179178;48842;25665;2
105605;-167137;47560;26417;1
114349;-192285;48106;24846;1
114611;-175238;48123;25911;4
109386;-172428;47796;26087;2
121758;-191021;48569;24925;1
117693;-164267;48315;26597;4
114076;-184958;48089;25304;2
126235;-176432;48849;25837;2
118466;-185072;48364;25297;4
130162;-194206;49095;24726;2
123563;-187228;48682;25162;8
127807;-190158;48947;24979;1
122051;-186707;48588;25194;2
105171;-190167;47533;24978;1
99780;-175161;47196;25916;2
121550;-165756;48556;26504;4
100571;-174019;47245;25987;4
127322;-181853;48917;25498;4
112793;-178389;48009;25714;8
118170;-171197;48345;26164;2
113441;-164133;48050;26605;2
114105;-170220;48091;26225;2
120444;-187576;48487;25140;8
129473;-182070;49052;25484;8
112215;-176649;47973;25823;8
129312;-177686;49042;25758;8
105716;-167457;47567;26397;8
100939;-181573;47268;25515;4
129225;-185725;49036;25256;1
129362;-165167;49045;26541;8
129106;-180815;49029;25563;8
123688;-178552;48690;25704;1
105390;-193027;47546;24799;8
121138;-190517;48531;24956;4
118367;-170253;48357;26223;8
126041;-175204;48837;25913;2
112495;-175334;47990;25905;1
113780;-183546;48071;25392;8
114417;-194427;48111;24712;1
121573;-193078;48558;24796;4
130209;-178545;49098;25704;2
114344;-179939;48106;25617;4
113858;-187882;48076;25121;2
113448;-164099;48050;26607;2
113802;-174512;48072;25957;4
116513;-175149;48242;25917;2
129495;-181725;49053;25506;2
125792;-180862;48822;25560;8
115356;-182011;48169;25488;2
114597;-176531;48122;25830;2
112927;-173660;48017;26010;8
116401;-191319;48235;24906;8
126024;-175226;48836;25912;1
121988;-191934;48584;24868;4
114050;-192664;48088;24822;1
116690;-178733;48253;25693;1
127465;-185928;48926;25243;4
126433;-192934;48862;24805;4
105444;-193069;47550;24797;2
99769;-173870;47195;25997;2
110301;-195578;47853;24640;4
114035;-170248;48087;26223;2
120983;-165688;48521;26508;1
105148;-194570;47531;24703;8
109832;-187945;47824;25117;4
128768;-183200;49008;25414;2
127890;-181392;48953;25527;1
122078;-185255;48589;25285;2
101998;-170260;47334;26222;8
121434;-190541;48549;24955;8
102061;-175586;47338;25889;2
116671;-172829;48251;26062;2
123515;-177358;48679;25779;1
106657;-185927;47626;25243;2
103649;-165938;47438;26492;8
125606;-181116;48810;25544;8
123578;-180707;48683;25569;2
114467;-192262;48114;24847;1
117281;-193415;48290;24775;4
126933;-177386;48893;25777;8
119066;-178960;48401;25679;8
109132;-180754;47780;25566;4
109238;-194444;47787;24711;8
128486;-195561;48990;24641;1
105029;-183454;47524;25398;1
113690;-176768;48065;25816;1
129479;-187228;49052;25162;8
113742;-164406;48068;26588;2
113968;-170315;48083;26219;4
127648;-182210;48938;25475;1
124182;-183112;48721;25419;1
113506;-171466;48054;26147;8
117439;-179848;48299;25623;1
100982;-182812;47271;25438;1
122035;-193573;48587;24765;8
118375;-185066;48358;25297;2
100470;-180001;47239;25613;8
123405;-193299;48672;24782;1
120836;-189132;48512;25043;1
122038;-191978;48587;24865;8
118764;-191143;48382;24917;2
127029;-187066;48899;25172;2
113521;-164122;48055;26606;2
116065;-194443;48214;24711;4
123833;-195360;48699;24654;4
100377;-180813;47233;25563;4
127803;-175201;48947;25913;2
116358;-191456;48232;24898;4
130114;-193146;49092;24792;2
117569;-171053;48308;26173;2
120891;-188939;48515;25055;4
101023;-182375;47273;25465;4
114129;-184882;48093;25308;2
103266;-173918;47414;25994;4
113417;-164152;48048;26604;8
108137;-179714;47718;25631;1
100937;-168429;47268;26337;8
119800;-190206;48447;24976;8
105815;-167524;47573;26393;8
100521;-174041;47242;25986;4
119448;-194042;48425;24736;1
120103;-193639;48466;24761;1
128455;-178439;48988;25711;8
116072;-192103;48214;24857;4
120401;-175484;48485;25896;1
125973;-167816;48833;26375;1
127567;-186287;48932;25221;4
109017;-177524;47773;25768;8
114618;-175328;48123;25906;4
99085;-173483;47152;26021;2
104304;-177690;47479;25758;4
105222;-194694;47536;24695;1
121123;-165672;48530;26509;1
113340;-189292;48043;25033;4
99590;-183058;47184;25422;1
121442;-180452;48550;25585;2
115625;-194298;48186;24720;4
120598;-178971;48497;25678;8
119192;-189087;48409;25046;4
115548;-181773;48181;25503;8
105269;-194481;47539;24708;1
123766;-176826;48695;25812;1
117614;-171106;48310;26169;2
101435;-179099;47299;25670;2
113885;-187868;48077;25122;1
119328;-182317;48418;25469;4
111615;-164336;47935;26593;2
129026;-185502;49024;25270;4
113101;-174998;48028;25926;1
119276;-182310;48414;25469;2
111765;-179326;47945;25656;1
113977;-192783;48083;24815;1
121920;-185376;48580;25278;4
100368;-180056;47233;25610;1
113020;-189364;48023;25028;1
120120;-181157;48467;25541;8
99656;-175538;47188;25892;1
106379;-174193;47608;25976;4
120329;-188563;48480;25078;2
111595;-164279;47934;26596;8
118351;-185041;48356;25298;4
120740;-182861;48506;25435;2
126261;-166741;48851;26442;8
128775;-180070;49008;25609;2
130452;-187387;49113;25152;4
108331;-189670;47730;25009;1
129113;-177422;49029;25775;2
122127;-191271;48592;24909;4
115272;-166211;48164;26475;2
115983;-194332;48208;24718;2
121078;-165582;48527;26515;8
115085;-194651;48152;24698;8
111207;-193993;47910;24739;2
111105;-187743;47904;25130;1
112057;-173868;47963;25997;8
129354;-186001;49044;25238;8
115739;-177280;48193;25784;2
118905;-171611;48391;26138;2
124370;-176784;48733;25815;8
127775;-181258;48945;25535;1
114590;-179477;48121;25646;4
108723;-176182;47755;25852;4
121187;-188708;48534;25069;8
116599;-192425;48247;24837;1
128345;-195581;48981;24640;1
99729;-168980;47193;26302;4
128039;-179300;48962;25657;4
113401;-182051;48047;25485;8
102188;-169782;47346;26252;8
114428;-194279;48111;24721;2
123381;-192708;48671;24819;2
124844;-184296;48762;25345;1
115866;-177270;48201;25784;2
126685;-192258;48877;24847;4
129182;-181639;49033;25511;2
114475;-180020;48114;25612;2
112444;-177580;47987;25765;8
127016;-187050;48898;25173;1
114366;-194409;48107;24713;1
114430;-194197;48111;24726;1
127534;-187078;48930;25171;4
112814;-189416;48010;25025;1
114655;-187950;48125;25117;1
129416;-179279;49048;25659;1
121168;-180533;48533;25580;4
108938;-188646;47768;25073;8
105024;-191255;47524;24910;1
119971;-194291;48458;24720;8
129741;-190930;49068;24930;2
114957;-195156;48144;24666;8
113417;-182098;48048;25482;2
120859;-189085;48513;25046;1
112420;-187684;47986;25133;2
127939;-176137;48956;25855;2
117223;-176776;48286;25815;2
117096;-193961;48278;24741;4
116452;-170137;48238;26230;4
125513;-181136;48804;25543;2
122565;-192466;48620;24834;8
129080;-194876;49027;24684;4
120994;-167317;48522;26406;8
130036;-184503;49087;25332;1
109940;-187910;47831;25119;2
108170;-171976;47720;26115;2
117836;-189213;48324;25038;8
121145;-180534;48531;25580;1
114160;-192663;48095;24822;2
99618;-175574;47186;25890;8
124943;-194321;48768;24718;8
117676;-182984;48314;25427;1
112737;-195150;48006;24667;4
116833;-186704;48262;25195;8
123533;-187214;48680;25163;4
100298;-175482;47228;25896;2
115856;-192946;48201;24804;1
101130;-168530;47280;26330;8
106458;-174174;47613;25978;2
130368;-186997;49108;25176;8
105772;-167481;47570;26396;1
115178;-176169;48158;25853;2
121093;-180563;48528;25578;2
121351;-190427;48544;24962;4
100877;-181539;47264;25517;8
111255;-173917;47913;25994;2
128989;-183471;49021;25397;4
128695;-178201;49003;25726;1
128588;-168959;48996;26304;4
105583;-190625;47558;24949;2
116448;-172069;48238;26109;8
100107;-176437;47216;25836;8
122174;-193773;48595;24753;8
130257;-178509;49101;25707;4
111029;-183154;47899;25416;4
114866;-180948;48139;25554;8
105284;-194754;47540;24691;2
109794;-173331;47822;26030;8
122584;-192502;48621;24832;8
103584;-165970;47434;26490;4
128504;-178438;48991;25711;8
104206;-174157;47472;25979;1
100468;-180811;47239;25563;2
117013;-188837;48273;25061;8
111487;-173311;47927;26032;4
121410;-180445;48548;25586;8
106861;-176356;47638;25841;1
123866;-166525;48701;26456;1
118130;-192543;48343;24830;2
102155;-173959;47344;25991;4
100987;-181619;47271;25512;4
104776;-178478;47508;25709;2
123487;-182323;48677;25468;4
111507;-185682;47929;25258;1
116735;-193972;48255;24740;4
129542;-186412;49056;25213;1
119071;-169150;48401;26292;2
129692;-182647;49065;25448;4
127615;-185078;48935;25296;2
116374;-191551;48233;24892;2
120893;-189113;48515;25044;2
121598;-187317;48559;25156;2
115050;-193208;48150;24788;8
120974;-184278;48520;25346;8
113812;-187785;48073;25127;2
126325;-166772;48855;26440;8
106085;-174549;47590;25954;2
112325;-175124;47980;25918;4
121179;-190564;48533;24953;4
126391;-176454;48859;25835;8
122364;-184035;48607;25361;2
123105;-165824;48654;26500;2
105836;-175843;47574;25873;2
113453;-171398;48050;26151;8
128814;-178088;49010;25733;8
112957;-189070;48019;25047;2
115996;-185062;48209;25297;8
118805;-193671;48385;24759;4
117081;-183217;48277;25412;8
115538;-194336;48181;24718;1
120681;-165571;48502;26515;4
101243;-168476;47287;26334;1
100851;-182913;47263;25431;1
122709;-179610;48629;25638;8
121677;-196166;48564;24603;4
123665;-169952;48689;26242;4
119360;-182379;48420;25465;2
122046;-193147;48587;24792;8
110297;-174142;47853;25980;4
116669;-178807;48251;25688;4
119699;-190107;48441;24982;4
121617;-177728;48561;25756;8
106765;-175470;47632;25897;8
116331;-172144;48230;26105;2
126318;-176424;48854;25837;8
121493;-190675;48553;24946;2
100412;-180011;47235;25613;4
124734;-185985;48755;25239;1
120843;-184335;48512;25343;4
130324;-185904;49105;25245;1
113462;-166053;48051;26485;8
118867;-171486;48389;26146;4
129035;-185581;49024;25265;8
109985;-174340;47834;25967;2
125433;-172292;48799;26095;8
102151;-168285;47344;26346;2
119347;-191304;48419;24907;8
122020;-191911;48586;24869;8
102181;-169815;47346;26250;2
125246;-186829;48787;25187;4
116434;-172102;48237;26107;8
105716;-183583;47567;25390;8
108320;-176729;47730;25818;4
112247;-180966;47975;25553;8
105546;-194577;47556;24702;1
111217;-193936;47911;24743;2
129021;-194399;49023;24714;2
114983;-190875;48146;24934;1
105225;-167551;47536;26392;2
115210;-166156;48160;26479;8
101356;-168532;47294;26330;1
118110;-192621;48341;24825;4
127395;-188606;48922;25076;4
127447;-176593;48925;25826;8
122720;-184766;48630;25316;1
120162;-165410;48470;26525;4
120057;-183045;48463;25423;4
106794;-175390;47634;25902;1
109927;-187979;47830;25115;2
106395;-174116;47609;25981;1
116723;-193946;48255;24742;4
99495;-166498;47178;26457;4
118505;-190346;48366;24967;1
110080;-173556;47840;26016;8
122764;-179732;48632;25630;2
125049;-182048;48775;25486;2
104114;-165677;47467;26509;2
120617;-186454;48498;25210;1
123884;-187808;48702;25126;8
108095;-170129;47715;26230;4
109078;-177953;47777;25741;4
101243;-164701;47287;26570;8
99463;-166436;47176;26461;8
126905;-186892;48891;25183;1
101624;-166771;47311;26440;2
114020;-185173;48086;25290;4
104708;-178445;47504;25711;4
121205;-180581;48535;25577;4
115875;-177688;48202;25758;1
118935;-179354;48393;25654;4
122782;-179755;48633;25629;4
106748;-186091;47631;25233;8
119288;-190642;48415;24948;2
114945;-175658;48144;25885;1
123935;-177809;48705;25750;8
117704;-183019;48316;25425;1
109118;-180766;47779;25566;8
100236;-168840;47224;26311;4
108664;-176227;47751;25849;4
105590;-193151;47559;24792;8
116583;-194090;48246;24733;4
101029;-182357;47274;25466;1
108560;-168591;47745;26327;1
120050;-194202;48463;24726;2
129499;-182112;49053;25482;1
117394;-183753;48297;25379;2
129202;-164572;49035;26578;8
99744;-175198;47194;25914;2
109678;-176119;47814;25856;1
101329;-179226;47293;25662;4
129816;-189433;49073;25024;2
102628;-178117;47374;25731;2
128361;-164216;48982;26600;1
113500;-164149;48053;26604;2
108447;-180137;47737;25605;2
124024;-178706;48711;25694;4
122175;-191253;48595;24910;1
99166;-173338;47157;26030;8
100923;-182875;47267;25434;2
121067;-167409;48526;26400;2
116243;-172319;48225;26094;1
120609;-165555;48498;26516;4
127468;-188603;48926;25076;8
117926;-178480;48330;25709;8
113673;-176764;48064;25816;8
111961;-172587;47957;26077;2
113737;-174515;48068;25956;2
119260;-190717;48413;24944;8
126291;-176589;48853;25827;1
114650;-188024;48125;25112;4
130337;-192786;49106;24814;8
128090;-165286;48965;26533;8
117644;-168684;48312;26321;1
130229;-178612;49099;25700;8
129414;-187182;49048;25165;2
106600;-168636;47622;26324;2
110638;-186177;47874;25227;4
108648;-174495;47750;25958;2
122100;-191914;48591;24869;8
115571;-186869;48183;25184;1
115668;-194369;48189;24715;8
111606;-177190;47935;25789;4
119994;-182181;48459;25477;1
123494;-193395;48678;24776;2
116499;-194136;48241;24730;8
101636;-180842;47312;25561;4
129097;-194889;49028;24683;2
110518;-174145;47867;25979;8
100164;-175411;47220;25900;8
128658;-175787;49001;25877;2
99714;-173888;47192;25996;1
128717;-175810;49004;25875;2
119226;-189098;48411;25045;8
108759;-171653;47757;26135;8
116200;-172797;48222;26064;4
117171;-176835;48283;25811;1
122078;-171136;48589;26168;1
122761;-177100;48632;25795;4
119858;-190940;48451;24930;1
121356;-180451;48544;25585;4
126790;-189292;48884;25033;2
101656;-185714;47313;25256;1
114946;-195113;48144;24669;8
117159;-175598;48282;25889;4
126110;-171751;48841;26129;4
123445;-182340;48675;25467;4
130080;-193142;49090;24792;4
99536;-166496;47181;26458;1
120941;-189117;48518;25044;8
120958;-169716;48519;26256;8
101052;-182368;47275;25466;2
113248;-182099;48038;25482;2
107848;-190063;47700;24985;1
122093;-185292;48590;25283;4
100267;-168849;47226;26310;4
115657;-194359;48188;24716;2
112630;-172414;47999;26088;1
122779;-191425;48633;24899;4
120665;-178999;48501;25676;8
113390;-193196;48046;24789;2
120026;-182153;48461;25479;4
120454;-187212;48488;25163;2
112426;-187673;47986;25134;1
119350;-182351;48419;25467;1
109133;-180839;47780;25561;8
101907;-173980;47329;25990;4
129478;-179387;49052;25652;8
102254;-168231;47350;26349;1
120942;-184395;48518;25339;4
113740;-174511;48068;25957;8
122277;-184021;48602;25362;8
128033;-165269;48962;26534;1
111531;-184671;47930;25322;1
110259;-195491;47851;24645;1
105472;-193049;47552;24798;2
121474;-190702;48552;24945;8
127531;-164926;48930;26556;2
121639;-193242;48562;24786;4
99192;-173357;47159;26029;4
129002;-183524;49022;25393;1
120692;-179042;48503;25673;2
125212;-186790;48785;25189;2
116541;-178907;48243;25682;1
121003;-182605;48522;25451;4
118954;-179335;48394;25655;1
105626;-195893;47561;24620;1
101051;-184920;47275;25306;1
129924;-184467;49080;25334;2
106006;-175993;47585;25864;2
130311;-186895;49104;25183;8
123306;-192712;48666;24819;1
123163;-164949;48657;26554;1
119458;-194011;48426;24738;1
126032;-167811;48837;26375;4
112975;-189430;48020;25024;4
120833;-184370;48512;25340;1
116560;-175107;48245;25919;2
123259;-164878;48663;26559;2
130494;-187036;49115;25174;1
111518;-185682;47929;25258;2
100101;-176504;47216;25832;1
126080;-191155;48840;24916;8
127504;-182088;48929;25483;4
123734;-177236;48693;25786;8
127143;-192723;48906;24818;1
108640;-190295;47750;24970;1
101145;-168520;47281;26331;1
127403;-188611;48922;25075;2
117153;-178976;48282;25678;8
114538;-175279;48118;25909;1
118880;-171470;48390;26147;1
114125;-192713;48092;24819;1
129481;-189654;49052;25010;8
128348;-164198;48981;26601;4
112067;-183376;47964;25403;1
120330;-188740;48480;25067;8
114148;-184910;48094;25307;1
120310;-179560;48479;25641;1
112064;-172812;47964;26063;4
116453;-191381;48238;24902;8
113295;-189217;48040;25037;8
128679;-195302;49002;24657;1
122131;-185314;48593;25281;2
122833;-191462;48637;24897;4
107900;-169559;47703;26266;4
121347;-180449;48544;25585;8
114148;-169952;48094;26242;4
125641;-181099;48812;25545;1
121596;-190825;48559;24937;1
121520;-190659;48555;24947;2
127537;-164937;48931;26555;2
114334;-194294;48105;24720;1
112856;-175046;48013;25923;8
130481;-178591;49115;25702;1
124005;-177872;48710;25747;1
100561;-174038;47245;25986;1
114616;-192175;48123;24853;4
128656;-175744;49001;25880;1
112617;-183344;47998;25405;8
129258;-189340;49038;25030;4
100761;-181571;47257;25515;4
127924;-179103;48955;25670;4
103273;-164402;47414;26588;4
129158;-175601;49032;25888;1
111959;-172657;47957;26072;2
126216;-170160;48848;26229;4
120367;-181708;48482;25507;4
120281;-164644;48477;26573;1
129400;-177718;49047;25756;8
117455;-179896;48300;25620;1
113812;-175558;48073;25891;4
123785;-166482;48696;26458;2
122172;-186714;48595;25194;2
110336;-189795;47856;25001;8
129051;-175596;49025;25889;4
128840;-178116;49012;25731;4
109760;-173367;47820;26028;2
116990;-188924;48271;25056;2
128200;-180326;48972;25593;2
128994;-183526;49022;25393;1
100468;-180826;47239;25562;8
128500;-195378;48991;24652;2
112680;-176535;48002;25830;8
109145;-188518;47781;25081;1
123575;-190562;48683;24953;8
105392;-193133;47547;24793;8
127884;-195278;48952;24659;8
117744;-188201;48319;25101;2
121574;-190664;48558;24947;2
106525;-168654;47617;26323;8
106832;-170873;47637;26184;4
113574;-193906;48058;24744;8
127822;-181294;48948;25533;2
125225;-194179;48786;24727;8
128827;-183184;49011;25415;4
128194;-180311;48972;25594;4
112728;-175186;48005;25914;1
122675;-191184;48627;24915;8
120446;-175378;48487;25902;1
126131;-191215;48843;24913;2
114393;-181776;48109;25503;4
126592;-191307;48872;24907;2
124748;-187016;48756;25175;8
118478;-185155;48364;25291;4
113173;-175199;48033;25914;8
100252;-175428;47225;25899;2
115142;-176180;48156;25852;8
117636;-164226;48312;26599;2
113010;-189156;48023;25041;2
114098;-184863;48091;25310;2
106615;-168699;47623;26320;1
101086;-182634;47277;25449;4
126114;-179097;48842;25670;1
116355;-185469;48232;25272;4
128266;-181562;48976;25516;4
101164;-179447;47282;25648;1
108644;-180178;47750;25602;4
121946;-185371;48581;25278;8
129152;-189410;49032;25025;2
122027;-185249;48586;25285;4
116554;-194174;48244;24728;1
123606;-176300;48685;25845;2
115607;-170478;48185;26209;2
117115;-172691;48279;26070;4
118559;-182821;48369;25437;2
123534;-178348;48680;25717;1
114719;-192982;48129;24802;2
128366;-195531;48982;24643;8
113640;-171424;48062;26150;8
101694;-173845;47315;25998;4
127785;-175216;48946;25913;4
124736;-187072;48756;25172;8
105572;-195814;47558;24625;1
127417;-186005;48923;25238;8
130533;-184394;49118;25339;8
127589;-186366;48934;25216;1
111611;-185643;47935;25261;1
128829;-184154;49011;25354;8
119255;-190623;48413;24950;8
124718;-183330;48754;25405;4
127904;-195305;48954;24657;2
117379;-180045;48296;25611;2
107773;-182313;47695;25469;1
103489;-178911;47428;25682;1
127268;-176054;48914;25860;2
127605;-191959;48935;24866;8
123786;-178589;48696;25702;1
126491;-191129;48865;24918;8
100384;-180814;47234;25563;2
106169;-174651;47595;25948;2
101927;-177888;47330;25746;2
121531;-190738;48555;24942;4
113616;-178938;48061;25680;8
101227;-179402;47286;25651;4
117890;-184138;48328;25355;4
118859;-171397;48388;26151;4
120754;-182826;48507;25437;1
104320;-184915;47480;25306;4
121985;-193592;48584;24764;2
127693;-186302;48940;25220;1
124685;-187031;48752;25174;4
122034;-193070;48587;24797;4
109730;-164041;47818;26611;8
113810;-187832;48073;25124;1
115324;-181982;48167;25490;8
101935;-165513;47330;26519;8
129843;-178541;49075;25705;8
100485;-174047;47240;25986;8
127946;-181504;48956;25520;4
114566;-180282;48120;25596;4
127575;-164877;48933;26559;1
119055;-169136;48400;26293;2
125956;-183649;48832;25385;1
128690;-175848;49003;25873;8
112510;-175354;47991;25904;2
120817;-182993;48511;25426;2
113336;-185450;48043;25273;4
126073;-179625;48839;25637;2
126899;-177363;48891;25778;4
124029;-166471;48711;26459;2
113895;-183557;48078;25391;1
119037;-179411;48399;25650;4
126282;-170151;48852;26229;1
115123;-196540;48155;24580;1
109107;-177967;47779;25741;4
123645;-187260;48687;25160;8
115105;-194574;48154;24703;1
108339;-189587;47731;25014;2
120097;-182783;48466;25440;1
127791;-182304;48946;25470;8
128503;-178492;48991;25708;2
114516;-175242;48117;25911;2
128923;-194378;49017;24715;8
114126;-169914;48092;26244;8
122661;-179688;48626;25633;8
116927;-188891;48267;25058;8
130074;-187790;49089;25127;8
112401;-173434;47985;26024;2
127963;-179938;48957;25617;4
101185;-164666;47284;26572;8
108568;-180172;47745;25603;2
118122;-184264;48342;25347;2
114982;-193248;48146;24786;4
128655;-178206;49000;25726;4
117712;-177933;48317;25743;8
115076;-180868;48152;25559;2
112904;-189062;48016;25047;1
110913;-178282;47892;25721;8
130199;-166776;49097;26440;4
127746;-181337;48944;25530;2
108563;-174566;47745;25953;1
106470;-177653;47614;25760;4
124775;-186397;48758;25214;8
112482;-173954;47990;25991;8
118249;-177491;48350;25770;8
112233;-180982;47974;25552;4
130153;-178465;49094;25709;8
116478;-191503;48239;24895;4
114431;-194431;48111;24712;4
115970;-192018;48208;24862;2
118081;-189406;48340;25026;8
114250;-194209;48100;24725;8
113297;-175263;48041;25910;8
114328;-192509;48105;24832;1
114174;-184843;48095;25311;1
129760;-190868;49070;24934;2
112484;-174070;47990;25984;4
118266;-183710;48351;25382;1
112225;-187217;47974;25162;8
109025;-186063;47774;25235;4
105726;-167157;47567;26416;1
107733;-182368;47693;25466;2
120124;-187517;48467;25144;4
124608;-193598;48748;24764;1
105245;-189926;47537;24993;8
101571;-166717;47308;26444;4
121081;-167314;48527;26406;4
113790;-183551;48071;25392;8
123074;-165832;48652;26499;8
117328;-164326;48293;26593;8
128614;-195928;48998;24618;2
118874;-167059;48389;26422;1
109658;-181581;47813;25515;8
127703;-182192;48941;25477;1
105382;-193040;47546;24799;4
105309;-176483;47541;25833;8
102182;-174024;47346;25987;8
128678;-175825;49002;25874;8
115050;-195114;48150;24669;4
122874;-191842;48639;24873;4
127803;-182305;48947;25469;2
116353;-191329;48232;24905;8
113556;-193830;48057;24749;8
118395;-190558;48359;24954;2
114435;-180086;48112;25608;4
101034;-182313;47274;25469;2
123521;-190444;48680;24961;1
111294;-177836;47915;25749;1
128097;-165253;48966;26535;1
113705;-183544;48066;25392;1
113594;-171422;48059;26150;4
124691;-186494;48753;25208;4
128371;-164177;48983;26602;8
129895;-165710;49078;26507;1
127246;-189786;48912;25002;4
113912;-183659;48079;25385;8
104484;-177807;47490;25751;8
108680;-176252;47752;25848;1
106015;-175896;47585;25870;8
119075;-180669;48402;25572;2
107866;-169533;47701;26268;8
108584;-174551;47746;25954;8
128610;-168909;48998;26307;4
102069;-175615;47339;25888;2
115902;-184987;48203;25302;4
120667;-187833;48501;25124;1
129314;-177734;49042;25755;1
110126;-186931;47842;25180;8
120147;-182777;48469;25440;2
105572;-195840;47558;24624;2
122871;-181237;48639;25536;8
117834;-189280;48324;25034;1
121550;-165684;48556;26508;1
124442;-196522;48737;24581;4
125983;-188168;48833;25103;1
116635;-177111;48249;25794;4
121261;-190706;48538;24944;2
122035;-171105;48587;26169;4
113775;-164405;48070;26588;4
117750;-177941;48319;25742;8
124424;-173116;48736;26044;2
105011;-183513;47523;25394;8
108421;-178723;47736;25693;4
117180;-175571;48283;25890;8
110555;-164223;47869;26600;4
121743;-191043;48568;24923;4
124320;-176794;48730;25814;1
119545;-190281;48431;24971;8
118357;-185024;48357;25300;4
127489;-186306;48928;25219;2
127302;-176028;48916;25862;4
122729;-194109;48630;24732;1
121493;-165686;48553;26508;8
116101;-189460;48216;25022;8
103955;-168637;47457;26324;8
130356;-185915;49107;25244;2
130723;-187185;49130;25164;1
128680;-195274;49002;24659;1
107653;-182356;47688;25466;1
129151;-183655;49031;25385;8
120190;-182669;48471;25447;8
111978;-172569;47958;26078;2
120891;-188984;48515;25052;8
114094;-170193;48090;26226;4
107885;-190006;47702;24988;1
114318;-194343;48104;24717;2
124617;-193586;48748;24764;2
99074;-173399;47152;26026;1
109330;-172493;47793;26083;2
117483;-183802;48302;25376;4
117707;-177993;48316;25739;4
115157;-176245;48157;25848;1
128991;-167853;49021;26373;4
113885;-175549;48077;25892;8
123785;-187823;48696;25125;1
127238;-176047;48912;25861;2
108726;-171711;47755;26132;4
128889;-179529;49015;25643;1
130919;-187325;49142;25156;8
128853;-196096;49013;24608;1
127731;-180965;48943;25553;1
116699;-172863;48253;26060;8
110293;-174109;47853;25982;4
125617;-185436;48811;25274;1
113839;-183650;48074;25385;1
119062;-180708;48401;25569;4
115577;-194345;48183;24717;2
129640;-177086;49062;25796;4
130250;-178536;49100;25705;8
113518;-171299;48054;26157;8
117744;-178031;48319;25737;2
108476;-178774;47739;25690;1
104599;-178136;47497;25730;1
104336;-184887;47481;25308;2
129373;-165195;49045;26539;4
113482;-166089;48052;26483;1
129567;-176396;49057;25839;4
125137;-190438;48781;24961;1
129779;-182548;49071;25454;2
106493;-166745;47615;26442;1
118478;-184969;48364;25303;4
129434;-181699;49049;25507;8
127525;-176848;48930;25811;2
122203;-185273;48597;25284;1
115816;-177196;48198;25789;4
130278;-166715;49102;26444;1
108652;-168627;47750;26324;2
128304;-164151;48979;26604;4
117758;-189060;48319;25047;4
117001;-183392;48272;25402;8
128356;-195474;48982;24646;4
112740;-175155;48006;25916;8
108425;-180188;47736;25602;1
120275;-165448;48477;26523;2
127058;-187078;48901;25171;2
123787;-195389;48696;24652;8
117453;-180564;48300;25578;8
111259;-173864;47913;25997;4
104354;-184860;47482;25310;8
130110;-187037;49091;25174;4
115873;-194506;48202;24707;4
122782;-191793;48633;24876;1
113321;-183329;48042;25405;2
104585;-178071;47496;25734;4
124887;-186444;48765;25211;1
117680;-177921;48315;25743;4
114128;-170183;48093;26227;8
112261;-186258;47976;25222;4
116731;-177092;48255;25795;8
123560;-176345;48682;25842;2
110123;-186967;47842;25178;1
120389;-188740;48484;25067;8
117088;-172733;48278;26068;8
130299;-178462;49103;25710;2
127582;-164936;48933;26555;2
129496;-186313;49053;25219;8
128395;-182851;48984;25435;1
130535;-178630;49118;25699;4
104701;-170365;47503;26216;8
113681;-164453;48065;26585;1
115919;-192914;48204;24806;4
128208;-182625;48973;25449;4
130538;-178743;49118;25692;8
112254;-187257;47975;25160;2
122837;-191834;48637;24874;1
129261;-177318;49038;25781;4
116672;-175157;48252;25916;1
115006;-175719;48147;25881;4
124160;-183051;48720;25423;8
129937;-186738;49081;25192;4
130095;-194210;49090;24725;2
113558;-173332;48057;26030;8
113501;-171452;48053;26148;4
130172;-193102;49095;24795;8
128371;-179848;48983;25623;4
128264;-195545;48976;24642;8
129528;-181650;49055;25510;8
123513;-173921;48679;25993;2
100291;-168862;47228;26310;8
106867;-173191;47639;26039;4
99757;-175109;47194;25919;8
128418;-178548;48986;25704;2
129062;-194819;49026;24687;2
117255;-176788;48288;25814;2
122804;-181141;48635;25542;4
101614;-180788;47310;25564;1
115848;-177217;48200;25787;8
99833;-168983;47199;26302;8
126825;-189211;48886;25038;8
130139;-193072;49093;24797;4
114066;-169939;48089;26242;2
110668;-193317;47876;24781;4
129756;-186840;49069;25186;4
113999;-192836;48084;24811;8
126165;-179180;48845;25665;1
129432;-179363;49049;25653;4
130476;-187353;49114;25154;2
123531;-178392;48680;25714;8
117736;-195949;48318;24617;8
100321;-168886;47230;26308;8
103189;-164383;47409;26590;4
114570;-193084;48120;24796;4
128534;-168957;48993;26304;2
105252;-189845;47538;24998;8
110567;-164147;47870;26604;8
104399;-184867;47484;25309;2
99787;-173073;47196;26046;4
129454;-179285;49050;25658;1
127252;-189813;48913;25000;1
117302;-193411;48291;24775;2
120268;-164640;48476;26574;2
99585;-183085;47184;25421;2
127456;-188615;48926;25075;1
116466;-185445;48239;25273;2
115850;-193020;48200;24800;4
118458;-190340;48363;24967;2
130958;-187467;49144;25147;8
122116;-185248;48592;25286;2
128249;-180318;48975;25594;4
120087;-188938;48465;25055;4
128214;-180290;48973;25595;4
127907;-179174;48954;25665;1
114653;-176536;48125;25830;1
114674;-193027;48127;24799;4
121554;-166170;48557;26478;1
120878;-176620;48514;25825;1
100380;-180087;47233;25608;4
116218;-165248;48223;26536;1
115333;-181984;48168;25490;4
111189;-187656;47909;25135;4
112573;-172362;47995;26091;4
105001;-164691;47522;26570;1
125228;-172388;48786;26089;2
110505;-164201;47866;26601;1
108581;-176222;47746;25850;2
115041;-193780;48150;24752;1
108074;-182114;47714;25481;4
119038;-179435;48399;25649;4
120463;-181756;48488;25504;8
116174;-189541;48220;25017;2
105575;-165796;47558;26501;8
111185;-193976;47909;24740;4
121477;-190832;48552;24937;4
126857;-177283;48888;25783;2
120831;-182988;48511;25427;8
120203;-179572;48472;25640;2
101963;-170485;47332;26208;8
105486;-190680;47552;24946;4
114581;-175309;48121;25907;2
108193;-171957;47722;26116;1
102227;-174338;47349;25967;2
110217;-185521;47848;25268;8
128027;-179236;48961;25661;2
113305;-175258;48041;25910;8
103065;-170096;47401;26233;4
122643;-179638;48625;25636;4
121374;-196038;48545;24611;1
129918;-164642;49079;26573;4
129112;-194754;49029;24691;1
108211;-172008;47723;26113;1
127518;-191941;48929;24867;8
121436;-180356;48549;25591;4
111498;-177209;47928;25788;8
118625;-186218;48374;25225;2
114461;-175282;48113;25908;2
130458;-187106;49113;25169;1
116461;-185409;48238;25275;4
121148;-165716;48531;26506;4
113730;-176759;48068;25816;8
115068;-190970;48151;24928;4
114865;-182462;48139;25460;8
120904;-189053;48516;25048;1
123451;-177380;48675;25777;2
99773;-173940;47195;25992;2
113724;-174771;48067;25940;1
109663;-181552;47813;25517;2
104996;-187144;47522;25167;1
109579;-176003;47808;25863;2
127932;-176132;48955;25855;2
117632;-182943;48312;25430;2
122067;-175156;48589;25916;8
99303;-178576;47166;25703;8
114874;-193354;48139;24779;8
108476;-187701;47739;25132;1
117563;-171019;48307;26175;1
100101;-176394;47216;25839;8
118497;-185182;48366;25290;2
101227;-179423;47286;25650;1
126465;-191206;48864;24913;2
128032;-179227;48962;25662;4
126789;-176338;48884;25842;8
113887;-187808;48077;25126;1
120001;-182252;48460;25473;4
122010;-193179;48585;24790;8
117554;-182037;48307;25486;8
130410;-192836;49110;24811;1
125193;-194264;48784;24722;8
113759;-176678;48069;25821;4
114426;-194195;48111;24726;8
104776;-178444;47508;25711;4
112424;-174012;47986;25988;4
129511;-182073;49054;25484;4
125568;-184533;48808;25330;4
127324;-176093;48917;25858;4
114025;-179026;48086;25674;4
122770;-179763;48633;25628;8
102181;-168267;47346;26347;1
121165;-165732;48532;26505;4
110212;-193450;47848;24773;4
123645;-178328;48687;25718;8
130487;-178563;49115;25703;8
102243;-174430;47350;25962;2
112254;-165690;47975;26508;4
99742;-174708;47193;25944;1
104758;-167611;47507;26388;1
117729;-189081;48318;25046;8
120272;-179487;48477;25646;2
123637;-190553;48687;24954;2
125986;-188266;48834;25097;2
127181;-192733;48908;24818;4
123960;-177942;48707;25742;4
125046;-194383;48775;24715;1
127511;-182076;48929;25484;4
105127;-190125;47530;24981;8
124573;-193638;48745;24761;8
114266;-192600;48101;24826;2
122266;-183975;48601;25365;8
131041;-187442;49150;25148;1
116049;-194442;48213;24711;8
122175;-186745;48595;25192;1
113805;-175554;48072;25891;4
130279;-194884;49102;24683;1
121901;-185412;48578;25275;4
129122;-185514;49030;25269;1
106203;-173304;47597;26032;8
107009;-176140;47648;25855;8
112150;-187211;47969;25163;2
130661;-178603;49126;25701;1
100916;-181595;47267;25514;2
124776;-187105;48758;25169;4
117844;-188059;48325;25110;4
112429;-177609;47986;25763;8
129046;-194699;49025;24695;4
114596;-175159;48122;25916;1
129594;-176510;49059;25832;4
101117;-182546;47279;25454;2
125021;-181740;48773;25505;8
117535;-182023;48305;25487;8
128855;-184095;49013;25358;2
127788;-182330;48946;25468;8
117753;-168608;48319;26326;2
117651;-181555;48313;25516;2
122202;-192246;48597;24848;4
108690;-167023;47753;26425;4
114629;-176573;48124;25828;4
116061;-184024;48213;25362;2
129336;-187183;49043;25165;8
129324;-187067;49042;25172;8
130856;-187339;49138;25155;8
126110;-168936;48841;26305;1
128294;-182763;48978;25441;4
105335;-165279;47543;26534;4
108554;-180141;47744;25605;1
107569;-177381;47683;25777;1
107170;-169923;47658;26243;8
128883;-183198;49015;25414;4
105865;-167505;47576;26394;2
105884;-196139;47577;24605;8
116666;-194034;48251;24736;4
105228;-189880;47536;24996;1
114097;-169906;48091;26244;1
120894;-169052;48515;26298;1
129727;-190922;49067;24931;8
126850;-186912;48888;25182;8
127512;-186340;48929;25217;8
126523;-186221;48867;25225;4
99656;-165613;47188;26513;8
117420;-174749;48298;25942;1
130234;-166696;49099;26445;1
124700;-187022;48753;25175;4
129253;-177331;49038;25780;4
129448;-187021;49050;25175;2
128451;-178610;48988;25700;4
112957;-173592;48019;26014;4
120863;-190289;48513;24970;1
110969;-173316;47895;26031;2
102170;-169763;47345;26253;2
104775;-178461;47508;25710;4
99262;-178858;47163;25685;4
117739;-168577;48318;26327;4
126452;-176515;48863;25831;1
127796;-190196;48947;24976;8
126018;-165501;48836;26520;4
127878;-181462;48952;25522;4
110108;-186917;47841;25181;4
123493;-193296;48678;24783;2
115090;-182961;48153;25428;4
116592;-175212;48247;25913;1
122026;-193650;48586;24760;2
118131;-184262;48343;25347;1
120328;-188484;48480;25083;4
117542;-179361;48306;25653;2
126307;-176392;48854;25839;2
109189;-194448;47784;24711;8
123164;-164865;48657;26559;1
125326;-172319;48792;26094;4
127952;-165672;48957;26509;2
106772;-176336;47633;25843;2
121996;-171114;48584;26169;8
117313;-193530;48292;24768;2
124431;-173139;48736;26042;8
112981;-190600;48021;24951;2
101038;-182576;47274;25453;1
115215;-166160;48160;26479;1
122076;-186568;48589;25203;1
114231;-179311;48099;25657;8
114495;-180081;48115;25608;8
101366;-168558;47295;26329;1
117471;-180001;48301;25613;1
129498;-179287;49053;25658;1
123409;-193323;48673;24781;4
105737;-175749;47568;25879;2
126088;-179168;48840;25666;2
130288;-193766;49103;24753;4
104451;-186888;47488;25183;1
114372;-192357;48108;24841;4
117656;-181625;48313;25512;4
116306;-172878;48229;26059;8
123869;-187837;48701;25124;4
99190;-173408;47159;26026;2
104933;-183776;47518;25378;8
104559;-172482;47494;26083;8
112056;-183327;47963;25406;8
117723;-188200;48317;25101;4
127726;-165480;48942;26521;8
112525;-172308;47992;26094;1
128950;-169853;49019;26248;2
116569;-178932;48245;25680;2
101734;-185636;47318;25261;8
121684;-193256;48565;24785;2
100492;-164508;47240;26582;2
124312;-189673;48729;25009;8
127006;-184840;48897;25311;1
111223;-187746;47911;25129;8
119243;-190624;48412;24950;4
115877;-192904;48202;24807;4
114376;-181879;48108;25496;2
122783;-179821;48633;25625;2
129464;-181673;49051;25509;1
117570;-175980;48308;25865;8
114082;-184872;48090;25309;2
120147;-165495;48469;26520;4
107583;-188817;47683;25062;1
106014;-170891;47585;26183;4
120809;-182823;48510;25437;4
117359;-176838;48294;25811;8
116999;-184276;48272;25346;2
128639;-195885;48999;24621;2
105748;-175774;47569;25878;4
99899;-173274;47203;26034;8
118842;-167094;48387;26420;2
112917;-189428;48017;25024;1
111116;-194016;47904;24738;1
121868;-185364;48576;25278;2
127559;-182039;48932;25486;2
117693;-188162;48315;25103;4
128348;-178767;48981;25691;2
115846;-177188;48200;25789;8
122107;-193184;48591;24790;1
112853;-192381;48013;24840;1
106883;-175663;47640;25885;1
120862;-168984;48513;26302;8
107828;-189971;47699;24990;4
99249;-178590;47163;25702;2
115104;-196588;48154;24577;1
117728;-188271;48318;25097;2
117634;-189160;48312;25041;4
104651;-178101;47500;25732;2
113034;-175092;48024;25920;8
115547;-194325;48181;24718;4
115924;-177726;48205;25756;2
116183;-172764;48221;26066;4
115083;-194829;48152;24687;8
127940;-180809;48956;25563;2
129087;-175595;49027;25889;8
118815;-171432;48385;26149;8
108704;-171629;47754;26137;4
118454;-171172;48363;26165;4
99722;-173943;47192;25992;1
116626;-175123;48249;25918;1
99287;-178834;47165;25686;2
120587;-179006;48496;25676;1
113556;-173357;48057;26029;4
129747;-186866;49069;25184;4
109605;-176021;47810;25862;4
120501;-187177;48491;25165;1
111511;-164290;47929;26595;2
120063;-194295;48463;24720;1
117508;-182137;48304;25480;8
109599;-180898;47809;25557;1
114100;-170128;48091;26231;4
129218;-164544;49036;26580;1
109788;-180190;47821;25602;4
100255;-175393;47225;25901;1
128287;-182711;48977;25444;4
126128;-168909;48843;26307;2
100966;-181525;47270;25518;1
102637;-171163;47374;26166;2
105285;-167442;47540;26398;8
99745;-168975;47194;26303;4
127203;-192701;48910;24820;2
129067;-175544;49026;25892;2
103274;-173853;47414;25998;2
114330;-192478;48105;24834;4
113408;-164098;48048;26607;1
113911;-183572;48079;25390;8
111034;-193692;47899;24758;1
113294;-189274;48040;25034;4
121067;-184296;48526;25345;8
108312;-176761;47729;25816;2
114017;-170316;48086;26219;1
114130;-184848;48093;25311;8
118213;-183748;48348;25379;2
118315;-170326;48354;26218;8
128322;-178720;48980;25694;8
121194;-195995;48534;24614;1
109742;-173411;47818;26025;8
108337;-185813;47731;25250;8
123975;-177922;48708;25743;4
117641;-182917;48312;25431;4
121605;-177694;48560;25758;1
106871;-176368;47639;25841;4
118181;-183768;48346;25378;2
102092;-170462;47340;26210;2
119833;-190854;48449;24935;4
99725;-173848;47192;25998;8
117285;-176772;48290;25815;1
114972;-182851;48145;25435;1
121625;-196187;48561;24602;1
125620;-185452;48811;25273;4
111608;-164250;47935;26598;8
104973;-183504;47520;25395;1
109749;-173376;47819;26028;1
116730;-177092;48255;25795;2
106427;-166770;47611;26440;4
113863;-183556;48076;25391;4
122643;-191166;48625;24916;4
113701;-176664;48066;25822;4
118182;-183767;48346;25378;2
114052;-184834;48088;25311;8
117494;-174741;48303;25942;4
130600;-178759;49122;25691;1
114833;-193378;48137;24777;8
121625;-177750;48561;25754;2
124121;-186645;48717;25198;1
118904;-171519;48391;26144;4
116284;-172780;48227;26065;4
127373;-185875;48920;25246;4
116820;-186638;48261;25199;4
123520;-190548;48680;24954;4
110974;-178258;47895;25722;2
104628;-178117;47499;25731;1
117398;-179918;48297;25619;8
112024;-172920;47961;26056;1
128265;-164223;48976;26600;1
108374;-172184;47733;26102;8
123639;-177690;48687;25758;1
116247;-172109;48225;26107;1
122007;-175196;48585;25914;8
116056;-184983;48213;25302;4
129033;-194789;49024;24689;2
110677;-186196;47877;25226;4
116483;-178931;48240;25680;8
109094;-188515;47778;25081;4
124278;-183112;48727;25419;1
110615;-175277;47873;25909;4
105287;-189846;47540;24998;4
120088;-165407;48465;26526;2
120350;-188779;48481;25065;4
128378;-181524;48983;25518;8
122695;-191122;48628;24918;8
118894;-193692;48390;24758;1
119945;-182231;48456;25474;2
120480;-185605;48490;25263;2
115804;-177251;48197;25785;1
120443;-188760;48487;25066;2
120518;-176091;48492;25858;8
123481;-177389;48677;25777;1
114614;-170442;48123;26211;8
122099;-171032;48591;26174;4
117521;-179381;48305;25652;8
125558;-181195;48807;25539;2
127346;-181888;48919;25496;8
120297;-179465;48478;25647;4
106180;-195976;47596;24615;4
117212;-175492;48285;25895;4
104423;-184865;47486;25309;8
119938;-181174;48456;25540;8
100966;-182896;47270;25433;8
125293;-172416;48790;26088;1
105557;-194723;47557;24693;4
120052;-194285;48463;24721;1
120916;-190309;48517;24969;4
127561;-191947;48932;24867;2
117023;-184194;48273;25351;2
106963;-168571;47645;26328;1
99679;-175539;47189;25892;1
115861;-193016;48201;24800;4
118403;-171216;48360;26163;1
101734;-180820;47318;25562;1
128946;-194306;49019;24719;1
123643;-176369;48687;25840;2
114560;-187978;48120;25115;2
119465;-190309;48426;24969;8
122021;-175198;48586;25914;2
117017;-172697;48273;26070;8
120463;-176034;48488;25861;2
113591;-173329;48059;26030;4
116475;-185269;48239;25284;1
113426;-182131;48049;25480;8
128638;-168922;48999;26306;8
116375;-185448;48233;25273;1
129532;-187060;49055;25172;2
111193;-193946;47909;24742;4
112723;-195105;48005;24669;4
128688;-195125;49003;24668;8
123508;-177338;48679;25780;4
128749;-195178;49006;24665;8
129499;-187021;49053;25175;8
128884;-179506;49015;25644;2
130063;-187884;49088;25121;4
104480;-177861;47490;25747;2
122139;-193698;48593;24757;8
120745;-183021;48506;25425;1
127219;-185355;48911;25279;2
129123;-180798;49030;25564;2
121104;-188780;48529;25065;8
128875;-195294;49014;24658;1
107094;-176150;47653;25854;2
122740;-192620;48631;24825;4
101053;-182651;47275;25448;2
123594;-176380;48684;25840;1
128352;-182779;48982;25440;1
129092;-194806;49028;24688;8
123206;-164903;48660;26557;8
109423;-172425;47798;26087;1
128871;-196007;49014;24613;1
119152;-180710;48407;25569;8
105986;-170958;47584;26179;2
106087;-171006;47590;26176;4
114989;-182875;48146;25434;1
121707;-187409;48566;25150;2
117473;-183725;48302;25381;4
120679;-187883;48502;25121;8
127897;-176223;48953;25850;8
128535;-178416;48993;25713;8
110277;-174179;47852;25977;4
129927;-184469;49080;25334;2
129447;-179256;49050;25660;4
125952;-188228;48832;25099;1
104439;-184881;47487;25308;8
115024;-190949;48149;24929;4
112331;-186310;47980;25219;4
104111;-165723;47466;26506;1
130815;-187238;49135;25161;2
100109;-176435;47216;25836;1
106280;-177372;47602;25778;1
112642;-195119;48000;24669;4
129365;-165200;49045;26539;4
114589;-193063;48121;24797;4
104147;-165741;47469;26505;2
129196;-189300;49034;25032;8
117758;-168701;48319;26320;4
108720;-180209;47755;25600;1
127372;-176640;48920;25824;8
122369;-191422;48608;24900;2
110322;-185491;47855;25270;4
106176;-196075;47596;24609;8
120956;-169005;48519;26301;2
129086;-177487;49027;25771;1
108358;-172006;47732;26113;2
122172;-185180;48595;25290;1
123838;-189525;48699;25018;2
129441;-179373;49050;25653;1
118376;-190560;48358;24954;8
102960;-164535;47395;26580;4
108438;-188371;47737;25090;2
128337;-195374;48981;24653;2
115560;-194400;48182;24714;4
123394;-182365;48672;25466;1
122629;-191134;48624;24918;2
120549;-181667;48494;25509;2
113360;-183381;48045;25402;4
125625;-181077;48811;25546;1
108292;-172225;47728;26099;1
104530;-186559;47493;25204;2
116127;-165158;48217;26541;1
129241;-181642;49037;25511;4
119269;-182354;48414;25466;1
125958;-188176;48832;25103;2
114675;-175283;48127;25908;8
127525;-182081;48930;25483;1
115951;-171502;48206;26145;8
117097;-184282;48278;25346;1
113629;-171481;48061;26146;1
121030;-165567;48524;26516;1
126432;-180293;48862;25595;4
114430;-192355;48111;24841;8
119734;-190105;48443;24982;4
121924;-185425;48580;25274;4
100808;-182652;47260;25448;8
116311;-172330;48229;26093;1
127537;-186250;48931;25223;1
108777;-180200;47758;25601;8
112694;-195184;48003;24665;4
113808;-183620;48073;25387;8
124359;-176844;48732;25811;4
108596;-174465;47747;25959;2
99635;-175564;47187;25891;2
113427;-166019;48049;26487;1
123753;-176848;48694;25811;2
129003;-194341;49022;24717;4
121785;-192888;48571;24808;8
126211;-176556;48848;25829;2
108302;-190409;47728;24963;8
108497;-188324;47741;25093;8
123666;-169962;48689;26241;1
112857;-192344;48013;24842;1
123524;-177993;48680;25739;8
125047;-194346;48775;24717;8
129343;-165243;49043;26536;1
125595;-181055;48809;25548;8
120846;-169075;48512;26296;1
114121;-169888;48092;26246;2
119319;-182937;48417;25430;4
120670;-165618;48501;26512;2
112682;-176636;48002;25824;8
117736;-178057;48318;25735;4
116424;-185397;48236;25276;1
128097;-165267;48966;26534;4
127729;-182191;48943;25477;8
109073;-188444;47777;25086;8
128349;-195429;48981;24649;4
126236;-176579;48849;25827;1
120888;-176617;48515;25825;4
120010;-181181;48460;25540;8
112206;-187182;47972;25165;8
115925;-194547;48205;24704;1
126825;-185396;48886;25276;2
111682;-166032;47940;26487;2
126320;-170197;48855;26226;2
118436;-190423;48362;24962;4
124732;-183422;48755;25400;8
108947;-177435;47769;25774;1
118459;-190413;48363;24963;2
112201;-180973;47972;25553;1
118356;-170273;48357;26221;4
117544;-188598;48306;25076;2
113919;-187865;48079;25122;2
118204;-171141;48347;26167;1
108504;-180175;47741;25603;2
127940;-195293;48956;24658;2
107166;-169946;47657;26242;1
113274;-179837;48039;25624;8
102638;-178084;47374;25733;4
119476;-194027;48427;24737;2
105477;-190674;47552;24946;8
100850;-181629;47263;25512;4
111046;-181980;47900;25490;8
113266;-182076;48039;25484;2
100770;-182632;47258;25449;2
120137;-187424;48468;25150;2
124840;-186403;48762;25213;2
124597;-183501;48747;25395;1
119215;-190705;48410;24944;4
123569;-176340;48683;25842;8
113599;-171393;48059;26151;2
114255;-179323;48100;25656;8
126639;-191294;48874;24908;8
123463;-193294;48676;24783;1
123440;-193394;48675;24776;8
116711;-172922;48254;26056;8
111869;-179212;47951;25663;8
113181;-176293;48033;25845;8
110096;-186945;47841;25179;4
105272;-176394;47539;25839;8
129973;-186677;49083;25196;8
120872;-169622;48514;26262;1
103516;-178822;47429;25687;4
121567;-190680;48557;24946;1
128977;-194343;49021;24717;1
115992;-184998;48209;25301;4
111378;-173265;47921;26034;1
123047;-165855;48650;26498;8
117670;-164291;48314;26595;1
114075;-184854;48089;25310;2
111236;-176188;47912;25852;2
113588;-171413;48059;26150;1
129502;-194001;49053;24738;8
112475;-173338;47989;26030;4
105595;-165863;47559;26497;1
105021;-191341;47523;24905;8
104600;-170331;47497;26218;4
120236;-187608;48474;25138;1
116327;-172688;48230;26071;8
101987;-165590;47334;26514;4
118100;-185339;48341;25280;8
130480;-178813;49115;25688;8
125805;-193140;48822;24792;4
127666;-180961;48939;25553;1
129601;-182181;49060;25477;2
116002;-192005;48210;24863;2
110195;-186946;47847;25179;1
126426;-180300;48861;25595;4
129083;-177418;49027;25775;2
113331;-183337;48043;25405;8
101626;-180775;47311;25565;4
117755;-178075;48319;25734;4
129382;-186079;49046;25234;4
122775;-191478;48633;24896;1
114214;-192540;48098;24830;8
124260;-183110;48726;25419;1
115436;-192954;48174;24804;2
112419;-174062;47986;25985;2
105031;-183451;47524;25398;8
105226;-194700;47536;24695;8
116460;-191421;48238;24900;8
125278;-172387;48789;26089;8
111818;-179258;47948;25660;1
112356;-173922;47982;25993;1
99586;-175551;47184;25892;1
113856;-174483;48076;25958;8
105328;-165332;47543;26530;2
117107;-184248;48279;25348;4
116660;-175141;48251;25917;8
129508;-179411;49054;25650;8
117733;-164312;48318;26594;4
109794;-173403;47822;26026;1
122672;-192620;48627;24825;4
111083;-181985;47902;25489;4
112456;-173355;47988;26029;2
115889;-177248;48203;25786;1
117546;-188659;48306;25072;4
116076;-185042;48214;25298;1
122432;-191423;48612;24900;2
122730;-179704;48630;25632;2
116691;-175138;48253;25917;1
114416;-194314;48111;24719;4
123426;-182293;48674;25470;1
105715;-166930;47567;26430;4
114999;-179482;48147;25646;2
121072;-182590;48527;25452;4
118792;-167054;48384;26423;8
108313;-190408;47729;24963;8
100105;-181916;47216;25494;4
117027;-184260;48274;25347;1
101381;-179111;47296;25669;4
111070;-181900;47901;25495;8
113481;-173632;48052;26012;4
113229;-182125;48036;25481;1
121148;-190589;48531;24952;4
125199;-186766;48784;25191;2
116926;-184413;48267;25338;8
107708;-182275;47691;25471;8
112732;-176612;48005;25825;1
124343;-167715;48731;26381;1
118216;-188512;48348;25082;1
112143;-180946;47968;25554;1
123996;-177976;48709;25740;8
99926;-183336;47205;25405;8
105285;-189911;47540;24994;4
124895;-186425;48765;25212;8
116160;-165248;48220;26536;2
121586;-193027;48559;24799;4
121581;-187346;48558;25154;4
114329;-194369;48105;24715;8
105913;-183574;47579;25390;2
115896;-184649;48203;25323;2
113720;-183435;48067;25399;2
122210;-191310;48598;24907;4
110901;-178296;47891;25720;2
123531;-177720;48680;25756;8
108535;-180790;47743;25564;4
123541;-178424;48681;25712;4
113167;-194704;48032;24695;4
121334;-190681;48543;24946;2
122446;-192299;48612;24845;1
106146;-173296;47594;26033;2
105323;-194800;47542;24689;2
115179;-194900;48158;24682;1
104444;-184909;47487;25307;8
121184;-180560;48534;25579;2
117524;-175925;48305;25868;4
102660;-178658;47376;25697;8
101981;-165553;47333;26516;4
128238;-180333;48974;25593;2
105423;-175039;47548;25924;2
118173;-183732;48345;25380;1
112747;-195134;48006;24668;2
117866;-188158;48326;25104;4
124021;-177977;48711;25740;2
130450;-184379;49113;25340;8
121630;-196189;48561;24602;8
123578;-177972;48683;25740;4
113563;-178818;48057;25687;2
117054;-194407;48275;24713;8
120596;-179031;48497;25674;2
117603;-188548;48310;25079;1
109554;-179719;47807;25631;8
127665;-165401;48939;26526;2
113335;-182048;48043;25486;8
117384;-183727;48296;25381;2
122232;-185218;48599;25287;1
130111;-187743;49091;25130;2
120088;-181136;48465;25543;8
130070;-194283;49089;24721;2
129600;-182205;49060;25476;4
108380;-189665;47733;25009;8
105084;-183501;47527;25395;8
120117;-187316;48467;25156;2
129689;-192033;49065;24861;4
126311;-176532;48854;25830;8
121613;-177765;48560;25753;2
101645;-185527;47312;25268;1
120350;-188636;48481;25074;4
126077;-165393;48839;26526;2
115850;-194501;48200;24707;8
123584;-177757;48684;25754;1
115680;-170455;48190;26210;1
100983;-174717;47271;25944;1
120609;-186488;48498;25208;4
129324;-187210;49042;25163;8
122060;-171103;48588;26170;8
112395;-177618;47984;25762;1
117426;-179954;48299;25616;4
99777;-175214;47196;25913;8
101295;-179257;47290;25660;4
99746;-175142;47194;25917;8
127365;-185869;48920;25247;8
129255;-185650;49038;25260;4
126403;-192983;48860;24802;4
128558;-178404;48994;25713;1
128759;-175845;49007;25873;4
114687;-193028;48127;24799;2
118441;-185095;48362;25295;8
129533;-193957;49055;24741;2
121961;-185423;48582;25275;2
113750;-174820;48069;25937;1
104647;-178136;47500;25730;8
113722;-174569;48067;25953;4
129198;-181648;49034;25511;8
105616;-183582;47561;25390;8
128280;-164176;48977;26603;8
125984;-167892;48834;26370;2
108629;-190253;47749;24973;8
129350;-181817;49044;25500;8
115310;-180256;48166;25598;1
115193;-180903;48159;25557;2
114625;-180275;48124;25596;2
127873;-179147;48952;25667;2
119215;-189132;48410;25043;2
120179;-188976;48471;25053;4
115230;-166165;48161;26478;4
116936;-194012;48268;24738;4
130067;-193045;49089;24798;8
112252;-176733;47975;25818;4
108528;-180768;47743;25566;2
100337;-176550;47231;25829;1
123171;-193010;48658;24800;2
130072;-193083;49089;24796;1
115785;-177218;48196;25787;4
116040;-194394;48212;24714;2
102123;-175494;47342;25895;8
119525;-193988;48430;24739;4
117753;-181621;48319;25512;4
129511;-182143;49054;25480;1
110279;-177911;47852;25744;2
118224;-188513;48349;25081;2
112905;-189328;48016;25031;4
127013;-176567;48898;25828;4
115599;-194353;48184;24716;2
103459;-178918;47426;25681;1
117533;-182077;48305;25484;4
109556;-179806;47807;25626;2
117427;-174809;48299;25938;2
129296;-186086;49041;25233;2
113795;-174526;48072;25956;8
117038;-194340;48274;24717;2
100395;-177281;47234;25783;4
117419;-183370;48298;25403;1
130437;-178591;49112;25702;8
103212;-173892;47410;25995;1
106450;-177627;47613;25762;1
121391;-190559;48546;24954;2
112034;-172909;47962;26057;4
122250;-183954;48600;25366;8
128531;-178357;48993;25716;1
113535;-164130;48055;26605;1
99817;-169074;47198;26296;8
123396;-177277;48672;25784;2
122032;-193046;48587;24798;4
108391;-171999;47734;26114;1
115096;-176155;48153;25854;2
104760;-167658;47507;26385;2
123947;-166413;48706;26463;4
118050;-192606;48338;24826;8
125321;-172311;48792;26094;2
120813;-182915;48510;25431;4
130921;-187283;49142;25158;1
120352;-188770;48482;25065;4
122624;-179685;48624;25633;1
121388;-190525;48546;24956;2
120889;-190273;48515;24971;1
117659;-164347;48313;26592;4
128985;-183475;49021;25396;4
107554;-177331;47682;25780;8
129600;-171318;49060;26156;1
127087;-187029;48902;25174;8
126769;-179532;48883;25643;4
121599;-187340;48559;25155;2
123879;-187831;48702;25124;4
99642;-175532;47187;25893;1
108116;-170176;47717;26228;2
128310;-182701;48979;25445;1
115126;-196585;48155;24577;2
108756;-171589;47757;26139;1
100928;-182840;47268;25436;1
120084;-182715;48465;25444;1
111345;-176185;47919;25852;4
124742;-186015;48756;25238;1
114491;-184555;48115;25329;2
120676;-178990;48502;25677;2
127492;-168454;48928;26335;1
128381;-195402;48983;24651;1
126064;-179621;48839;25637;4
115024;-193725;48149;24756;8
121912;-191204;48579;24913;1
126163;-191175;48845;24915;2
113612;-171435;48060;26149;1
125532;-181156;48805;25541;4
101980;-170461;47333;26210;2
105776;-167430;47571;26399;1
114628;-170413;48124;26213;2
121566;-165647;48557;26511;4
113300;-189226;48041;25037;4
113296;-183343;48041;25405;4
117415;-180586;48298;25577;1
108753;-171705;47757;26132;2
117702;-174122;48316;25981;2
122787;-177061;48634;25797;2
110295;-195463;47853;24647;4
106069;-174653;47589;25948;2
127882;-165746;48952;26504;2
105341;-176483;47543;25833;1
110276;-185523;47852;25268;2
109498;-176091;47803;25858;8
129881;-186615;49077;25200;4
122681;-192578;48627;24827;1
114181;-194210;48096;24725;2
102987;-164595;47396;26576;1
106476;-177640;47614;25761;8
105383;-175072;47546;25922;1
127572;-176863;48933;25810;8
118112;-185179;48342;25290;8
122132;-191286;48593;24908;8
108931;-177421;47768;25775;8
101656;-173913;47313;25994;8
126900;-177385;48891;25777;4
114182;-194299;48096;24720;4
129641;-177030;49062;25799;1
128522;-178363;48992;25716;4
127978;-179849;48958;25623;1
112928;-189327;48018;25031;4
127188;-175530;48909;25893;8
102020;-170387;47336;26214;2
118291;-185041;48353;25298;2
105562;-195730;47557;24630;2
116143;-177011;48218;25800;2
112830;-192364;48011;24841;1
126720;-185781;48880;25252;1
128235;-180338;48974;25592;8
120458;-187292;48488;25158;4
116400;-185278;48235;25284;4
125665;-185389;48814;25277;1
129846;-164633;49075;26574;4
120167;-193639;48470;24761;1
113411;-164172;48048;26603;2
116628;-175222;48249;25912;2
128952;-167823;49019;26375;1
111325;-177852;47917;25748;4
121545;-190631;48556;24949;1
112841;-189433;48012;25024;8
110285;-173518;47852;26019;8
117734;-181591;48318;25514;2
129267;-189397;49039;25026;8
106027;-174572;47586;25953;8
114410;-194277;48110;24721;1
106407;-177561;47610;25766;2
114673;-170476;48127;26209;2
115962;-185023;48207;25300;1
128416;-195363;48986;24653;1
102219;-175559;47348;25891;8
124227;-183089;48724;25420;8
128772;-195991;49008;24614;4
118986;-190908;48396;24932;2
104468;-172439;47489;26086;4
117872;-188092;48327;25108;8
122567;-192436;48620;24836;4
127798;-190098;48947;24982;2
117505;-182080;48304;25484;1
119992;-182218;48459;25475;4
100423;-180839;47236;25561;1
129001;-183474;49022;25396;1
127434;-188601;48924;25076;4
111937;-188402;47956;25088;8
102583;-171191;47371;26164;2
110236;-186906;47849;25182;4
121540;-190662;48556;24947;2
128700;-195179;49003;24665;8
112485;-187774;47990;25128;8
122084;-191906;48590;24869;4
107083;-176182;47652;25852;2
109159;-172491;47782;26083;4
120929;-188986;48518;25052;1
115056;-195124;48151;24668;8
110109;-173503;47841;26020;2
128961;-179998;49020;25614;1
105985;-174709;47584;25944;4
130523;-178578;49117;25702;8
111077;-183078;47902;25421;1
128373;-195466;48983;24647;1
99827;-175139;47199;25917;1
110183;-173475;47846;26021;1
116282;-172881;48227;26058;2
129246;-177818;49037;25750;8
101717;-185673;47317;25259;8
128397;-178580;48984;25702;2
111531;-185713;47930;25256;1
117618;-188754;48311;25066;2
113920;-170902;48080;26182;2
121000;-182543;48522;25455;2
119407;-179019;48422;25675;8
117330;-176795;48293;25814;8
112313;-173856;47979;25998;8
121673;-190853;48564;24935;2
130088;-191777;49090;24877;4
123217;-164929;48661;26555;4
107941;-167785;47706;26377;2
128942;-167878;49018;26371;2
114089;-170216;48090;26225;1
130183;-192590;49096;24827;2
120869;-176632;48514;25824;1
111496;-185713;47928;25256;8
129498;-181744;49053;25505;2
110488;-174186;47865;25977;1
122155;-186593;48594;25201;4
121665;-177698;48564;25757;8
129237;-177862;49037;25747;8
110640;-186118;47875;25231;4
105698;-167489;47566;26395;1
126199;-168937;48847;26305;8
114990;-182901;48146;25432;4
104812;-167658;47510;26385;4
120272;-187568;48477;25141;4
105307;-194506;47541;24707;8
126116;-179075;48842;25671;1
127672;-180904;48939;25557;1
121316;-165466;48542;26522;2
106908;-175674;47641;25884;4
100378;-180829;47233;25562;4
117601;-179415;48310;25650;4
118838;-171518;48387;26144;2
99758;-173933;47194;25993;2
99080;-173560;47152;26016;4
128944;-179921;49019;25618;1
122503;-179153;48616;25666;4
114061;-169933;48088;26243;2
102681;-178581;47377;25702;4
121875;-191184;48577;24915;2
129639;-176440;49062;25836;4
125357;-172338;48794;26092;8
117014;-172748;48273;26067;1
127955;-195293;48957;24658;1
118548;-182880;48369;25434;8
127250;-176115;48913;25856;8
129341;-186071;49043;25234;8
113251;-179748;48038;25629;2
123540;-178319;48681;25719;4
125593;-184475;48809;25334;2
108715;-171568;47754;26141;8
126613;-192301;48873;24845;8
108768;-167011;47758;26425;4
109619;-176009;47811;25863;2
124007;-177853;48710;25748;4
124740;-187076;48756;25171;2
116182;-165169;48221;26540;2
125426;-172302;48799;26095;1
129303;-165143;49041;26542;8
129187;-177350;49034;25779;2
113393;-185390;48047;25277;1
114346;-192368;48106;24841;1
121428;-196031;48549;24612;8
125715;-193124;48817;24793;2
115182;-194877;48158;24684;4
105194;-190156;47534;24979;4
108137;-179725;47718;25631;2
101661;-180753;47313;25566;1
100252;-181422;47225;25525;8
129532;-187218;49055;25162;8
105904;-183609;47579;25388;4
112993;-189853;48022;24998;2
110600;-173489;47872;26020;1
115302;-181988;48166;25489;1
114444;-175328;48112;25906;1
115314;-181890;48167;25495;1
124661;-193647;48751;24761;4
130649;-178698;49125;25695;1
115600;-194367;48185;24716;2
126256;-176499;48851;25832;4
128375;-176699;48983;25820;1
115000;-190901;48147;24932;2
105668;-183572;47564;25390;8
130474;-187334;49114;25155;2
118933;-179372;48393;25653;4
128648;-195203;49000;24663;8
120192;-187559;48472;25141;2
128336;-164178;48981;26602;4
109126;-180806;47780;25563;8
117413;-183175;48298;25415;8
116996;-183353;48272;25404;1
114320;-194391;48105;24714;1
117140;-175589;48281;25889;8
129336;-181784;49043;25502;8
121759;-191099;48569;24920;1
108496;-178732;47741;25693;2
120108;-165486;48466;26521;8
101971;-170401;47333;26213;2
125027;-194349;48774;24717;2
104497;-172514;47491;26081;8
99879;-183409;47202;25400;2
115939;-192958;48206;24804;2
110519;-164198;47867;26601;8
111552;-177259;47932;25785;4
123020;-165773;48648;26503;8
120860;-188986;48513;25052;2
127582;-180858;48933;25560;2
113792;-175532;48072;25893;1
117032;-193976;48274;24740;8
114892;-193316;48140;24781;2
121569;-193245;48558;24786;1
117448;-174821;48300;25937;8
113012;-173602;48023;26013;4
113378;-175351;48046;25904;4
103971;-168653;47458;26323;8
107972;-167720;47708;26381;1
99965;-183378;47207;25402;2
123828;-187832;48699;25124;4
99825;-168997;47199;26301;2
128477;-195434;48989;24649;4
130173;-193068;49095;24797;2
119083;-169127;48402;26293;4
116203;-165181;48222;26540;1
128913;-194361;49017;24716;1
120887;-169606;48515;26263;8
110212;-173563;47848;26016;2
105322;-189932;47542;24993;4
113199;-182140;48034;25480;2
123636;-190591;48687;24952;4
119230;-189172;48411;25040;4
129399;-185996;49047;25239;8
128834;-179981;49012;25615;4
129470;-186259;49051;25222;1
129611;-171377;49060;26152;4
127819;-182362;48948;25466;1
123634;-187203;48687;25163;2
104167;-165708;47470;26507;8
112418;-175311;47986;25907;2
115715;-171631;48192;26137;4
124522;-196524;48742;24581;1
105630;-195921;47561;24618;4
126470;-186311;48864;25219;4
116605;-192387;48247;24839;8
118913;-190850;48392;24935;8
117613;-188712;48310;25069;8
123789;-187855;48696;25123;1
110682;-189626;47877;25012;4
114118;-192655;48092;24823;1
127512;-176854;48929;25810;2
119038;-190912;48399;24932;1
121911;-175112;48579;25919;2
105348;-193060;47544;24797;2
113326;-193185;48042;24789;4
99821;-175207;47198;25913;2
129504;-182104;49054;25482;4
120159;-165286;48469;26533;1
102169;-174057;47345;25985;1
108645;-174567;47750;25953;8
104501;-172528;47491;26081;4
112646;-190838;48000;24936;2
106670;-186077;47626;25234;1
101112;-182287;47279;25471;2
128877;-184361;49014;25341;8
115003;-193154;48147;24791;2
123668;-169974;48689;26240;2
129444;-181646;49050;25511;8
127596;-187046;48934;25173;2
129325;-187213;49042;25163;4
130248;-193674;49100;24759;2
105219;-167510;47536;26394;1
123650;-166507;48688;26457;4
120341;-188567;48481;25078;4
111984;-188347;47959;25092;2
108362;-190458;47732;24960;2
124986;-181645;48771;25511;1
116658;-172878;48251;26059;4
104488;-186885;47490;25183;2
129169;-177316;49033;25781;8
114091;-184892;48090;25308;2
125983;-167855;48833;26373;4
129779;-190922;49071;24931;2
113475;-164219;48052;26600;4
117475;-183339;48302;25405;1
113365;-193223;48045;24787;8
123693;-176810;48690;25813;4
128291;-179854;48978;25623;4
109152;-188496;47782;25083;2
129200;-177846;49035;25748;8
113465;-182026;48051;25487;8
108775;-171600;47758;26139;2
116628;-192485;48249;24833;4
99664;-175599;47189;25889;8
128423;-178607;48986;25701;1
110232;-186891;47849;25183;2
113737;-174823;48068;25937;1
112726;-190768;48005;24941;4
113486;-171282;48052;26158;8
120454;-181721;48488;25506;1
125999;-179695;48834;25633;1
121875;-175178;48577;25915;4
108353;-172204;47732;26101;4
106482;-177648;47615;25761;1
108724;-180187;47755;25602;1
124434;-173131;48737;26043;2
126982;-184959;48896;25304;8
129431;-187080;49049;25171;1
99774;-174618;47195;25950;4
111348;-176215;47919;25850;1
114724;-192902;48130;24807;4
114974;-182810;48145;25438;4
117750;-177989;48319;25739;1
114426;-179923;48111;25618;4
128912;-194353;49017;24716;1
120866;-185110;48514;25294;4
123601;-178371;48685;25715;1
104682;-170244;47502;26223;4
107942;-167723;47706;26381;8
118430;-184977;48361;25302;2
123623;-177704;48686;25757;2
126065;-188243;48839;25098;4
105603;-166915;47560;26431;1
130117;-187671;49092;25134;8
100833;-181623;47262;25512;2
122429;-191469;48611;24897;4
124700;-187128;48753;25168;1
125649;-184558;48813;25329;4
130224;-178446;49099;25711;4
129158;-177904;49032;25745;1
129522;-189616;49055;25013;8
123686;-166414;48690;26463;1
121593;-193208;48559;24788;8
128014;-165331;48960;26530;1
128869;-179381;49014;25652;8
112224;-180919;47974;25556;1
110237;-174091;47849;25983;1
117186;-195710;48284;24632;4
113611;-173408;48060;26026;2
119919;-190959;48454;24929;2
112908;-189107;48016;25044;2
106923;-168537;47642;26330;8
109039;-186107;47774;25232;8
108658;-168639;47751;26324;1
102211;-174018;47348;25987;4
108342;-190356;47731;24966;1
114622;-193112;48123;24794;2
105711;-183595;47566;25389;4
110608;-189659;47873;25010;8
123820;-191667;48698;24884;4
116370;-172117;48233;26106;8
116311;-172152;48229;26104;1
127872;-180787;48952;25564;2
118842;-171630;48387;26137;1
116188;-165192;48221;26539;1
111017;-182006;47898;25488;1
110246;-186789;47850;25189;2
125667;-184575;48814;25328;8
106398;-166773;47609;26440;4
121214;-188732;48535;25068;4
121624;-196191;48561;24602;4
120621;-165562;48498;26516;8
110520;-174139;47867;25980;4
129662;-182154;49063;25479;1
120402;-175441;48485;25898;1
105270;-189832;47539;24999;1
126547;-191178;48869;24915;2
129706;-192028;49066;24862;8
127512;-180839;48929;25561;4
122728;-192534;48630;24830;4
109110;-180855;47779;25560;2
110250;-186818;47850;25187;4
101251;-179266;47288;25659;2
123886;-187904;48702;25120;4
117028;-188877;48274;25059;8
111992;-172551;47959;26079;4
128337;-195548;48981;24642;1
106014;-174482;47585;25958;8
120188;-187418;48471;25150;2
115317;-181906;48167;25494;2
114344;-194340;48106;24717;1
125582;-184509;48808;25332;4
116648;-175124;48250;25918;2
127964;-179130;48957;25668;2
120394;-175478;48484;25896;4
114497;-180029;48116;25612;2
129031;-194836;49024;24686;4
126199;-168886;48847;26308;1
105573;-165868;47558;26497;8
105642;-167466;47562;26397;8
104760;-167650;47507;26385;4
128322;-178765;48980;25691;2
112200;-176743;47972;25817;1
100382;-180823;47233;25562;4
116966;-193985;48270;24739;1
116436;-191349;48237;24904;4
113727;-174820;48067;25937;4
128855;-179512;49013;25644;1
116608;-192461;48248;24835;1
127607;-185053;48935;25298;2
130090;-178482;49090;25708;1
120521;-187258;48492;25160;1
121614;-193253;48560;24785;8
112505;-175319;47991;25906;4
99822;-173946;47198;25992;4
123747;-169954;48694;26241;8
116815;-186647;48260;25198;8
118216;-188456;48348;25085;1
110329;-186774;47855;25190;2
130489;-187066;49115;25172;2
128343;-181605;48981;25513;4
109742;-173322;47818;26031;8
107203;-169945;47660;26242;2
113500;-182029;48053;25487;1
110934;-178182;47893;25727;1
129012;-194405;49023;24713;1
124092;-186729;48715;25193;4
127222;-192704;48911;24820;4
121594;-193142;48559;24792;8
121048;-165733;48525;26505;1
129850;-165645;49075;26511;4
98309;-163905;47104;26619;8
123514;-177357;48679;25779;8
120958;-185193;48519;25289;2
120938;-184408;48518;25338;4
102248;-174008;47350;25988;2
110674;-193284;47877;24783;8
129426;-182044;49049;25486;1
120702;-178950;48503;25679;1
109209;-189229;47785;25037;8
120788;-182881;48509;25433;8
108216;-172151;47723;26104;8
115814;-171614;48198;26138;2
114315;-179895;48104;25620;4
130272;-192577;49102;24827;1
106197;-173242;47597;26036;8
125225;-194208;48786;24726;8
100368;-180055;47233;25610;1
121019;-185293;48523;25283;8
106820;-175430;47636;25899;8
130108;-187793;49091;25126;8
104581;-170327;47496;26218;1
131070;-187444;49151;25148;1
127974;-181479;48958;25521;1
115031;-193693;48149;24758;2
126975;-177367;48895;25778;4
127556;-191910;48932;24869;1
128056;-165290;48963;26533;1
123869;-189562;48701;25016;2
121992;-193163;48584;24791;1
127316;-176057;48917;25860;1
126798;-193157;48884;24791;1
117076;-184310;48277;25344;4
118296;-190470;48353;24959;1
128939;-194357;49018;24716;8
108973;-188600;47770;25076;2
101584;-180739;47309;25567;8
102237;-173874;47349;25996;2
122115;-193750;48592;24754;2
118500;-185172;48366;25290;1
129318;-177677;49042;25759;1
105259;-194553;47538;24704;8
105066;-191335;47526;24905;1
127049;-184899;48900;25307;8
130071;-191803;49089;24876;4
109324;-172485;47792;26083;2
105342;-194706;47543;24694;2
122029;-191896;48586;24870;8
126634;-192334;48874;24843;4
100888;-174709;47265;25944;2
126044;-179690;48837;25633;4
119352;-182922;48419;25431;4
106812;-176315;47635;25844;4
129928;-186716;49080;25194;1
117497;-183353;48303;25404;1
114828;-180393;48136;25589;2
113637;-171495;48062;26145;8
112085;-172819;47965;26062;1
106895;-165138;47640;26542;1
101903;-165582;47328;26515;4
106487;-177637;47615;25761;1
111517;-164263;47929;26597;1
109495;-176068;47803;25859;8
102195;-168293;47347;26345;4
100290;-165240;47228;26536;1
120990;-184309;48521;25344;2
102265;-174377;47351;25965;8
130308;-192844;49104;24811;4
123454;-177256;48675;25785;1
114647;-187923;48125;25118;1
123801;-178566;48697;25703;8
112646;-195106;48000;24669;2
115611;-181596;48185;25514;1
106469;-177638;47614;25761;4
121052;-184231;48525;25349;2
101597;-180742;47309;25567;4
100343;-176565;47231;25828;8
99737;-174182;47193;25977;2
120920;-169010;48517;26300;1
122113;-185277;48592;25284;2
112870;-178325;48014;25718;2
105881;-168410;47577;26338;2
119092;-178951;48403;25679;1
129255;-175511;49038;25894;8
129592;-171365;49059;26153;2
115123;-194605;48155;24701;2
128827;-184153;49011;25354;2
101600;-180854;47310;25560;2
129388;-187025;49046;25174;2
118427;-171122;48361;26168;1
128337;-195338;48981;24655;1
116475;-191256;48239;24910;1
127609;-186301;48935;25220;2
109025;-177483;47774;25771;8
115703;-181614;48191;25513;1
125990;-167886;48834;26371;4
106172;-169998;47595;26239;1
118092;-185165;48340;25291;2
121188;-190531;48534;24955;4
104171;-165687;47470;26508;8
130110;-191844;49091;24873;4
122637;-194172;48624;24728;8
114837;-180406;48137;25588;8
119330;-191259;48418;24910;1
101960;-170336;47332;26218;1
112477;-175298;47989;25907;1
118500;-170294;48366;26220;8
104408;-178238;47485;25724;1
113806;-187866;48072;25122;4
126378;-176423;48858;25837;2
108354;-167637;47732;26386;8
128835;-184171;49012;25353;4
115205;-180292;48160;25595;4
128704;-175781;49004;25877;2
120755;-183012;48507;25425;8
118414;-171081;48360;26171;4
114506;-184455;48116;25335;8
122056;-191891;48588;24870;8
100749;-182965;47256;25428;2
124417;-173088;48736;26046;8
117795;-189188;48322;25039;2
107816;-189964;47698;24991;8
100985;-174662;47271;25947;8
128753;-175658;49007;25885;2
116575;-178820;48245;25687;8
123488;-177153;48678;25791;4
112041;-173918;47962;25994;2
112689;-195169;48003;24665;4
114536;-177919;48118;25744;2
128260;-178794;48976;25689;4
110317;-177898;47854;25745;8
120698;-165565;48503;26516;4
103560;-165948;47432;26492;2
117590;-171076;48309;26171;1
121010;-165514;48523;26519;2
114580;-176578;48121;25827;4
119698;-190119;48441;24981;4
115323;-180244;48167;25598;4
102230;-173981;47349;25990;1
115069;-182822;48151;25437;1
108671;-174475;47751;25959;8
129261;-177389;49038;25777;2
130191;-166670;49096;26447;8
117539;-182668;48306;25447;1
121496;-187327;48553;25156;2
125953;-167904;48832;26370;2
115628;-194384;48186;24715;4
129722;-182578;49067;25452;4
129604;-186695;49060;25195;8
104296;-174157;47478;25979;2
126794;-193197;48884;24789;2
120939;-189142;48518;25042;1
108560;-176191;47745;25852;1
129912;-189362;49079;25028;8
117661;-182938;48313;25430;8
121546;-193118;48556;24794;8
114566;-179498;48120;25645;8
111251;-176137;47913;25855;8
106111;-175908;47591;25869;1
114493;-177796;48115;25751;8
104213;-174083;47473;25983;4
104503;-186572;47491;25203;8
115169;-194619;48158;24700;1
115899;-177269;48203;25784;2
122761;-181175;48632;25540;1
121395;-196038;48547;24611;8
125616;-184500;48811;25332;8
123597;-176773;48684;25815;4
114600;-176606;48122;25826;1
114802;-192967;48135;24803;4
100953;-168376;47269;26340;2
102212;-173935;47348;25993;2
118172;-177455;48345;25773;4
108609;-174465;47748;25959;8
113323;-182040;48042;25486;2
120832;-185175;48512;25290;2
129082;-194827;49027;24687;2
113949;-170341;48081;26217;2
128083;-179312;48965;25657;4
108390;-190401;47734;24963;8
122410;-191392;48610;24902;8
121865;-191137;48576;24917;4
116955;-184443;48269;25336;8
100522;-174015;47242;25988;1
112082;-173935;47965;25993;2
130230;-193792;49099;24752;1
106180;-196096;47596;24608;1
122831;-177037;48636;25799;1
130104;-187705;49091;25132;4
105654;-183636;47563;25386;8
115328;-192959;48168;24804;4
121915;-185441;48579;25273;4
121478;-193169;48552;24790;4
112731;-190813;48005;24938;4
126254;-170199;48850;26226;8
103332;-171004;47418;26176;1
112581;-175060;47996;25922;2
124716;-187040;48754;25174;8
125954;-179705;48832;25632;8
130208;-194926;49098;24681;1
104994;-187192;47522;25164;8
101530;-180779;47305;25565;2
110242;-174107;47850;25982;2
115012;-193710;48148;24757;1
125025;-194427;48774;24712;1
126101;-191172;48841;24915;2
108305;-171937;47729;26117;1
102670;-178565;47376;25703;8
117691;-168608;48315;26326;4
110219;-177794;47848;25751;1
106411;-174133;47610;25980;4
124967;-182133;48770;25480;4
120462;-185665;48488;25259;8
121050;-190362;48525;24966;8
117830;-189254;48324;25035;8
122013;-193264;48585;24785;4
130036;-184531;49087;25330;2
123731;-178490;48693;25708;2
114074;-184929;48089;25305;4
130293;-194930;49103;24680;4
129606;-177082;49060;25796;8
116207;-172797;48222;26064;1
121438;-180410;48549;25588;4
130396;-166356;49109;26466;4
122674;-184727;48627;25318;2
128769;-183296;49008;25408;8
114664;-180245;48126;25598;1
112924;-189319;48017;25031;4
105446;-193077;47550;24796;4
105559;-165844;47557;26498;1
120424;-175405;48486;25901;8
125209;-186769;48785;25190;1
122467;-191475;48614;24896;4
128493;-182847;48990;25436;8
129425;-181736;49049;25505;8
108553;-180208;47744;25601;1
114485;-177887;48115;25746;2
102144;-168223;47344;26350;2
113770;-174536;48070;25955;1
99549;-166497;47181;26457;4
123446;-177217;48675;25787;4
123893;-191731;48703;24880;4
121986;-186643;48584;25198;2
127415;-186049;48923;25235;2
116461;-185367;48238;25278;8
125954;-183597;48832;25389;8
113542;-171493;48056;26145;8
123770;-178498;48695;25707;2
99607;-175541;47185;25892;4
100344;-181424;47231;25525;4
104091;-165640;47465;26511;2
130484;-187028;49115;25174;2
111296;-173952;47916;25992;8
129829;-189398;49074;25026;8
123914;-177894;48704;25745;8
126460;-180325;48863;25593;1
130216;-178468;49098;25709;1
122527;-179148;48617;25667;8
128879;-195992;49014;24614;4
126651;-191249;48875;24910;1
105326;-176405;47542;25838;2
112905;-173687;48016;26008;2
117576;-171114;48308;26169;8
113076;-173788;48027;26002;4
119960;-194220;48457;24725;1
123184;-192960;48659;24804;1
127987;-176219;48959;25850;4
126007;-183589;48835;25389;8
108312;-190426;47729;24962;4
116087;-194430;48215;24712;1
126961;-186983;48895;25177;4
107735;-182388;47693;25464;8
105688;-183616;47565;25388;1
101891;-165601;47328;26513;8
126805;-185457;48885;25272;2
99313;-178680;47167;25696;2
127031;-187130;48899;25168;8
113831;-174559;48074;25954;4
120450;-181665;48488;25509;4
119287;-182389;48415;25464;8
99789;-175183;47196;25915;1
129354;-187263;49044;25160;1
106960;-175631;47645;25887;4
120662;-187806;48501;25126;4
118640;-182858;48375;25435;4
114112;-169961;48092;26241;4
110492;-164146;47865;26604;4
120377;-188708;48483;25069;8
105086;-183427;47527;25399;2
111517;-185636;47929;25261;4
114975;-179573;48145;25640;1
110316;-195536;47854;24643;2
123379;-192698;48671;24820;8
120088;-182719;48465;25444;1
130443;-178804;49112;25688;4
127148;-185385;48906;25277;4
106814;-170865;47635;26184;2
121994;-171025;48584;26174;1
111932;-188320;47955;25094;1
127548;-191887;48931;24871;2
123918;-177809;48704;25750;4
127849;-182305;48950;25469;2
115008;-182795;48148;25439;2
127509;-182021;48929;25487;4
108424;-178714;47736;25694;4
129122;-184481;49030;25333;8
115909;-185086;48204;25296;4
124478;-196566;48739;24578;4
128300;-176757;48978;25816;1
101508;-166704;47304;26445;8
127750;-182381;48944;25465;8
117089;-172796;48278;26064;2
105391;-194867;47546;24684;1
106090;-175935;47590;25868;2
106364;-174494;47607;25958;2
109408;-172457;47798;26085;4
129100;-180759;49028;25566;4
129378;-177736;49046;25755;8
125071;-195313;48776;24656;2
117009;-183310;48273;25407;1
112065;-183405;47964;25401;4
110254;-173479;47850;26021;1
113466;-171400;48051;26151;8
126022;-183621;48836;25387;2
108649;-174519;47750;25956;4
121540;-166147;48556;26479;2
128544;-195965;48994;24616;4
121633;-193251;48562;24785;8
127892;-181425;48953;25524;8
105768;-167448;47570;26398;8
120340;-188742;48481;25067;1
126062;-183606;48838;25388;2
104402;-184833;47485;25311;1
112412;-175168;47985;25916;4
106491;-174156;47615;25979;2
129357;-187122;49044;25168;2
109689;-180965;47815;25553;4
105996;-195436;47584;24649;4
126109;-179180;48841;25665;2
112407;-177627;47985;25762;8
117324;-176804;48292;25813;8
109800;-180127;47822;25606;8
111346;-176234;47919;25849;4
128496;-178669;48991;25697;1
116406;-191285;48235;24908;8
102151;-169811;47344;26250;8
127479;-185942;48927;25242;4
116870;-184437;48264;25336;1
108333;-171951;47730;26117;4
117988;-184092;48334;25358;4
122002;-171093;48585;26170;2
117586;-188726;48309;25068;8
114909;-193287;48141;24783;8
112756;-175173;48007;25915;4
108202;-172038;47722;26111;8
99809;-174105;47198;25982;1
126036;-167823;48837;26375;2
126082;-171761;48840;26128;8
122215;-193754;48598;24754;4
120112;-182767;48467;25441;8
111981;-188335;47958;25093;1
127908;-179857;48954;25622;1
120324;-175419;48480;25900;1
108386;-171919;47734;26119;4
115980;-194545;48208;24704;1
101986;-170341;47334;26217;4
124847;-184247;48762;25348;2
114826;-193408;48136;24776;4
129771;-190973;49070;24928;8
125789;-180835;48821;25561;4
111882;-188298;47952;25095;8
114666;-175229;48126;25912;4
110129;-186894;47843;25183;8
130533;-178789;49118;25689;2
111989;-188360;47959;25091;2
106724;-173020;47630;26050;2
120257;-179584;48476;25640;1
110601;-193358;47872;24779;2
130754;-187224;49132;25162;4
103963;-168640;47457;26324;8
122721;-194135;48630;24730;1
121056;-184195;48526;25351;8
128842;-180048;49012;25611;2
112076;-183300;47964;25407;1
107117;-176193;47654;25851;2
118400;-185109;48360;25294;2
100197;-176412;47222;25838;1
112904;-189096;48016;25045;1
115198;-176147;48159;25854;1
127722;-186257;48942;25222;4
115686;-169978;48190;26240;2
125644;-193108;48812;24794;8
110864;-173355;47889;26029;2
127335;-181827;48918;25499;2
107396;-188023;47672;25112;8
113152;-179774;48032;25628;8
129411;-193999;49048;24739;1
101743;-185551;47318;25267;2
118696;-191156;48378;24916;1
120578;-165524;48496;26518;1
128998;-180091;49022;25608;2
105489;-194657;47553;24697;1
129470;-193958;49051;24741;4
129413;-181727;49048;25506;4
120835;-184435;48512;25336;8
117700;-168650;48316;26323;4
129306;-187108;49041;25169;4
116800;-188907;48260;25057;8
113531;-173596;48055;26014;8
129117;-177524;49029;25768;2
113882;-183553;48077;25391;1
118572;-186113;48370;25231;4
120264;-164618;48476;26575;4
117645;-188228;48312;25099;1
112402;-177604;47985;25763;2
106292;-177363;47603;25778;8
123811;-189564;48698;25016;8
109166;-172485;47782;26083;4
111979;-188408;47958;25088;4
114324;-181772;48105;25503;1
125057;-190341;48776;24967;1
113120;-173793;48030;26001;8
127815;-182383;48948;25465;1
108333;-172267;47730;26097;8
124681;-186427;48752;25212;8
115181;-194669;48158;24697;2
110262;-186892;47851;25183;2
115622;-170489;48186;26208;1
120648;-187892;48500;25120;1
129903;-164634;49078;26574;1
126934;-177288;48893;25783;8
100461;-177340;47238;25780;4
130383;-192820;49108;24812;8
102644;-171221;47375;26162;1
123858;-178665;48701;25697;4
116395;-185444;48234;25273;1
106779;-173303;47633;26032;4
129473;-187026;49052;25174;8
113244;-182071;48037;25484;1
115826;-171559;48199;26141;1
117638;-168668;48312;26322;2
116791;-188813;48259;25063;1
109743;-173386;47818;26027;4
129630;-176488;49061;25833;1
121170;-188697;48533;25070;1
128861;-178076;49013;25734;8
126748;-179549;48881;25642;4
107735;-182343;47693;25467;2
116645;-192504;48250;24832;2
118462;-171145;48363;26167;8
127198;-175506;48909;25894;4
121021;-165538;48523;26517;4
125974;-183651;48833;25385;4
115916;-192956;48204;24804;2
112123;-172882;47967;26058;1
129805;-177468;49072;25772;1
115126;-180988;48155;25552;1
117563;-175973;48307;25865;2
109024;-186028;47774;25237;4
111740;-166059;47943;26485;8
109790;-180285;47821;25596;2
114406;-194398;48110;24714;2
114618;-193107;48123;24794;2
114938;-180921;48143;25556;1
121723;-190969;48567;24928;8
112918;-173623;48017;26012;4
116091;-185074;48215;25296;2
119101;-169209;48403;26288;8
116540;-194160;48243;24729;2
114595;-176624;48122;25825;1
128492;-182852;48990;25435;4
102191;-173995;47346;25989;4
114335;-194240;48105;24724;8
99952;-183319;47207;25406;2
126379;-180338;48858;25592;4
129241;-189333;49037;25030;8
112901;-189923;48016;24993;2
108232;-172014;47724;26113;2
114252;-194288;48100;24721;8
128855;-184148;49013;25354;1
103272;-164525;47414;26581;2
126086;-191154;48840;24916;2
103270;-164605;47414;26576;2
130228;-166680;49099;26446;1
101982;-165571;47333;26515;1
111123;-187692;47905;25133;2
129879;-177517;49077;25769;2
122798;-191446;48634;24898;4
127189;-181469;48909;25522;8
115959;-177168;48207;25791;8
113729;-176748;48068;25817;1
115775;-171532;48195;26143;1
127495;-164922;48928;26556;1
112200;-165732;47972;26505;8
127943;-195241;48956;24661;4
120126;-187487;48467;25146;1
117649;-188174;48313;25103;2
106190;-173278;47596;26034;1
120131;-187365;48468;25153;1
118618;-186129;48373;25230;2
107641;-177372;47687;25778;2
108984;-177460;47771;25772;2
105020;-164662;47523;26572;8
127112;-175607;48904;25888;8
128373;-179912;48983;25619;1
122574;-192392;48620;24839;4
128430;-195413;48986;24650;2
105881;-167521;47577;26393;8
112569;-183363;47995;25403;2
110323;-177807;47855;25751;2
126275;-176547;48852;25829;1
130487;-184381;49115;25340;4
109399;-172445;47797;26086;1
124627;-193633;48749;24761;2
125145;-190365;48781;24966;2
100821;-181526;47261;25518;2
124702;-186425;48753;25212;1
128767;-195284;49007;24658;8
100434;-180760;47237;25566;4
128842;-196051;49012;24610;4
111088;-183083;47903;25421;2
112937;-189135;48018;25043;4
99674;-165603;47189;26513;1
104644;-178055;47500;25735;4
125038;-178282;48774;25721;4
120718;-186572;48504;25203;4
113477;-164182;48052;26602;4
122068;-186612;48589;25200;8
100408;-177314;47235;25781;4
129499;-189676;49053;25009;2
100333;-181438;47230;25524;2
121279;-165472;48539;26522;4
128518;-168903;48992;26307;2
110166;-173560;47845;26016;2
128603;-195891;48997;24620;8
127317;-181832;48917;25499;4
130354;-185926;49107;25243;4
117550;-175971;48306;25865;8
122723;-184734;48630;25318;8
112403;-173403;47985;26026;8
130298;-194826;49103;24687;2
125977;-183564;48833;25391;2
123583;-176870;48683;25809;1
122575;-192405;48620;24838;8
109478;-178250;47802;25723;8
113839;-175539;48074;25892;1
112630;-183405;47999;25401;4
102121;-175607;47342;25888;8
123717;-169940;48692;26242;1
119984;-181165;48459;25541;2
120114;-181150;48467;25542;8
111490;-177179;47928;25790;4
106311;-177281;47604;25783;4
113736;-164429;48068;26587;4
118408;-171243;48360;26161;1
123856;-189452;48701;25023;4
122146;-185329;48594;25280;1
101065;-184946;47276;25304;4
128675;-195268;49002;24659;2
121860;-191156;48576;24916;4
114363;-192428;48107;24837;8
119422;-178974;48423;25678;1
116363;-170152;48232;26229;4
129292;-186048;49040;25236;8
123342;-192704;48668;24820;2
117638;-174100;48312;25982;1
109374;-172523;47795;26081;8
127152;-181484;48907;25521;2
121048;-190449;48525;24960;1
130448;-185790;49113;25252;2
124675;-187066;48752;25172;2
130335;-186956;49105;25179;4
127957;-181398;48957;25526;2
110316;-185475;47854;25271;8
127776;-182278;48946;25471;8
123799;-166441;48697;26461;1
128818;-170019;49011;26237;1
100216;-176454;47223;25835;1
117976;-170647;48333;26198;8
116892;-194033;48265;24736;4
129101;-180858;49028;25560;8
130268;-194902;49101;24682;4
123612;-187251;48685;25160;8
112498;-175283;47991;25908;1
117215;-175548;48285;25892;2
130524;-184335;49117;25343;1
123237;-164980;48662;26552;2
103091;-170105;47403;26232;4
113811;-187833;48073;25124;4
120389;-175395;48484;25901;8
108410;-171978;47735;26115;1
106171;-174596;47595;25951;1
111585;-184662;47934;25322;4
111251;-176172;47913;25853;2
130854;-187388;49138;25152;4
115504;-186853;48179;25185;4
129064;-194822;49026;24687;2
128047;-165346;48962;26529;2
99743;-173832;47193;25999;8
112784;-175011;48009;25925;4
116555;-194095;48244;24733;8
118225;-171163;48349;26166;4
113723;-183517;48067;25394;1
102761;-178673;47382;25696;2
110323;-186944;47855;25180;8
120230;-187621;48474;25137;8
116658;-178704;48251;25695;4
124336;-189694;48731;25008;2
126046;-188211;48837;25100;4
104328;-178265;47480;25722;4
120824;-182848;48511;25436;2
127942;-180810;48956;25563;1
123642;-176858;48687;25810;1
113810;-187847;48073;25123;1
108582;-168690;47746;26320;4
109758;-180163;47819;25603;1
112022;-172829;47961;26062;2
100271;-165236;47226;26536;1
126918;-186962;48892;25178;2
123433;-173867;48674;25997;8
122585;-192439;48621;24836;1
114253;-192639;48100;24824;4
107578;-188905;47683;25057;2
99250;-178907;47163;25682;2
127963;-165707;48957;26507;8
120009;-181215;48460;25538;2
107703;-182290;47691;25470;1
103646;-165894;47437;26495;2
105640;-167151;47562;26417;1
102939;-164496;47393;26583;2
127465;-176550;48926;25829;1
106099;-182300;47591;25470;4
125752;-193026;48819;24799;2
117094;-188819;48278;25062;4
130328;-166334;49105;26468;8
122437;-192355;48612;24841;4
125284;-172312;48790;26094;8
101197;-164700;47284;26570;1
105000;-194552;47522;24704;1
118325;-170291;48355;26220;8
115980;-194332;48208;24718;1
114100;-192698;48091;24820;8
116372;-170203;48233;26226;2
109674;-180930;47814;25555;8
104659;-178163;47501;25728;2
113297;-175340;48041;25905;2
114622;-175284;48123;25908;2
130537;-184369;49118;25340;2
102270;-169826;47351;26249;4
116319;-172296;48229;26095;2
115756;-177251;48194;25785;8
117187;-179059;48284;25672;8
113592;-171403;48059;26151;8
118476;-170280;48364;26221;2
117152;-178967;48282;25678;8
110625;-189604;47874;25013;8
109735;-173378;47818;26027;4
118131;-192564;48343;24828;2
118414;-170322;48360;26218;1
128320;-181521;48980;25518;2
103185;-164537;47409;26580;1
104574;-186562;47495;25203;2
122049;-171039;48588;26174;1
129455;-181747;49050;25504;1
129184;-189412;49034;25025;2
100941;-168424;47268;26337;1
123610;-190363;48685;24966;8
116505;-194161;48241;24728;8
127960;-182401;48957;25463;8
129153;-164533;49032;26580;4
117663;-164344;48313;26592;8
100210;-175405;47223;25901;1
128799;-178131;49009;25730;2
130182;-194881;49096;24683;4
102117;-175555;47342;25891;8
120988;-182579;48521;25452;4
113392;-182103;48047;25482;4
130296;-194843;49103;24686;4
109496;-178214;47803;25725;8
117503;-180088;48303;25608;2
129006;-179385;49022;25652;2
115609;-181402;48185;25526;2
115492;-181869;48178;25497;8
108311;-171947;47729;26117;8
121171;-165716;48533;26506;1
129566;-177146;49057;25792;4
122847;-191426;48637;24899;2
126412;-176399;48860;25839;2
106235;-170069;47599;26234;1
118482;-185084;48365;25296;8
118080;-184282;48340;25346;1
117178;-176786;48283;25814;8
103259;-164423;47413;26587;4
127569;-176783;48933;25815;1
117441;-183284;48300;25408;2
101663;-180801;47313;25563;2
124562;-193582;48745;24765;8
127583;-176813;48933;25813;4
120571;-185728;48495;25256;4
110301;-186978;47853;25177;1
130236;-186844;49099;25186;8
127542;-180811;48931;25563;1
118454;-184012;48363;25363;1
122032;-193158;48587;24791;8
109068;-177965;47776;25741;1
115421;-192921;48173;24806;1
124619;-183522;48748;25393;4
126668;-191266;48876;24909;4
128439;-178472;48987;25709;1
99651;-175539;47188;25892;2
112801;-175019;48010;25925;4
128261;-178674;48976;25696;2
129249;-181674;49038;25509;2
108091;-170179;47715;26227;8
110131;-173458;47843;26022;1
121075;-182633;48527;25449;2
112411;-187776;47985;25128;8
117202;-176821;48285;25812;1
126242;-166743;48850;26442;4
116662;-178778;48251;25690;1
105890;-173143;47578;26042;8
117737;-188246;48318;25098;8
125635;-184536;48812;25330;8
128853;-183266;49013;25409;4
108788;-176129;47759;25855;8
114856;-180966;48138;25553;1
113669;-176697;48064;25820;2
130455;-187306;49113;25157;2
122174;-191302;48595;24907;8
129506;-179277;49054;25659;2
122652;-184754;48625;25316;2
122107;-186684;48591;25196;1
127590;-168521;48934;26331;8
123090;-165873;48653;26496;4
111607;-184609;47935;25325;1
119954;-194210;48457;24725;2
111018;-193784;47898;24752;4
114090;-184913;48090;25306;4
123803;-166501;48697;26457;8
116246;-172691;48225;26070;8
124763;-185991;48757;25239;4
110910;-178265;47891;25722;2
117696;-181532;48316;25518;1
101990;-170486;47334;26208;2
102709;-178589;47379;25702;1
126432;-176426;48862;25837;4
123393;-173908;48672;25994;2
122231;-185111;48599;25294;2
109420;-172439;47798;26086;8
129022;-169773;49023;26253;1
129967;-184538;49082;25330;2
116915;-193999;48267;24739;2
120917;-185157;48517;25291;1
123338;-192671;48668;24822;2
114239;-192556;48099;24829;2
117904;-178520;48329;25706;2
107708;-182324;47691;25468;1
120827;-182948;48511;25429;8
114989;-182860;48146;25435;2
107563;-177398;47682;25776;1
127994;-179856;48959;25623;4
108534;-187752;47743;25129;2
126337;-180262;48856;25597;2
105542;-194768;47556;24691;1
122652;-191224;48625;24912;2
115892;-171491;48203;26145;2
128751;-175833;49006;25874;2
129014;-169769;49023;26253;4
121317;-196089;48542;24608;1
128332;-164119;48980;26606;2
127688;-182251;48940;25473;4
109486;-179753;47802;25629;4
122179;-191235;48596;24911;4
104467;-186906;47489;25182;8
118426;-171238;48361;26161;4
114955;-182874;48144;25434;2
104975;-183542;47520;25392;2
117508;-182035;48304;25486;8
117705;-182914;48316;25431;4
104314;-174093;47479;25983;1
108383;-185734;47733;25255;8
101503;-179138;47303;25667;2
129280;-187079;49040;25171;1
113074;-173802;48027;26001;2
120738;-182904;48506;25432;8
116559;-175227;48244;25912;1
108156;-179786;47719;25627;2
129104;-180812;49029;25563;2
116044;-194305;48212;24719;2
100402;-180777;47235;25565;4
128988;-179903;49021;25620;8
123896;-191664;48703;24885;8
116432;-172353;48237;26091;4
127190;-181408;48909;25526;8
127938;-181389;48956;25527;4
116331;-172122;48230;26106;1
111021;-181930;47898;25493;2
114085;-192700;48090;24820;2
120886;-187230;48515;25162;1
130117;-187034;49092;25174;1
116206;-172767;48222;26066;4
129416;-179452;49048;25648;4
125112;-190446;48779;24961;8
129293;-187187;49040;25164;4
110271;-185526;47851;25268;1
119355;-182999;48419;25426;4
101022;-182537;47273;25455;8
105349;-175080;47544;25921;2
113940;-192818;48081;24812;8
127904;-165745;48954;26504;2
113213;-176326;48035;25843;8
112409;-175129;47985;25918;8
100151;-181910;47219;25494;2
99818;-168985;47198;26302;1
110450;-189815;47863;25000;8
121476;-187361;48552;25153;1
108327;-180244;47730;25598;2
122072;-193054;48589;24798;8
129373;-187148;49045;25167;1
113835;-175489;48074;25895;8
130345;-186938;49106;25180;4
116787;-186629;48259;25199;2
101554;-166698;47307;26445;2
127476;-186021;48927;25237;4
108454;-187694;47738;25133;1
130467;-184371;49114;25340;2
120185;-165406;48471;26526;4
99771;-173149;47195;26042;4
110585;-174155;47871;25979;4
108701;-171699;47753;26132;1
117809;-188092;48323;25108;1
128174;-180279;48970;25596;4
105982;-173084;47583;26046;2
121645;-177740;48562;25755;1
119077;-180613;48402;25575;2
130322;-185968;49105;25241;4
115867;-194442;48201;24711;4
130822;-187349;49136;25154;2
112288;-173894;47978;25995;4
127526;-180772;48930;25565;4
104269;-177756;47476;25754;8
129468;-179437;49051;25649;1
100989;-174719;47271;25944;4
114953;-195119;48144;24669;2
115060;-182850;48151;25435;1
110576;-185687;47871;25258;1
116230;-172391;48224;26089;2
120860;-169623;48513;26262;2
112473;-175169;47989;25915;8
100331;-168939;47230;26305;4
115698;-169948;48191;26242;2
122350;-167407;48606;26401;4
113791;-183462;48071;25397;8
104223;-174143;47473;25980;8
126501;-186133;48866;25230;2
128955;-183491;49019;25395;8
127420;-176599;48923;25826;2
100897;-168358;47266;26341;1
117740;-177943;48318;25742;1
117580;-188603;48308;25076;2
127536;-188687;48931;25071;2
116620;-193963;48248;24741;1
120983;-184253;48521;25348;1
106030;-182313;47586;25469;1
128371;-164107;48983;26607;8
118107;-185212;48341;25288;8
122877;-191811;48639;24875;2
122034;-193599;48587;24764;1
109622;-180869;47811;25559;1
116231;-172788;48224;26064;4
119269;-190641;48414;24948;8
129329;-181869;49043;25497;8
115807;-171637;48197;26136;2
108494;-178715;47740;25694;2
108754;-176159;47757;25854;8
118090;-184286;48340;25346;4
120089;-189012;48465;25050;4
116664;-172928;48251;26056;2
121582;-166247;48558;26473;1
105211;-190151;47535;24979;1
107823;-189996;47698;24989;4
122198;-191264;48597;24910;2
105484;-165768;47552;26503;8
129570;-171371;49058;26153;1
111605;-177157;47935;25791;8
117079;-188809;48277;25063;4
123967;-178693;48707;25695;2
115285;-180292;48165;25595;4
128892;-170040;49015;26236;4
108465;-187701;47739;25132;2
129221;-177335;49036;25780;1
119409;-191261;48423;24910;4
108687;-171761;47752;26128;2
100997;-182281;47272;25471;4
114817;-180406;48136;25588;4
120889;-190315;48515;24969;4
110367;-189821;47857;25000;8
103223;-164413;47411;26588;2
113159;-194764;48032;24691;2
117570;-182131;48308;25480;1
127973;-182420;48958;25462;2
108432;-187729;47737;25130;2
114460;-180014;48113;25613;8
105677;-167472;47564;26397;2
106028;-174538;47586;25955;4
129128;-194938;49030;24680;8
128099;-179247;48966;25661;2
121016;-185340;48523;25280;1
118246;-177519;48350;25769;4
116876;-184389;48264;25339;8
112773;-178396;48008;25714;8
113339;-189230;48043;25037;4
107255;-169941;47663;26242;1
118014;-184127;48335;25356;8
126240;-176418;48850;25837;2
100586;-173962;47246;25991;1
112618;-175020;47998;25925;4
127535;-186276;48930;25221;4
122227;-191272;48599;24909;4
121669;-177709;48564;25757;4
122846;-181170;48637;25540;2
129271;-164542;49039;26580;4
99679;-183130;47189;25418;1
126967;-187008;48895;25176;8
113410;-166111;48048;26482;2
118258;-183685;48351;25383;2
124352;-189601;48732;25013;2
121563;-190639;48557;24949;4
106868;-170803;47639;26188;1
101260;-182690;47288;25445;4
118815;-193764;48385;24753;2
126287;-170229;48852;26224;4
123678;-169950;48689;26242;4
116624;-178689;48249;25695;8
99303;-178868;47166;25684;2
105387;-193119;47546;24794;8
116241;-172077;48225;26109;8
100441;-180738;47237;25567;1
127562;-191992;48932;24864;8
129522;-187122;49055;25168;1
116477;-195533;48239;24643;2
117644;-178150;48312;25729;1
118053;-184214;48338;25350;4
104919;-183800;47517;25376;1
113537;-178819;48056;25687;8
105537;-194812;47556;24688;2
116353;-172387;48232;26089;8
122152;-193715;48594;24756;1
108351;-180300;47731;25595;4
129837;-189414;49074;25025;4
127610;-187131;48935;25168;4
123571;-190424;48683;24962;4
118837;-171434;48387;26149;8
128920;-167891;49017;26370;1
120508;-187316;48491;25156;8
101194;-164700;47284;26570;4
122489;-192323;48615;24843;8
117692;-164320;48315;26594;4
126110;-171764;48841;26128;4
127255;-181834;48913;25499;4
113414;-171485;48048;26146;2
102156;-169773;47344;26253;2
120931;-184363;48518;25341;2
117519;-182019;48304;25487;8
105187;-194648;47534;24698;4
109742;-173419;47818;26025;1
127869;-181350;48951;25529;8
126789;-189373;48884;25028;8
119408;-182361;48423;25466;1
115846;-177234;48200;25786;8
105177;-190180;47533;24977;8
102187;-175584;47346;25890;2
127995;-176232;48959;25849;8
120595;-165589;48497;26514;1
119960;-183166;48457;25416;1
113533;-171294;48055;26158;2
120455;-176008;48488;25863;8
99633;-183167;47187;25416;2
114969;-175717;48145;25881;1
115880;-177791;48202;25752;8
128331;-195432;48980;24649;8
101138;-168551;47281;26329;2
122671;-192633;48626;24824;8
123197;-164992;48659;26552;4
129430;-179369;49049;25653;8
114377;-181841;48108;25498;8
113510;-164121;48054;26606;4
123578;-177751;48683;25754;8
112190;-187155;47971;25166;8
101392;-179082;47297;25671;1
120976;-167412;48521;26400;8
105045;-183479;47525;25396;4
120778;-182909;48508;25432;2
125713;-180797;48817;25564;8
126256;-166736;48851;26443;1
112093;-172875;47965;26059;1
118419;-171187;48361;26164;8
111510;-164298;47929;26595;2
111980;-188360;47958;25091;4
126023;-179696;48836;25633;1
119254;-189174;48413;25040;1
123441;-193382;48675;24777;1
127010;-187032;48898;25174;1
116296;-172680;48228;26071;1
105241;-194799;47537;24689;2
127010;-184846;48898;25311;2
127751;-175232;48944;25912;8
108147;-172087;47719;26108;8
123746;-169984;48694;26240;2
107905;-167695;47704;26383;2
128965;-180066;49020;25609;2
115946;-184684;48206;25321;8
126091;-171740;48840;26130;8
129623;-176444;49061;25836;1
103250;-164567;47413;26578;2
118055;-184231;48338;25349;1
115229;-181974;48161;25490;8
114644;-175307;48125;25907;2
121310;-165452;48541;26523;8
112092;-183358;47965;25404;2
119276;-182300;48414;25470;2
117743;-181544;48318;25517;1
115949;-184684;48206;25321;4
106359;-177509;47607;25769;4
101245;-179400;47287;25651;8
123887;-189478;48702;25021;8
101957;-170323;47332;26218;2
130306;-166354;49104;26466;1
127644;-186336;48937;25218;1
106044;-174638;47587;25949;4
123560;-187142;48682;25167;8
106953;-165136;47644;26543;2
111193;-187699;47909;25132;2
124754;-186480;48757;25209;2
104985;-191358;47521;24904;2
100766;-181508;47257;25519;2
108875;-180108;47764;25607;2
118157;-188502;48344;25082;8
115902;-194513;48203;24706;4
130345;-166278;49106;26471;4
128843;-179913;49012;25619;2
127527;-164907;48930;26557;2
121482;-190824;48552;24937;1
100238;-168913;47224;26306;8
117439;-180033;48299;25611;4
117324;-193487;48292;24771;1
129530;-179227;49055;25662;8
130213;-178620;49098;25700;2
128583;-195846;48996;24623;2
108570;-190217;47745;24975;8
108357;-172011;47732;26113;8
122785;-191431;48634;24899;8
127205;-181415;48910;25525;4
106882;-165132;47640;26543;8
112509;-175159;47991;25916;4
122773;-191419;48633;24900;1
114576;-180309;48121;25594;2
113428;-182117;48049;25481;4
109003;-188654;47772;25073;8
116514;-192512;48242;24832;4
127939;-176232;48956;25849;1
100183;-175408;47221;25901;8
129572;-182218;49058;25475;8
130557;-187029;49119;25174;2
122675;-191136;48627;24918;8
99941;-183357;47206;25404;4
105521;-194702;47555;24695;4
128404;-178645;48985;25698;2
112684;-175219;48002;25912;1
101918;-177838;47329;25749;2
110508;-174100;47866;25982;8
124997;-182099;48772;25482;2
118333;-170274;48355;26221;8
109154;-180797;47782;25564;2
110375;-189704;47858;25007;2
104969;-164612;47520;26575;1
119058;-169129;48401;26293;2
121018;-185309;48523;25282;4
118526;-171165;48367;26166;2
109127;-177990;47780;25739;4
130193;-193695;49097;24758;2
121905;-185410;48579;25275;4
122153;-185291;48594;25283;2
129154;-164504;49032;26582;2
99134;-173433;47155;26024;1
105029;-164621;47524;26575;1
123580;-177983;48683;25740;1
126463;-192920;48863;24806;4
106926;-168542;47642;26330;1
105527;-165863;47555;26497;2
116002;-194360;48210;24716;2
121556;-193109;48557;24794;1
113163;-176355;48032;25841;8
107788;-190026;47696;24987;8
122775;-191749;48633;24879;1
122685;-191173;48627;24915;8
119341;-179003;48418;25676;8
120984;-190416;48521;24963;1
128753;-175787;49007;25877;2
118953;-179373;48394;25653;2
117243;-175523;48287;25893;4
122685;-191539;48627;24892;4
123576;-177785;48683;25752;4
114084;-170167;48090;26228;8
129153;-189264;49032;25035;2
114140;-169912;48093;26244;8
116431;-172385;48236;26089;4
126316;-166778;48854;26440;1
124973;-178204;48770;25726;2
122287;-184029;48602;25362;4
120415;-188466;48485;25084;2
116271;-172734;48226;26068;1
116447;-172331;48237;26093;1
112545;-183404;47994;25401;8
120613;-187891;48498;25120;8
109338;-172449;47793;26085;1
117354;-193532;48294;24768;2
126609;-192277;48873;24846;1
127115;-192749;48904;24817;2
103425;-178895;47424;25683;2
101338;-179309;47293;25657;4
121180;-188797;48533;25064;1
116203;-172759;48222;26066;8
125964;-188257;48832;25097;8
117610;-188589;48310;25077;8
104529;-172434;47493;26086;1
117726;-181533;48317;25518;4
105507;-194687;47554;24696;2
105687;-183650;47565;25385;2
116511;-178835;48241;25686;1
109045;-186004;47775;25238;8
105529;-194617;47555;24700;4
111957;-172666;47957;26072;8
108329;-167657;47730;26385;1
122582;-192486;48621;24833;2
105626;-195842;47561;24623;1
100151;-181923;47219;25493;8
114394;-179931;48109;25618;2
115241;-180302;48162;25595;4
113557;-193885;48057;24746;2
112093;-183302;47965;25407;2
118013;-184172;48335;25353;4
106235;-170053;47599;26235;4
109742;-180275;47818;25596;4
99745;-169070;47194;26297;2
127564;-180751;48932;25567;4
127057;-176568;48901;25828;8
113324;-182073;48042;25484;4
127288;-181840;48915;25499;8
129914;-164668;49079;26572;2
114808;-192903;48135;24807;8
108117;-172051;47717;26110;1
102181;-175551;47346;25892;2
112978;-189412;48021;25025;1
107547;-177398;47681;25776;8
124922;-186383;48767;25215;2
117604;-179385;48310;25652;8
107154;-169863;47657;26247;2
114568;-175231;48120;25912;2
112547;-172399;47994;26089;2
118225;-171144;48349;26167;2
113528;-164182;48055;26602;4
127559;-184974;48932;25303;4
121651;-196111;48563;24607;8
121445;-195989;48550;24614;1
105331;-165326;47543;26531;1
113115;-175034;48029;25924;2
99759;-173134;47194;26043;8
124705;-187032;48754;25174;2
118440;-171042;48362;26173;8
105665;-167165;47564;26416;2
128478;-182883;48989;25433;4
122827;-191376;48636;24903;8
114266;-179206;48101;25663;8
99844;-183304;47200;25407;1
112129;-165680;47968;26509;2
128380;-178802;48983;25688;2
129877;-186592;49077;25202;4
114847;-193333;48137;24780;8
106793;-173288;47634;26033;4
113241;-175123;48037;25918;8
117751;-174086;48319;25983;8
127690;-164293;48940;26595;8
121454;-196043;48550;24611;8
106410;-166704;47610;26445;8
123614;-190435;48685;24961;8
120516;-187218;48492;25162;2
125068;-190344;48776;24967;1
126796;-193258;48884;24785;1
106124;-173288;47592;26033;4
118054;-185327;48338;25281;1
105373;-194846;47545;24686;4
119034;-190947;48399;24929;4
119097;-180667;48403;25572;4
120742;-182815;48506;25438;8
129057;-194850;49026;24685;4
113953;-175031;48082;25924;2
114536;-192258;48118;24847;8
129107;-177455;49029;25773;4
101931;-170487;47330;26208;8
111263;-177897;47913;25745;4
114406;-194226;48110;24724;2
124468;-170662;48739;26197;8
109928;-187968;47830;25116;8
122011;-193260;48585;24785;1
117626;-175922;48311;25868;2
118435;-183985;48362;25364;4
110285;-173486;47852;26021;4
116218;-165225;48223;26537;1
128981;-167910;49021;26369;8
116274;-172089;48227;26108;8
113745;-183436;48069;25399;1
115967;-185070;48207;25297;1
114969;-175623;48145;25887;2
105213;-194640;47535;24699;1
104228;-177738;47474;25755;8
126783;-185416;48883;25275;2
112457;-177652;47988;25760;8
118810;-167107;48385;26419;1
128417;-195463;48986;24647;2
112647;-190753;48000;24941;2
115697;-194393;48191;24714;4
99724;-174660;47192;25947;1
100546;-164545;47244;26579;4
127485;-186105;48927;25232;1
111015;-181980;47898;25490;2
127585;-188696;48934;25070;1
127379;-188557;48921;25079;2
127250;-189790;48913;25002;1
104577;-178076;47496;25734;4
116062;-194331;48213;24718;4
124366;-167740;48732;26380;2
99813;-174712;47198;25944;1
113544;-173339;48056;26030;4
120502;-176038;48491;25861;1
130376;-185872;49108;25247;4
113330;-183344;48043;25405;1
115915;-192993;48204;24801;1
122701;-179629;48628;25637;8
127967;-179954;48957;25616;8
106148;-170093;47594;26233;4
126346;-176561;48856;25828;4
121479;-165752;48552;26504;8
104742;-167595;47506;26389;4
130660;-178690;49126;25695;4
106054;-175880;47588;25871;1
114600;-179465;48122;25647;8
101305;-168535;47291;26330;1
109644;-181553;47812;25516;4
118827;-171486;48386;26146;1
129773;-182652;49070;25448;4
108112;-172147;47717;26104;8
105327;-189837;47542;24999;1
129858;-177434;49076;25774;4
128680;-178261;49002;25722;8
113490;-166107;48053;26482;4
126384;-176632;48859;25824;4
129142;-185583;49031;25265;1
99649;-175538;47188;25892;4
109000;-177495;47772;25770;4
107862;-190057;47701;24985;1
124921;-184208;48767;25351;8
105583;-194803;47558;24688;8
100222;-176349;47223;25842;2
120867;-169646;48514;26261;4
113235;-176305;48037;25844;1
111325;-173925;47917;25993;4
120629;-178964;48499;25678;2
118590;-186153;48371;25229;1
129220;-189212;49036;25038;8
128140;-180286;48968;25596;1
99800;-173062;47197;26047;1
122175;-191250;48595;24910;8
120910;-187186;48516;25164;4
112729;-175178;48005;25915;1
110249;-185580;47850;25265;2
129413;-181650;49048;25510;4
106678;-185907;47627;25244;1
102124;-170482;47342;26208;8
105745;-175796;47569;25876;1
124348;-176883;48731;25808;1
106768;-168498;47633;26332;4
121909;-185366;48579;25278;1
103043;-169988;47400;26239;1
107576;-177394;47683;25776;4
128628;-195953;48999;24616;2
129616;-177025;49061;25799;1
117739;-174173;48318;25978;8
120660;-187826;48501;25124;8
113597;-171422;48059;26150;1
119086;-178952;48402;25679;4
107999;-167688;47709;26383;4
109501;-178223;47803;25725;1
118525;-185046;48367;25298;8
109555;-178189;47807;25727;2
121895;-175129;48578;25918;1
105905;-167470;47579;26397;1
114325;-192290;48105;24845;1
101652;-185621;47313;25262;4
127255;-189800;48913;25001;4
114642;-193081;48125;24796;8
117430;-174828;48299;25937;8
108332;-189610;47730;25013;8
115075;-194634;48152;24699;1
113753;-183450;48069;25398;4
123596;-178429;48684;25712;4
122652;-184795;48625;25314;4
128922;-167890;49017;26370;4
125166;-195262;48782;24660;8
127537;-187046;48931;25173;8
116756;-184355;48257;25341;4
120681;-165567;48502;26516;1
123672;-169984;48689;26240;1
115847;-185078;48200;25296;1
112999;-189418;48022;25025;2
129105;-194861;49029;24685;2
127846;-175123;48950;25918;2
106789;-170863;47634;26185;1
122274;-167344;48602;26405;4
128342;-195430;48981;24649;1
125750;-193119;48819;24794;8
104497;-172424;47491;26087;8
120079;-165333;48464;26530;2
127643;-186308;48937;25219;1
106965;-168474;47645;26334;8
123444;-182309;48675;25469;4
100959;-174646;47269;25948;8
123679;-176884;48689;25808;1
117081;-184228;48277;25349;2
114934;-182741;48143;25442;8
123510;-177277;48679;25784;4
115863;-177279;48201;25784;1
99470;-166497;47176;26457;8
99730;-173894;47193;25995;1
121379;-190563;48546;24953;8
99881;-183305;47202;25407;2
122164;-185123;48595;25293;8
126791;-189308;48884;25032;2
118050;-192607;48338;24826;8
127112;-175538;48904;25892;8
109602;-176125;47810;25856;1
127567;-164934;48932;26555;1
127107;-185414;48904;25275;2
128978;-167919;49021;26369;2
122207;-186556;48597;25204;2
125698;-193095;48816;24795;2
130147;-187786;49094;25127;1
116263;-172724;48226;26068;1
107081;-176178;47652;25852;1
129333;-181801;49043;25501;1
120548;-185667;48494;25259;1
106267;-174428;47601;25962;1
129442;-179406;49050;25651;1
125788;-180794;48821;25564;2
117019;-183335;48273;25405;4
117429;-180499;48299;25582;2
117467;-179900;48301;25620;1
121990;-191877;48584;24871;2
117388;-183251;48296;25410;2
105559;-194800;47557;24689;2
119197;-190704;48409;24945;8
114674;-175286;48127;25908;4
127105;-181424;48904;25525;4
115171;-196496;48158;24583;2
114263;-192639;48101;24824;2
124462;-170646;48738;26198;2
129172;-164603;49033;26576;4
108331;-190450;47730;24960;2
116681;-177142;48252;25792;1
107801;-169493;47697;26270;4
113968;-170950;48083;26179;1
114600;-192164;48122;24853;2
116576;-178829;48246;25687;1
117569;-179434;48308;25649;8
127592;-168489;48934;26333;4
121628;-190849;48561;24935;4
113585;-171476;48059;26146;2
117056;-183343;48276;25405;8
129331;-181777;49043;25502;2
117109;-183220;48279;25412;1
124459;-170714;48738;26194;4
101701;-173826;47316;25999;8
125040;-181758;48775;25504;1
125537;-181160;48806;25541;2
122704;-191173;48629;24915;8
117439;-180067;48299;25609;4
108448;-180863;47738;25560;1
99760;-174094;47195;25983;4
127119;-181408;48904;25526;8
128689;-195257;49003;24660;4
117394;-179858;48297;25622;4
115354;-193002;48169;24801;8
120757;-182932;48507;25430;8
105275;-165283;47539;26533;1
113964;-170914;48082;26181;4
127003;-184928;48897;25306;1
120913;-189138;48517;25042;8
110685;-189691;47877;25008;1
113598;-171454;48059;26148;1
126379;-176578;48858;25827;1
123603;-190413;48685;24963;2
128953;-183476;49019;25396;2
112389;-173317;47984;26031;4
110086;-186929;47840;25180;1
117119;-172690;48279;26070;4
99119;-173483;47154;26021;4
127318;-181823;48917;25500;8
112984;-173602;48021;26013;1
130364;-166354;49107;26466;8
100157;-176396;47219;25839;2
109704;-180182;47816;25602;8
128279;-195511;48977;24644;8
113748;-174751;48069;25942;8
128363;-176703;48982;25820;2
112902;-190682;48016;24946;8
106321;-177448;47605;25773;4
125075;-195284;48777;24658;8
130137;-187827;49093;25124;8
129072;-177409;49027;25775;8
109434;-185641;47799;25261;1
130501;-185734;49116;25255;4
120070;-187359;48464;25154;4
99499;-166436;47178;26461;8
113257;-182069;48038;25484;1
105860;-167439;47576;26399;1
111232;-176197;47912;25851;4
128819;-179402;49011;25651;1
116629;-175138;48249;25917;1
117699;-164284;48316;26596;8
117723;-195920;48317;24619;4
112433;-175108;47987;25919;8
121994;-186737;48584;25192;2
106005;-195370;47585;24653;4
121580;-193170;48558;24790;4
117594;-171027;48309;26174;2
108696;-171562;47753;26141;2
120919;-190262;48517;24972;1
109044;-188572;47775;25078;1
129360;-187060;49045;25172;4
103597;-165974;47434;26490;8
115425;-181946;48174;25492;1
110179;-173498;47846;26020;2
116612;-172849;48248;26060;4
124970;-178219;48770;25725;4
122031;-185235;48586;25286;1
120323;-188515;48480;25081;4
110136;-173565;47843;26016;4
122647;-184778;48625;25315;8
107004;-168469;47647;26334;2
112275;-186326;47977;25218;4
126740;-189384;48881;25027;8
119082;-178956;48402;25679;1
107752;-182305;47694;25469;2
111596;-184598;47934;25326;2
110285;-173536;47852;26018;1
103290;-164357;47415;26591;1
100115;-176293;47217;25845;2
125958;-165446;48832;26523;2
116585;-194147;48246;24729;4
106755;-176350;47632;25842;8
119268;-189065;48414;25047;4
113017;-189383;48023;25027;8
128717;-178636;49004;25699;8
120686;-178951;48502;25679;1
108623;-174485;47748;25958;1
115467;-194411;48176;24713;4
108754;-176239;47757;25849;1
128352;-176732;48982;25818;8
109801;-173322;47822;26031;2
106700;-185921;47628;25243;4
122114;-191255;48592;24910;2
121232;-165473;48537;26521;2
127989;-179078;48959;25671;1
104267;-177714;47476;25756;8
125064;-190337;48776;24967;1
128285;-182757;48977;25441;1
127844;-175138;48950;25917;8
129029;-194943;49024;24680;8
114044;-170332;48087;26218;1
115632;-194371;48187;24715;8
122818;-179735;48636;25630;1
115073;-196608;48152;24576;8
124455;-173122;48738;26043;1
100266;-165152;47226;26542;8
103207;-164568;47410;26578;1
116269;-172055;48226;26110;8
100527;-174012;47242;25988;8
127983;-179955;48958;25616;2
114603;-170370;48122;26215;4
113254;-176320;48038;25844;2
118848;-193740;48388;24755;4
130969;-187419;49145;25150;4
118553;-182895;48369;25433;1
119214;-182348;48410;25467;8
126069;-167850;48839;26373;4
119930;-190892;48455;24933;8
114017;-185122;48086;25293;1
126810;-185809;48885;25250;2
121486;-193042;48552;24798;2
129226;-189224;49036;25037;4
123147;-192977;48656;24802;8
120437;-188444;48487;25086;1
114425;-194207;48111;24726;8
127529;-176845;48930;25811;2
120545;-181672;48494;25509;8
127335;-176035;48918;25861;4
100334;-181414;47230;25525;8
104658;-170270;47501;26222;8
113052;-175000;48025;25926;1
129179;-181636;49033;25511;1
129004;-179916;49022;25619;1
114340;-194340;48106;24717;2
125993;-183574;48834;25390;1
124802;-186397;48760;25214;4
116989;-184353;48271;25341;4
99475;-166521;47177;26456;1
114419;-192439;48111;24836;2
124597;-183547;48747;25392;8
109599;-176087;47809;25858;1
129633;-176441;49062;25836;8
127783;-175129;48946;25918;1
114735;-192909;48130;24807;2
113951;-170250;48081;26223;8
126905;-186896;48891;25183;1
127607;-180754;48935;25566;8
101659;-173854;47313;25998;1
118164;-188446;48345;25086;8
117513;-171025;48304;26174;8
122154;-192189;48594;24852;4
120459;-176042;48488;25861;1
113720;-164468;48067;26584;1
104579;-178128;47496;25731;1
101632;-185545;47312;25267;2
115077;-194585;48152;24702;4
122072;-191974;48589;24865;1
122703;-194136;48628;24730;2
114123;-169951;48092;26242;1
125389;-172337;48796;26092;8
110989;-181972;47896;25490;1
123140;-192933;48656;24805;1
112387;-187662;47984;25135;2
118626;-186143;48374;25230;1
104403;-184925;47485;25306;8
106873;-168525;47639;26331;4
106667;-186067;47626;25234;4
99687;-183101;47190;25420;2
125572;-181084;48808;25546;2
121109;-180592;48529;25577;2
123799;-191740;48697;24880;2
116208;-176984;48223;25802;8
112431;-175238;47986;25911;1
104777;-167590;47508;26389;4
121510;-165741;48554;26505;4
101495;-179186;47303;25664;2
121163;-196047;48532;24611;2
118849;-193761;48388;24753;8
129012;-180041;49023;25611;2
109233;-194458;47787;24710;4
120248;-164735;48475;26568;2
112236;-187184;47974;25165;2
114623;-176543;48123;25830;4
123521;-187187;48680;25164;8
127614;-188688;48935;25071;2
115475;-186773;48177;25190;4
129612;-182146;49060;25479;4
119098;-179042;48403;25673;8
130684;-178606;49127;25701;8
127714;-182210;48942;25475;4
119011;-179441;48398;25648;2
99801;-174683;47197;25946;2
130338;-192892;49106;24808;4
124995;-181654;48772;25510;4
113574;-173329;48058;26030;1
114666;-187944;48126;25117;1
122769;-191363;48633;24903;2
106244;-174567;47600;25953;8
121156;-180506;48532;25582;8
112769;-175047;48008;25923;1
117377;-183328;48296;25406;4
130232;-193788;49099;24752;4
130461;-184437;49113;25336;4
130045;-184508;49087;25332;1
104468;-172429;47489;26087;1
123874;-166418;48702;26462;4
130437;-185768;49112;25253;1
100264;-176568;47226;25828;8
118897;-193741;48391;24755;4
109018;-177450;47773;25773;4
116103;-172757;48216;26066;2
124697;-187117;48753;25169;4
127611;-168494;48935;26333;4
118810;-167144;48385;26417;4
110945;-178280;47894;25721;1
125344;-181275;48794;25534;1
117753;-177945;48319;25742;2
117381;-174767;48296;25941;8
122356;-167383;48607;26402;4
101145;-179391;47281;25652;2
127591;-176813;48934;25813;4
116570;-178917;48245;25681;2
116516;-175157;48242;25916;4
126001;-183619;48835;25387;1
113678;-176761;48064;25816;8
129598;-171351;49059;26154;8
117746;-168584;48319;26327;8
107611;-177353;47685;25779;1
116703;-178816;48253;25688;8
121021;-167336;48523;26405;4
105511;-193085;47554;24796;2
112885;-189335;48015;25030;4
108304;-167569;47729;26390;1
129605;-171344;49060;26155;2
129693;-192121;49065;24856;1
121105;-180572;48529;25578;8
110473;-185604;47864;25263;1
118069;-192589;48339;24827;8
118256;-171208;48351;26163;8
118165;-177488;48345;25771;8
116617;-172851;48248;26060;2
121092;-188784;48528;25065;4
111243;-176206;47912;25851;8
118287;-184979;48352;25302;2
114709;-192977;48129;24802;1
123272;-192768;48664;24816;4
120950;-176608;48519;25826;1
120121;-193541;48467;24767;2
116543;-175108;48243;25919;1
108148;-170224;47719;26225;2
130604;-178596;49122;25701;8
108476;-187722;47739;25131;2
110607;-175282;47872;25908;8
115673;-194187;48189;24727;8
130289;-186788;49103;25189;2
122175;-185321;48595;25281;2
128289;-164107;48978;26607;8
124159;-186703;48719;25195;8
127164;-192690;48907;24820;2
100598;-174043;47247;25986;1
118784;-171450;48384;26148;8
128201;-180308;48972;25594;1
105255;-189926;47538;24993;1
103083;-170006;47402;26238;4
105985;-174648;47584;25948;8
112739;-195174;48006;24665;2
114139;-184890;48093;25308;2
117488;-183328;48303;25406;2
120847;-169653;48512;26260;4
120050;-183077;48463;25421;2
130464;-185796;49114;25251;2
128809;-178137;49010;25730;1
120995;-165691;48522;26508;4
108495;-188303;47740;25095;4
111173;-193967;47908;24741;1
99696;-175495;47191;25895;2
122047;-193077;48587;24796;4
130500;-185815;49116;25250;4
100343;-176560;47231;25829;8
121546;-193111;48556;24794;2
114590;-192232;48121;24849;2
110281;-173568;47852;26016;8
121578;-193064;48558;24797;4
129203;-177333;49035;25780;4
103367;-170896;47420;26183;2
128248;-180278;48975;25596;1
124901;-186410;48766;25213;4
123219;-192938;48661;24805;1
124761;-186380;48757;25215;1
126837;-176319;48887;25844;1
113400;-175330;48047;25905;2
115976;-192096;48208;24858;4
121258;-195978;48538;24615;8
117556;-182677;48307;25446;2
124751;-186448;48756;25211;1
100201;-176432;47222;25837;2
116237;-172831;48224;26062;1
128718;-178684;49004;25696;2
116457;-191441;48238;24898;1
107640;-177358;47687;25779;4
123902;-189482;48703;25021;8
115022;-193704;48148;24757;2
128002;-179220;48960;25662;8
117552;-179333;48307;25655;4
121964;-175202;48582;25913;2
127550;-186329;48931;25218;8
105614;-167133;47560;26418;1
99316;-178919;47167;25681;1
129211;-185677;49035;25259;4
109479;-178190;47802;25727;8
107956;-167752;47707;26379;1
114622;-192256;48123;24848;4
121544;-166148;48556;26479;2
109081;-172463;47777;26085;1
121900;-185367;48578;25278;1
115201;-181955;48160;25491;8
120452;-187380;48488;25152;1
104390;-184853;47484;25310;4
112963;-189141;48020;25042;4
122055;-191875;48588;24871;4
121366;-190477;48545;24959;4
121639;-196138;48562;24605;4
117256;-176857;48288;25810;2
127806;-181327;48947;25531;4
108432;-178736;47737;25693;8
120537;-176090;48493;25858;2
122114;-193718;48592;24756;4
105896;-196150;47578;24604;8
116581;-192493;48246;24833;4
100337;-165244;47231;26536;2
116388;-191438;48234;24899;2
130426;-186980;49111;25177;2
113508;-182077;48054;25484;8
111175;-189202;47908;25038;4
129074;-175565;49027;25891;2
129024;-194838;49024;24686;8
123798;-187793;48697;25126;1
123489;-177254;48678;25785;8
109734;-180344;47818;25592;2
105041;-191300;47525;24907;8
112410;-173412;47985;26025;8
113248;-179825;48038;25624;1
127558;-168466;48932;26334;8
124182;-183112;48721;25419;1
115619;-181632;48186;25512;8
115187;-176212;48159;25850;2
129770;-186854;49070;25185;1
114636;-192170;48124;24853;1
130366;-166314;49107;26469;4
108353;-172170;47732;26103;1
121437;-190565;48549;24953;1
120353;-181677;48482;25509;8
126977;-187028;48896;25174;1
123537;-190444;48681;24961;4
111322;-177891;47917;25745;4
120907;-176591;48516;25827;2
123577;-187180;48683;25165;2
127734;-182160;48943;25479;4
128763;-178674;49007;25696;1
116334;-172363;48230;26091;8
117656;-182934;48313;25430;1
122041;-175227;48587;25912;4
117771;-189296;48320;25033;4
123201;-192898;48660;24807;2
112967;-189425;48020;25024;8
129225;-189354;49036;25029;1
115907;-177747;48204;25754;8
118882;-167118;48390;26419;4
118251;-183684;48350;25383;1
111053;-183103;47900;25420;8
113318;-193166;48042;24791;8
105062;-191306;47526;24907;8
121417;-196012;48548;24613;8
130188;-166715;49096;26444;2
112891;-192383;48015;24840;4
129694;-177538;49065;25767;1
113471;-171284;48051;26158;2
130069;-187113;49089;25169;2
116224;-172152;48224;26104;2
127116;-185357;48904;25279;4
119226;-190624;48411;24950;2
105229;-189887;47536;24996;4
130481;-187327;49115;25156;4
119854;-190894;48450;24933;1
109761;-180144;47820;25605;4
105774;-167516;47570;26394;8
106397;-166783;47609;26440;4
117220;-176879;48286;25809;1
112188;-165692;47971;26508;2
130143;-187879;49093;25121;8
129316;-186074;49042;25234;1
113846;-174543;48075;25955;8
127500;-182142;48928;25480;2
115904;-194543;48204;24705;1
108048;-182032;47713;25487;4
130584;-178666;49121;25697;4
129218;-175560;49036;25891;8
101152;-164687;47282;26571;2
121829;-192807;48574;24813;1
105653;-167492;47563;26395;8
119033;-179418;48399;25650;2
112963;-173620;48020;26012;8
121123;-196071;48530;24609;2
114365;-181839;48107;25499;1
128964;-180017;49020;25612;4
123992;-166437;48709;26461;1
111181;-189267;47908;25034;2
107930;-167738;47705;26380;4
121177;-196009;48533;24613;1
120346;-188530;48481;25080;1
115133;-176141;48155;25855;1
125290;-186871;48790;25184;8
110231;-186935;47849;25180;8
118841;-171512;48387;26144;2
121055;-167318;48525;26406;8
123423;-173897;48673;25995;4
130070;-193135;49089;24793;4
122223;-193781;48598;24752;2
127672;-164236;48939;26599;1
116362;-170236;48232;26224;1
116647;-192387;48250;24839;2
129673;-190931;49064;24930;2
105511;-194785;47554;24689;4
118492;-190460;48365;24960;1
120207;-187539;48472;25142;8
100389;-180778;47234;25565;2
130628;-178653;49124;25698;1
117410;-174841;48298;25936;4
105168;-190088;47533;24983;4
117685;-178102;48315;25732;4
129039;-194748;49024;24692;2
106546;-168665;47619;26322;4
100219;-181949;47223;25492;2
112184;-187240;47971;25161;8
116496;-175117;48241;25919;2
105958;-173076;47582;26046;1
117751;-189158;48319;25041;2
105001;-194456;47522;24710;4
120563;-176083;48495;25858;4
119982;-182255;48458;25473;2
129712;-182630;49067;25449;8
108390;-190341;47734;24967;4
118538;-182903;48368;25432;8
105021;-191339;47523;24905;1
106442;-166657;47612;26447;8
104537;-177858;47493;25747;4
106230;-170014;47599;26238;8
127537;-186299;48931;25220;8
106644;-185952;47625;25242;4
114639;-176521;48124;25831;8
100888;-168416;47265;26338;8
114570;-175233;48120;25911;8
130206;-178647;49097;25698;2
126812;-180157;48885;25604;8
101508;-166700;47304;26445;1
123625;-177727;48686;25756;8
117399;-183392;48297;25402;8
101087;-182309;47277;25469;2
129659;-176426;49063;25837;8
130251;-166657;49100;26447;8
129171;-177832;49033;25749;1
109257;-194436;47788;24711;4
106761;-175405;47632;25901;2
125756;-180769;48819;25565;8
128649;-195129;49000;24668;4
126347;-176437;48856;25836;2
119347;-182943;48419;25430;8
113502;-164161;48053;26603;1
123423;-177180;48673;25790;2
121684;-190919;48565;24931;1
123199;-192914;48659;24806;4
128687;-178603;49002;25701;2
101338;-179323;47293;25656;2
112389;-187722;47984;25131;2
115055;-193703;48150;24757;1
106359;-177284;47607;25783;2
121161;-165739;48532;26505;2
129480;-179414;49052;25650;2
128334;-178700;48980;25695;2
120934;-176539;48518;25830;8
116195;-165130;48222;26543;4
112689;-175192;48003;25914;4
120459;-187283;48488;25158;1
115024;-179573;48149;25640;4
110553;-185721;47869;25256;8
102058;-170436;47338;26211;4
127575;-182022;48933;25487;1
128657;-195121;49001;24668;4
113251;-182074;48038;25484;4
115347;-182014;48169;25488;4
115191;-194653;48159;24698;4
116845;-186626;48262;25199;4
119204;-190676;48410;24946;8
127557;-186251;48932;25223;2
128787;-170023;49009;26237;4
122740;-191571;48631;24890;2
106610;-168663;47623;26322;4
113918;-187860;48079;25122;1
101022;-184893;47273;25308;1
115491;-194412;48178;24713;8
104759;-167562;47507;26391;1
114616;-192135;48123;24855;8
99634;-183043;47187;25423;2
105606;-167071;47560;26422;8
118264;-183602;48351;25388;4
121483;-190716;48552;24944;1
109399;-172439;47797;26086;1
112006;-172846;47960;26061;1
114335;-194318;48105;24719;4
105428;-175098;47549;25920;1
117222;-176796;48286;25814;4
115381;-181983;48171;25490;8
102015;-170242;47335;26223;1
112881;-178428;48015;25712;2
122434;-192352;48612;24842;8
126061;-167840;48838;26374;1
125353;-172330;48794;26093;1
119178;-189119;48408;25044;8
116460;-185292;48238;25283;4
127627;-182253;48936;25473;2
110257;-195469;47851;24647;2
99705;-175536;47191;25893;1
109065;-172542;47776;26080;4
111196;-189304;47909;25032;2
115670;-194347;48189;24717;4
115474;-181875;48177;25496;4
111106;-189213;47904;25038;2
116266;-172917;48226;26056;4
108635;-180203;47749;25601;1
108734;-176181;47755;25852;8
118504;-185115;48366;25294;1
113357;-182071;48044;25484;1
123820;-195343;48698;24655;2
112675;-176559;48002;25829;2
130670;-178613;49126;25700;8
127762;-182315;48945;25469;8
99671;-183048;47189;25423;8
116947;-193997;48269;24739;2
104627;-178171;47499;25728;4
128883;-180048;49015;25611;1
111182;-189240;47908;25036;8
112829;-175066;48011;25922;2
125591;-184542;48809;25330;8
128341;-195394;48981;24651;8
106006;-174720;47585;25944;4
116079;-194426;48214;24712;8
101323;-179321;47292;25656;8
122773;-177118;48633;25794;2
126836;-176258;48887;25847;4
121448;-190504;48550;24957;2
119723;-190126;48442;24981;2
128410;-178598;48985;25701;2
107438;-187917;47674;25119;2
106191;-173185;47596;26039;1
130277;-178579;49102;25702;1
101097;-182343;47278;25467;4
122634;-194105;48624;24732;4
116774;-184355;48258;25341;2
125576;-181085;48808;25546;4
128526;-178308;48992;25719;1
104863;-183721;47513;25381;2
108611;-190231;47748;24974;4
123399;-193290;48672;24783;4
127193;-181468;48909;25522;4
126180;-171743;48846;26130;8
127002;-187074;48897;25171;8
116184;-165155;48221;26541;2
109216;-189227;47786;25037;4
109472;-176135;47802;25855;8
129458;-187016;49051;25175;1
118944;-190892;48394;24933;1
112347;-173919;47981;25994;8
126270;-176604;48851;25826;4
118578;-186138;48371;25230;4
122685;-191158;48627;24916;8
122136;-191263;48593;24910;4
106308;-174520;47604;25956;4
127590;-191913;48934;24869;1
113075;-175026;48027;25924;2
115696;-181519;48191;25519;1
120999;-165549;48522;26517;1
108664;-180120;47751;25606;8
126742;-189337;48881;25030;8
127946;-180792;48956;25564;1
108356;-185851;47732;25248;1
121197;-180548;48534;25579;8
125155;-190354;48782;24966;2
115279;-181967;48164;25491;8
113619;-178885;48061;25683;2
126948;-177376;48894;25778;8
116960;-188825;48270;25062;8
105888;-196211;47578;24600;2
127836;-182369;48949;25465;2
128896;-194420;49016;24712;1
108568;-174567;47745;25953;1
127641;-180967;48937;25553;8
118047;-185317;48337;25281;1
128790;-170024;49009;26237;1
120537;-185611;48493;25263;4
123735;-169926;48693;26243;1
127280;-181860;48915;25497;2
118212;-183702;48348;25382;2
117080;-188804;48277;25063;8
116888;-184427;48265;25337;1
120533;-185640;48493;25261;8
101069;-184836;47276;25311;1
127534;-182024;48930;25487;4
126174;-168925;48845;26306;2
118022;-185143;48336;25292;4
117007;-194007;48272;24738;8
121434;-190565;48549;24953;2
107643;-188920;47687;25056;4
104688;-170300;47503;26220;1
126337;-176450;48856;25835;8
127946;-176141;48956;25855;1
118912;-179344;48392;25655;2
115207;-181946;48160;25492;1
130100;-178534;49091;25705;8
116198;-172786;48222;26064;4
127645;-186294;48937;25220;4
114938;-182675;48143;25446;8
106349;-174570;47606;25953;8
118054;-185092;48338;25295;2
116629;-175197;48249;25914;4
109942;-188026;47831;25112;4
126296;-176551;48853;25829;1
105685;-166917;47565;26431;4
109767;-180193;47820;25601;1
124823;-184274;48761;25346;8
129285;-187061;49040;25172;4
102973;-164569;47395;26578;8
121224;-190595;48536;24951;4
122806;-177029;48635;25799;1
119348;-191332;48419;24905;2
127413;-181971;48923;25490;2
129502;-186330;49053;25218;8
101316;-168515;47292;26331;4
117454;-180094;48300;25608;8
112377;-175176;47983;25915;2
114623;-180230;48123;25599;1
120165;-165470;48470;26522;1
122626;-191600;48624;24889;8
106937;-168521;47643;26331;4
108327;-172190;47730;26102;4
113530;-171409;48055;26150;4
126050;-165415;48838;26525;1
108069;-182133;47714;25480;4
114958;-193241;48144;24786;4
118047;-192541;48337;24830;2
127541;-188717;48931;25069;2
108326;-172276;47730;26096;2
116850;-186625;48263;25199;8
123768;-177264;48695;25785;8
112982;-190674;48021;24946;2
107561;-177399;47682;25776;1
120759;-182871;48507;25434;4
124645;-183550;48750;25392;2
117591;-171133;48309;26168;2
127829;-190094;48949;24983;1
121426;-196026;48549;24612;2
130508;-178627;49116;25699;8
110259;-193493;47851;24770;1
128166;-182601;48970;25451;8
99586;-165601;47184;26513;2
122384;-191465;48609;24897;4
117484;-174785;48302;25939;4
115986;-194320;48209;24719;4
121501;-190742;48553;24942;2
106489;-174198;47615;25976;1
111504;-184641;47929;25323;1
128825;-179565;49011;25641;8
117538;-182746;48306;25442;8
115849;-171456;48200;26148;4
127533;-187100;48930;25170;4
129188;-177898;49034;25745;2
108763;-180193;47757;25601;1
103307;-170928;47416;26181;4
113271;-194698;48039;24695;1
102119;-170440;47342;26211;8
117739;-181590;48318;25514;4
106011;-175911;47585;25869;2
108538;-180158;47743;25604;8
121585;-193163;48559;24791;1
129441;-182111;49050;25482;4
108511;-188385;47741;25089;4
113016;-190596;48023;24951;2
120249;-187545;48475;25142;8
118885;-167090;48390;26420;8
101718;-185521;47317;25268;4
129184;-164585;49034;26577;2
105418;-193141;47548;24792;1
112569;-172346;47995;26092;1
116965;-184338;48270;25342;1
103111;-169987;47404;26239;4
129494;-193924;49053;24743;2
129567;-182251;49057;25473;8
129494;-193929;49053;24743;1
127104;-181450;48904;25523;4
125695;-185472;48815;25272;1
128872;-179855;49014;25623;8
121356;-180465;48544;25584;8
118129;-184284;48343;25346;1
105837;-167435;47574;26399;2
121971;-175137;48583;25917;2
115956;-192968;48207;24803;8
122231;-185315;48599;25281;1
125669;-193126;48814;24793;4
119011;-179393;48398;25651;4
109095;-188520;47778;25081;4
119407;-191316;48422;24906;2
116138;-189492;48218;25020;4
123828;-166456;48699;26460;1
116055;-185080;48213;25296;2
105748;-175756;47569;25879;4
127837;-181339;48949;25530;1
116366;-191418;48232;24900;2
130474;-187316;49114;25156;4
128770;-196039;49008;24611;1
110681;-173518;47877;26019;8
128319;-178650;48979;25698;1
128880;-184173;49015;25353;2
130319;-192828;49104;24812;2
120606;-187878;48497;25121;4
129311;-165200;49041;26539;1
113313;-193180;48042;24790;2
122009;-191959;48585;24866;8
119355;-191353;48419;24904;8
118025;-185260;48336;25285;1
127233;-181762;48912;25503;1
111503;-177251;47928;25785;4
122678;-184742;48627;25317;8
105774;-192966;47570;24803;4
125956;-188199;48832;25101;2
121954;-191153;48582;24916;1
113691;-183524;48065;25393;4
130354;-185949;49107;25242;1
122859;-191446;48638;24898;4
112363;-173904;47982;25995;2
129852;-177450;49075;25773;1
122456;-192319;48613;24844;1
126297;-170218;48853;26225;1
102190;-169739;47346;26255;4
115089;-183003;48153;25426;8
129947;-184528;49081;25331;8
100299;-168959;47228;26304;2
127009;-176537;48898;25830;8
106168;-196030;47595;24612;2
122169;-186678;48595;25196;2
116809;-186663;48260;25197;2
103092;-170066;47403;26234;8
120207;-164630;48472;26574;2
111532;-177274;47930;25784;1
119151;-179011;48406;25675;8
130359;-166389;49107;26464;8
130150;-187823;49094;25125;8
105559;-195751;47557;24629;2
116713;-172819;48254;26062;2
114493;-175330;48115;25905;8
116559;-192437;48244;24836;4
100823;-182624;47261;25450;1
102269;-174417;47351;25962;1
101681;-180841;47315;25561;2
115857;-194553;48201;24704;1
116326;-172829;48230;26062;8
110970;-178177;47895;25727;8
110466;-185726;47864;25256;2
113201;-175124;48035;25918;4
114651;-180301;48125;25595;2
122081;-186600;48590;25201;4
120899;-187238;48516;25161;1
121360;-196054;48545;24610;2
129010;-183504;49023;25395;1
112535;-183301;47993;25407;2
112856;-178375;48013;25715;4
105834;-175757;47574;25879;8
118467;-171013;48364;26175;4
108480;-188353;47740;25091;2
115954;-184991;48207;25302;8
110316;-193454;47854;24773;2
114635;-187911;48124;25119;4
127393;-176542;48922;25830;2
120073;-193563;48464;24766;4
118937;-190953;48393;24929;8
123860;-187867;48701;25122;2
119303;-191266;48416;24909;8
116658;-193939;48251;24742;2
105376;-193132;47546;24793;1
129847;-186544;49075;25205;1
127225;-181502;48911;25520;4
127148;-192759;48906;24816;8
120740;-182877;48506;25434;8
112934;-173601;48018;26013;4
116403;-195517;48235;24644;8
125536;-181231;48806;25537;1
120324;-181692;48480;25508;4
108014;-167727;47710;26381;4
130522;-185812;49117;25250;2
114576;-175285;48121;25908;8
106948;-165163;47644;26541;2
113020;-189369;48023;25028;1
113381;-193164;48046;24791;4
113222;-194814;48036;24688;1
111438;-173231;47924;26037;2
113740;-183510;48068;25394;8
129184;-175548;49034;25892;2
129068;-177496;49026;25770;8
128894;-179469;49015;25647;2
113640;-173369;48062;26028;1
113600;-193888;48060;24746;1
104757;-167590;47507;26389;2
105091;-194575;47528;24703;8
120109;-165406;48466;26526;4
128337;-195371;48981;24653;1
122830;-191397;48636;24901;4
107778;-189988;47696;24989;8
110928;-173353;47893;26029;8
114647;-192182;48125;24852;4
114490;-184532;48115;25330;2
112904;-173666;48016;26009;2
121053;-165663;48525;26510;2
117039;-183402;48274;25401;2
130657;-178595;49126;25701;1
122841;-177084;48637;25796;1
113216;-194728;48036;24693;4
112604;-175014;47997;25925;8
102143;-170443;47343;26211;1
127898;-165718;48953;26506;1
116975;-184368;48270;25341;1
101230;-179330;47286;25655;2
113880;-175566;48077;25891;4
114497;-175277;48116;25909;1
102559;-178069;47369;25734;4
115315;-180244;48167;25598;4
127781;-182381;48946;25465;4
118150;-183801;48344;25376;8
109764;-173366;47820;26028;2
122700;-184707;48628;25319;4
108103;-182037;47716;25486;1
130483;-178601;49115;25701;2
126730;-185764;48880;25253;8
126730;-189336;48880;25030;4
125142;-190429;48781;24962;8
114429;-181810;48111;25500;1
117418;-180514;48298;25581;8
113320;-183388;48042;25402;1
125693;-185398;48815;25276;4
130494;-187269;49115;25159;8
122037;-186564;48587;25203;4
101055;-182574;47275;25453;1
123190;-164896;48659;26558;1
104773;-167673;47508;26384;1
118186;-188451;48346;25085;2
129863;-189401;49076;25026;8
118423;-170250;48361;26223;1
125569;-193034;48808;24799;8
116678;-192423;48252;24837;8
116423;-172125;48236;26106;2
130108;-191788;49091;24877;2
108746;-171640;47756;26136;1
122708;-191519;48629;24894;8
109479;-179794;47802;25626;4
129500;-181682;49053;25508;1
127191;-185451;48909;25273;8
99724;-174174;47192;25978;1
126416;-192911;48861;24807;4
106237;-196086;47599;24608;2
127541;-164986;48931;26552;8
126845;-185411;48887;25275;4
130668;-178611;49126;25700;2
129063;-177476;49026;25771;4
105267;-167445;47539;26398;4
129245;-185648;49037;25261;2
105580;-195768;47558;24628;2
120794;-186575;48509;25203;2
113355;-189274;48044;25034;8
125432;-181312;48799;25532;2
123409;-182337;48673;25467;1
109670;-181561;47814;25516;8
119182;-182330;48408;25468;4
128933;-183467;49018;25397;8
111862;-179208;47951;25663;2
128390;-195415;48984;24650;1
118418;-170256;48361;26223;8
106379;-166763;47608;26441;2
116389;-191602;48234;24888;1
126732;-179518;48880;25644;4
113832;-174517;48074;25956;8
114046;-192855;48087;24810;1
117696;-178029;48316;25737;2
110331;-177899;47855;25745;2
112312;-186286;47979;25221;4
105371;-194834;47545;24686;1
103260;-164432;47413;26587;2
117198;-195612;48284;24638;2
129183;-189387;49033;25027;1
105694;-195844;47565;24623;8
111608;-185634;47935;25261;8
106149;-173188;47594;26039;8
101672;-180857;47314;25560;1
117987;-178500;48334;25707;2
126876;-177296;48889;25783;4
129228;-177356;49036;25779;1
117607;-175922;48310;25868;8
112728;-176533;48005;25830;2
100985;-168415;47271;26338;2
112181;-187212;47971;25163;8
115015;-190960;48148;24929;2
114632;-180253;48124;25598;4
120915;-189014;48517;25050;1
106704;-172952;47629;26054;1
127543;-186247;48931;25223;4
108721;-171616;47755;26138;4
120431;-188440;48486;25086;2
116811;-186649;48260;25198;2
108418;-178698;47736;25695;2
102530;-171217;47368;26162;2
130158;-191865;49094;24872;2
130203;-194929;49097;24680;2
126440;-180337;48862;25592;2
111308;-173831;47916;25999;1
129479;-179437;49052;25649;8
109166;-172462;47782;26085;8
120677;-178975;48502;25678;2
122843;-177147;48637;25792;8
130122;-187824;49092;25125;4
99853;-183409;47200;25400;1
128414;-178583;48985;25702;2
111280;-177871;47915;25747;8
107894;-169512;47703;26269;8
115008;-190968;48148;24928;4
127984;-179078;48959;25671;1
128339;-178749;48981;25692;4
122194;-193683;48597;24758;4
110609;-173500;47873;26020;2
122836;-191805;48637;24876;1
119951;-181207;48456;25538;1
110157;-173511;47844;26019;1
109673;-176013;47814;25863;4
100213;-176496;47223;25833;4
112864;-192361;48014;24841;2
111545;-184666;47931;25322;2
106290;-174507;47603;25957;4
113120;-175093;48030;25920;8
116529;-194101;48243;24732;1
110221;-195495;47848;24645;4
106453;-166668;47613;26447;4
114038;-170330;48087;26218;8
115933;-194506;48205;24707;4
127376;-181909;48921;25494;4
109633;-176110;47812;25857;2
115063;-193271;48151;24784;1
111048;-181996;47900;25489;1
113462;-182107;48051;25482;1
117050;-172777;48275;26065;8
128316;-178650;48979;25698;4
117598;-179365;48309;25653;2
115539;-186756;48181;25191;8
112472;-177569;47989;25765;2
114327;-192497;48105;24832;1
129654;-176474;49063;25834;1
113626;-181855;48061;25498;1
131035;-187508;49149;25144;2
106345;-177389;47606;25777;2
108802;-180145;47760;25604;2
101075;-182587;47277;25452;2
111004;-183059;47897;25422;8
130514;-185741;49117;25255;8
109113;-178025;47779;25737;8
106321;-174444;47605;25961;8
115456;-194381;48176;24715;8
112735;-176580;48005;25827;2
122871;-177122;48639;25793;4
117147;-176813;48281;25813;8
117678;-189068;48314;25047;4
128269;-182710;48976;25444;8
116112;-176948;48217;25804;4
116377;-191510;48233;24894;2
127694;-164232;48940;26599;1
115093;-180897;48153;25557;1
123621;-176269;48686;25847;8
125372;-181316;48795;25531;8
120502;-185664;48491;25260;4
130694;-187187;49128;25164;8
127792;-182287;48947;25471;2
99653;-175583;47188;25890;8
117098;-188913;48278;25056;8
127416;-176618;48923;25825;4
114427;-181864;48111;25497;8
129526;-182103;49055;25482;4
121187;-196044;48534;24611;1
105687;-183623;47565;25387;1
112239;-176651;47974;25823;8
105803;-167513;47572;26394;2
129237;-164490;49037;26583;4
99893;-183297;47203;25407;4
114351;-194299;48106;24720;4
128896;-180092;49016;25608;4
110275;-185598;47852;25264;1
116444;-191311;48237;24907;8
128780;-179439;49008;25649;8
106438;-177592;47612;25764;8
104777;-167595;47508;26389;4
121690;-177770;48565;25753;4
112823;-192361;48011;24841;8
120763;-186505;48507;25207;2
124560;-183536;48745;25393;1
108544;-190287;47744;24971;4
127361;-186018;48920;25237;4
130076;-178530;49089;25705;1
116179;-176982;48221;25802;4
116384;-195477;48234;24646;2
125586;-185417;48809;25275;8
114339;-194194;48106;24726;1
105184;-190094;47534;24983;1
114481;-177902;48115;25745;2
121612;-190953;48560;24929;8
121537;-190820;48556;24937;4
120852;-190250;48513;24973;1
116458;-191538;48238;24892;4
114685;-176520;48127;25831;8
108537;-187698;47743;25132;1
118856;-167056;48388;26423;4
130337;-185962;49106;25241;1
123633;-176891;48687;25808;1
120735;-182907;48505;25432;1
110086;-173495;47840;26020;2
126484;-191126;48865;24918;4
112767;-190804;48007;24938;1
114633;-176573;48124;25828;4
110226;-186796;47849;25189;8
119416;-179030;48423;25674;1
130202;-178549;49097;25704;2
126752;-189270;48882;25034;2
110242;-193480;47850;24771;4
128631;-195930;48999;24618;4
121123;-195999;48530;24614;2
107813;-189991;47698;24989;8
110301;-186757;47853;25191;4
126379;-180284;48858;25596;2
105848;-173039;47575;26049;4
122414;-191385;48610;24902;2
120146;-189039;48469;25049;2
111188;-187676;47909;25134;8
99944;-173228;47206;26037;4
102237;-175502;47349;25895;8
122014;-185301;48585;25282;8
127182;-181493;48908;25520;8
117408;-183422;48298;25400;8
126294;-176563;48853;25828;2
124563;-193550;48745;24767;8
127743;-186293;48943;25220;8
128993;-179943;49022;25617;1
100112;-175369;47217;25903;1
113445;-171297;48050;26157;8
109517;-176131;47804;25855;2
128614;-178347;48998;25717;4
126850;-177283;48888;25783;8
120362;-175421;48482;25900;4
124575;-193605;48745;24763;1
118748;-191194;48381;24914;8
106270;-174531;47601;25955;2
118847;-171526;48387;26143;8
112240;-176749;47975;25817;8
104745;-178513;47506;25706;8
126069;-167928;48839;26368;8
116548;-192447;48244;24836;4
102547;-171219;47369;26162;1
104916;-183787;47517;25377;4
115186;-196526;48159;24581;8
125952;-175198;48832;25914;8
99260;-178589;47163;25702;1
102046;-170469;47337;26209;4
102070;-170376;47339;26215;4
121370;-180479;48545;25584;1
100914;-181596;47267;25514;8
117646;-178023;48312;25737;8
115881;-184653;48202;25323;8
105949;-173121;47581;26043;1
100136;-182006;47218;25488;1
110290;-186828;47853;25187;8
117889;-178509;48328;25707;1
117369;-176814;48295;25813;1
117734;-183034;48318;25424;8
115513;-194357;48179;24716;1
117637;-168677;48312;26321;4
120709;-182938;48504;25430;4
130059;-187800;49088;25126;4
128727;-178592;49005;25702;2
99780;-169001;47196;26301;4
126073;-167930;48839;26368;1
99702;-183056;47191;25423;2
128935;-183544;49018;25392;1
122719;-179670;48629;25634;2
129330;-181872;49043;25497;2
127515;-168545;48929;26329;4
126215;-176461;48848;25835;8
130465;-184338;49114;25342;1
105503;-194599;47553;24701;8
118321;-185024;48355;25300;2
105023;-194461;47523;24710;2
117645;-182939;48312;25430;8
117227;-179056;48286;25673;2
116423;-185342;48236;25280;4
129865;-186565;49076;25203;4
114951;-175717;48144;25881;1
123847;-166473;48700;26459;1
124764;-186397;48757;25214;8
123503;-173846;48678;25998;4
117617;-171111;48311;26169;2
104144;-165692;47469;26508;8
115668;-177662;48189;25760;1
117929;-178555;48330;25704;2
117744;-164272;48319;26597;4
113864;-174490;48076;25958;1
114502;-175264;48116;25910;8
112396;-175328;47984;25906;8
116261;-172044;48226;26111;8
130265;-192555;49101;24829;8
105548;-195777;47556;24627;4
105908;-167486;47579;26396;1
109478;-178252;47802;25723;1
118568;-182888;48370;25433;2
110332;-177806;47855;25751;4
130482;-178770;49115;25690;4
119030;-190849;48399;24935;4
127682;-164231;48940;26599;2
103033;-164548;47399;26579;1
129279;-177362;49039;25778;8
122815;-191432;48635;24899;8
127953;-179147;48957;25667;1
128401;-195534;48985;24643;2
106424;-177648;47611;25761;4
101289;-182696;47290;25445;2
112328;-173884;47980;25996;8
110691;-193320;47878;24781;2
120852;-190217;48513;24975;8
117696;-177923;48316;25743;1
120908;-189058;48516;25047;8
100227;-176521;47224;25831;2
117068;-194342;48276;24717;8
117376;-174734;48296;25943;8
117890;-170729;48328;26193;2
108211;-172109;47723;26107;1
100385;-180036;47234;25611;8
125970;-165452;48833;26523;4
106915;-165154;47642;26541;2
102565;-171163;47370;26166;4
128954;-179331;49019;25655;2
102169;-169746;47345;26254;8
111157;-187720;47907;25131;2
123633;-177751;48687;25754;8
99728;-174182;47193;25977;1
116463;-191415;48238;24900;8
117506;-179426;48304;25649;8
122117;-186652;48592;25198;1
114765;-192907;48132;24807;2
122857;-181162;48638;25541;4
114971;-193232;48145;24787;8
117589;-179418;48309;25650;2
121759;-191023;48569;24925;1
120795;-182970;48509;25428;2
116389;-191378;48234;24902;4
115537;-181795;48181;25501;2
100908;-168331;47266;26343;8
114432;-192326;48112;24843;1
104600;-178075;47497;25734;8
113577;-173321;48058;26031;2
115656;-194374;48188;24715;1
117404;-179921;48297;25618;1
114318;-194255;48104;24723;1
102230;-174431;47349;25962;2
129168;-177793;49033;25751;1
105026;-164649;47524;26573;8
125546;-181150;48806;25542;1
108333;-189586;47730;25014;1
129024;-184492;49024;25333;8
106698;-173054;47628;26048;8
129537;-171330;49056;26155;1
116863;-186723;48263;25193;4
126546;-186255;48869;25223;2
108640;-168638;47750;26324;8
118051;-192609;48338;24825;2
123759;-178535;48694;25705;8
112885;-189409;48015;25025;4
129866;-165726;49076;26506;2
107024;-176137;47649;25855;8
126534;-186182;48868;25227;4
129274;-185638;49039;25261;1
116337;-172708;48231;26069;8
116434;-191494;48237;24895;8
121633;-193270;48562;24784;2
129016;-169746;49023;26254;1
100313;-176577;47229;25827;2
120171;-182727;48470;25443;8
102536;-178157;47368;25729;2
105805;-173034;47572;26049;1
115773;-171544;48195;26142;2
126768;-185757;48883;25254;8
103526;-178917;47430;25681;2
114616;-175210;48123;25913;8
114904;-180405;48141;25588;8
119192;-189100;48409;25045;4
108450;-178723;47738;25693;4
121687;-190916;48565;24931;8
114495;-175279;48115;25909;8
124025;-178715;48711;25694;4
112177;-187235;47971;25161;8
117990;-170734;48334;26193;4
122214;-193685;48598;24758;4
112794;-178359;48009;25716;2
118349;-184986;48356;25302;1
114629;-175172;48124;25915;1
128719;-178266;49004;25722;4
114906;-180969;48141;25553;1
113973;-192819;48083;24812;4
120983;-165695;48521;26508;4
104685;-178102;47502;25732;4
104496;-186498;47491;25207;8
120447;-187596;48487;25139;4
104202;-174202;47472;25976;4
127247;-189765;48912;25003;2
113556;-171479;48057;26146;1
108665;-176210;47751;25850;1
109290;-194520;47790;24706;4
116715;-175201;48254;25913;8
114166;-170228;48095;26224;4
129625;-186482;49061;25208;4
128265;-195423;48976;24650;4
128860;-170059;49013;26235;8
100306;-176587;47229;25827;1
126283;-166681;48852;26446;1
130177;-186835;49096;25186;2
109995;-174439;47834;25961;1
127613;-187052;48935;25173;2
105065;-194549;47526;24704;2
128727;-175761;49005;25878;2
106734;-185937;47630;25242;2
117698;-183019;48316;25425;4
120140;-187469;48468;25147;8
114046;-170991;48087;26177;8
105684;-166928;47565;26431;2
117691;-175905;48315;25869;4
125435;-172289;48799;26095;4
115872;-192901;48202;24807;1
109587;-180869;47809;25559;1
129373;-187074;49045;25171;8
110623;-186224;47873;25225;4
118387;-190520;48359;24956;1
121581;-193257;48558;24785;1
127605;-188760;48935;25066;4
122133;-186636;48593;25199;1
121520;-165664;48555;26510;2
114147;-192757;48094;24816;8
108289;-190345;47728;24967;8
116182;-189467;48221;25022;1
115458;-186833;48176;25186;2
126254;-166711;48850;26444;2
122786;-191483;48634;24896;2
100106;-175462;47216;25897;4
104562;-186940;47495;25180;8
111553;-184586;47932;25327;2
124836;-186372;48762;25215;8
113305;-175257;48041;25910;8
122015;-186703;48585;25195;4
128888;-179891;49015;25620;1
126039;-188258;48837;25097;4
120653;-187784;48500;25127;4
113334;-175319;48043;25906;8
122001;-193602;48585;24763;1
110299;-193536;47853;24768;1
116269;-172891;48226;26058;4
114640;-187951;48125;25117;2
116687;-175220;48252;25912;1
112034;-172804;47962;26063;1
130235;-193713;49099;24756;4
103996;-168652;47459;26323;8
122015;-186701;48585;25195;8
108957;-177455;47769;25773;1
121661;-193234;48563;24786;4
125682;-184541;48815;25330;1
124288;-176793;48728;25814;1
123637;-176878;48687;25809;8
113050;-173752;48025;26004;4
113220;-194758;48036;24691;8
116997;-188894;48272;25058;1
116865;-184422;48264;25337;8
127449;-186112;48925;25232;4
123882;-195376;48702;24653;4
129209;-181692;49035;25508;1
102256;-175510;47351;25894;1
118218;-188420;48348;25087;1
108658;-190294;47751;24970;2
115619;-177648;48186;25761;8
123722;-166446;48692;26461;4
117748;-181505;48319;25519;4
99781;-174183;47196;25977;8
126358;-192999;48857;24801;4
112433;-173994;47987;25989;8
129090;-184496;49028;25333;1
104368;-178266;47483;25722;4
115894;-171510;48203;26144;2
112769;-192300;48008;24845;1
128891;-170018;49015;26237;8
115608;-169897;48185;26245;8
109823;-164022;47823;26612;4
108263;-171979;47726;26115;2
99800;-174128;47197;25981;8
111535;-164328;47930;26593;2
120640;-165559;48500;26516;8
124369;-167699;48733;26382;8
128469;-195456;48989;24648;1
126242;-166768;48850;26441;2
117652;-164341;48313;26592;1
105007;-194531;47522;24705;1
104591;-178060;47496;25735;1
118048;-192576;48338;24828;1
126545;-186212;48869;25225;2
128471;-182810;48989;25438;8
106190;-196035;47596;24611;2
120988;-167314;48521;26406;8
121156;-165697;48532;26507;2
101743;-185615;47318;25263;1
126140;-191217;48843;24912;8
124665;-193646;48751;24761;8
100571;-164528;47245;26581;2
114587;-176539;48121;25830;4
113471;-182033;48051;25486;1
117735;-164308;48318;26594;8
124997;-181744;48772;25505;2
113884;-175490;48077;25895;1
105537;-190671;47556;24947;4
106164;-173283;47595;26033;2
118402;-185136;48360;25293;2
99874;-173256;47202;26035;8
117085;-172761;48277;26066;2
114146;-192743;48094;24817;1
110865;-178284;47889;25721;4
130288;-166744;49103;26442;1
100203;-176427;47222;25837;1
127189;-175512;48909;25894;1
129414;-187197;49048;25164;2
112935;-189864;48018;24997;8
110696;-186197;47878;25226;8
129283;-186100;49040;25232;1
112417;-187741;47986;25130;4
120395;-188440;48484;25086;2
119549;-190241;48431;24973;4
122449;-192264;48613;24847;2
112418;-175122;47986;25918;8
120524;-187300;48492;25157;4
105211;-190101;47535;24982;4
122721;-184809;48630;25313;1
125466;-181223;48801;25537;8
128722;-175778;49005;25877;2
101350;-168550;47294;26329;2
121579;-165696;48558;26508;1
122023;-193185;48586;24789;8
113405;-189307;48047;25032;1
126563;-186309;48870;25219;1
129377;-181802;49046;25501;2
109285;-189221;47790;25037;2
113764;-174591;48070;25952;8
128935;-194380;49018;24715;2
117530;-182779;48305;25440;2
127913;-182404;48954;25463;1
120245;-164640;48475;26574;2
106373;-177639;47608;25761;1
124480;-173111;48740;26044;4
108206;-172089;47722;26108;1
114580;-175162;48121;25916;1
101150;-164697;47281;26570;8
121651;-196216;48563;24600;2
123605;-178371;48685;25715;2
102015;-170366;47335;26216;8
128513;-168871;48992;26309;8
128788;-184371;49009;25340;8
124311;-189627;48729;25012;8
127984;-181468;48959;25522;8
124139;-186635;48718;25199;1
113517;-171356;48054;26154;4
115967;-184658;48207;25322;4
100198;-175398;47222;25901;2
130245;-186805;49100;25188;4
123975;-166478;48708;26459;1
121970;-191159;48583;24916;1
105253;-194549;47538;24704;1
120309;-165430;48479;26524;1
110212;-173507;47848;26019;4
105269;-189898;47539;24995;8
120214;-187604;48473;25138;8
121174;-188735;48533;25068;8
106829;-176325;47636;25843;4
112846;-175064;48012;25922;1
107407;-187908;47672;25119;2
105033;-191242;47524;24911;2
117464;-183801;48301;25376;2
129028;-180836;49024;25561;2
120275;-179526;48477;25643;2
115232;-166227;48162;26474;4
102234;-174370;47349;25965;8
113255;-179769;48038;25628;1
127870;-182307;48951;25469;8
100898;-182861;47266;25435;8
115901;-171449;48203;26148;1
100225;-181398;47224;25526;1
114976;-182833;48146;25436;8
100912;-168396;47267;26339;8
129847;-164618;49075;26575;8
121303;-190654;48541;24948;1
116163;-176997;48220;25801;2
116507;-178891;48241;25683;2
119341;-191341;48418;24905;1
113234;-182125;48037;25481;8
129483;-187222;49052;25162;2
117494;-183742;48303;25380;4
125294;-186777;48790;25190;4
115337;-192987;48168;24802;4
105693;-166988;47565;26427;1
117138;-176892;48281;25808;4
105975;-168352;47583;26342;8
123608;-180616;48685;25575;8
127157;-192674;48907;24821;8
122489;-192322;48615;24843;4
121484;-166146;48552;26479;4
122813;-179774;48635;25628;1
118865;-171560;48389;26141;8
125813;-180753;48823;25566;4
121549;-187369;48556;25153;8
119798;-190131;48447;24980;4
114425;-179941;48111;25617;8
106063;-174667;47588;25947;4
112480;-173350;47990;26029;2
128866;-180085;49014;25608;1
108477;-180779;47739;25565;8
110330;-186969;47855;25178;2
100767;-183028;47257;25424;2
127816;-190089;48948;24983;8
113780;-174800;48071;25939;2
130712;-187239;49129;25161;1
108500;-180223;47741;25600;8
116390;-191572;48234;24890;1
112196;-165695;47972;26508;8
128219;-180351;48973;25592;2
100465;-180015;47239;25613;4
123942;-178695;48706;25695;1
113782;-174496;48071;25958;2
118438;-183964;48362;25366;8
119343;-182977;48418;25427;1
113960;-170335;48082;26218;1
101513;-180811;47304;25563;1
116241;-172389;48225;26089;2
129887;-186588;49077;25202;8
113387;-183385;48046;25402;1
128721;-175689;49005;25883;8
116040;-194352;48212;24717;2
129484;-182093;49052;25483;8
106185;-174647;47596;25948;1
114340;-194183;48106;24727;4
111471;-173284;47926;26033;1
121618;-196137;48561;24605;2
117427;-183218;48299;25412;1
120312;-187624;48479;25137;1
102169;-169762;47345;26253;1
129253;-177284;49038;25783;8
130662;-178808;49126;25688;8
116862;-188813;48263;25063;8
129327;-181786;49042;25502;2
119422;-191360;48423;24904;1
103339;-170958;47418;26179;4
109085;-188529;47777;25080;8
127360;-182015;48920;25488;2
108886;-180139;47765;25605;1
102022;-175578;47336;25890;2
122754;-181134;48632;25543;1
126765;-193260;48882;24785;1
105933;-173103;47580;26045;1
106864;-173277;47639;26034;2
117895;-170721;48328;26193;4
105856;-168378;47576;26340;1
129604;-177092;49060;25795;4
110860;-178268;47888;25722;1
126661;-192334;48876;24843;8
116516;-194093;48242;24733;4
109146;-177978;47781;25740;4
115054;-195173;48150;24665;2
124716;-187056;48754;25173;1
116490;-178925;48240;25681;1
121224;-190701;48536;24945;8
118084;-184229;48340;25349;8
108144;-179826;47719;25624;1
127545;-187044;48931;25173;2
101046;-182533;47275;25455;4
121661;-196118;48563;24606;4
112942;-189335;48018;25030;4
123224;-192976;48661;24803;8
121536;-190755;48556;24941;1
114107;-184926;48091;25306;8
122828;-179791;48636;25627;2
130221;-192640;49098;24824;4
117113;-184212;48279;25350;4
127693;-182219;48940;25475;2
114636;-175254;48124;25910;4
121808;-191054;48573;24923;2
106828;-175371;47636;25903;1
110445;-189779;47862;25002;2
127133;-185454;48905;25273;8
120118;-187435;48467;25149;1
100960;-182799;47270;25439;4
119236;-190634;48412;24949;1
117565;-182041;48307;25486;1
115669;-194248;48189;24723;4
114493;-177796;48115;25751;1
117576;-179374;48308;25653;8
108139;-170160;47718;26229;8
123537;-190577;48681;24952;4
113222;-175192;48036;25914;2
125305;-186874;48791;25184;1
101942;-174028;47331;25987;1
120143;-188930;48468;25055;2
128667;-195283;49001;24658;4
129516;-187109;49054;25169;4
108282;-171946;47727;26117;1
100361;-180029;47232;25612;2
104176;-165682;47471;26508;2
114665;-175245;48126;25911;2
126707;-191260;48879;24910;8
128182;-182652;48971;25448;2
122064;-185245;48589;25286;2
121422;-180414;48548;25588;4
108015;-167713;47710;26381;8
106076;-170973;47589;26178;4
112127;-173860;47967;25997;1
114314;-192502;48104;24832;4
128966;-179898;49020;25620;1
123487;-182314;48677;25469;8
109309;-189207;47791;25038;2
109606;-176061;47810;25860;8
111135;-187687;47905;25133;4
115130;-196577;48155;24577;8
129225;-177901;49036;25745;1
116180;-165177;48221;26540;2
103112;-170093;47404;26233;2
105753;-175765;47569;25878;2
117091;-188812;48278;25063;2
110400;-189775;47860;25003;2
124009;-166409;48710;26463;8
118353;-170307;48357;26219;4
113501;-166138;48053;26480;4
124848;-184232;48763;25349;2
130126;-191868;49092;24872;4
129071;-180862;49026;25560;1
130351;-186932;49106;25180;1
118990;-190918;48396;24931;1
115061;-190940;48151;24930;2
106264;-174380;47601;25965;1
108217;-172086;47723;26108;4
129123;-185476;49030;25271;2
110890;-173421;47890;26025;8
118689;-191188;48378;24914;1
123762;-166478;48695;26459;1
99803;-174183;47197;25977;8
126088;-171693;48840;26133;4
108057;-179805;47713;25626;4
104520;-186603;47492;25201;4
121360;-180360;48545;25591;8
123539;-176369;48681;25840;8
121319;-165471;48542;26522;8
120840;-169653;48512;26260;1
120321;-187592;48480;25139;2
128855;-179386;49013;25652;8
127562;-191921;48932;24868;1
128816;-184182;49011;25352;2
113936;-179020;48081;25675;1
128070;-179269;48964;25659;8
127067;-184870;48901;25309;2
117478;-179959;48302;25616;2
110714;-189666;47879;25009;2
118041;-185285;48337;25283;4
116443;-195468;48237;24647;1
129404;-187224;49047;25162;4
103945;-168643;47456;26323;2
104588;-170300;47496;26220;4
121649;-196111;48563;24607;8
120983;-190438;48521;24961;2
129843;-165651;49075;26510;4
117757;-168608;48319;26326;2
112979;-173569;48021;26015;4
128797;-170111;49009;26232;1
125816;-193059;48823;24797;1
123631;-177698;48686;25757;2
117918;-170719;48329;26194;4
127604;-164968;48935;26553;2
122505;-179099;48616;25670;1
128759;-178675;49007;25696;4
107965;-167707;47707;26382;8
108304;-176713;47729;25819;4
114905;-182707;48141;25444;1
122297;-167392;48603;26402;4
102982;-164538;47396;26580;8
99172;-173436;47158;26024;2
128486;-178628;48990;25699;8
105721;-183556;47567;25391;8
103494;-178878;47428;25684;4
105625;-167527;47561;26393;2
113287;-182113;48040;25481;2
116155;-165190;48219;26539;8
105775;-173019;47570;26050;1
120915;-184426;48517;25337;4
122080;-191946;48590;24867;1
130096;-191829;49091;24874;8
101258;-182730;47288;25443;2
117311;-176851;48291;25810;2
115114;-176245;48154;25848;1
115007;-195180;48147;24665;4
113063;-173754;48026;26004;1
125358;-172308;48794;26094;1
120763;-186581;48507;25202;2
125639;-184559;48812;25329;1
100462;-177385;47238;25777;8
109757;-180169;47819;25603;2
129452;-182103;49050;25482;4
127355;-176119;48919;25856;4
108033;-179740;47712;25630;1
105616;-166928;47561;26431;1
116192;-176947;48222;25804;8
109923;-188012;47830;25113;4
118114;-185292;48342;25283;1
102761;-178605;47382;25701;2
115644;-179998;48187;25614;1
126789;-193192;48884;24789;2
122304;-167222;48604;26412;2
124774;-186033;48758;25236;4
128752;-178574;49007;25703;4
129299;-177789;49041;25752;4
122029;-185281;48586;25283;1
117048;-188875;48275;25059;8
106973;-165211;47645;26538;1
113180;-179752;48033;25629;2
101077;-182538;47277;25455;4
123263;-164989;48663;26552;4
114168;-192726;48095;24818;2
113538;-171448;48056;26148;1
121568;-193118;48558;24794;4
108334;-176688;47730;25821;2
126447;-180321;48862;25593;1
102265;-175587;47351;25889;8
127654;-180949;48938;25554;8
123200;-164955;48660;26554;2
105569;-194705;47558;24694;4
109695;-176065;47815;25859;4
129039;-175527;49024;25893;1
128870;-195238;49014;24661;4
114989;-195175;48146;24665;8
127574;-187115;48933;25169;4
121197;-188678;48534;25071;4
110135;-173547;47843;26017;8
121575;-193103;48558;24795;1
119708;-190129;48441;24980;4
109278;-194538;47789;24705;4
116364;-191439;48232;24899;4
114221;-192551;48098;24829;8
118407;-185050;48360;25298;2
100162;-176450;47220;25835;4
128320;-195469;48980;24647;8
107191;-169941;47659;26242;2
115580;-194347;48183;24717;8
103226;-164463;47411;26585;1
110958;-178238;47894;25724;1
114957;-175621;48144;25887;8
126969;-186965;48895;25178;4
101531;-180859;47305;25560;1
109549;-176041;47806;25861;8
100454;-180061;47238;25610;2
117665;-168595;48314;26326;4
124938;-181751;48768;25504;8
115237;-181929;48162;25493;8
110273;-193454;47852;24773;8
108731;-180122;47755;25606;8
114603;-170421;48122;26212;2
103126;-169986;47405;26239;4
105470;-193026;47551;24799;1
113652;-193869;48063;24747;8
105323;-165259;47542;26535;8
114589;-192144;48121;24855;2
129639;-176401;49062;25838;2
125284;-172323;48790;26093;2
113655;-178889;48063;25683;1
111105;-194025;47904;24737;8
124962;-182114;48770;25481;4
100190;-176422;47221;25837;8
100772;-182955;47258;25429;1
129665;-177655;49064;25760;4
129452;-187250;49050;25160;2
99214;-178914;47160;25681;4
128038;-165372;48962;26528;4
112680;-195120;48002;24669;2
110995;-182000;47897;25489;1
122787;-191450;48634;24898;2
120588;-186452;48496;25210;2
102080;-175519;47340;25894;1
126256;-166697;48851;26445;8
128464;-182829;48989;25437;1
123993;-177933;48709;25743;1
117938;-184159;48331;25354;4
114343;-194213;48106;24725;1
122544;-192418;48619;24837;1
116023;-184010;48211;25363;8
100224;-165176;47224;26540;4
112779;-178382;48008;25715;8
126643;-191341;48875;24905;2
126818;-179474;48886;25646;1
105247;-194485;47537;24708;1
104462;-177816;47488;25750;4
101029;-182370;47274;25465;1
120907;-185113;48516;25294;1
119183;-189076;48408;25046;1
121417;-180359;48548;25591;1
117521;-188547;48305;25079;4
106020;-174671;47586;25947;2
112938;-189389;48018;25027;2
126164;-179097;48845;25670;4
102154;-173860;47344;25997;2
123859;-189451;48701;25023;2
129104;-180763;49029;25566;2
123349;-192665;48669;24822;2
105450;-194917;47550;24681;4
101635;-173922;47312;25993;2
118857;-167047;48388;26423;1
99931;-173260;47205;26035;1
106293;-177351;47603;25779;2
99745;-175113;47194;25919;8
124420;-173087;48736;26046;4
117084;-183230;48277;25412;4
105244;-176441;47537;25836;1
108461;-180121;47738;25606;4
109212;-189235;47785;25036;2
104780;-178476;47508;25709;4
114951;-179463;48144;25647;4
118236;-183654;48349;25385;2
103627;-165946;47436;26492;2
114597;-187958;48122;25116;2
128463;-195390;48988;24652;4
124533;-196516;48743;24581;2
117794;-188159;48322;25104;2
116166;-176950;48220;25804;1
129630;-182261;49061;25472;1
129260;-181678;49038;25509;2
121964;-191223;48582;24912;1
127044;-184869;48900;25309;1
110664;-175239;47876;25911;8
114007;-192843;48085;24811;2
117607;-179381;48310;25652;2
117725;-175873;48317;25871;8
111711;-166142;47941;26480;1
101726;-185713;47317;25256;4
120914;-168975;48517;26303;8
125430;-172326;48799;26093;1
121345;-190424;48544;24962;8
120044;-181235;48462;25536;4
113432;-166115;48049;26481;8
118445;-185064;48362;25297;2
123992;-166414;48709;26463;2
106898;-175671;47641;25884;4
123615;-178319;48685;25719;1
114416;-192322;48111;24843;8
119038;-179343;48399;25655;2
124874;-186383;48764;25215;1
114534;-192314;48118;24844;2
116691;-193921;48253;24743;2
108430;-187650;47736;25135;8
127603;-188718;48935;25069;2
116923;-193933;48267;24743;1
105786;-175843;47571;25873;4
127628;-164285;48936;26596;8
106801;-168571;47635;26328;4
117523;-179357;48305;25654;1
120079;-165286;48464;26533;8
127351;-189750;48919;25004;4
120363;-188663;48482;25072;1
102193;-169777;47347;26252;2
121814;-192815;48573;24813;1
115956;-171446;48207;26148;1
123568;-178012;48683;25738;8
114524;-192371;48117;24840;4
112726;-176583;48005;25827;2
112404;-177629;47985;25762;8
101963;-170311;47332;26219;8
113745;-183519;48069;25394;4
123119;-165802;48654;26501;8
124794;-186031;48759;25237;8
127438;-181895;48924;25495;1
129362;-187189;49045;25164;1
111274;-173860;47914;25997;2
104208;-174192;47473;25977;8
112180;-180885;47971;25558;8
121603;-187420;48560;25150;2
100432;-180844;47237;25561;4
110223;-173489;47848;26020;4
120682;-165533;48502;26518;4
105970;-168419;47583;26337;4
123405;-193374;48672;24778;2
117632;-189138;48312;25042;2
128273;-176684;48977;25821;8
109522;-176130;47805;25855;4
120871;-189053;48514;25048;4
108799;-171597;47759;26139;1
100902;-168364;47266;26341;4
116625;-172921;48249;26056;1
107495;-187992;47678;25114;8
129505;-179332;49054;25655;2
124579;-193602;48746;24763;2
106121;-174701;47592;25945;8
108457;-180751;47738;25567;8
127988;-179154;48959;25666;8
105362;-175077;47545;25921;2
117664;-188263;48314;25097;2
127727;-186363;48942;25216;1
126951;-177388;48894;25777;4
102534;-171143;47368;26167;2
114677;-192208;48127;24851;4
108121;-172110;47717;26107;1
122760;-191363;48632;24903;8
108307;-190368;47729;24966;1
111722;-166137;47942;26480;4
103295;-164475;47415;26584;8
111071;-183063;47901;25422;4
121220;-165479;48536;26521;8
126910;-177377;48891;25777;8
116365;-172291;48232;26095;2
123850;-178663;48700;25697;1
101218;-179351;47286;25654;2
123955;-178730;48707;25693;4
117712;-188251;48317;25098;8
120574;-187158;48495;25166;4
128722;-195259;49005;24660;4
110319;-186753;47854;25191;1
108391;-176658;47734;25822;1
120802;-182930;48510;25430;2
127857;-175115;48951;25919;2
111004;-183135;47897;25418;1
108313;-167627;47729;26387;8
123606;-187196;48685;25164;8
121592;-193195;48559;24789;1
112413;-177551;47985;25767;1
105948;-173149;47581;26042;1
108715;-166961;47754;26428;4
124513;-196588;48742;24577;1
127751;-182344;48944;25467;1
99615;-175540;47185;25892;1
125315;-181295;48792;25533;4
130158;-187088;49094;25171;2
116276;-172685;48227;26071;4
115047;-193191;48150;24789;8
99634;-165548;47187;26517;1
109514;-179805;47804;25626;8
120124;-165476;48467;26521;4
124777;-183338;48758;25405;8
118793;-171495;48384;26145;1
114156;-184911;48094;25307;1
127042;-184866;48900;25309;8
101051;-182330;47275;25468;1
130396;-192820;49109;24812;1
130334;-166324;49105;26468;8
117507;-182675;48304;25446;8
114962;-193173;48145;24790;8
115142;-180882;48156;25558;4
112386;-173953;47984;25991;2
101964;-173989;47332;25989;8
125248;-186874;48788;25184;1
107541;-177328;47681;25781;1
122325;-167365;48605;26403;2
120892;-184356;48515;25341;2
112444;-177584;47987;25765;4
109111;-180759;47779;25566;1
126041;-179648;48837;25636;8
129506;-187192;49054;25164;1
116048;-185061;48213;25297;4
112675;-175222;48002;25912;2
117382;-183202;48296;25413;4
101099;-182334;47278;25468;1
108500;-178745;47741;25692;1
113341;-175299;48043;25907;8
116646;-175139;48250;25917;1
122247;-167302;48600;26407;1
117735;-177923;48318;25743;1
100271;-168872;47226;26309;1
116259;-172137;48226;26105;8
129897;-189399;49078;25026;4
112184;-176722;47971;25818;8
116882;-184424;48265;25337;4
112542;-172338;47993;26092;4
114291;-194203;48103;24726;2
128843;-195231;49012;24662;8
127257;-176038;48913;25861;2
116222;-176996;48223;25801;1
130173;-187692;49095;25133;2
130786;-187233;49134;25161;2
117695;-195915;48315;24619;8
105540;-165848;47556;26498;4
126591;-186135;48871;25230;8
112577;-172352;47996;26092;4
124394;-189654;48734;25010;8
127792;-190131;48947;24980;2
99665;-175518;47189;25894;1
130179;-178665;49096;25697;1
127863;-175109;48951;25919;2
115553;-181767;48182;25503;8
130133;-187812;49093;25125;4
116644;-172828;48250;26062;1
121040;-184207;48525;25351;1
117646;-175888;48312;25871;4
106189;-173286;47596;26033;2
119943;-183062;48456;25422;2
122634;-191200;48624;24914;2
118823;-171626;48386;26137;8
99087;-173391;47152;26027;8
126318;-170198;48854;26226;8
116463;-191235;48238;24911;1
103992;-168700;47459;26320;2
101699;-180860;47316;25560;1
113162;-175204;48032;25913;1
118597;-182794;48372;25439;2
129206;-185691;49035;25258;4
108691;-176141;47753;25855;4
129838;-164671;49074;26572;2
127488;-187121;48928;25168;2
100270;-175427;47226;25899;1
115670;-177583;48189;25765;1
121992;-186497;48584;25207;2
130540;-187277;49118;25159;8
105255;-167536;47538;26393;4
120649;-186429;48500;25212;1
120452;-187161;48488;25166;1
122393;-192332;48609;24843;2
99934;-173281;47205;26033;2
100945;-174613;47269;25950;1
109861;-187974;47826;25115;1
115012;-182787;48148;25439;8
117095;-183243;48278;25411;2
118060;-189415;48338;25025;2
118534;-182801;48368;25438;1
118962;-190939;48395;24930;8
105378;-193061;47546;24797;1
100139;-175402;47218;25901;2
127518;-185026;48929;25299;8
104976;-191318;47521;24906;4
122060;-175183;48588;25915;1
121549;-193046;48556;24798;1
116400;-191384;48235;24902;4
129213;-164585;49035;26577;4
118943;-190899;48393;24932;4
106199;-173269;47597;26034;4
116576;-178936;48246;25680;1
104457;-177837;47488;25749;2
120663;-165542;48501;26517;2
127383;-181941;48921;25492;4
127882;-179884;48952;25621;1
103588;-166009;47434;26488;1
123425;-173832;48674;25999;1
121577;-193062;48558;24797;8
110534;-174145;47868;25979;8
129507;-189572;49054;25015;2
106103;-170914;47591;26181;8
110254;-193414;47850;24775;4
121546;-190729;48556;24943;4
129310;-187075;49041;25171;2
130538;-178592;49118;25702;4
122052;-193132;48588;24793;1
100374;-177307;47233;25782;8
113995;-174990;48084;25927;4
110637;-173470;47874;26022;4
111622;-166110;47936;26482;4
122668;-184788;48626;25314;2
106262;-177321;47601;25781;8
125134;-195204;48780;24663;2
125965;-165411;48832;26525;2
126382;-176627;48858;25824;8
113563;-173429;48057;26024;1
106277;-174549;47602;25954;8
115851;-177737;48200;25755;4
129556;-176460;49057;25835;4
129024;-183652;49024;25385;2
114295;-194248;48103;24723;1
128583;-178401;48996;25713;4
127568;-186252;48933;25223;1
128141;-182610;48968;25450;2
126581;-186286;48871;25221;1
127632;-180872;48937;25559;8
123586;-180640;48684;25574;2
125008;-181658;48773;25510;4
102270;-175538;47351;25892;4
108686;-171579;47752;26140;2
121715;-177697;48567;25757;1
130500;-185754;49116;25254;4
125591;-193033;48809;24799;8
117008;-183174;48273;25415;1
111707;-166064;47941;26485;1
123614;-176317;48685;25844;2
108536;-187700;47743;25132;4
126142;-171754;48843;26129;4
128256;-182720;48976;25444;4
116966;-193995;48270;24739;8
125962;-183635;48832;25386;8
118991;-179400;48396;25651;1
110930;-173352;47893;26029;2
110297;-186754;47853;25191;2
121876;-175162;48577;25916;1
126728;-179511;48880;25644;8
118025;-185241;48336;25286;2
121716;-196214;48567;24600;4
104860;-183787;47513;25377;4
111133;-187717;47905;25131;2
127671;-186362;48939;25216;4
127778;-182299;48946;25470;1
116145;-172724;48219;26068;1
114487;-192347;48115;24842;8
113522;-173665;48055;26009;1
100101;-175406;47216;25901;1
117084;-194002;48277;24738;8
113839;-187804;48074;25126;1
118067;-189365;48339;25028;4
122015;-186582;48585;25202;1
125796;-180788;48822;25564;4
109803;-173400;47822;26026;1
124377;-189613;48733;25013;8
127507;-180792;48929;25564;8
129464;-187253;49051;25160;4
116470;-170115;48239;26231;4
118451;-171110;48363;26169;8
128664;-175705;49001;25882;4
100223;-176474;47223;25834;2
122176;-185311;48596;25282;1
130529;-187075;49118;25171;1
124758;-185996;48757;25239;1
120148;-189034;48469;25049;2
124221;-183159;48723;25416;8
128268;-195416;48976;24650;1
102187;-168314;47346;26344;4
106103;-170998;47591;26176;1
108335;-171961;47730;26116;8
126212;-166759;48848;26441;4
125680;-184538;48815;25330;8
116454;-191390;48238;24902;1
113514;-164204;48054;26601;2
113522;-182022;48055;25487;1
114272;-194286;48102;24721;1
117845;-188149;48325;25104;8
114621;-176597;48123;25826;2
117069;-193931;48276;24743;8
127027;-176608;48899;25826;4
119355;-191267;48419;24909;2
103435;-178817;47424;25687;2
113771;-164411;48070;26588;8
112368;-173868;47983;25997;4
127355;-181830;48919;25499;8
113524;-173637;48055;26011;4
114186;-179276;48096;25659;8
109479;-176006;47802;25863;2
101694;-185706;47315;25257;2
114072;-169891;48089;26245;4
130158;-187766;49094;25128;8
116601;-175205;48247;25913;8
110602;-189636;47872;25011;8
112844;-192280;48012;24846;4
123299;-192720;48666;24819;2
110642;-193401;47875;24776;2
109654;-180968;47813;25553;2
106080;-175899;47590;25870;4
130391;-186977;49109;25177;1
122297;-167227;48603;26412;8
117036;-188859;48274;25060;2
116390;-172347;48234;26092;8
124242;-183081;48725;25421;8
99819;-173952;47198;25992;2
121060;-165622;48526;26512;8
125953;-183593;48832;25389;4
106866;-175445;47639;25898;2
130521;-185804;49117;25251;2
126411;-180283;48860;25596;2
120191;-188983;48471;25052;2
128805;-184406;49010;25338;1
121299;-190653;48541;24948;1
128070;-165368;48964;26528;1
126724;-185353;48880;25279;1
128059;-165363;48963;26528;2
114001;-170357;48085;26216;1
109741;-164035;47818;26611;1
129260;-189435;49038;25024;8
127436;-186082;48924;25233;1
113094;-173698;48028;26007;1
130100;-187790;49091;25127;4
127603;-185010;48935;25300;1
101642;-185708;47312;25257;8
109063;-180834;47776;25561;2
120878;-184385;48514;25339;2
129294;-185992;49040;25239;8
113603;-173349;48060;26029;4
119008;-179341;48398;25655;2
127661;-165422;48938;26525;8
129684;-190902;49065;24932;1
116354;-195561;48232;24641;1
129127;-184547;49030;25329;4
118427;-183958;48361;25366;8
121900;-185354;48578;25279;2
109174;-172453;47783;26085;2
108952;-188545;47769;25079;4
129653;-186463;49063;25210;8
106233;-174666;47599;25947;8
129767;-190942;49070;24930;8
127939;-182449;48956;25460;2
122757;-179744;48632;25630;2
104549;-177803;47494;25751;1
128795;-179416;49009;25650;8
103053;-169994;47400;26239;1
108778;-171592;47758;26139;8
123487;-182365;48677;25466;8
122059;-193256;48588;24785;1
103231;-173876;47411;25996;1
123425;-173844;48674;25998;1
116741;-188904;48256;25057;8
112420;-175111;47986;25919;2
119998;-181206;48459;25538;2
113770;-183494;48070;25395;2
113910;-183644;48079;25386;2
109656;-180886;47813;25558;1
106910;-175631;47641;25887;8
127180;-175541;48908;25892;1
122254;-167324;48600;26406;4
115027;-190903;48149;24932;8
113591;-171466;48059;26147;4
100274;-176531;47227;25830;2
120976;-165572;48521;26515;2
127826;-175127;48949;25918;2
106854;-175422;47638;25900;4
110468;-164111;47864;26607;4
130209;-193776;49098;24753;2
114514;-180087;48117;25608;2
115640;-170417;48187;26212;4
113675;-174746;48064;25942;4
118413;-171193;48360;26164;2
100161;-175486;47220;25896;1
127611;-191949;48935;24867;2
109291;-194439;47790;24711;1
104474;-177906;47489;25744;8
126838;-180105;48887;25607;8
105010;-183437;47523;25399;4
127536;-182021;48931;25487;4
101619;-180840;47311;25561;2
120721;-182799;48505;25439;1
114364;-192426;48107;24837;2
121619;-177716;48561;25756;4
129901;-189423;49078;25025;8
124707;-183326;48754;25406;4
115305;-166218;48166;26475;8
113425;-166040;48049;26486;1
123489;-177235;48678;25786;2
108854;-180215;47763;25600;1
103645;-165949;47437;26492;8
109005;-188588;47772;25077;2
110330;-193515;47855;24769;4
128909;-179922;49016;25618;2
128322;-164196;48980;26601;4
126845;-176298;48887;25845;4
111580;-177187;47933;25789;2
128348;-182666;48981;25447;4
128879;-179493;49014;25645;1
118860;-171421;48388;26150;4
115704;-194238;48191;24724;4
108053;-172078;47713;26109;1
104565;-172477;47495;26084;2
128932;-183538;49018;25392;1
126756;-179496;48882;25645;2
130148;-193148;49094;24792;8
114999;-179542;48147;25642;1
105042;-183513;47525;25394;1
110664;-193350;47876;24779;1
123254;-192987;48663;24802;8
121676;-190892;48564;24933;1
116656;-177061;48251;25797;4
121500;-187286;48553;25158;1
117632;-175961;48312;25866;1
113432;-173583;48049;26015;1
115486;-194313;48177;24719;8
108454;-188373;47738;25090;8
124327;-189588;48730;25014;2
102192;-169828;47347;26249;2
128371;-181617;48983;25512;8
111258;-173854;47913;25998;8
121380;-190340;48546;24967;8
118806;-171488;48385;26146;8
120415;-181752;48485;25504;2
113409;-164211;48048;26600;8
123878;-187805;48702;25126;8
114518;-184528;48117;25331;4
105888;-183553;47578;25391;1
112253;-187151;47975;25167;1
124942;-181685;48768;25508;2
130644;-178804;49125;25688;8
117032;-172704;48274;26070;4
103339;-170913;47418;26181;8
106784;-173263;47634;26035;4
103234;-164378;47412;26590;4
111299;-176175;47916;25853;4
118263;-188474;48351;25084;4
108593;-180168;47747;25603;8
102202;-173866;47347;25997;8
120889;-169615;48515;26263;8
122098;-193159;48591;24791;4
128473;-195472;48989;24647;4
128846;-179427;49012;25649;4
105313;-189919;47542;24994;4
108614;-174531;47748;25955;4
109995;-174446;47834;25961;8
105050;-187219;47525;25162;1
113191;-176379;48034;25840;4
129701;-177576;49066;25765;8
116354;-191559;48232;24891;8
128679;-178575;49002;25703;4
106421;-166709;47611;26444;4
102216;-174073;47348;25984;8
121695;-196203;48565;24601;8
127916;-179131;48954;25668;1
104982;-187244;47521;25161;4
120385;-188589;48484;25077;1
116879;-188830;48264;25062;8
120920;-185186;48517;25289;8
117031;-172772;48274;26065;2
128326;-178572;48980;25703;8
125442;-181213;48800;25538;1
119323;-182922;48417;25431;2
108114;-182142;47717;25480;1
128046;-165369;48962;26528;2
125070;-190404;48776;24963;8
113913;-175612;48079;25888;4
120187;-182754;48471;25441;1
114827;-182500;48136;25457;2
105730;-192991;47568;24802;1
114894;-180401;48140;25588;2
105312;-189855;47542;24998;2
112133;-165755;47968;26504;1
118008;-184133;48335;25355;1
103252;-164527;47413;26581;4
114608;-193085;48123;24796;8
105451;-175040;47550;25924;1
120056;-181123;48463;25543;8
115163;-180925;48157;25556;8
119541;-190304;48431;24970;1
113901;-187897;48078;25120;8
111494;-185649;47928;25260;2
130522;-185815;49117;25250;8
100808;-182643;47260;25448;4
115100;-196571;48153;24578;4
120047;-182166;48462;25478;4
120355;-188453;48482;25085;1
130494;-187040;49115;25174;1
125183;-195209;48783;24663;8
99760;-174196;47195;25976;2
109033;-186004;47774;25238;1
100355;-180048;47232;25611;4
117283;-176856;48290;25810;4
107468;-187992;47676;25114;2
106331;-174380;47605;25965;8
125027;-194373;48774;24715;1
116682;-177091;48252;25795;4
116456;-170115;48238;26231;1
126540;-191212;48868;24913;8
119439;-194000;48424;24739;8
116716;-193926;48254;24743;1
117587;-188675;48309;25071;1
117675;-189138;48314;25042;2
129858;-178440;49076;25711;1
113560;-193891;48057;24745;1
101211;-164642;47285;26573;8
117406;-174812;48297;25938;4
112440;-187759;47987;25129;1
115147;-194570;48156;24703;8
130486;-187112;49115;25169;2
105540;-194796;47556;24689;4
110715;-189639;47879;25011;1
108170;-172007;47720;26113;8
99853;-183348;47200;25404;4
115919;-177171;48204;25790;2
130172;-193053;49095;24798;8
129337;-187226;49043;25162;2
121961;-175134;48582;25918;1
126369;-180348;48858;25592;8
126053;-167862;48838;26372;8
109468;-176111;47801;25857;4
105142;-190148;47531;24979;1
121507;-190657;48554;24947;4
129214;-164546;49035;26579;4
111999;-188357;47959;25091;1
126867;-186965;48889;25178;8
101515;-166772;47304;26440;4
115516;-194354;48179;24716;4
130184;-178685;49096;25696;1
122088;-193061;48590;24797;4
105909;-196181;47579;24602;1
126802;-185427;48885;25274;1
100449;-177375;47238;25778;8
113974;-170318;48083;26219;8
121691;-177723;48565;25756;1
129339;-165123;49043;26543;8
117336;-193426;48293;24774;4
100344;-175419;47231;25900;1
121625;-190965;48561;24928;2
122073;-186628;48589;25199;4
121869;-175137;48576;25917;2
129109;-177521;49029;25768;4
115893;-171501;48203;26145;8
122106;-186537;48591;25205;1
102553;-171237;47369;26161;1
125200;-186871;48785;25184;4
117063;-183414;48276;25400;2
128419;-178493;48986;25708;8
113888;-174549;48078;25954;1
129533;-187055;49055;25173;2
109439;-185692;47799;25258;2
113948;-185150;48081;25292;8
113523;-166119;48055;26481;4
118095;-185124;48340;25293;1
104340;-184959;47481;25304;4
101058;-184946;47276;25304;8
125120;-195211;48780;24663;1
130474;-187346;49114;25154;1
124117;-186750;48717;25192;8
129110;-185526;49029;25268;2
119936;-182173;48456;25478;8
121412;-196093;48548;24608;2
122031;-186643;48586;25198;4
105819;-192906;47573;24807;2
110104;-173538;47841;26017;1
124632;-183464;48749;25397;8
118524;-184026;48367;25362;2
121491;-190704;48553;24945;4
128965;-180061;49020;25610;1
106056;-175903;47588;25870;4
115714;-177204;48192;25788;4
128186;-182596;48971;25451;8
122627;-191162;48624;24916;8
126059;-167932;48838;26368;2
117506;-171135;48304;26168;1
117030;-184305;48274;25344;4
129833;-165711;49074;26507;8
105957;-196187;47582;24602;4
106049;-195377;47588;24652;8
108961;-177417;47770;25775;1
123787;-187808;48696;25126;1
128790;-179994;49009;25614;2
130437;-178708;49112;25694;4
120086;-189039;48465;25049;1
123986;-177831;48709;25749;4
113454;-171387;48050;26152;1
108399;-167575;47734;26390;2
129397;-187067;49047;25172;4
114600;-188013;48122;25113;8
113376;-183331;48046;25405;1
120613;-187812;48498;25125;4
115023;-193256;48148;24785;8
111592;-177196;47934;25789;4
107625;-177305;47686;25782;1
122710;-194100;48629;24732;2
124656;-193567;48751;24766;1
120415;-175387;48485;25902;2
112158;-180933;47969;25555;4
106057;-195350;47588;24654;2
130134;-187724;49093;25131;2
118395;-170309;48359;26219;2
129538;-182163;49056;25478;4
129747;-182532;49069;25455;8
121196;-165667;48534;26509;4
113399;-193216;48047;24788;8
129514;-189686;49054;25008;8
108531;-180781;47743;25565;4
102022;-170412;47336;26213;1
110377;-189790;47858;25002;8
111104;-187690;47904;25133;8
128590;-168859;48996;26310;4
111380;-173301;47921;26032;2
106063;-174596;47588;25951;1
127637;-164289;48937;26595;4
118096;-192534;48341;24830;1
104787;-167584;47509;26390;1
120700;-178990;48503;25677;8
119492;-194019;48428;24737;2
121990;-175116;48584;25919;4
101548;-166713;47306;26444;1
128974;-179368;49020;25653;4
110869;-173424;47889;26025;8
131002;-187490;49147;25145;8
104975;-187253;47520;25160;1
113868;-175596;48076;25889;2
117229;-195658;48286;24635;2
105706;-167049;47566;26423;2
115646;-194279;48187;24721;8
124986;-182066;48771;25484;8
118095;-192578;48340;24827;1
123521;-190544;48680;24955;8
113709;-174827;48066;25937;1
127978;-165732;48958;26505;2
108077;-170113;47714;26231;2
126169;-179192;48845;25664;4
123402;-182292;48672;25470;1
127840;-181333;48950;25530;1
122219;-192166;48598;24853;2
116767;-184330;48257;25343;2
116577;-194079;48246;24734;8
116372;-170119;48233;26231;8
122513;-192414;48617;24838;8
114985;-179536;48146;25643;8
120878;-169076;48514;26296;8
128820;-184334;49011;25343;1
126192;-168877;48847;26309;8
118263;-183660;48351;25385;2
118487;-184043;48365;25361;8
108402;-180274;47735;25596;1
128326;-181561;48980;25516;2
118303;-190537;48353;24955;4
124776;-186484;48758;25208;4
124518;-173105;48742;26044;1
128258;-178766;48976;25691;1
129997;-184452;49084;25335;1
118141;-189396;48343;25026;1
100459;-180006;47238;25613;8
129051;-185545;49025;25267;1
128961;-179437;49020;25649;4
122196;-186523;48597;25206;8
126297;-176449;48853;25835;2
109960;-174409;47832;25963;2
101691;-180740;47315;25567;2
118445;-185173;48362;25290;2
124707;-187082;48754;25171;1
120863;-188979;48513;25052;1
105001;-183535;47522;25393;2
119035;-179331;48399;25655;1
101891;-170488;47328;26208;2
114494;-192365;48115;24841;8
106176;-173295;47596;26033;2
106311;-174579;47604;25952;2
116641;-178783;48250;25690;1
112023;-183354;47961;25404;1
120164;-193576;48470;24765;4
128937;-179425;49018;25649;1
108734;-171667;47755;26134;8
127267;-181815;48914;25500;4
98340;-163948;47106;26617;4
122004;-193107;48585;24794;2
110257;-177845;47851;25748;8
120818;-182869;48511;25434;4
117738;-168627;48318;26324;8
104610;-178069;47498;25734;1
121819;-192816;48573;24813;8
120424;-175413;48486;25900;1
117496;-183400;48303;25401;8
113388;-189236;48046;25036;8
113239;-182123;48037;25481;1
100804;-182993;47260;25426;2
113397;-175240;48047;25911;1
124949;-182065;48769;25484;2
118644;-186229;48375;25224;4
101062;-184873;47276;25309;2
113922;-170328;48080;26218;2
120471;-187231;48489;25162;2
115954;-177788;48207;25752;2
104505;-177802;47491;25751;1
105546;-195726;47556;24631;1
126662;-191243;48876;24911;2
119301;-182277;48416;25471;8
116802;-184427;48260;25337;1
125655;-193091;48813;24795;2
115056;-190955;48151;24929;2
129207;-177797;49035;25751;2
117099;-188868;48278;25059;4
128305;-178680;48979;25696;1
117379;-183415;48296;25400;2
123475;-173935;48677;25993;1
128176;-180317;48971;25594;1
123750;-169908;48694;26244;2
127317;-189810;48917;25000;4
125246;-172353;48787;26091;1
115561;-186847;48182;25186;8
99293;-178826;47165;25687;2
105487;-194603;47552;24701;4
101097;-184870;47278;25309;2
122088;-186627;48590;25199;1
128327;-195410;48980;24650;2
100427;-177350;47236;25779;2
112226;-165746;47974;26504;8
121156;-188694;48532;25070;8
102174;-174039;47345;25986;1
109288;-189204;47790;25038;1
128868;-178049;49014;25735;4
119130;-179045;48405;25673;2
129621;-176402;49061;25838;8
125075;-195229;48777;24662;2
128355;-195584;48982;24640;4
122187;-193752;48596;24754;8
123407;-182385;48672;25464;8
130146;-191850;49094;24873;4
115037;-195150;48149;24667;1
114634;-193098;48124;24795;1
125648;-181070;48813;25547;4
128667;-178282;49001;25721;1
106362;-174516;47607;25956;4
113995;-192803;48084;24813;1
129042;-180775;49025;25565;2
109475;-176088;47802;25858;2
122629;-179604;48624;25638;1
118665;-191186;48376;24914;2
126591;-186306;48871;25219;4
117680;-188277;48315;25096;8
128360;-181589;48982;25514;8
111552;-184595;47932;25326;4
129021;-179921;49023;25618;2
106850;-173277;47638;26034;8
129434;-186355;49049;25216;1
109785;-173394;47821;26026;2
102677;-178638;47377;25699;4
127653;-182183;48938;25477;1
120988;-165681;48521;26508;2
129038;-194770;49024;24690;8
128662;-175802;49001;25876;1
121578;-190607;48558;24951;4
120535;-185684;48493;25258;2
127872;-165752;48952;26504;8
105187;-194566;47534;24703;2
119102;-169156;48403;26291;8
108298;-185781;47728;25252;2
130583;-178797;49121;25689;4
130142;-191835;49093;24874;4
112129;-165680;47968;26509;2
112774;-192266;48008;24847;8
124945;-194358;48769;24716;4
108572;-168664;47745;26322;8
118428;-183986;48361;25364;4
119407;-191346;48422;24904;1
114323;-181867;48105;25497;4
126621;-192378;48873;24840;1
121163;-165730;48532;26505;1
122202;-193761;48597;24753;1
126358;-180245;48857;25598;2
106118;-173256;47592;26035;1
115097;-180946;48153;25554;4
101958;-177885;47332;25746;1
129592;-176468;49059;25834;8
111917;-188392;47954;25089;8
128567;-168872;48995;26309;1
103236;-173918;47412;25994;8
113621;-171499;48061;26145;1
105082;-194483;47527;24708;1
130286;-166754;49102;26441;1
128352;-176644;48982;25823;1
128834;-184364;49012;25341;2
128788;-184181;49009;25352;8
128285;-164097;48977;26607;2
120387;-181724;48484;25506;4
123461;-182371;48676;25465;1
112358;-173861;47982;25997;1
121051;-165507;48525;26519;1
126058;-175183;48838;25915;1
111809;-179257;47948;25660;4
110515;-185706;47867;25257;4
127876;-181448;48952;25523;1
116088;-184994;48215;25301;4
117570;-188634;48308;25074;1
122174;-186648;48595;25198;1
113629;-178870;48061;25684;8
102145;-174012;47344;25988;1
112968;-189406;48020;25026;4
114355;-181852;48107;25498;1
124486;-170641;48740;26198;8
123042;-165798;48650;26501;8
116304;-172715;48229;26069;8
101617;-166741;47311;26442;1
125967;-165379;48832;26527;8
102930;-164484;47393;26583;8
130820;-187304;49136;25157;1
112329;-186289;47980;25220;2
126297;-166769;48853;26440;1
115604;-169895;48185;26245;8
116069;-194444;48214;24711;8
114837;-182417;48137;25462;8
120832;-184352;48512;25342;2
125190;-194214;48784;24725;8
98381;-163957;47108;26616;4
113806;-175518;48072;25894;1
100920;-168362;47267;26341;4
121065;-165559;48526;26516;2
120418;-187590;48486;25139;2
113474;-182082;48052;25483;4
116066;-194430;48214;24712;1
115069;-179543;48151;25642;4
108536;-188310;47743;25094;2
126550;-191127;48869;24918;4
130553;-178687;49119;25696;1
105124;-190187;47530;24977;8
125974;-179700;48833;25632;8
101055;-184942;47275;25305;2
104961;-164688;47520;26571;1
100521;-174011;47242;25988;8
102062;-170448;47338;26211;1
111606;-184608;47935;25326;1
127368;-176567;48920;25828;2
106465;-174086;47614;25983;1
119126;-178999;48405;25676;1
105551;-194720;47556;24694;2
102205;-174404;47347;25963;1
117757;-195913;48319;24619;8
99324;-178871;47167;25684;2
111934;-188406;47955;25088;2
116352;-191533;48232;24893;1
120169;-165258;48470;26535;4
117777;-188087;48321;25108;2
116226;-172142;48224;26105;4
129508;-179416;49054;25650;2
110689;-175285;47878;25908;8
117540;-182051;48306;25485;4
113256;-176287;48038;25846;4
119354;-183030;48419;25424;1
121065;-165576;48526;26515;2
111350;-177913;47919;25744;2
118722;-191202;48380;24913;4
106457;-177573;47613;25765;8
108551;-190268;47744;24972;4
99786;-168982;47196;26302;2
128775;-196095;49008;24608;8
106661;-172996;47626;26051;8
128541;-178403;48993;25713;4
127614;-176800;48935;25814;1
100288;-165215;47228;26538;8
102654;-178103;47375;25732;8
108679;-176159;47752;25854;2
114613;-170470;48123;26209;2
127502;-186314;48928;25219;8
128891;-179924;49015;25618;4
117744;-178000;48319;25739;2
120736;-182977;48506;25427;8
111237;-177840;47912;25749;2
120356;-181661;48482;25510;8
120348;-181663;48481;25510;4
118053;-184289;48338;25345;2
104708;-167578;47504;26390;1
127425;-176530;48924;25830;1
125192;-172377;48784;26090;1
129406;-181817;49047;25500;4
106018;-174483;47586;25958;8
99662;-183099;47188;25420;1
107893;-190049;47703;24985;4
124661;-183503;48751;25395;2
113503;-164203;48053;26601;2
117714;-175881;48317;25871;2
111327;-176190;47917;25852;2
122667;-194065;48626;24734;4
120432;-188479;48487;25084;1
124389;-167727;48734;26381;1
120415;-188565;48485;25078;2
120542;-187293;48493;25158;8
114857;-193369;48138;24778;4
124782;-186483;48758;25208;2
113290;-183388;48040;25402;4
104138;-165688;47468;26508;4
114624;-170405;48124;26213;8
130176;-178494;49096;25708;1
101226;-179333;47286;25655;2
120614;-186422;48498;25212;2
112747;-190835;48006;24936;2
118886;-193737;48390;24755;2
118423;-183939;48361;25367;1
115073;-182920;48152;25431;1
120392;-188573;48484;25078;2
121641;-177668;48562;25759;2
109121;-172466;47780;26084;1
111275;-173925;47914;25993;1
115818;-177224;48198;25787;1
105497;-193054;47553;24798;4
127042;-176617;48900;25825;1
104977;-187148;47521;25167;2
113422;-166065;48048;26484;4
126091;-191157;48840;24916;8
119427;-193967;48424;24741;4
110253;-177856;47850;25748;4
115741;-171601;48193;26138;2
107576;-177399;47683;25776;1
121570;-165752;48558;26504;2
101908;-174027;47329;25987;4
122021;-193224;48586;24787;2
118132;-189437;48343;25024;2
115031;-193729;48149;24755;2
125733;-180799;48818;25564;2
120036;-182231;48462;25474;2
108147;-172074;47719;26109;8
112671;-190841;48001;24936;1
114607;-180233;48122;25599;8
114993;-195129;48147;24668;1
109081;-188492;47777;25083;2
114588;-180225;48121;25599;4
109490;-176053;47803;25860;4
115259;-181995;48163;25489;2
100534;-174001;47243;25988;2
108688;-171545;47753;26142;2
115002;-193245;48147;24786;8
112193;-165642;47972;26511;2
130501;-178762;49116;25691;2
117722;-195861;48317;24622;4
130452;-187011;49113;25175;8
114627;-175180;48124;25915;1
105942;-167546;47581;26392;2
121421;-180402;48548;25588;2
123476;-177363;48677;25778;8
115870;-185072;48201;25297;1
117661;-175952;48313;25867;1
123667;-176895;48689;25808;8
126673;-191327;48877;24906;2
123634;-176356;48687;25841;4
120921;-189051;48517;25048;8
103279;-173844;47414;25998;2
129197;-189247;49034;25036;4
116451;-191584;48238;24890;2
116415;-185261;48235;25285;2
117553;-179435;48307;25649;1
111216;-187701;47911;25132;8
124485;-173145;48740;26042;1
123210;-164900;48660;26557;2
119340;-178965;48418;25678;2
121542;-190703;48556;24945;1
127565;-188754;48932;25066;4
127874;-180840;48952;25561;2
114358;-194390;48107;24714;4
121006;-167392;48522;26402;4
114161;-184859;48095;25310;8
106046;-171002;47587;26176;1
109791;-180255;47821;25598;4
126270;-176533;48851;25830;4
105857;-183657;47576;25385;4
107867;-189970;47701;24990;8
130272;-193778;49102;24752;8
130131;-194236;49093;24724;2
128357;-178600;48982;25701;8
114659;-176592;48126;25827;1
120073;-165423;48464;26525;1
105561;-195819;47557;24625;2
105304;-176414;47541;25838;2
117051;-194368;48275;24716;4
116691;-177052;48253;25798;8
101081;-182534;47277;25455;2
113331;-182044;48043;25486;1
121193;-180544;48534;25580;1
121673;-177788;48564;25752;1
124953;-194410;48769;24713;8
115978;-185032;48208;25299;8
123905;-177922;48704;25743;2
128207;-180285;48972;25596;1
116204;-176971;48222;25803;2
126159;-171702;48844;26132;8
127567;-191970;48932;24865;1
102682;-178669;47377;25697;8
126412;-180334;48860;25593;2
118093;-185189;48340;25289;1
117175;-175527;48283;25893;1
115703;-181612;48191;25513;1
127392;-176541;48922;25830;2
110534;-174133;47868;25980;4
120409;-188657;48485;25072;4
100329;-175393;47230;25901;2
108723;-180103;47755;25607;4
105424;-193058;47549;24797;4
105378;-194912;47546;24682;4
114580;-192183;48121;24852;4
114102;-192658;48091;24822;4
100188;-176443;47221;25836;8
123533;-178338;48680;25717;8
112073;-172805;47964;26063;8
118238;-183745;48349;25379;8
114392;-181866;48109;25497;4
119338;-182337;48418;25467;8
105339;-194780;47543;24690;2
105606;-167501;47560;26395;4
104532;-177862;47493;25747;1
109485;-176156;47802;25854;8
118506;-170290;48366;26220;1
118442;-171051;48362;26173;2
128478;-182828;48989;25437;2
117737;-175905;48318;25869;2
122159;-193679;48594;24759;8
129504;-187207;49054;25163;2
115161;-196561;48157;24578;1
130064;-193067;49089;24797;1
109658;-180983;47813;25552;2
118466;-183985;48364;25364;8
120094;-187342;48465;25155;8
126229;-170163;48849;26228;2
112795;-189366;48009;25028;8
120825;-182850;48511;25435;4
128163;-182543;48970;25455;4
128723;-175792;49005;25877;2
114487;-180032;48115;25612;1
128388;-195531;48984;24643;4
112478;-175283;47989;25908;2
121144;-190583;48531;24952;4
112005;-172865;47960;26059;4
109001;-186025;47772;25237;1
108086;-179840;47715;25624;4
126919;-177341;48892;25780;1
105998;-195440;47584;24649;1
128816;-178123;49011;25731;2
104972;-164695;47520;26570;4
120134;-181184;48468;25540;4
110197;-186980;47847;25177;1
114367;-179884;48107;25621;8
106896;-165157;47641;26541;1
105372;-193083;47545;24796;2
120413;-188446;48485;25086;2
121975;-185419;48583;25275;4
118503;-171148;48366;26167;8
123665;-169933;48689;26243;4
115936;-177719;48206;25756;2
100954;-168351;47269;26342;8
121035;-184257;48524;25347;4
108408;-176696;47735;25820;4
121007;-184266;48522;25347;1
120091;-165364;48465;26528;1
110553;-174172;47869;25978;1
123986;-177928;48709;25743;1
105810;-192923;47573;24806;4
122227;-186499;48599;25207;8
129700;-177660;49066;25760;1
124280;-183111;48727;25419;2
120332;-188696;48480;25070;4
121877;-191132;48577;24918;4
128825;-196088;49011;24608;8
115622;-170483;48186;26208;4
120848;-184367;48513;25341;4
114159;-192654;48094;24823;1
130132;-178529;49093;25705;4
120568;-187188;48495;25164;4
130310;-186956;49104;25179;8
117484;-183240;48302;25411;4
125573;-193052;48808;24798;8
126566;-191122;48870;24918;1
117022;-183286;48273;25408;1
115265;-180340;48164;25592;8
120166;-187364;48470;25153;8
128425;-182845;48986;25436;4
116154;-172675;48219;26071;8
118873;-171482;48389;26146;4
130119;-178473;49092;25709;2
129517;-179370;49054;25653;8
123147;-164917;48656;26556;4
104239;-174083;47474;25983;2
107422;-187996;47673;25114;1
99741;-174147;47193;25979;4
117646;-189082;48312;25046;1
110127;-186931;47842;25180;4
130274;-178526;49102;25706;2
122012;-186559;48585;25204;1
119482;-190236;48427;24974;2
99500;-166482;47178;26458;2
112337;-173880;47981;25996;8
114623;-192167;48123;24853;4
120922;-188999;48517;25051;4
113368;-185398;48045;25276;4
113243;-182110;48037;25482;2
115227;-180331;48161;25593;1
121229;-190633;48536;24949;4
117523;-179348;48305;25654;8
100854;-181528;47263;25518;1
128694;-175831;49003;25874;8
104435;-184919;47487;25306;8
114224;-192551;48099;24829;4
117067;-183186;48276;25414;4
127308;-176051;48916;25860;8
116006;-184012;48210;25363;4
118824;-167154;48386;26416;8
128937;-180017;49018;25612;1
119204;-190715;48410;24944;1
112848;-178408;48013;25713;1
113735;-174749;48068;25942;2
129786;-190924;49071;24931;8
110088;-186980;47840;25177;4
115869;-184635;48201;25324;2
120466;-185637;48489;25261;4
124015;-166423;48710;26462;8
121499;-190635;48553;24949;4
105954;-167485;47582;26396;4
110170;-186916;47845;25181;8
106381;-166754;47608;26441;4
112096;-172917;47966;26056;2
113739;-174763;48068;25941;4
120350;-188520;48481;25081;1
127565;-187136;48932;25168;2
115095;-194879;48153;24684;2
113176;-176371;48033;25840;2
112957;-190665;48019;24947;2
103037;-164538;47399;26580;2
106454;-177562;47613;25766;1
127444;-176559;48925;25829;4
109795;-173418;47822;26025;4
117516;-188633;48304;25074;2
108535;-188390;47743;25089;4
110250;-186823;47850;25187;1
128153;-180271;48969;25597;4
122539;-192512;48618;24832;1
113787;-174793;48071;25939;4
99897;-183317;47203;25406;4
123896;-178621;48703;25700;2
113613;-181779;48060;25502;8
115981;-183962;48208;25366;1
130229;-186871;49099;25184;4
120125;-189000;48467;25051;4
118270;-171194;48351;26164;4
100246;-175368;47225;25903;4
129104;-184478;49029;25334;4
122683;-191109;48627;24919;2
119159;-179046;48407;25673;4
126131;-179083;48843;25671;2
130256;-166685;49101;26446;8
116219;-176917;48223;25806;1
124374;-176826;48733;25812;4
122205;-186504;48597;25207;1
116083;-194529;48215;24705;2
113566;-193800;48057;24751;4
115072;-176195;48152;25851;2
110627;-175332;47874;25905;2
113458;-182098;48051;25482;4
126698;-192351;48878;24842;1
125952;-183610;48832;25388;1
112017;-172874;47961;26059;2
118017;-189323;48336;25031;2
116074;-194465;48214;24709;8
122257;-167404;48601;26401;8
123606;-190447;48685;24961;4
123797;-191632;48697;24887;4
128708;-175726;49004;25881;2
114645;-187958;48125;25116;2
120623;-187808;48498;25126;2
107549;-188818;47681;25062;4
126946;-186910;48894;25182;2
113372;-193210;48045;24788;8
120572;-187292;48495;25158;4
127475;-188583;48927;25077;1
128876;-179515;49014;25644;4
121426;-190356;48549;24966;4
114244;-179275;48100;25659;1
115795;-177210;48197;25788;4
99780;-169009;47196;26300;4
118493;-185175;48365;25290;4
121278;-165475;48539;26521;1
122113;-185336;48592;25280;1
110677;-189609;47877;25013;4
119367;-179023;48420;25675;2
130086;-187846;49090;25123;8
129975;-186696;49083;25195;1
130381;-185963;49108;25241;8
127954;-180798;48957;25564;1
120065;-189007;48464;25051;8
108124;-179795;47717;25626;4
105724;-195903;47567;24620;1
119291;-182299;48415;25470;2
118347;-170355;48356;26216;2
128635;-195872;48999;24622;1
121339;-190596;48543;24951;1
129170;-177887;49033;25746;4
117471;-174789;48301;25939;4
102168;-169767;47345;26253;8
122801;-177107;48635;25794;1
113108;-175019;48029;25925;4
128279;-164127;48977;26606;8
130215;-194917;49098;24681;8
114041;-185152;48087;25292;4
125381;-172293;48796;26095;4
115883;-185054;48202;25298;4
119045;-180693;48400;25570;8
116620;-178787;48248;25689;8
121980;-175167;48583;25916;1
106724;-186109;47630;25232;8
114567;-170391;48120;26214;2
117413;-180488;48298;25583;4
117757;-182980;48319;25427;2
125227;-172361;48786;26091;8
120557;-176044;48494;25861;2
121004;-165745;48522;26504;1
128431;-182898;48986;25432;8
112010;-172916;47960;26056;2
124507;-196488;48741;24583;4
101707;-185684;47316;25258;1
105053;-187214;47525;25163;2
112860;-175014;48013;25925;4
115084;-176132;48152;25855;8
116692;-175187;48253;25914;8
112953;-173693;48019;26008;2
109589;-181529;47809;25518;2
128126;-179243;48967;25661;8
117062;-183186;48276;25414;2
101290;-168493;47290;26333;1
116217;-172681;48223;26071;8
117686;-164337;48315;26592;4
106848;-175394;47638;25901;2
114551;-192315;48119;24844;4
122116;-193680;48592;24759;2
130296;-166738;49103;26442;4
113785;-176671;48071;25822;4
118762;-191105;48382;24919;2
128852;-180036;49013;25611;2
127596;-180792;48934;25564;8
115120;-176220;48155;25850;2
126028;-167910;48836;26369;8
118167;-183781;48345;25377;2
123845;-166482;48700;26458;4
105543;-193063;47556;24797;8
104556;-177830;47494;25749;8
112899;-189072;48016;25047;1
101919;-177892;47329;25745;4
100224;-175398;47224;25901;2
126502;-186290;48866;25220;2
121136;-196087;48531;24608;1
111925;-172549;47955;26079;8
116446;-191553;48237;24891;4
114884;-182411;48140;25463;8
112994;-189176;48022;25040;1
128629;-195868;48999;24622;1
122878;-179796;48639;25626;8
127647;-180948;48937;25554;4
111328;-176188;47918;25852;8
128959;-194392;49019;24714;1
120917;-189152;48517;25042;1
129459;-179278;49051;25659;8
126670;-191347;48876;24904;4
130177;-178468;49096;25709;1
117572;-182048;48308;25486;8
100096;-176329;47216;25843;8
115092;-176182;48153;25852;4
130068;-193029;49089;24799;2
129721;-192023;49067;24862;2
125521;-181245;48805;25536;8
130992;-187426;49147;25149;1
130049;-187887;49088;25121;1
122004;-186519;48585;25206;1
109712;-180099;47817;25607;2
128202;-182547;48972;25454;1
127030;-176594;48899;25826;2
127957;-180820;48957;25562;8
106006;-174476;47585;25959;2
109003;-188614;47772;25075;8
117786;-189186;48321;25039;2
99774;-169083;47195;26296;8
128833;-178153;49012;25729;8
105077;-191256;47527;24910;4
121650;-177711;48563;25757;8
125793;-193145;48822;24792;4
112236;-176644;47974;25823;4
130110;-191853;49091;24873;2
105121;-190090;47530;24983;4
117527;-188742;48305;25067;1
115646;-180088;48187;25608;2
116791;-184419;48259;25337;4
108777;-171560;47758;26141;8
113625;-178923;48061;25681;2
106313;-174357;47604;25966;2
114163;-192714;48095;24819;4
122016;-193587;48586;24764;8
116204;-165174;48222;26540;8
111555;-184678;47932;25321;8
129381;-187113;49046;25169;2
118817;-171647;48386;26136;1
101710;-185693;47316;25258;8
105551;-194623;47556;24700;8
121617;-193261;48561;24785;4
122330;-184011;48605;25363;8
129143;-194934;49031;24680;2
114071;-184851;48089;25310;4
128865;-195223;49014;24662;1
106801;-175423;47635;25900;4
123643;-176269;48687;25847;2
110595;-175294;47872;25908;1
111152;-194023;47907;24737;2
120908;-188996;48516;25051;1
107471;-188012;47676;25113;4
106774;-175476;47633;25896;1
119910;-190885;48454;24933;2
128729;-175705;49005;25882;2
116177;-165193;48221;26539;8
121001;-184277;48522;25346;8
117327;-176876;48292;25809;2
113740;-176750;48068;25817;1
115659;-181506;48188;25519;2
109535;-176069;47805;25859;4
122065;-193146;48589;24792;8
107786;-169492;47696;26270;4
109118;-180759;47779;25566;2
127574;-187097;48933;25170;1
104620;-170271;47498;26222;8
126778;-189391;48883;25027;4
115850;-177261;48200;25785;4
112406;-177661;47985;25760;2
110627;-173513;47874;26019;4
116333;-172084;48230;26108;1
116706;-178744;48254;25692;8
100097;-175363;47216;25903;4
105197;-190169;47534;24978;1
115117;-180965;48154;25553;4
120912;-189163;48517;25041;1
127501;-168497;48928;26332;1
104668;-170253;47501;26223;1
116041;-185059;48212;25297;2
127584;-185088;48934;25296;1
108661;-180130;47751;25605;4
101620;-166783;47311;26440;8
122070;-171034;48589;26174;2
113352;-185391;48044;25277;8
114421;-181810;48111;25500;4
124366;-189681;48732;25008;8
114067;-170200;48089;26226;8
123916;-178783;48704;25690;8
120380;-187522;48483;25143;8
105788;-175822;47571;25875;1
130748;-187152;49131;25167;4
106770;-170772;47633;26190;8
118815;-171621;48385;26137;4
128333;-179911;48980;25619;4
114364;-194230;48107;24724;2
116371;-172105;48233;26107;8
121649;-187515;48563;25144;4
122725;-194090;48630;24733;4
101350;-182698;47294;25445;2
127829;-190127;48949;24981;8
108344;-171961;47731;26116;1
108219;-172152;47723;26104;4
122823;-191804;48636;24876;1
130296;-193728;49103;24756;8
123214;-192915;48660;24806;2
113925;-175024;48080;25925;1
114824;-182722;48136;25443;8
109637;-176107;47812;25857;2
129686;-182567;49065;25453;8
104569;-172515;47495;26081;4
108110;-182035;47716;25486;2
103052;-170022;47400;26237;1
105043;-187221;47525;25162;1
122011;-175199;48585;25914;1
112041;-183394;47962;25401;1
129364;-181812;49045;25500;1
115239;-181990;48162;25489;4
127265;-189794;48914;25001;4
113685;-176681;48065;25821;2
126440;-176537;48862;25830;4
120686;-186467;48502;25209;2
106595;-168644;47622;26323;4
117084;-188891;48277;25058;8
129317;-177694;49042;25758;4
113426;-164188;48049;26602;4
120990;-185314;48521;25281;2
125236;-186798;48787;25189;1
106650;-186004;47625;25238;4
112782;-192350;48008;24842;8
130496;-187353;49116;25154;1
112022;-183347;47961;25404;8
105994;-174610;47584;25950;1
118111;-192621;48341;24825;1
129302;-177708;49041;25757;4
128916;-169779;49017;26252;2
115989;-194328;48209;24718;1
110976;-183089;47896;25420;2
123780;-187861;48696;25122;8
121495;-166195;48553;26476;1
127984;-179947;48959;25617;2
105668;-195889;47564;24620;4
101217;-168522;47286;26331;8
121000;-185226;48522;25287;4
129462;-179307;49051;25657;2
105298;-194808;47541;24688;4
120606;-186462;48497;25210;4
101756;-180830;47319;25562;1
129243;-177806;49037;25751;8
113710;-176763;48066;25816;4
116579;-178943;48246;25680;8
127145;-181451;48906;25523;2
113217;-175181;48036;25915;4
121988;-193132;48584;24793;1
121191;-165660;48534;26510;8
119056;-169133;48401;26293;2
100305;-165210;47229;26538;2
114824;-180912;48136;25557;1
130235;-192606;49099;24826;2
100312;-165167;47229;26541;8
105944;-196131;47581;24605;1
100121;-176376;47217;25840;2
106974;-175735;47645;25880;2
128225;-180265;48974;25597;1
120790;-186543;48509;25205;4
100147;-176490;47219;25833;4
128430;-195392;48986;24652;4
122072;-191922;48589;24868;8
127592;-176878;48934;25809;8
127349;-189789;48919;25002;4
122062;-193266;48588;24784;8
111143;-187741;47906;25130;8
121472;-190777;48552;24940;2
109495;-179757;47803;25629;8
129446;-187014;49050;25175;1
130514;-178739;49117;25692;8
121370;-196079;48545;24609;4
114106;-184953;48091;25304;2
106846;-176264;47637;25847;4
127619;-186253;48936;25223;8
113162;-175226;48032;25912;8
113878;-175592;48077;25889;1
121439;-196095;48549;24608;4
105053;-183430;47525;25399;8
118468;-171170;48364;26165;1
126795;-185440;48884;25274;4
115969;-183972;48208;25365;8
100973;-182894;47270;25433;8
119260;-190687;48413;24946;4
126536;-191207;48868;24913;2
127289;-189765;48915;25003;8
109517;-176057;47804;25860;1
109196;-194485;47784;24708;4
120354;-187559;48482;25141;4
114031;-170921;48086;26181;8
123552;-176796;48682;25814;8
113546;-173373;48056;26028;1
117591;-188675;48309;25071;4
112895;-178330;48015;25718;1
108351;-190415;47731;24963;2
105424;-175074;47549;25921;8
115821;-171525;48198;26143;2
108542;-180193;47743;25601;8
105205;-190202;47535;24976;4
120176;-189056;48471;25048;4
99656;-175518;47188;25894;2
125820;-180825;48823;25562;2
112562;-183369;47995;25403;1
130410;-186966;49110;25178;2
126473;-191166;48864;24916;4
126847;-193169;48887;24790;4
129041;-185522;49025;25268;1
120897;-176531;48516;25830;8
121586;-187311;48559;25157;8
128615;-168875;48998;26309;1
110579;-164193;47871;26601;8
112501;-173427;47991;26024;8
103274;-164531;47414;26580;2
116750;-186635;48256;25199;4
115317;-166208;48167;26476;8
122195;-185169;48597;25290;1
107648;-182396;47688;25464;8
115261;-166196;48163;26476;1
129610;-176487;49060;25833;2
99696;-183147;47191;25417;8
106703;-185995;47628;25239;8
105180;-190085;47533;24983;2
120099;-187390;48466;25152;1
118061;-192620;48338;24825;2
104739;-178509;47506;25707;2
106013;-174607;47585;25951;2
124337;-167697;48731;26382;1
129019;-183470;49023;25397;8
107570;-188823;47683;25062;8
127611;-187019;48935;25175;1
123468;-193402;48676;24776;4
128156;-182620;48969;25450;2
100214;-176284;47223;25846;8
99463;-166403;47176;26463;8
107634;-188865;47687;25059;1
112922;-189825;48017;24999;4
119015;-190919;48398;24931;1
117906;-178557;48329;25704;2
117078;-194400;48277;24714;8
108754;-171713;47757;26131;8
129910;-189415;49079;25025;1
129649;-182256;49063;25473;2
101304;-179216;47291;25663;4
112070;-173844;47964;25998;8
127569;-182082;48933;25483;2
117354;-193525;48294;24768;2
106664;-186084;47626;25233;4
123712;-176877;48692;25809;8
120670;-165547;48501;26517;4
120849;-187177;48513;25165;2
126355;-192952;48857;24804;2
115923;-177158;48205;25791;8
127198;-192711;48909;24819;8
104456;-186978;47488;25177;2
115981;-184058;48208;25360;8
104596;-170282;47497;26221;8
116456;-191250;48238;24910;1
123539;-177791;48681;25752;1
119203;-182299;48410;25470;2
115845;-184692;48200;25320;1
128341;-181568;48981;25516;2
106292;-174436;47603;25961;2
128874;-170033;49014;26236;2
105918;-168400;47579;26339;1
127448;-176607;48925;25826;8
115118;-194817;48154;24687;1
102141;-175604;47343;25888;2
108122;-182124;47717;25481;8
110998;-181894;47897;25495;2
129640;-171341;49062;26155;8
114509;-180053;48116;25610;2
117529;-182117;48305;25481;2
119396;-191333;48422;24905;4
118430;-171249;48361;26160;8
129745;-177644;49069;25761;1
127426;-186021;48924;25237;1
127629;-182194;48936;25476;4
129694;-177633;49065;25761;4
118458;-171215;48363;26163;1
130183;-166667;49096;26447;2
128892;-180065;49015;25609;1
105058;-187197;47526;25164;2
120338;-187574;48481;25140;4
103377;-170996;47421;26176;2
113766;-164362;48070;26591;8
101935;-170340;47330;26217;8
127972;-181449;48958;25523;1
120374;-187549;48483;25142;2
104901;-183742;47516;25380;4
111728;-166093;47943;26483;2
122148;-185284;48594;25283;1
127610;-187048;48935;25173;1
130094;-187074;49090;25171;4
114327;-194326;48105;24718;4
106920;-175694;47642;25883;1
120019;-182166;48461;25478;2
115022;-195176;48148;24665;4
126038;-167909;48837;26369;2
130234;-194851;49099;24685;8
112841;-189333;48012;25030;8
122102;-186530;48591;25205;8
99638;-175557;47187;25891;1
120761;-182878;48507;25434;4
113590;-193915;48059;24744;8
123471;-173906;48676;25994;8
105657;-195949;47563;24617;8
121743;-191050;48568;24923;2
129432;-181682;49049;25508;4
127823;-181270;48948;25534;8
110242;-174190;47850;25977;8
120128;-165435;48468;26524;4
120570;-185628;48495;25262;2
101614;-166780;47310;26440;8
120034;-183120;48462;25419;8
114882;-193300;48140;24782;4
100118;-175437;47217;25899;1
128786;-179438;49009;25649;8
100169;-175461;47220;25897;2
114347;-194287;48106;24721;2
105997;-170905;47584;26182;2
109706;-173357;47816;26029;8
113806;-175509;48072;25894;8
111093;-183062;47903;25422;2
123320;-192741;48667;24817;4
121095;-180529;48528;25580;2
120790;-186588;48509;25202;1
127281;-189824;48915;25000;8
131032;-187404;49149;25151;2
123587;-187179;48684;25165;1
122670;-179630;48626;25637;4
117342;-193491;48293;24770;4
106673;-185990;47627;25239;1
118866;-171418;48389;26150;2
117038;-194428;48274;24712;8
120479;-176126;48489;25856;8
123880;-166411;48702;26463;4
118541;-186145;48368;25229;1
128303;-178712;48978;25694;2
121182;-188734;48533;25068;8
117372;-176849;48295;25810;8
128871;-179560;49014;25641;1
130624;-178655;49124;25698;4
113725;-164372;48067;26590;2
115941;-194497;48206;24707;2
113428;-171465;48049;26147;1
118208;-183570;48348;25390;1
122648;-179710;48625;25632;8
128575;-195916;48995;24619;2
110493;-164199;47865;26601;1
114547;-180016;48119;25613;2
108613;-190216;47748;24975;1
100801;-181596;47260;25514;2
101906;-165630;47329;26512;2
130204;-186810;49097;25188;8
123307;-192689;48666;24820;2
114998;-195164;48147;24666;4
129471;-193961;49051;24741;2
124830;-184262;48761;25347;8
113901;-175556;48078;25891;8
120461;-181747;48488;25504;4
128309;-182658;48979;25447;1
114157;-184893;48094;25308;4
115139;-176235;48156;25849;2
130543;-185843;49118;25248;4
101262;-182780;47288;25440;2
107840;-189961;47700;24991;8
111966;-172627;47957;26074;4
115956;-184702;48207;25320;1
120167;-165300;48470;26532;8
128481;-178439;48990;25711;4
120935;-169710;48518;26257;8
126393;-176452;48859;25835;4
114685;-193057;48127;24797;8
108616;-180168;47748;25603;4
129863;-186592;49076;25202;8
99467;-166416;47176;26463;2
112963;-173660;48020;26010;2
123599;-190456;48684;24960;2
120947;-169712;48519;26257;8
113571;-171403;48058;26151;2
128677;-175848;49002;25873;2
106775;-176370;47633;25840;2
122079;-191909;48589;24869;4
116368;-172159;48233;26104;8
130321;-192838;49105;24811;1
106224;-170111;47599;26232;8
119983;-194226;48458;24724;2
99174;-173487;47158;26021;1
130122;-193103;49092;24795;4
99781;-175231;47196;25912;1
117289;-164269;48290;26597;4
120833;-185108;48512;25294;4
123883;-178576;48702;25703;8
116377;-185456;48233;25273;1
114585;-192252;48121;24848;2
129593;-186625;49059;25199;2
129610;-182188;49060;25477;8
127080;-176568;48902;25828;2
127132;-181452;48905;25523;8
127380;-185990;48921;25239;8
126170;-191130;48845;24918;1
129876;-178452;49077;25710;2
118576;-182886;48371;25433;8
108795;-166917;47759;26431;1
115303;-180260;48166;25597;2
110626;-175276;47874;25909;8
110238;-173457;47849;26022;8
100826;-181587;47261;25514;1
111218;-189240;47911;25036;8
109439;-172458;47799;26085;4
114519;-179975;48117;25615;4
120904;-190225;48516;24974;8
113539;-178871;48056;25684;1
129502;-179348;49053;25654;1
125213;-194268;48785;24722;2
110639;-175342;47874;25905;2
115172;-194615;48158;24700;4
105301;-194809;47541;24688;8
122058;-175156;48588;25916;2
100772;-181583;47258;25515;2
128674;-195231;49002;24662;2
105790;-167506;47571;26394;1
111606;-185696;47935;25258;2
106009;-174590;47585;25952;4
129227;-189354;49036;25029;2
118817;-171498;48386;26145;4
128713;-175809;49004;25875;8
122137;-193744;48593;24755;4
127573;-164963;48933;26553;4
123505;-182281;48679;25471;2
113969;-174988;48083;25927;2
117737;-189063;48318;25047;8
120657;-186438;48501;25211;2
117144;-195611;48281;24638;8
130110;-194214;49091;24725;8
125204;-186871;48785;25184;1
131022;-187399;49148;25151;1
108493;-188366;47740;25091;4
115052;-195076;48150;24671;4
105457;-194817;47551;24687;2
108776;-171681;47758;26133;4
120241;-187641;48475;25136;4
116740;-184411;48256;25338;8
124533;-173098;48743;26045;1
106083;-170998;47590;26176;8
121921;-175136;48580;25918;4
104585;-170266;47496;26222;2
105815;-175785;47573;25877;4
107834;-189977;47699;24990;4
120048;-183139;48463;25417;4
122075;-185244;48589;25286;8
109521;-176062;47805;25860;8
115918;-177692;48204;25758;4
125643;-184502;48812;25332;8
127887;-179844;48952;25623;8
114506;-192278;48116;24846;2
112294;-173870;47978;25997;8
128855;-178082;49013;25733;2
112712;-175126;48004;25918;2
109201;-189311;47785;25032;8
104666;-178158;47501;25729;1
127378;-185885;48921;25246;8
114928;-182482;48143;25458;2
126874;-177392;48889;25777;1
118918;-190908;48392;24932;2
114560;-180313;48120;25594;2
106250;-174532;47600;25955;4
122363;-167207;48607;26413;4
112922;-189065;48017;25047;4
106965;-175708;47645;25882;1
99650;-165608;47188;26513;2
108463;-178788;47738;25689;1
124255;-183121;48725;25418;1
119951;-194242;48456;24723;2
129509;-193960;49054;24741;8
129501;-179236;49053;25661;2
102167;-175527;47345;25893;4
117198;-179022;48284;25675;1
127917;-165663;48954;26510;8
121717;-196199;48567;24601;8
117663;-168699;48313;26320;4
120203;-164735;48472;26568;2
102003;-170345;47335;26217;4
122174;-193668;48595;24759;4
121029;-182622;48524;25450;1
110176;-173546;47846;26017;4
113978;-179051;48083;25673;1
112920;-189881;48017;24996;4
118684;-191175;48377;24915;8
111170;-189229;47908;25037;2
126551;-186235;48869;25224;2
104506;-172526;47491;26081;2
128336;-164193;48981;26601;1
126419;-180229;48861;25599;2
123588;-187211;48684;25163;2
107880;-190054;47702;24985;1
122794;-191856;48634;24873;2
109444;-176249;47800;25848;2
112666;-190829;48001;24937;8
129882;-164610;49077;26575;8
120116;-188934;48467;25055;8
106223;-173246;47598;26036;8
128549;-168848;48994;26311;1
105537;-190636;47556;24949;1
116580;-175188;48246;25914;8
120156;-165278;48469;26534;1
100364;-180024;47232;25612;1
110692;-186120;47878;25231;4
127229;-192686;48911;24821;2
105568;-165883;47558;26496;1
105991;-195378;47584;24652;8
100253;-168836;47225;26311;4
126620;-192355;48873;24841;8
108357;-190433;47732;24961;4
128936;-169823;49018;26250;8
119013;-190891;48398;24933;8
120555;-185719;48494;25256;4
116427;-195561;48236;24641;2
112938;-173642;48018;26011;4
103247;-164448;47412;26586;1
123626;-177989;48686;25739;2
106122;-174594;47592;25951;2
129519;-186343;49054;25217;4
128850;-184112;49013;25357;2
116633;-177106;48249;25794;4
109750;-163999;47819;26614;4
117152;-195640;48282;24636;2
129139;-184530;49031;25330;1
119546;-194015;48431;24738;1
110156;-186992;47844;25177;4
112634;-175073;47999;25921;4
119103;-169147;48403;26292;1
120440;-187608;48487;25138;1
124012;-166427;48710;26462;4
117025;-194388;48274;24714;8
102558;-178076;47369;25734;2
104365;-178230;47482;25724;2
121932;-175159;48580;25916;8
119128;-180652;48405;25573;8
129617;-176392;49061;25839;1
101994;-177827;47334;25749;1
101260;-182753;47288;25441;1
116040;-194546;48212;24704;8
115541;-181836;48181;25499;8
101583;-166667;47308;26447;4
105723;-195933;47567;24618;2
128658;-195106;49001;24669;2
128305;-178795;48979;25689;4
121332;-165451;48543;26523;8
122441;-192291;48612;24845;8
129578;-171317;49058;26156;1
126170;-179129;48845;25668;1
130522;-178600;49117;25701;1
115662;-170376;48188;26215;1
116773;-188894;48258;25058;4
124165;-183079;48720;25421;4
118450;-185081;48363;25296;1
114080;-170210;48090;26225;2
119291;-182353;48415;25466;2
107225;-169911;47661;26244;8
123588;-190363;48684;24966;1
129406;-186063;49047;25235;8
105263;-194742;47538;24692;4
120855;-187239;48513;25161;2
127910;-165672;48954;26509;2
123455;-177264;48675;25785;2
128657;-175680;49001;25884;4
123474;-173830;48677;25999;4
117610;-175902;48310;25870;4
129048;-175585;49025;25889;8
128498;-195371;48991;24653;1
118409;-185042;48360;25298;8
104979;-191314;47521;24906;4
127723;-186247;48942;25223;1
129705;-177657;49066;25760;2
113412;-173634;48048;26011;1
112202;-165679;47972;26509;1
125695;-184472;48815;25334;8
120084;-187332;48465;25155;8
116437;-191520;48237;24894;1
122700;-179647;48628;25636;1
117201;-176772;48285;25815;2
123400;-173828;48672;25999;8
126224;-176502;48849;25832;2
127983;-180839;48958;25561;2
108482;-180104;47740;25607;1
121397;-190341;48547;24967;4
114679;-192141;48127;24855;4
99682;-183122;47190;25418;8
114917;-180382;48142;25590;2
114636;-175350;48124;25904;4
108259;-172132;47726;26105;1
114897;-182435;48141;25461;2
119881;-190960;48452;24929;8
127391;-186106;48921;25232;4
129704;-177613;49066;25763;1
113365;-183397;48045;25401;8
126842;-189352;48887;25029;8
120977;-182553;48521;25454;2
127661;-186346;48938;25217;8
118086;-189398;48340;25026;8
128292;-176719;48978;25819;2
126303;-166720;48853;26444;2
127342;-189730;48918;25005;1
130122;-191825;49092;24874;1
128874;-179943;49014;25617;4
107825;-169577;47699;26265;2
113360;-193238;48045;24786;2
129469;-179215;49051;25663;8
128159;-180252;48969;25598;8
116000;-185039;48210;25299;4
111344;-176202;47919;25851;1
127490;-168451;48928;26335;2
120112;-187298;48467;25157;2
120159;-193588;48469;24764;2
108685;-180212;47752;25600;8
121687;-193191;48565;24789;1
117701;-174205;48316;25976;1
113522;-171385;48055;26152;1
115977;-185053;48208;25298;8
116479;-185321;48239;25281;2
117064;-188883;48276;25058;1
116577;-175224;48246;25912;2
130236;-166732;49099;26443;4
101660;-185527;47313;25268;2
116839;-186644;48262;25198;4
123521;-187215;48680;25163;8
124780;-186431;48758;25212;2
118520;-171217;48367;26162;4
114594;-180294;48122;25595;8
110088;-186887;47840;25183;1
118514;-170271;48367;26222;1
117700;-175929;48316;25868;1
124271;-183164;48726;25416;4
119226;-190644;48411;24948;8
98393;-163886;47109;26621;8
120845;-187139;48512;25167;2
112931;-189066;48018;25047;2
122837;-177106;48637;25794;2
116436;-185256;48237;25285;8
110521;-164189;47867;26602;4
123645;-177732;48687;25755;1
116741;-188919;48256;25056;8
129626;-177095;49061;25795;2
109057;-180822;47776;25562;2
112308;-173825;47979;25999;8
128484;-182898;48990;25432;1
116998;-183250;48272;25410;8
109403;-172538;47797;26080;2
107188;-169913;47659;26244;4
117375;-193506;48295;24769;2
100126;-176362;47217;25841;8
118655;-182908;48375;25432;8
110631;-193326;47874;24781;4
129703;-186782;49066;25190;8
123656;-176778;48688;25815;4
117581;-182678;48308;25446;1
116130;-165207;48218;26538;1
101214;-168568;47285;26328;8
113488;-171479;48053;26146;8
105664;-167525;47564;26393;8
113824;-187809;48074;25125;8
120728;-182934;48505;25430;8
114523;-192314;48117;24844;2
115007;-193223;48147;24787;4
127246;-189799;48912;25001;2
125355;-172386;48794;26089;8
110050;-174343;47838;25967;2
126168;-171688;48845;26133;1
127137;-185447;48906;25273;4
120129;-187412;48468;25150;8
111503;-185646;47928;25261;1
130522;-187339;49117;25155;4
122659;-192566;48626;24828;8
128310;-178760;48979;25691;4
110682;-193300;47877;24782;8
109862;-187909;47826;25119;8
121613;-190884;48560;24933;4
107456;-188017;47676;25112;1
121995;-186641;48584;25198;8
117787;-188092;48321;25108;4
126094;-171739;48840;26130;8
108140;-179714;47718;25631;4
114308;-194353;48104;24716;8
112762;-176558;48007;25829;8
128290;-179893;48978;25620;2
130518;-185843;49117;25248;2
130470;-184432;49114;25337;8
117239;-175608;48287;25888;4
128966;-194359;49020;24716;2
110234;-174130;47849;25980;2
107411;-188011;47673;25113;4
123899;-189562;48703;25016;1
124416;-173064;48736;26047;1
125042;-194351;48775;24717;1
109242;-189228;47787;25037;1
117711;-174201;48316;25976;1
124380;-176808;48733;25813;8
128773;-183285;49008;25408;8
113857;-175514;48076;25894;4
125998;-183585;48834;25389;4
128881;-179567;49015;25641;8
127526;-164988;48930;26552;4
127980;-179141;48958;25667;2
109788;-173413;47821;26025;1
121061;-185325;48526;25281;1
122315;-167414;48604;26400;8
129386;-186018;49046;25237;2
109049;-186037;47775;25236;2
111630;-166026;47936;26487;1
116093;-184995;48215;25301;8
123563;-187219;48682;25162;8
113514;-171318;48054;26156;8
100896;-181587;47266;25514;4
119242;-189124;48412;25043;4
116465;-191298;48239;24907;2
104812;-178457;47510;25710;4
120414;-188660;48485;25072;1
104874;-183757;47514;25379;8
105534;-194733;47555;24693;1
129092;-180839;49028;25561;8
113361;-189297;48045;25032;2
122095;-171055;48590;26173;1
120789;-186513;48509;25206;4
113391;-183329;48046;25405;1
108344;-171973;47731;26115;4
108117;-179837;47717;25624;2
114607;-170464;48122;26210;1
100987;-181573;47271;25515;4
115690;-194422;48190;24712;1
130556;-187357;49119;25154;4
122840;-181222;48637;25537;2
109324;-185643;47792;25261;4
126531;-186361;48868;25216;1
116556;-178884;48244;25683;4
112587;-172302;47996;26095;8
129759;-186877;49069;25184;1
117545;-179345;48306;25654;1
124336;-189585;48731;25014;2
122683;-184831;48627;25312;1
116875;-184349;48264;25342;2
123734;-178488;48693;25708;1
109640;-180969;47812;25553;8
114450;-177902;48113;25745;4
101548;-180778;47306;25565;2
127894;-181469;48953;25522;2
122008;-186609;48585;25200;4
123690;-169890;48690;26245;8
120844;-169603;48512;26263;2
101149;-168455;47281;26335;1
130661;-178696;49126;25695;4
122039;-185228;48587;25287;8
120641;-178945;48500;25679;4
111395;-173225;47922;26037;8
117240;-195637;48287;24636;8
116550;-178886;48244;25683;1
120733;-182917;48505;25431;1
111339;-173891;47918;25995;2
123440;-182291;48675;25470;8
126113;-191206;48842;24913;2
124622;-183457;48748;25397;1
128881;-179407;49015;25651;8
129316;-181882;49042;25496;4
112448;-174064;47988;25985;4
100591;-164509;47246;26582;4
102099;-170445;47341;26211;4
114414;-179961;48110;25616;4
126534;-186159;48868;25229;2
101127;-168481;47280;26333;4
119994;-183109;48459;25419;1
114326;-192304;48105;24845;1
121546;-190642;48556;24948;4
104420;-184907;47486;25307;8
119448;-190256;48425;24973;8
107209;-169902;47660;26245;8
109657;-181552;47813;25517;8
108378;-171960;47733;26116;8
110889;-173435;47890;26024;1
117117;-194355;48279;24716;8
108336;-185798;47731;25251;8
120666;-187819;48501;25125;4
111341;-177808;47918;25751;4
130070;-187736;49089;25130;8
101122;-168503;47280;26332;1
123746;-177204;48694;25788;4
126829;-189406;48886;25026;1
108718;-176163;47754;25853;4
117284;-193427;48290;24774;1
112404;-173370;47985;26028;4
112516;-172318;47992;26094;8
110334;-193530;47855;24768;2
109005;-177514;47772;25769;4
127923;-179952;48955;25617;1
128850;-195295;49013;24658;8
101990;-173971;47334;25990;4
116283;-172682;48227;26071;8
110068;-174456;47839;25960;1
99114;-173398;47154;26026;2
99590;-175573;47184;25890;8
128575;-178398;48995;25714;2
128943;-179980;49018;25615;2
129540;-171333;49056;26155;1
112492;-175324;47990;25906;2
122492;-192375;48615;24840;2
127570;-180843;48933;25561;4
121036;-182611;48524;25450;2
109690;-180975;47815;25553;4
112297;-186359;47978;25216;4
106951;-165123;47644;26543;8
126843;-176297;48887;25845;2
117840;-189218;48325;25037;1
118276;-170303;48352;26220;1
104382;-184954;47483;25304;1
100485;-164481;47240;26583;1
129167;-181725;49032;25506;4
105939;-173177;47581;26040;2
116421;-195472;48236;24647;2
114058;-169871;48088;26247;1
120097;-182661;48466;25447;2
112604;-183364;47997;25403;2
120657;-179029;48501;25674;2
99786;-169081;47196;26296;1
121984;-186750;48584;25192;2
126291;-166778;48853;26440;8
113411;-164162;48048;26603;8
124759;-183374;48757;25403;4
110642;-173501;47875;26020;8
115647;-170372;48187;26215;8
116403;-191236;48235;24911;4
113198;-179793;48034;25626;4
112280;-186284;47977;25221;8
128673;-175682;49002;25883;8
107953;-167783;47707;26377;4
126496;-186335;48866;25218;8
120433;-188719;48487;25069;2
128655;-195088;49000;24671;2
121231;-190710;48536;24944;2
129869;-178479;49076;25709;1
106058;-175916;47588;25869;4
105005;-183493;47522;25395;2
121210;-190567;48535;24953;8
121394;-196087;48547;24608;8
126112;-168902;48842;26307;4
100251;-181467;47225;25522;4
112236;-165726;47974;26506;1
110687;-189668;47877;25009;2
120925;-188983;48517;25052;4
121068;-165540;48526;26517;1
113402;-183420;48047;25400;2
105790;-172956;47571;26054;1
115860;-177722;48201;25756;4
115776;-171581;48196;26140;8
129213;-164524;49035;26581;8
106080;-175979;47590;25865;8
112738;-190846;48006;24936;8
117721;-175884;48317;25871;4
105551;-195745;47556;24629;8
116535;-194113;48243;24731;1
123950;-178034;48706;25736;2
120883;-189009;48515;25050;1
125601;-181101;48810;25545;2
128822;-196031;49011;24612;2
125056;-195275;48776;24659;2
130819;-187386;49136;25152;4
118253;-183621;48350;25387;4
101139;-168461;47281;26335;8
114482;-180010;48115;25613;2
120474;-176016;48489;25863;8
117418;-179995;48298;25614;1
129492;-181752;49053;25504;8
105064;-187141;47526;25167;4
103376;-170898;47421;26182;1
128879;-183272;49014;25409;1
129857;-165702;49076;26507;8
110256;-174189;47851;25977;8
111715;-166066;47942;26484;2
116116;-189519;48217;25019;4
121283;-190626;48540;24949;1
129794;-189396;49072;25026;4
111972;-188411;47958;25088;1
115647;-180018;48187;25612;1
108604;-176209;47747;25850;8
113652;-193905;48063;24744;4
124895;-184310;48765;25344;4
119381;-182386;48421;25464;4
123833;-191710;48699;24882;2
129365;-186093;49045;25233;1
122104;-193603;48591;24763;2
129906;-164611;49079;26575;4
121245;-190698;48537;24945;8
128745;-178235;49006;25724;4
114628;-175106;48124;25919;8
105973;-183643;47583;25386;2
129864;-165673;49076;26509;4
105609;-195921;47560;24618;4
112538;-172394;47993;26089;2
121061;-190424;48526;24962;1
123236;-192965;48662;24803;1
115881;-177214;48202;25788;4
100869;-182787;47264;25439;4
110214;-174167;47848;25978;4
126175;-179101;48845;25670;1
130462;-185810;49113;25250;1
110501;-174087;47866;25983;1
124177;-183153;48721;25416;8
111599;-177156;47934;25791;1
112570;-172410;47995;26088;2
127161;-175568;48907;25891;2
127491;-168576;48928;26328;8
112447;-175216;47987;25913;1
114806;-192982;48135;24802;4
116057;-194507;48213;24707;8
120690;-187889;48503;25120;8
128479;-178446;48989;25711;2
128930;-179985;49018;25614;1
104448;-177872;47488;25747;1
117527;-182704;48305;25445;2
109180;-188520;47783;25081;4
120386;-188600;48484;25076;4
123759;-177276;48694;25784;4
117371;-176890;48295;25808;4
110251;-174101;47850;25982;2
106070;-174647;47589;25948;1
110258;-174205;47851;25976;2
122335;-167420;48605;26400;1
115634;-177549;48187;25767;2
114466;-180045;48114;25611;2
105073;-194559;47527;24704;8
119171;-182310;48408;25469;2
129914;-186573;49079;25203;1
123565;-187191;48682;25164;2
118147;-188483;48344;25083;4
117883;-189307;48327;25032;1
122077;-185248;48589;25286;8
116406;-170237;48235;26224;8
130257;-194913;49101;24681;8
111595;-164289;47934;26595;2
119044;-169145;48400;26292;4
128139;-182631;48968;25449;2
120439;-187547;48487;25142;8
129256;-181687;49038;25508;2
113481;-166056;48052;26485;8
103090;-170098;47403;26232;1
101193;-168522;47284;26331;4
130534;-185820;49118;25250;1
118494;-185187;48365;25289;1
120696;-187808;48503;25126;1
129864;-165640;49076;26511;8
126947;-186883;48894;25183;2
104078;-165738;47464;26505;4
116626;-172864;48249;26060;4
105836;-193013;47574;24800;1
111159;-193957;47907;24741;8
110702;-175284;47878;25908;4
123162;-192937;48657;24805;8
128896;-194385;49016;24714;2
101960;-174056;47332;25985;1
122817;-179830;48636;25624;2
116571;-192414;48245;24838;4
105816;-172934;47573;26055;4
117539;-182676;48306;25446;2
129771;-182612;49070;25450;2
104590;-170283;47496;26221;2
128786;-196066;49009;24609;2
126934;-186933;48893;25180;2
114895;-180953;48140;25554;2
101203;-179386;47285;25652;8
124698;-186096;48753;25233;4
129265;-164498;49039;26582;1
108068;-179840;47714;25624;8
130351;-185914;49106;25244;8
128841;-179382;49012;25652;4
122146;-192169;48594;24853;2
128364;-195443;48982;24648;1
110196;-173554;47847;26016;4
110564;-185660;47870;25260;1
100239;-168954;47224;26304;1
109106;-172443;47779;26086;1
129375;-181816;49045;25500;8
105945;-183679;47581;25384;1
112175;-187233;47970;25161;2
121337;-190668;48543;24947;4
113884;-183616;48077;25388;8
128850;-179341;49013;25655;8
130146;-191827;49094;24874;1
129158;-177387;49032;25777;8
106626;-186042;47624;25236;8
113351;-189244;48044;25036;4
126767;-189432;48882;25024;8
121937;-185417;48581;25275;4
120771;-182836;48508;25436;4
113904;-174480;48079;25959;4
123920;-166497;48705;26457;2
130257;-192523;49101;24831;8
111957;-188408;47957;25088;8
129041;-194923;49025;24681;4
128032;-179204;48962;25663;4
108102;-182036;47716;25486;1
130277;-193777;49102;24752;1
114673;-187998;48127;25114;4
116523;-175144;48242;25917;1
115183;-194880;48158;24684;8
115883;-177749;48202;25754;2
129224;-175614;49036;25888;8
114531;-177817;48118;25750;2
110314;-185487;47854;25271;2
115688;-170426;48190;26212;8
113547;-171451;48056;26148;1
129466;-179358;49051;25654;8
128624;-195935;48999;24618;1
108465;-187663;47739;25135;4
122834;-181233;48637;25536;2
102563;-178052;47370;25735;1
111019;-183046;47898;25423;1
121760;-192843;48570;24811;1
126428;-180309;48861;25594;2
105119;-194683;47529;24696;4
121688;-190854;48565;24935;1
108555;-180174;47744;25603;1
112926;-173596;48017;26014;2
102190;-169803;47346;26251;2
106455;-174193;47613;25976;4
126069;-188270;48839;25097;4
106062;-174686;47588;25946;2
108411;-167578;47735;26390;4
106512;-168649;47617;26323;4
116754;-188902;48257;25057;2
123262;-164932;48663;26555;1
109733;-173362;47818;26028;8
116867;-188864;48264;25060;4
128078;-179316;48964;25656;1
115682;-181431;48190;25524;8
113944;-185158;48081;25291;1
122035;-193090;48587;24795;2
110479;-185678;47864;25259;2
106751;-186107;47631;25232;8
126736;-185435;48881;25274;2
105547;-193081;47556;24796;8
101564;-166665;47307;26447;2
112932;-189318;48018;25031;4
110296;-185547;47853;25267;1
102099;-175498;47341;25895;2
120048;-183101;48463;25420;1
109050;-188625;47775;25074;4
120085;-182697;48465;25445;8
130180;-178453;49096;25710;8
123894;-187802;48703;25126;2
129024;-183602;49024;25388;1
109326;-185670;47792;25259;4
122392;-192321;48609;24843;8
113608;-171450;48060;26148;2
130225;-166698;49099;26445;8
124598;-193542;48747;24767;2
107834;-169505;47699;26269;8
120647;-186445;48500;25211;1
129249;-189301;49038;25032;4
121106;-165680;48529;26509;2
99741;-169063;47193;26297;2
123642;-178033;48687;25736;4
117084;-172793;48277;26064;2
118882;-171545;48390;26142;4
117705;-182977;48316;25427;1
99831;-173070;47199;26047;4
115061;-175738;48151;25880;2
127539;-176853;48931;25810;2
115602;-169926;48185;26243;8
122030;-186549;48586;25204;4
114559;-192284;48119;24846;1
118862;-171408;48388;26151;8
130125;-193068;49092;24797;2
110666;-175320;47876;25906;8
114890;-193399;48140;24776;2
112510;-173984;47991;25990;1
127275;-189723;48914;25006;2
123777;-191699;48696;24882;8
117559;-179349;48307;25654;2
129205;-177331;49035;25780;4
100979;-182895;47271;25433;8
120030;-183105;48461;25419;2
114669;-180307;48126;25594;8
117092;-183311;48278;25407;8
109512;-179723;47804;25631;1
121692;-177709;48565;25757;8
105936;-183601;47581;25388;1
126814;-185738;48885;25255;8
123161;-192909;48657;24807;1
127330;-176008;48918;25863;1
121498;-166169;48553;26478;8
128371;-182678;48983;25446;4
101249;-168545;47288;26329;8
120718;-182940;48504;25430;1
114965;-193764;48145;24753;2
129593;-176491;49059;25833;2
101972;-165577;47333;26515;1
129591;-182192;49059;25477;4
108649;-190217;47750;24975;4
128790;-170090;49009;26233;2
117991;-178525;48334;25706;1
129105;-184534;49029;25330;1
120142;-187458;48468;25147;4
108641;-168630;47750;26324;2
123840;-191620;48700;24887;2
118534;-186161;48368;25228;8
117124;-178949;48280;25679;4
115613;-181393;48185;25526;1
126377;-176565;48858;25828;1
120178;-188946;48471;25054;4
117091;-183423;48278;25400;4
117382;-183210;48296;25413;4
106727;-186031;47630;25237;4
106865;-168517;47639;26331;2
129013;-167853;49023;26373;8
126021;-188166;48836;25103;1
115472;-181837;48177;25499;1
113881;-187826;48077;25124;4
106338;-174513;47606;25956;4
99921;-183348;47205;25404;2
119985;-194254;48459;24723;1
108187;-171906;47721;26119;8
120321;-181689;48480;25508;8
125312;-172416;48792;26088;2
102606;-171174;47372;26165;2
115103;-180970;48153;25553;8
106499;-168681;47616;26321;2
126845;-180174;48887;25603;1
105931;-183583;47580;25390;4
106736;-185945;47631;25242;4
108333;-190452;47730;24960;2
113849;-187785;48075;25127;4
122402;-192271;48610;24847;8
117642;-177982;48312;25740;1
117681;-175921;48315;25868;2
127845;-182317;48950;25469;1
115636;-169910;48187;26244;1
122047;-193142;48587;24792;8
105970;-167467;47583;26397;8
130106;-187864;49091;25122;4
108434;-178801;47737;25688;1
120015;-182243;48460;25473;8
122239;-186537;48599;25205;1
105521;-190613;47555;24950;8
120571;-176128;48495;25856;2
123945;-177947;48706;25742;1
118467;-190391;48364;24964;1
123560;-180703;48682;25570;8
116319;-172307;48229;26094;2
102268;-174064;47351;25985;1
120239;-164656;48474;26573;2
112889;-192345;48015;24842;2
115514;-194432;48179;24712;8
128472;-182818;48989;25437;2
119008;-190924;48398;24931;8
105871;-173088;47576;26046;2
102044;-170422;47337;26212;8
125070;-190374;48776;24965;2
118380;-170285;48358;26221;8
129585;-186734;49059;25193;1
106387;-174175;47609;25978;1
115638;-170369;48187;26215;4
110996;-181974;47897;25490;2
110472;-164174;47864;26603;1
110895;-173407;47890;26026;1
123166;-192921;48657;24806;8
123988;-166504;48709;26457;1
113924;-179060;48080;25672;8
121559;-165730;48557;26505;8
101557;-180819;47307;25562;2
110244;-177886;47850;25746;8
100192;-181903;47222;25495;2
109897;-187934;47828;25118;2
119203;-189080;48410;25046;1
100230;-181480;47224;25521;1
123965;-177885;48707;25746;4
128457;-195419;48988;24650;8
112819;-178309;48011;25719;1
129112;-175561;49029;25891;8
123157;-192913;48657;24806;8
129611;-182235;49060;25474;1
102595;-171180;47372;26165;4
118489;-185122;48365;25293;2
126100;-168921;48841;26306;8
128187;-182587;48971;25452;2
121331;-196018;48543;24612;1
125157;-195321;48782;24656;8
105018;-183465;47523;25397;8
116549;-194174;48244;24728;2
120093;-187493;48465;25145;2
104239;-177761;47474;25753;1
118862;-167098;48388;26420;8
123448;-193302;48675;24782;4
126526;-186334;48867;25218;4
122304;-167364;48604;26403;2
127407;-186085;48922;25233;1
102757;-178594;47382;25701;2
108706;-171580;47754;26140;2
116676;-175195;48252;25914;4
122216;-186749;48598;25192;8
125972;-179617;48833;25637;2
103153;-170087;47407;26233;4
108596;-168669;47747;26322;2
105821;-173046;47573;26048;8
110594;-193380;47872;24777;4
126236;-176625;48849;25824;4
104448;-186529;47488;25205;8
111815;-179216;47948;25663;4
125755;-193074;48819;24796;2
130107;-191818;49091;24875;4
102530;-178120;47368;25731;8
120320;-188603;48480;25076;8
128387;-182864;48984;25435;4
105978;-173146;47583;26042;4
122392;-191407;48609;24901;2
129785;-186801;49071;25188;4
125957;-165467;48832;26522;8
101373;-168492;47295;26333;4
121038;-165598;48524;26514;4
111112;-194037;47904;24736;1
114887;-182722;48140;25443;4
115999;-183938;48209;25367;2
117740;-181617;48318;25512;4
128318;-195333;48979;24655;1
123257;-192913;48663;24806;1
127423;-185939;48923;25242;4
124454;-196560;48738;24579;4
119739;-190162;48443;24978;8
110903;-178253;47891;25723;8
119959;-182153;48457;25479;8
106452;-177654;47613;25760;2
111598;-177156;47934;25791;2
115579;-186869;48183;25184;1
115645;-177580;48187;25765;4
105827;-173012;47574;26050;8
128805;-179872;49010;25622;8
117317;-193523;48292;24768;1
101965;-174029;47332;25987;1
110562;-185640;47870;25261;1
120542;-187210;48493;25163;4
118163;-183680;48345;25384;2
99088;-173366;47153;26028;1
116956;-184395;48269;25339;2
120369;-181707;48483;25507;1
109144;-178048;47781;25736;2
108673;-166930;47752;26430;8
116375;-185355;48233;25279;4
110255;-174157;47850;25979;4
116451;-191252;48238;24910;2
111325;-176229;47917;25849;1
99805;-173868;47197;25997;1
113320;-182078;48042;25484;1
105460;-175090;47551;25920;2
117287;-193427;48290;24774;1
99183;-173516;47158;26019;8
115853;-171414;48200;26150;8
103650;-166006;47438;26488;2
127503;-187038;48928;25174;1
118491;-185128;48365;25293;8
116816;-188927;48261;25056;4
104453;-186552;47488;25204;8
121337;-165483;48543;26521;8
120158;-165289;48469;26533;8
113523;-164156;48055;26604;2
99668;-175594;47189;25889;8
128441;-178552;48987;25704;1
117452;-179908;48300;25619;8
112232;-165642;47974;26511;1
120236;-164724;48474;26568;4
114541;-192286;48118;24846;2
102195;-173937;47347;25992;4
117690;-177960;48315;25741;1
100111;-181988;47216;25489;4
117005;-183170;48272;25415;8
109352;-185680;47794;25259;8
115093;-176200;48153;25851;8
114881;-180396;48140;25589;2
129665;-177649;49064;25760;2
127758;-190120;48944;24981;4
120935;-187176;48518;25165;4
125311;-172332;48791;26093;8
114024;-178960;48086;25679;1
122053;-193233;48588;24786;2
120998;-165749;48522;26504;8
121020;-165620;48523;26512;1
111979;-172565;47958;26078;1
123806;-195444;48697;24648;2
127087;-184880;48902;25309;4
108174;-171930;47720;26118;1
114308;-194397;48104;24714;1
105395;-194935;47547;24680;2
130238;-178435;49099;25711;1
101272;-179250;47289;25660;1
112724;-195135;48005;24668;4
100151;-176357;47219;25841;1
119437;-190241;48424;24973;8
106310;-177415;47604;25775;4
117532;-171060;48305;26172;1
99240;-178895;47162;25683;2
129483;-179333;49052;25655;4
113950;-170976;48081;26178;1
113004;-189117;48022;25044;1
101189;-164695;47284;26570;2
121349;-190399;48544;24964;1
117702;-195842;48316;24623;1
117028;-188829;48274;25062;2
104518;-186988;47492;25177;4
125634;-185427;48812;25274;4
126058;-175182;48838;25915;2
105349;-193027;47544;24799;4
128870;-178141;49014;25730;4
128581;-195870;48996;24622;1
120106;-187446;48466;25148;1
112480;-187750;47990;25129;2
115743;-171526;48193;26143;2
120171;-165316;48470;26531;4
129301;-177763;49041;25753;1
101915;-170270;47329;26222;2
123753;-178444;48694;25711;1
114678;-192247;48127;24848;8
115909;-192909;48204;24807;8
128615;-195908;48998;24619;8
109251;-189227;47788;25037;4
115594;-180005;48184;25613;4
114841;-180963;48137;25553;2
106736;-173024;47631;26050;1
129686;-177660;49065;25760;2
115996;-194530;48209;24705;2
117625;-171126;48311;26168;8
123848;-189558;48700;25016;2
121455;-196024;48550;24612;1
109174;-188468;47783;25084;4
112449;-187739;47988;25130;2
119361;-179012;48420;25675;8
113699;-164403;48066;26588;8
127071;-187048;48901;25173;1
117566;-182060;48307;25485;1
126847;-189235;48887;25036;1
120666;-186440;48501;25211;2
111964;-172567;47957;26078;1
100226;-176615;47224;25825;2
106624;-186093;47624;25233;1
100396;-179977;47234;25615;1
114272;-192520;48102;24831;4
129661;-186472;49063;25209;2
104563;-172489;47495;26083;4
120868;-189019;48514;25050;1
113576;-181885;48058;25496;8
126275;-176459;48852;25835;2
101671;-180764;47314;25566;1
112954;-173573;48019;26015;4
126782;-193174;48883;24790;2
105076;-164673;47527;26571;4
123205;-192910;48660;24807;4
106016;-170984;47586;26177;4
118445;-171122;48362;26168;8
130404;-166358;49110;26466;4
127557;-182018;48932;25487;8
122478;-191416;48614;24900;2
125611;-181070;48810;25547;1
103134;-170049;47405;26235;1
130314;-185928;49104;25243;2
105954;-196216;47582;24600;4
129758;-186879;49069;25184;2
117431;-183348;48299;25404;8
121413;-190578;48548;24952;1
127975;-181390;48958;25527;2
101329;-168527;47293;26331;4
122853;-191461;48638;24897;1
109449;-176111;47800;25857;4
116356;-170214;48232;26225;4
116695;-192406;48253;24838;4
127994;-176254;48959;25848;8
102258;-175500;47351;25895;2
121383;-180467;48546;25584;2
100133;-176461;47218;25835;4
113483;-182103;48052;25482;8
116590;-194104;48246;24732;2
113167;-182019;48032;25487;1
106027;-195437;47586;24649;1
108648;-174549;47750;25954;1
127907;-176193;48954;25851;4
118453;-170367;48363;26216;4
126011;-183676;48835;25384;8
113739;-183488;48068;25396;4
108069;-172158;47714;26104;2
124974;-194372;48770;24715;8
121415;-190545;48548;24954;8
128432;-195374;48987;24653;8
106680;-172933;47627;26055;4
126741;-189403;48881;25026;1
119323;-191248;48417;24911;2
102705;-178589;47379;25702;8
129552;-186714;49057;25194;2
113677;-174494;48064;25958;8
116171;-189519;48220;25019;8
104472;-172444;47489;26086;8
129574;-182231;49058;25474;8
120325;-188641;48480;25073;2
113911;-183622;48079;25387;1
111630;-166067;47936;26484;2
115857;-177211;48201;25788;2
117740;-175884;48318;25871;2
117665;-175947;48314;25867;4
120658;-165566;48501;26516;8
120624;-165572;48499;26515;8
124375;-167735;48733;26380;4
128736;-178635;49006;25699;8
129974;-184560;49083;25329;1
114557;-177830;48119;25749;1
98392;-163948;47109;26617;1
118503;-185019;48366;25300;8
116528;-178896;48243;25683;1
109981;-174419;47833;25962;1
117234;-176818;48287;25812;4
116712;-192465;48254;24834;2
105493;-194743;47553;24692;2
126856;-177357;48888;25779;1
117411;-183748;48298;25379;2
123262;-192948;48663;24804;2
117740;-174139;48318;25980;1
119378;-179025;48421;25674;4
129866;-177476;49076;25771;2
102067;-175573;47339;25890;8
108564;-168702;47745;26320;2
129224;-177375;49036;25778;2
116593;-194071;48247;24734;1
118154;-177450;48344;25773;4
130792;-187235;49134;25161;4
101991;-173973;47334;25990;8
123584;-177986;48684;25739;2
128727;-178592;49005;25702;8
130136;-191810;49093;24875;2
124660;-193587;48751;24764;1
112659;-190727;48001;24943;4
113647;-171469;48062;26147;4
116958;-188818;48269;25062;8
118463;-185095;48363;25295;4
114861;-193360;48138;24779;2
105780;-175865;47571;25872;4
105156;-194664;47532;24697;2
123744;-176892;48694;25808;4
115991;-194411;48209;24713;8
125407;-172389;48797;26089;2
127942;-165742;48956;26505;4
115929;-192912;48205;24807;8
115773;-177255;48195;25785;4
113755;-183482;48069;25396;8
109438;-172418;47799;26087;2
111568;-184633;47933;25324;8
128306;-178783;48979;25690;2
119545;-193940;48431;24742;8
101148;-179347;47281;25654;8
126771;-193271;48883;24784;2
99767;-173157;47195;26041;8
99105;-173459;47154;26022;2
105481;-194635;47552;24699;2
120133;-181239;48468;25536;4
111224;-194043;47911;24736;2
110411;-189744;47860;25005;1
110170;-173485;47845;26021;8
122679;-179658;48627;25635;2
112535;-175055;47993;25923;8
125461;-181148;48801;25542;4
124770;-183418;48758;25400;1
128941;-179925;49018;25618;1
126796;-189189;48884;25039;2
99292;-178681;47165;25696;2
122109;-186643;48591;25198;8
114016;-178959;48086;25679;8
114291;-179269;48103;25659;2
129759;-182544;49069;25455;4
113353;-185354;48044;25279;1
129782;-190931;49071;24930;8
126665;-192326;48876;24843;8
118511;-171122;48366;26168;2
124007;-177813;48710;25750;4
123743;-177275;48693;25784;4
117694;-189161;48315;25041;8
123544;-187173;48681;25165;2
120664;-178960;48501;25679;1
118481;-170255;48365;26223;1
121660;-187471;48563;25147;4
121682;-187425;48565;25149;1
130800;-187211;49135;25163;4
118240;-188525;48350;25081;8
123677;-177267;48689;25784;8
129233;-185717;49037;25256;2
114849;-193340;48138;24780;8
127918;-179185;48954;25664;1
108672;-167002;47752;26426;2
108709;-176138;47754;25855;4
118232;-183579;48349;25390;2
110305;-177858;47854;25747;8
117676;-189151;48314;25042;1
130536;-178756;49118;25691;1
118139;-184309;48343;25344;4
104538;-177821;47493;25750;1
128816;-178176;49011;25728;2
117174;-176797;48283;25814;4
128734;-178296;49005;25720;8
127960;-176198;48957;25851;4
128889;-180027;49015;25612;4
116691;-192441;48253;24836;2
129051;-185545;49025;25267;1
128526;-178407;48992;25713;8
129490;-186367;49053;25216;4
126478;-186245;48864;25223;8
112531;-183391;47993;25402;4
103276;-164608;47414;26576;1
105703;-167050;47566;26423;8
109477;-179722;47802;25631;1
122709;-191535;48629;24893;2
106250;-174370;47600;25965;1
125282;-172293;48790;26095;4
130294;-178668;49103;25697;2
117563;-179377;48307;25652;2
130076;-194290;49089;24720;4
128444;-195524;48987;24643;4
121986;-175190;48584;25914;8
127134;-185397;48905;25276;2
121688;-190889;48565;24933;2
128034;-165329;48962;26530;2
117041;-184255;48275;25348;8
130373;-192852;49108;24810;1
108264;-172033;47726;26111;1
128811;-179373;49010;25653;8
118853;-171458;48388;26147;2
129214;-189304;49035;25032;1
108580;-174535;47746;25955;1
129441;-179394;49050;25651;4
128865;-179433;49014;25649;2
113611;-178817;48060;25687;1
117607;-188558;48310;25079;1
129859;-186527;49076;25206;2
107883;-169582;47702;26265;1
119304;-182935;48416;25430;1
108484;-180186;47740;25602;4
128657;-178287;49001;25721;2
129609;-186409;49060;25213;4
102644;-178096;47375;25733;2
114894;-180945;48140;25554;2
113466;-173628;48051;26012;8
113269;-179778;48039;25627;1
109612;-180923;47810;25556;2
118559;-182869;48369;25434;4
112502;-173408;47991;26026;2
129458;-186357;49051;25216;1
117653;-175895;48313;25870;8
114989;-190864;48146;24935;1
114348;-192357;48106;24841;8
117636;-188247;48312;25098;4
123824;-166525;48699;26456;2
113642;-171398;48062;26151;1
120097;-182675;48466;25446;1
122867;-179834;48639;25624;4
109777;-180131;47821;25605;1
104282;-177737;47477;25755;1
101921;-177825;47330;25749;4
115419;-192947;48173;24804;8
122661;-179668;48626;25634;4
104649;-170351;47500;26217;1
128456;-195455;48988;24648;4
110113;-186923;47842;25181;8
101747;-185519;47319;25269;2
109134;-180826;47780;25562;2
127912;-176133;48954;25855;2
112900;-190658;48016;24947;8
126769;-179567;48883;25641;2
127591;-191920;48934;24869;1
128383;-164154;48983;26604;2
120915;-169008;48517;26301;1
119163;-180731;48407;25568;8
121388;-190478;48546;24959;8
113433;-166070;48049;26484;4
115848;-185032;48200;25299;1
120074;-193583;48464;24765;1
105247;-194554;47537;24704;1
117619;-182021;48311;25487;8
111291;-176238;47915;25849;4
110273;-186778;47852;25190;2
104367;-184890;47482;25308;2
125633;-193130;48812;24793;1
130060;-193070;49088;24797;8
100983;-181542;47271;25517;1
113203;-176313;48035;25844;8
121442;-190404;48550;24963;8
116455;-170153;48238;26229;4
130528;-178714;49118;25694;4
114493;-175306;48115;25907;4
124996;-181708;48772;25507;2
105366;-193125;47545;24793;1
113038;-173727;48024;26006;2
123654;-177262;48688;25785;2
112164;-187152;47970;25167;2
104944;-183805;47519;25376;2
100274;-176527;47227;25831;2
114620;-175160;48123;25916;1
109799;-173331;47822;26030;1
105582;-165785;47558;26502;1
111503;-184680;47928;25321;1
112655;-195095;48000;24670;2
117459;-180086;48301;25608;2
113530;-171392;48055;26152;4
120402;-188579;48485;25077;4
113270;-179728;48039;25631;2
123622;-180707;48686;25569;4
127997;-182483;48959;25458;1
113949;-185123;48081;25293;4
126745;-185347;48881;25279;8
124963;-194309;48770;24719;4
109161;-180841;47782;25561;1
108757;-180126;47757;25606;2
108313;-185729;47729;25255;4
116294;-172760;48228;26066;2
105835;-172968;47574;26053;1
109715;-180128;47817;25606;1
130405;-185923;49110;25243;2
115733;-171610;48193;26138;2
120511;-185636;48491;25261;1
122108;-193635;48591;24761;2
102631;-171246;47374;26161;1
121991;-193165;48584;24791;2
108344;-180251;47731;25598;1
113906;-175562;48079;25891;1
129432;-186353;49049;25216;2
128462;-195453;48988;24648;1
129930;-186707;49080;25194;1
105254;-194462;47538;24710;2
104310;-174088;47479;25983;8
120314;-187615;48479;25138;1
105480;-195802;47552;24626;1
109899;-187909;47828;25119;2
118811;-193678;48385;24759;4
103148;-169988;47406;26239;1
113942;-178973;48081;25678;4
120462;-187303;48488;25157;1
108638;-180124;47749;25606;1
100214;-181941;47223;25492;8
118005;-170750;48335;26192;2
118810;-171456;48385;26148;8
130657;-178564;49126;25703;8
105199;-194658;47534;24697;1
117335;-176887;48293;25808;2
117158;-176835;48282;25811;4
102533;-178100;47368;25732;2
126161;-171726;48845;26131;2
117638;-175939;48312;25867;4
122063;-186625;48588;25199;8
121194;-190502;48534;24957;4
114007;-175051;48085;25923;2
119310;-182973;48416;25428;4
106709;-185960;47629;25241;2
127233;-181885;48912;25496;2
106406;-177633;47610;25761;4
122077;-186671;48589;25197;8
128920;-169742;49017;26255;1
129036;-177440;49024;25774;8
117907;-170743;48329;26192;2
127550;-188770;48931;25065;2
125636;-193064;48812;24797;2
114578;-180313;48121;25594;4
108342;-171987;47731;26114;4
121079;-182601;48527;25451;2
117749;-189166;48319;25041;4
105615;-167545;47560;26392;4
108038;-170238;47712;26224;4
120437;-175399;48487;25901;2
115084;-176137;48152;25855;2
120464;-181654;48489;25510;4
119315;-182965;48417;25428;1
121536;-166248;48556;26473;1
112944;-189871;48019;24997;2
129629;-186700;49061;25195;1
129000;-179372;49022;25653;1
129144;-177429;49031;25774;8
117511;-179429;48304;25649;1
129624;-186435;49061;25211;2
113513;-182017;48054;25487;4
121997;-193077;48584;24796;8
101013;-182529;47273;25455;4
113390;-183416;48046;25400;2
100229;-181491;47224;25520;8
126701;-192325;48878;24843;4
100570;-173982;47245;25990;2
109739;-180130;47818;25605;2
122662;-194102;48626;24732;1
120072;-193551;48464;24767;8
116155;-189514;48219;25019;1
108502;-180799;47741;25564;1
128865;-179988;49014;25614;8
106087;-182342;47590;25467;8
128925;-167920;49017;26369;2
122108;-193203;48591;24788;1
130163;-178491;49095;25708;8
127588;-180822;48934;25562;2
127566;-164893;48932;26558;4
102009;-173957;47335;25991;1
113482;-166075;48052;26484;1
106294;-174447;47603;25961;1
128615;-178414;48998;25713;2
113431;-171490;48049;26145;2
126791;-179526;48884;25643;2
104068;-165648;47464;26511;4
129441;-187064;49050;25172;8
114806;-192998;48135;24801;4
128551;-178339;48994;25717;2
114528;-184574;48118;25328;4
128997;-179982;49022;25615;1
130120;-187692;49092;25133;4
129214;-175584;49035;25890;2
119943;-182148;48456;25479;8
130506;-178745;49116;25692;4
130667;-178786;49126;25689;8
129467;-181696;49051;25508;4
108540;-180823;47743;25562;8
105701;-195906;47566;24619;2
100421;-180824;47236;25562;8
107104;-176160;47654;25854;2
110334;-187007;47855;25176;2
126979;-187044;48896;25173;2
108349;-171929;47731;26118;1
108784;-171571;47759;26140;4
114676;-175122;48127;25918;2
105508;-165817;47554;26500;4
124302;-189599;48728;25014;8
115859;-192931;48201;24805;4
113917;-183574;48079;25390;4
108939;-188602;47768;25076;4
114592;-170488;48122;26208;8
123054;-165863;48650;26497;2
123819;-191720;48698;24881;8
112906;-189853;48016;24998;1
123899;-187896;48703;25120;1
116563;-178919;48245;25681;4
116454;-172061;48238;26110;2
119269;-182316;48414;25469;8
121055;-182621;48525;25450;4
123428;-177187;48674;25789;1
129744;-186781;49069;25190;2
121121;-196033;48530;24611;8
120460;-187300;48488;25157;1
119714;-190199;48442;24976;4
116684;-192510;48252;24832;4
129078;-177476;49027;25771;2
109364;-172475;47795;26084;4
117564;-188778;48307;25065;2
106817;-175404;47636;25901;4
100180;-176446;47221;25836;8
127480;-186097;48927;25232;2
130024;-186639;49086;25199;2
127639;-165416;48937;26525;8
112540;-175100;47993;25920;1
106210;-170012;47598;26238;4
111814;-179320;47948;25656;2
101411;-179106;47298;25669;8
126779;-180203;48883;25601;8
103969;-168637;47458;26324;8
108577;-180198;47746;25601;2
125052;-181702;48775;25507;1
115068;-193169;48151;24790;2
113381;-175249;48046;25910;2
116130;-172693;48218;26070;8
116781;-188915;48258;25056;2
128525;-178396;48992;25714;2
129460;-194007;49051;24738;8
126303;-166732;48853;26443;1
117652;-181623;48313;25512;8
125735;-180807;48818;25563;1
123186;-164977;48659;26552;8
100959;-168323;47269;26343;8
113043;-175074;48025;25921;2
121656;-177779;48563;25752;2
122795;-191857;48634;24872;4
127139;-181467;48906;25522;8
122789;-191451;48634;24898;2
112498;-173431;47991;26024;2
105624;-166952;47561;26429;2
110143;-173510;47843;26019;8
121980;-175202;48583;25913;8
108742;-180104;47756;25607;8
130170;-194223;49095;24725;4
128722;-178633;49005;25699;2
112162;-180922;47970;25556;4
122468;-191425;48614;24899;1
126202;-168841;48847;26311;4
126060;-179662;48838;25635;1
99750;-173150;47194;26042;1
130437;-178721;49112;25693;1
110695;-189695;47878;25008;1
127627;-164336;48936;26593;8
114847;-180392;48137;25589;4
129256;-185628;49038;25262;4
112821;-178340;48011;25717;2
105706;-195892;47566;24620;2
127880;-179964;48952;25616;2
113655;-171400;48063;26151;8
129913;-165732;49079;26505;1
103202;-164355;47410;26591;1
103361;-170991;47420;26177;4
130171;-193113;49095;24794;4
128994;-179934;49022;25618;1
102649;-178055;47375;25735;2
123585;-178342;48684;25717;1
120587;-179054;48496;25673;4
111294;-176200;47915;25851;1
112853;-189343;48013;25030;4
105033;-194511;47524;24707;1
116082;-194492;48215;24708;2
118197;-171227;48347;26162;8
106251;-174403;47600;25963;8
115916;-185063;48204;25297;2
108137;-182105;47718;25482;8
118238;-183622;48349;25387;4
103200;-164460;47410;26585;8
124734;-186000;48755;25239;8
121209;-188785;48535;25064;2
128738;-175772;49006;25878;1
107126;-176247;47655;25848;8
126389;-192960;48859;24804;4
122090;-191894;48590;24870;1
114931;-182481;48143;25458;1
123639;-180627;48687;25574;8
124752;-187128;48757;25168;8
124656;-183552;48751;25392;1
130121;-187105;49092;25169;2
123800;-191726;48697;24881;1
116492;-194094;48240;24733;4
127260;-176075;48913;25859;2
120496;-185665;48491;25259;8
112964;-189951;48020;24992;2
117453;-183232;48300;25412;2
112131;-176648;47968;25823;4
129553;-186439;49057;25211;8
119487;-193973;48427;24740;2
109070;-177970;47776;25740;1
111595;-177223;47934;25787;1
110498;-185686;47866;25258;4
115052;-193197;48150;24789;1
117170;-178987;48283;25677;1
116486;-175173;48240;25915;8
116135;-165125;48218;26543;4
105321;-189942;47542;24992;8
111275;-173891;47914;25995;8
121687;-193199;48565;24789;1
117133;-176779;48280;25815;8
106371;-166745;47608;26442;4
112843;-178317;48012;25719;2
128701;-178279;49003;25721;8
114170;-170218;48095;26225;1
127268;-189698;48914;25007;1
113268;-182109;48039;25482;1
120959;-190261;48519;24972;8
102227;-173827;47349;25999;1
111461;-173305;47926;26032;1
105720;-167135;47567;26418;1
127505;-164870;48929;26559;1
121058;-184217;48526;25350;4
107084;-176181;47652;25852;1
124101;-186689;48716;25195;4
120260;-179517;48476;25644;1
118520;-190434;48367;24961;8
122327;-167248;48605;26411;2
130425;-166343;49111;26467;8
99817;-174641;47198;25948;8
128661;-195092;49001;24670;2
122838;-179777;48637;25627;1
119201;-182361;48410;25466;4
123713;-177232;48692;25787;4
100107;-181905;47216;25494;4
99173;-173378;47158;26027;1
100945;-181594;47269;25514;1
127248;-181820;48913;25500;1
128616;-195931;48998;24618;4
120136;-165501;48468;26520;2
122237;-191342;48599;24905;2
126200;-179095;48847;25670;4
100827;-182607;47261;25451;4
117315;-193431;48292;24774;4
112819;-175090;48011;25920;1
111332;-176156;47918;25854;8
100217;-176272;47223;25847;2
111486;-173218;47927;26037;2
101982;-165548;47333;26517;8
120064;-187456;48464;25148;4
128265;-164108;48976;26607;2
130248;-166766;49100;26441;2
121868;-191217;48576;24912;4
108748;-176218;47756;25850;8
102229;-173829;47349;25999;4
117700;-174186;48316;25977;8
105921;-183616;47580;25388;8
114682;-193091;48127;24795;2
101997;-170452;47334;26210;4
110245;-186922;47850;25181;1
121513;-193162;48554;24791;4
108563;-176130;47745;25855;1
120279;-187542;48477;25142;4
120878;-187213;48514;25163;8
112443;-187770;47987;25128;2
127575;-180748;48933;25567;2
114834;-180383;48137;25590;2
100350;-165149;47231;26542;1
100909;-182812;47266;25438;4
115135;-194876;48155;24684;8
99167;-173453;47157;26023;8
115629;-194329;48186;24718;8
115382;-192938;48171;24805;8
117288;-164284;48290;26596;1
129463;-179237;49051;25661;1
106918;-165235;47642;26536;4
120115;-187447;48467;25148;8
111911;-172561;47954;26078;2
108686;-180150;47752;25604;2
128717;-178248;49004;25723;4
114555;-192350;48119;24842;1
122201;-186676;48597;25196;8
120390;-175365;48484;25903;1
103948;-168580;47456;26327;1
119700;-190157;48441;24979;4
129618;-171303;49061;26157;1
105010;-183442;47523;25398;2
120150;-181186;48469;25539;8
117160;-176895;48282;25808;1
117969;-170669;48333;26197;4
106832;-173237;47637;26036;1
120787;-186573;48509;25203;2
99189;-173547;47159;26017;2
101207;-164657;47285;26572;1
114235;-194232;48099;24724;8
129490;-182125;49053;25481;8
115031;-175630;48149;25887;2
114061;-170118;48088;26231;2
110376;-189785;47858;25002;2
108693;-167019;47753;26425;2
100258;-165176;47226;26540;4
105091;-190148;47528;24979;4
102208;-169803;47348;26251;1
108311;-185852;47729;25248;4
118376;-190524;48358;24956;1
118291;-190522;48353;24956;4
123097;-165766;48653;26503;2
127721;-164284;48942;26596;4
121622;-177787;48561;25752;8
113132;-173730;48030;26005;1
115472;-186757;48177;25191;4
124365;-167687;48732;26383;8
105294;-167523;47540;26393;8
111550;-164287;47931;26596;1
129262;-177913;49038;25744;2
120364;-188642;48482;25073;8
123195;-164958;48659;26554;2
100512;-164520;47242;26581;8
107549;-177348;47681;25779;8
101167;-179407;47282;25651;8
106338;-177390;47606;25777;1
122135;-185108;48593;25294;4
115710;-177588;48191;25764;1
112296;-186344;47978;25217;1
130089;-187796;49090;25126;2
121080;-165674;48527;26509;4
127876;-165709;48952;26507;1
128350;-195540;48981;24642;1
120623;-187902;48498;25120;4
99494;-166443;47178;26461;2
111864;-179301;47951;25657;8
116432;-191535;48237;24893;2
128319;-195580;48979;24640;2
127809;-175164;48948;25916;8
116275;-172736;48227;26068;8
111286;-177829;47915;25749;8
121199;-165635;48534;26511;2
100834;-182926;47262;25431;4
116051;-194496;48213;24708;1
122109;-186708;48591;25194;2
101219;-168461;47286;26335;8
112900;-190682;48016;24946;8
105963;-173180;47582;26040;2
101322;-168494;47292;26333;1
128408;-182909;48985;25432;1
128064;-179253;48964;25660;4
109630;-181619;47811;25512;2
110613;-173473;47873;26021;2
118076;-185103;48339;25295;4
104409;-178271;47485;25722;2
111503;-177247;47928;25786;2
112522;-172409;47992;26088;8
125961;-188168;48832;25103;1
124360;-189637;48732;25011;2
118123;-192610;48342;24825;2
128311;-178644;48979;25698;2
100886;-182898;47265;25432;2
126754;-180117;48882;25606;2
117719;-178171;48317;25728;8
105161;-190110;47532;24982;1
104248;-177772;47475;25753;1
118541;-182859;48368;25435;1
105317;-189927;47542;24993;4
128994;-194415;49022;24713;1
110335;-174182;47855;25977;1
113934;-170313;48080;26219;1
127704;-182245;48941;25473;8
105614;-167490;47560;26395;2
103664;-165940;47439;26492;1
123404;-193369;48672;24778;2
118793;-193688;48384;24758;8
115118;-182963;48154;25428;2
118632;-182851;48374;25435;4
120140;-165288;48468;26533;8
116314;-172706;48229;26069;8
120362;-188564;48482;25078;8
121054;-182541;48525;25455;1
128304;-195376;48979;24653;8
126068;-167894;48839;26370;2
119980;-181234;48458;25536;4
111006;-181922;47897;25493;4
115502;-181877;48178;25496;4
130331;-186890;49105;25183;2
114639;-175325;48124;25906;1
108462;-187728;47738;25131;1
130105;-187671;49091;25134;1
116530;-194136;48243;24730;2
109792;-164053;47822;26610;8
105654;-167145;47563;26417;1
115043;-193203;48150;24788;1
121026;-165671;48524;26509;2
126846;-189319;48887;25031;4
112740;-195119;48006;24669;4
103131;-170012;47405;26238;2
129861;-164735;49076;26568;4
116676;-194033;48252;24736;2
106147;-173209;47594;26038;1
123503;-177322;48678;25781;1
121490;-187276;48553;25159;4
122463;-192347;48613;24842;8
113588;-178919;48059;25681;2
122679;-179603;48627;25638;1
114549;-192295;48119;24845;8
113126;-173777;48030;26002;2
129378;-165204;49046;26538;4
128272;-181514;48977;25519;8
121224;-196056;48536;24610;1
114411;-194272;48110;24722;4
125973;-175151;48833;25917;8
116266;-172334;48226;26093;8
123720;-176815;48692;25813;4
99304;-178916;47166;25681;2
104371;-178187;47483;25727;2
120860;-176594;48513;25826;4
109759;-180323;47819;25593;4
129137;-175539;49031;25892;2
103184;-173906;47409;25994;8
128021;-179282;48961;25658;4
109677;-181573;47814;25515;2
128961;-180081;49020;25608;1
116248;-172780;48225;26065;2
114395;-181845;48109;25498;4
107900;-189999;47703;24989;2
111534;-185726;47930;25256;8
121477;-190620;48552;24950;1
128745;-178622;49006;25700;4
108344;-185823;47731;25250;1
112066;-172886;47964;26058;1
108632;-176141;47749;25855;2
112853;-189422;48013;25025;4
110125;-186993;47842;25176;1
117160;-175522;48282;25893;1
104486;-186988;47490;25177;1
125246;-172414;48787;26088;2
104787;-167559;47509;26391;8
111578;-184583;47933;25327;8
104615;-170327;47498;26218;1
124538;-196597;48743;24576;1
102534;-178110;47368;25732;4
112457;-173404;47988;26026;1
105014;-164655;47523;26573;4
124967;-182065;48770;25484;8
102623;-178099;47373;25732;8
114059;-169857;48088;26247;8
127330;-176032;48918;25862;2
120767;-182988;48507;25427;2
106445;-177612;47612;25763;1
129872;-177451;49077;25773;4
115394;-192963;48172;24803;2
115819;-177230;48198;25787;8
129880;-186569;49077;25203;4
117740;-182960;48318;25429;2
117950;-184073;48331;25359;8
128693;-195076;49003;24671;4
114957;-175641;48144;25886;8
105329;-176410;47543;25838;4
130183;-193788;49096;24752;4
106165;-174639;47595;25949;2
105886;-168441;47577;26336;4
98415;-163964;47110;26616;2
123506;-173944;48679;25992;2
114183;-194255;48096;24723;4
123991;-177871;48709;25747;2
128286;-182779;48977;25440;8
102264;-174017;47351;25987;8
118045;-184292;48337;25345;2
100267;-181394;47226;25526;1
114869;-180911;48139;25557;4
120460;-176086;48488;25858;2
104646;-178068;47500;25734;4
112780;-175080;48008;25921;2
127118;-181381;48904;25527;8
118839;-171409;48387;26150;2
114364;-192430;48107;24837;4
108372;-185814;47733;25250;2
118132;-185332;48343;25280;8
120194;-187524;48472;25143;4
122781;-179789;48633;25627;8
106770;-173301;47633;26032;4
127707;-182260;48941;25472;4
129023;-194410;49023;24713;1
127554;-168457;48932;26335;4
105526;-195752;47555;24629;4
117486;-180549;48302;25579;2
118898;-167099;48391;26420;1
126746;-185360;48881;25279;2
125126;-195316;48780;24656;8
115843;-184704;48200;25320;2
101908;-174038;47329;25986;1
115195;-182938;48159;25430;8
127194;-192703;48909;24820;4
129751;-177634;49069;25761;4
117628;-171074;48311;26171;2
105247;-176404;47537;25838;1
115733;-177208;48193;25788;1
125986;-179687;48834;25633;1
129101;-180844;49028;25561;2
119723;-190091;48442;24983;8
129627;-177142;49061;25792;1
120322;-175430;48480;25899;2
100926;-168419;47267;26337;8
129657;-186407;49063;25213;4
102161;-168306;47345;26344;4
123920;-178011;48705;25738;8
110654;-186174;47875;25228;2
108683;-180208;47752;25601;8
116401;-191537;48235;24892;8
117482;-183285;48302;25408;4
110295;-177886;47853;25746;4
113560;-193887;48057;24746;1
122124;-186681;48592;25196;8
113499;-171329;48053;26155;8
126702;-192382;48878;24840;4
105680;-166980;47565;26427;4
118128;-185143;48343;25292;8
118585;-182908;48371;25432;4
114570;-170454;48120;26210;2
113972;-174980;48083;25927;2
114282;-194220;48102;24725;8
122568;-179099;48620;25670;1
108410;-189671;47735;25009;1
112854;-189409;48013;25025;2
129632;-171349;49062;26154;1
109429;-185610;47799;25263;4
114178;-194271;48096;24722;4
129404;-165216;49047;26538;2
116073;-185082;48214;25296;4
114463;-184503;48113;25332;8
100565;-164539;47245;26580;1
121821;-191029;48573;24924;2
105718;-167524;47567;26393;8
127353;-181867;48919;25497;1
122089;-171036;48590;26174;4
117732;-189062;48318;25047;2
129628;-182190;49061;25477;2
114830;-193304;48136;24782;4
129062;-184554;49026;25329;4
115218;-180236;48161;25599;8
114000;-170894;48085;26183;2
117383;-179984;48296;25615;4
106753;-168500;47632;26332;4
127156;-181417;48907;25525;2
105087;-164712;47527;26569;4
121552;-190786;48557;24939;8
116682;-193927;48252;24743;8
129450;-182122;49050;25481;2
105847;-173010;47575;26050;4
120953;-189062;48519;25047;8
118184;-183779;48346;25377;8
126176;-171743;48846;26130;2
104361;-184865;47482;25309;1
129115;-180837;49029;25561;8
123411;-182309;48673;25469;1
116630;-192434;48249;24836;4
129501;-181704;49053;25507;4
127977;-181475;48958;25521;1
129233;-175502;49037;25895;2
101905;-170396;47329;26214;2
120553;-176105;48494;25857;4
117663;-189176;48313;25040;1
101329;-168488;47293;26333;1
120458;-176114;48488;25856;4
105291;-194503;47540;24707;2
127672;-180939;48939;25555;8
120828;-186519;48511;25206;2
111510;-184580;47929;25327;2
113780;-183531;48071;25393;4
105787;-192931;47571;24805;2
120129;-165438;48468;26524;2
123592;-177772;48684;25753;8
110319;-195486;47854;24646;4
126346;-176551;48856;25829;8
115076;-176229;48152;25849;8
99783;-174666;47196;25947;2
128962;-194316;49020;24719;1
120281;-165499;48477;26520;4
110991;-183129;47896;25418;2
130251;-192565;49100;24828;4
118478;-171063;48364;26172;8
128290;-176705;48978;25819;4
129711;-186862;49066;25185;2
116382;-172105;48233;26107;2
114594;-192173;48122;24853;1
108569;-176250;47745;25848;1
113450;-166133;48050;26480;4
116409;-191303;48235;24907;8
112748;-195114;48006;24669;2
119411;-179032;48423;25674;4
117162;-175599;48282;25889;8
112979;-189892;48021;24995;1
121404;-190373;48547;24965;2
114948;-190969;48144;24928;4
128962;-180043;49020;25611;4
107564;-177371;47682;25778;1
106047;-175893;47587;25870;8
112650;-195172;48000;24665;8
103276;-164429;47414;26587;8
127569;-187039;48933;25174;2
115927;-177677;48205;25759;4
118652;-182820;48375;25437;8
126818;-185730;48886;25255;4
126536;-186275;48868;25221;4
116287;-172145;48227;26104;1
123031;-165787;48649;26502;8
102270;-175494;47351;25895;1
111268;-177870;47914;25747;2
115111;-176163;48154;25853;8
115941;-185080;48206;25296;2
113482;-171358;48052;26154;1
102001;-170363;47335;26216;8
113732;-174470;48068;25959;4
113865;-187836;48076;25124;1
109652;-181537;47813;25517;1
129770;-192085;49070;24858;1
99224;-178624;47161;25700;1
120178;-181165;48471;25541;4
100900;-174637;47266;25949;4
113589;-181869;48059;25497;8
108486;-180804;47740;25563;8
117458;-183362;48301;25403;2
113578;-181861;48058;25497;8
126653;-191235;48875;24911;4
124630;-193560;48749;24766;8
105598;-195782;47559;24627;4
121956;-175225;48582;25912;1
130300;-178478;49103;25709;1
117477;-174791;48302;25939;1
116052;-194349;48213;24717;2
106981;-175686;47646;25883;4
101077;-182382;47277;25465;2
120641;-187784;48500;25127;2
108597;-168628;47747;26324;2
117712;-183037;48317;25424;2
123419;-177193;48673;25789;2
100582;-164538;47246;26580;2
127127;-185378;48905;25277;2
117376;-180570;48296;25578;4
122183;-191286;48596;24908;1
105219;-189865;47536;24997;4
110855;-178284;47888;25721;8
130993;-187519;49147;25144;2
124350;-167727;48731;26381;4
118410;-170278;48360;26221;2
117432;-179901;48299;25620;1
105280;-194483;47540;24708;1
121034;-167414;48524;26400;1
120139;-165334;48468;26530;1
114186;-192514;48096;24831;8
114221;-179249;48098;25660;8
117901;-170640;48328;26199;1
128393;-178674;48984;25696;1
116560;-194094;48245;24733;2
101663;-185728;47313;25256;1
113606;-193902;48060;24745;1
127400;-185919;48922;25244;2
127098;-184932;48903;25305;8
127575;-188763;48933;25066;4
111291;-177864;47915;25747;8
129238;-181644;49037;25511;4
104536;-186502;47493;25207;2
101108;-184866;47279;25309;1
101708;-180772;47316;25565;8
116760;-184354;48257;25341;4
120746;-186563;48506;25203;1
99622;-183159;47186;25416;4
116438;-170143;48237;26230;2
104415;-178193;47485;25726;4
117584;-179439;48309;25649;2
114494;-184532;48115;25330;2
126281;-166782;48852;26440;4
100771;-182588;47258;25452;2
116164;-176942;48220;25805;4
126097;-171737;48841;26130;4
126545;-186199;48869;25226;4
129125;-194739;49030;24692;1
114328;-194264;48105;24722;1
130064;-187069;49089;25172;1
100897;-168358;47266;26341;4
115031;-182816;48149;25438;1
103502;-178868;47428;25684;1
127890;-176148;48953;25854;1
117731;-174091;48318;25983;2
129058;-180811;49026;25563;8
108816;-180160;47761;25604;2
108243;-172113;47725;26106;8
129243;-175519;49037;25894;8
100513;-174028;47242;25987;2
127555;-182056;48932;25485;1
120850;-169042;48513;26298;2
119164;-178966;48407;25678;4
129530;-179306;49055;25657;8
105553;-165879;47557;26496;2
129542;-171386;49056;26152;2
129652;-186751;49063;25192;1
129259;-164528;49038;26581;8
115003;-195087;48147;24671;8
127212;-175553;48910;25891;4
118096;-185211;48341;25288;1
109804;-173369;47822;26028;2
108475;-178771;47739;25690;2
111974;-188362;47958;25091;2
118528;-186228;48368;25224;2
121631;-193210;48561;24788;1
121348;-190501;48544;24957;2
116387;-195582;48234;24640;1
129414;-181689;49048;25508;8
130303;-178479;49103;25709;1
109688;-180888;47815;25558;2
116953;-188824;48269;25062;1
115193;-180990;48159;25552;4
110296;-177858;47853;25747;4
118162;-188520;48345;25081;4
102737;-178571;47381;25703;1
119342;-178998;48418;25676;2
120796;-183015;48509;25425;8
117041;-172716;48275;26069;1
124511;-196515;48741;24581;2
116649;-178771;48250;25690;1
128909;-179336;49016;25655;4
106298;-174562;47603;25953;2
121108;-190484;48529;24958;1
106473;-177574;47614;25765;2
129390;-165203;49046;26538;2
126718;-191325;48879;24906;1
126260;-176489;48851;25833;1
125328;-172295;48793;26095;2
106651;-186112;47625;25232;1
123987;-177885;48709;25746;8
122596;-192477;48622;24834;4
100477;-180813;47239;25563;2
119942;-182201;48456;25476;4
104144;-165664;47469;26510;4
112798;-178384;48009;25715;2
118837;-193719;48387;24756;4
120087;-182677;48465;25446;1
117457;-179880;48301;25621;2
130032;-186643;49087;25198;1
126182;-168851;48846;26310;1
115120;-194679;48155;24696;4
127687;-164292;48940;26595;4
119509;-193931;48429;24743;1
114930;-180893;48143;25558;4
105300;-194814;47541;24688;8
110714;-173494;47879;26020;1
102194;-169774;47347;26253;4
129127;-183574;49030;25390;4
117550;-179338;48306;25655;4
124937;-181740;48768;25505;2
107124;-176203;47655;25851;1
113130;-175082;48030;25921;8
111565;-184618;47932;25325;4
129868;-177461;49076;25772;1
110298;-193523;47853;24768;1
114448;-192381;48113;24840;4
119981;-182209;48458;25475;8
105261;-194503;47538;24707;1
112455;-175346;47988;25904;8
106055;-195440;47588;24649;1
115943;-184636;48206;25324;2
129083;-184545;49027;25329;1
120035;-183113;48462;25419;8
120497;-181751;48491;25504;1
124768;-186481;48758;25208;2
129298;-186003;49041;25238;8
114941;-193352;48143;24779;8
106966;-168491;47645;26333;2
111280;-176222;47915;25850;8
124971;-181751;48770;25504;8
123233;-164898;48662;26557;4
122691;-184746;48628;25317;1
130288;-178573;49103;25703;2
126985;-184941;48896;25305;1
120298;-187598;48478;25139;4
101494;-179130;47303;25668;1
109307;-189277;47791;25034;2
114666;-179501;48126;25645;2
127592;-176843;48934;25811;2
100114;-176491;47217;25833;8
115670;-169978;48189;26240;4
117318;-176858;48292;25810;2
105629;-167429;47561;26399;2
112510;-187767;47991;25128;1
123718;-177261;48692;25785;8
128975;-179397;49020;25651;1
104154;-165716;47469;26506;2
111980;-188362;47958;25091;1
127449;-185905;48925;25244;1
128855;-184387;49013;25339;8
108123;-179718;47717;25631;8
129641;-176490;49062;25833;2
125680;-185398;48815;25276;4
107795;-169592;47697;26264;1
106023;-175959;47586;25866;1
116202;-189481;48222;25021;8
106048;-195411;47588;24650;4
115211;-181895;48160;25495;1
104704;-167651;47504;26385;2
130027;-186701;49086;25195;8
118102;-192599;48341;24826;1
111614;-184673;47935;25321;8
110262;-174135;47851;25980;8
117050;-194312;48275;24719;1
129408;-187128;49048;25168;1
129594;-182262;49059;25472;8
125450;-181232;48800;25537;1
128787;-179479;49009;25646;4
105318;-194443;47542;24711;8
114570;-175270;48120;25909;2
121139;-190470;48531;24959;4
117472;-180520;48302;25581;8
108446;-180818;47737;25562;2
130151;-194272;49094;24722;4
129129;-194730;49030;24693;8
123502;-173859;48678;25997;1
118953;-179421;48394;25650;8
109790;-164009;47821;26613;8
103080;-169986;47402;26239;2
115963;-171427;48207;26149;4
129588;-186704;49059;25195;1
105954;-173131;47582;26043;2
120533;-187189;48493;25164;4
109498;-176019;47803;25862;1
127144;-181497;48906;25520;8
119452;-193988;48425;24739;1
113402;-183417;48047;25400;1
117027;-188848;48274;25061;1
122094;-191968;48590;24866;8
114546;-175299;48119;25907;2
127452;-176590;48925;25827;2
105950;-173136;47581;26043;4
127654;-186268;48938;25222;8
113227;-176342;48036;25842;2
114966;-193157;48145;24791;8
105436;-194884;47549;24683;1
117000;-183309;48272;25407;1
108794;-180100;47759;25607;2
120471;-185680;48489;25259;2
114853;-182722;48138;25443;4
108747;-171567;47756;26141;8
124506;-196608;48741;24576;8
123634;-180729;48687;25568;2
127463;-188609;48926;25075;4
124433;-196487;48737;24583;1
105051;-164691;47525;26570;1
118430;-190370;48361;24965;2
127240;-189778;48912;25002;2
115757;-177264;48194;25785;2
128883;-179439;49015;25649;4
108166;-172112;47720;26107;1
115980;-192060;48208;24860;1
108498;-180813;47741;25563;1
112168;-180895;47970;25558;8
103057;-170010;47401;26238;2
129611;-186746;49060;25192;1
120658;-187784;48501;25127;1
122720;-192628;48630;24824;8
130512;-178736;49117;25693;1
122232;-186607;48599;25201;2
127756;-175149;48944;25917;8
124957;-181657;48769;25510;1
101370;-179263;47295;25660;8
106041;-174664;47587;25947;1
129611;-171364;49060;26153;8
121433;-195977;48549;24615;2
129233;-189215;49037;25038;8
128538;-178382;48993;25715;2
113446;-166043;48050;26486;8
106970;-165186;47645;26539;8
115276;-166151;48164;26479;2
105685;-183601;47565;25388;1
117147;-179022;48281;25675;4
106861;-168501;47638;26332;1
128300;-178793;48978;25689;8
130249;-166658;49100;26447;2
106636;-185927;47624;25243;4
127907;-181413;48954;25525;4
116167;-172800;48220;26064;2
116629;-192480;48249;24834;8
120472;-187212;48489;25163;4
112556;-172346;47994;26092;4
116117;-172761;48217;26066;1
120003;-194217;48460;24725;1
100340;-165179;47231;26540;1
108434;-178747;47737;25692;4
105338;-176511;47543;25832;8
129061;-183674;49026;25384;1
114970;-193740;48145;24755;2
105296;-176487;47541;25833;4
99747;-173147;47194;26042;1
109314;-185648;47792;25261;8
104510;-177810;47491;25750;1
110708;-193349;47879;24779;2
119741;-190186;48443;24977;1
114271;-179223;48101;25662;1
105333;-165315;47543;26531;8
105996;-174510;47584;25957;1
104943;-183757;47518;25379;8
120074;-187463;48464;25147;1
125759;-193043;48819;24798;4
121581;-165646;48558;26511;4
123868;-166418;48701;26462;8
130599;-178677;49122;25696;8
115822;-171587;48198;26139;1
114899;-182511;48141;25457;1
99660;-175602;47188;25888;1
117702;-181557;48316;25516;1
122257;-167219;48601;26412;8
110640;-189688;47875;25008;4
127635;-186296;48937;25220;1
124900;-186490;48766;25208;2
111049;-181995;47900;25489;2
101143;-168480;47281;26334;1
99622;-165591;47186;26514;4
127583;-186259;48933;25222;1
129554;-171280;49057;26159;1
116392;-185472;48234;25272;1
120954;-168976;48519;26303;8
121500;-193166;48553;24791;4
128832;-195265;49012;24659;2
130022;-186734;49086;25193;2
119384;-182323;48421;25468;2
112580;-183397;47996;25401;2
110696;-173530;47878;26018;1
105716;-167521;47567;26393;2
123899;-178569;48703;25703;1
126231;-166757;48849;26441;4
129295;-187010;49040;25175;2
129417;-179362;49048;25653;4
129505;-182112;49054;25482;8