98670;-186809;47126;25188;2
104072;-188371;47464;25090;4
99888;-191726;47203;24881;1
99135;-185474;47155;25271;8
99377;-165535;47171;26518;4
129101;-196026;49028;24612;1
126688;-176796;48878;25814;1
130089;-196009;49090;24613;4
116235;-175794;48224;25876;1
113689;-191802;48065;24876;2
98824;-186236;47136;25224;2
124114;-194685;48717;24696;1
113377;-174054;48046;25985;8
98837;-187966;47137;25116;8
100210;-189796;47223;25001;1
104106;-190825;47466;24937;1
125399;-173896;48797;25995;2
102756;-187032;47382;25174;1
111226;-176999;47911;25801;1
119517;-185969;48429;25240;4
98423;-186386;47111;25214;2
130031;-190502;49086;24957;1
119696;-187028;48441;25174;2
116055;-173156;48213;26041;1
101364;-187515;47295;25144;4
127895;-181545;48953;25517;1
128350;-194934;48981;24680;4
130337;-186600;49106;25201;1
114188;-193940;48096;24742;1
121782;-191534;48571;24893;4
130719;-196229;49129;24599;8
119507;-188839;48429;25061;2
103914;-191844;47454;24873;2
108751;-172944;47756;26055;4
101630;-189075;47311;25046;4
98526;-191093;47117;24920;2
127169;-195627;48908;24637;4
128379;-191432;48983;24899;1
129459;-189155;49051;25041;1
122926;-196607;48642;24576;2
125146;-196219;48781;24600;8
121885;-193304;48577;24782;4
108150;-173495;47719;26020;8
119970;-188530;48458;25080;2
103190;-185902;47409;25245;4
102979;-181734;47396;25505;8
107596;-165010;47684;26550;1
99988;-195153;47209;24666;2
102456;-188205;47363;25101;2
127774;-179196;48945;25664;4
98873;-193738;47139;24755;1
101733;-192956;47318;24804;1
101907;-192041;47329;24861;8
104058;-191776;47463;24878;2
116435;-174392;48237;25964;8
103161;-184894;47407;25308;4
102711;-182391;47379;25464;8
115269;-172952;48164;26054;4
115130;-164213;48155;26600;2
101007;-193624;47272;24762;2
100212;-193662;47223;24760;4
106092;-179875;47590;25621;2
99332;-186741;47168;25192;4
112310;-165906;47979;26494;2
98939;-166102;47143;26482;1
122026;-163926;48586;26618;2
115831;-175121;48199;25918;8
130286;-187597;49102;25139;8
125825;-194955;48824;24679;4
102885;-194623;47390;24700;2
116368;-181658;48233;25510;1
128721;-188066;49005;25109;8
98807;-181493;47135;25520;8
130961;-193378;49145;24777;8
127653;-185939;48938;25242;1
98924;-165330;47142;26530;2
129774;-194225;49070;24724;2
128113;-186743;48967;25192;2
119468;-185503;48426;25270;2
114865;-175606;48139;25888;1
115896;-175425;48203;25899;8
98782;-172549;47133;26079;2
119768;-194478;48445;24709;8
130813;-186873;49135;25184;1
123670;-194742;48689;24692;2
118439;-193334;48362;24780;8
119052;-191868;48400;24872;1
108860;-173746;47763;26004;2
119443;-193650;48425;24760;1
98591;-170307;47121;26219;4
114987;-192264;48146;24847;2
103160;-192792;47407;24814;8
120630;-185635;48499;25261;8
98639;-183365;47124;25403;1
120687;-194898;48502;24682;8
130063;-191382;49088;24902;2
113650;-193168;48063;24791;8
130615;-193969;49123;24740;8
119878;-184118;48452;25356;4
118411;-187925;48360;25118;2
100144;-189468;47219;25022;8
124194;-192761;48722;24816;4
130006;-188763;49085;25066;4
99708;-186844;47191;25186;1
128416;-193907;48986;24744;2
99045;-181315;47150;25531;2
121099;-186768;48528;25191;1
103656;-193339;47438;24780;2
98851;-167702;47138;26382;4
128853;-195577;49013;24640;2
100961;-196040;47270;24611;1
129349;-179677;49044;25634;1
99872;-194710;47202;24694;1
99420;-169626;47173;26262;4
124849;-193608;48763;24763;8
99080;-189657;47152;25010;2
98443;-187330;47112;25155;2
115216;-175939;48161;25867;2
123702;-194453;48691;24710;4
100407;-194458;47235;24710;8
126666;-165158;48876;26541;4
102267;-185595;47351;25264;8
127516;-192350;48929;24842;2
100491;-186955;47240;25179;2
99024;-195182;47149;24665;2
118467;-194634;48364;24699;2
130409;-191285;49110;24908;8
101830;-190717;47324;24944;1
103663;-186358;47438;25216;1
98424;-180266;47111;25597;2
126483;-195382;48865;24652;8
130428;-191831;49111;24874;4
120497;-192795;48491;24814;8
128889;-188510;49015;25082;1
115074;-179540;48152;25642;1
103389;-189456;47421;25023;8
130597;-182739;49122;25442;8
99401;-189202;47172;25038;4
101764;-189023;47320;25050;2
113030;-174231;48024;25974;8
98882;-192622;47140;24825;8
127342;-181265;48918;25534;2
116541;-183561;48243;25391;4
118486;-196279;48365;24596;2
127614;-181347;48935;25529;4
102545;-187411;47369;25150;2
130377;-195956;49108;24616;8
103139;-181956;47406;25491;2
101089;-187746;47278;25129;4
103377;-185663;47421;25260;1
125610;-196475;48810;24584;8
99204;-187372;47160;25153;2
130541;-191371;49118;24903;2
103762;-167654;47445;26385;4
119202;-192797;48410;24814;1
120465;-187650;48489;25135;4
112154;-166330;47969;26468;1
103916;-192374;47454;24840;4
100603;-187127;47247;25168;8
117993;-172901;48334;26057;8
127914;-191476;48954;24896;8
98927;-170532;47142;26205;2
128770;-195806;49008;24626;1
123594;-194759;48684;24691;2
98498;-173341;47116;26030;8
125928;-175065;48830;25922;1
100031;-188036;47211;25111;4
118138;-194742;48343;24692;8
115398;-172502;48172;26082;1
103450;-186979;47425;25177;2
130377;-188729;49108;25068;4
100923;-187875;47267;25121;4
122172;-187655;48595;25135;1
100192;-187989;47222;25114;8
98883;-166379;47140;26465;8
118430;-193513;48361;24769;4
124642;-196586;48750;24577;4
126713;-167647;48879;26386;8
104247;-194605;47475;24701;4
104817;-194772;47511;24690;8
121316;-195325;48542;24656;1
105278;-195045;47539;24673;2
101585;-190887;47309;24933;4
128151;-186783;48969;25190;1
120267;-191604;48476;24888;8
116596;-194832;48247;24687;8
103905;-189785;47454;25002;2
117813;-172341;48323;26092;2
128987;-196288;49021;24596;4
98358;-179381;47107;25652;2
120268;-192406;48476;24838;2
126036;-194968;48837;24678;2
121875;-196314;48577;24594;8
99766;-192099;47195;24857;2
106427;-187532;47611;25143;1
127270;-181068;48914;25547;4
99531;-196557;47180;24579;1
120849;-186408;48513;25213;8
107632;-193115;47687;24794;2
103586;-191006;47434;24926;2
113005;-165577;48022;26515;1
120948;-192832;48519;24812;1
127378;-194961;48921;24678;4
130585;-187731;49121;25130;4
100168;-195465;47220;24647;1
115657;-175750;48188;25879;4
103933;-193037;47455;24799;4
130659;-191389;49126;24902;4
130582;-183724;49121;25381;2
104257;-186812;47476;25188;1
130557;-172080;49119;26109;2
98790;-181125;47134;25543;4
102381;-188068;47358;25109;4
98483;-171023;47115;26175;8
113970;-171215;48083;26163;1
100033;-189384;47212;25027;2
125125;-193329;48780;24780;4
129639;-184684;49062;25321;8
98909;-184214;47141;25350;8
119224;-186561;48411;25203;8
104336;-191055;47481;24923;1
98624;-181907;47124;25494;1
104117;-192553;47467;24829;2
98336;-182836;47106;25436;1
118627;-194701;48374;24695;1
100970;-188547;47270;25079;4
129030;-179216;49024;25663;2
99563;-185803;47182;25251;1
98460;-195831;47113;24624;4
126777;-175036;48883;25924;4
130259;-180525;49101;25581;1
115013;-175372;48148;25903;1
129086;-181781;49027;25502;1
100383;-187475;47233;25146;1
125004;-176035;48772;25861;4
127520;-184746;48930;25317;8
100833;-189156;47262;25041;8
128647;-192925;49000;24806;4
98843;-165814;47137;26500;8
103625;-189614;47436;25013;1
102965;-190683;47395;24946;2
101889;-185946;47328;25242;1
128277;-193438;48977;24774;4
107828;-173150;47699;26042;2
99613;-190137;47185;24980;4
128394;-195222;48984;24662;4
128099;-187802;48966;25126;8
101193;-179231;47284;25662;2
99501;-187527;47178;25143;2
109155;-173099;47782;26045;8
114019;-193376;48086;24778;4
128625;-190247;48999;24973;2
119582;-188462;48433;25085;8
108726;-172671;47755;26072;8
116309;-175558;48229;25891;2
102373;-193443;47358;24773;1
128724;-192466;49005;24834;4
114563;-191183;48120;24915;8
104193;-192114;47472;24856;4
124525;-178839;48742;25686;1
98836;-181518;47137;25519;4
118676;-193002;48377;24801;4
130900;-191747;49141;24879;1
130926;-192210;49142;24850;2
116200;-175223;48222;25912;2
99128;-166969;47155;26428;1
119465;-194378;48426;24715;2
114634;-174816;48124;25938;8
130106;-193764;49091;24753;8
130649;-182800;49125;25439;8
103942;-188892;47456;25058;4
99094;-167414;47153;26400;4
104803;-196274;47510;24596;1
102723;-195865;47380;24622;1
121494;-195248;48553;24661;1
130481;-182641;49115;25448;1
104432;-189424;47487;25025;8
127395;-181604;48922;25513;4
100082;-193952;47215;24742;2
130627;-181478;49124;25521;1
114185;-191461;48096;24897;8
129616;-178951;49061;25679;8
120974;-192885;48520;24808;1
130976;-188825;49146;25062;4
117533;-182353;48305;25466;1
99754;-194469;47194;24709;4
108544;-164052;47744;26610;1
127907;-192557;48954;24829;1
124895;-194721;48765;24693;2
98388;-186037;47109;25236;4
116974;-179852;48270;25623;8
128553;-180520;48994;25581;2
119703;-196466;48441;24584;4
102682;-186621;47377;25200;4
98529;-187334;47118;25155;2
127842;-195011;48950;24675;8
98866;-168046;47139;26361;8
115114;-163932;48154;26618;1
106186;-185002;47596;25301;2
103633;-191730;47437;24880;4
103192;-182581;47409;25452;2
121672;-193386;48564;24777;2
123784;-195997;48696;24614;8
117080;-175810;48277;25875;8
121343;-192809;48543;24813;4
125654;-175638;48813;25886;1
100357;-189328;47232;25031;8
115998;-183212;48209;25413;1
119803;-192857;48447;24810;1
130828;-179328;49136;25656;1
128337;-188531;48981;25080;1
100095;-188119;47215;25106;8
117847;-189022;48325;25050;2
124994;-195543;48772;24642;4
114290;-192333;48103;24843;4
101634;-189135;47312;25043;8
130818;-191393;49136;24901;2
102060;-189305;47338;25032;2
109407;-173609;47797;26013;4
121383;-188816;48546;25063;8
128166;-191577;48970;24890;4
99403;-171123;47172;26168;8
98763;-183785;47132;25377;2
126050;-176231;48838;25849;4
102723;-192891;47380;24808;8
118544;-195270;48369;24659;2
128601;-178295;48997;25720;8
121829;-193894;48574;24745;2
119284;-191815;48415;24875;4
102547;-174915;47369;25931;2
108662;-172707;47751;26069;1
129132;-192024;49030;24862;4
114912;-173312;48142;26032;8
120056;-193820;48463;24750;1
98499;-193424;47116;24775;4
128253;-188113;48975;25106;8
129323;-195029;49042;24674;1
98326;-190234;47105;24974;4
98363;-177487;47107;25771;8
116586;-196167;48246;24603;8
118123;-196283;48342;24596;1
128388;-187218;48984;25162;8
99502;-186061;47178;25235;1
130219;-186326;49098;25218;8
128862;-190240;49013;24974;2
121823;-193734;48573;24755;2
109253;-174377;47788;25965;1
121295;-193349;48540;24779;2
108124;-175023;47717;25925;4
130784;-185400;49134;25276;8
123534;-190227;48680;24974;8
130865;-185073;49139;25296;2
126846;-195902;48887;24620;4
113369;-190506;48045;24957;1
101086;-189116;47277;25044;1
127354;-181241;48919;25536;1
119119;-188526;48404;25081;1
122461;-194673;48613;24696;8
128345;-185933;48981;25243;2
98590;-181917;47121;25494;1
129028;-188794;49024;25064;1
120858;-191843;48513;24873;4
101436;-191419;47299;24900;1
100922;-196385;47267;24589;4
115741;-182783;48193;25440;8
109014;-175159;47773;25916;4
112144;-165920;47969;26494;2
117063;-175150;48276;25917;1
119697;-193541;48441;24767;2
130133;-180764;49093;25566;8
115152;-175285;48157;25908;8
128699;-188687;49003;25071;1
100873;-188509;47264;25082;2
116833;-181651;48262;25510;1
119980;-180258;48458;25597;8
114540;-193145;48118;24792;1
100522;-195113;47242;24669;8
115337;-174023;48168;25987;1
119916;-191909;48454;24869;4
128300;-186917;48978;25181;1
104120;-186796;47467;25189;1
123409;-194596;48673;24701;1
99252;-164051;47163;26610;2
125016;-174563;48773;25953;8
109997;-173773;47834;26003;4
122685;-194788;48627;24689;4
127486;-176426;48927;25837;8
127530;-192335;48930;24843;2
102877;-187326;47389;25156;4
115888;-175233;48203;25911;4
129075;-191227;49027;24912;8
103198;-195342;47409;24655;2
103852;-190402;47450;24963;4
128414;-195194;48985;24664;4
103075;-196461;47402;24585;4
130216;-194556;49098;24704;8
129616;-189059;49061;25047;4
120976;-194256;48521;24723;2
114463;-192974;48113;24803;4
129448;-191915;49050;24869;4
103598;-187319;47434;25156;1
118985;-191811;48396;24875;4
103256;-188685;47413;25071;1
101182;-189954;47283;24991;4
121498;-195555;48553;24641;1
129289;-190001;49040;24988;4
115116;-164888;48154;26558;8
117191;-186602;48284;25201;2
100633;-187560;47249;25141;4
104348;-196029;47481;24612;8
130277;-182827;49102;25437;4
104285;-191415;47477;24900;2
124993;-193533;48772;24768;2
103261;-188952;47413;25054;4
104105;-188628;47466;25074;8
99233;-193114;47162;24794;4
118744;-195704;48381;24632;4
100890;-187561;47265;25141;1
101702;-187160;47316;25166;2
126346;-195151;48856;24667;1
99355;-189891;47169;24995;4
101217;-196107;47286;24607;2
99385;-185169;47171;25290;1
121144;-195355;48531;24654;8
121821;-192608;48573;24826;4
121620;-181214;48561;25538;1
130587;-179957;49121;25616;8
130333;-180404;49105;25588;4
103381;-181690;47421;25508;4
101646;-169136;47312;26293;4
98994;-182133;47147;25480;1
100349;-190287;47231;24971;4
117503;-196507;48303;24582;4
118530;-190683;48368;24946;4
103289;-182662;47415;25447;1
120399;-196232;48484;24599;8
130343;-189900;49106;24995;4
115817;-178613;48198;25700;1
102864;-195129;47389;24668;2
98484;-189028;47115;25049;1
98929;-188746;47143;25067;1
125668;-175765;48814;25878;8
127651;-193105;48938;24794;8
126121;-193740;48842;24755;8
130646;-189313;49125;25031;8
99060;-184817;47151;25312;4
98342;-170026;47106;26237;2
103681;-188577;47440;25077;1
123651;-195988;48688;24614;1
119986;-189966;48459;24991;1
104507;-188958;47491;25054;8
129420;-184181;49048;25352;4
116220;-175270;48223;25909;2
116368;-192658;48233;24822;4
119236;-189570;48412;25015;4
112889;-190512;48015;24957;1
99298;-163912;47166;26619;2
98712;-169311;47129;26282;2
127347;-196264;48919;24597;8
129567;-189316;49057;25031;8
126975;-180002;48895;25613;8
119190;-188765;48409;25066;4
120108;-187943;48466;25117;4
101843;-192430;47325;24837;4
103901;-187352;47453;25154;8
100653;-192871;47250;24809;1
102238;-188301;47349;25095;4
119769;-188489;48445;25083;1
130655;-186528;49125;25206;8
99954;-185461;47207;25272;8
106387;-174325;47609;25968;1
113533;-165456;48055;26523;1
98368;-186867;47108;25184;8
98617;-182938;47123;25430;4
115571;-173444;48183;26023;8
103487;-193807;47427;24751;8
126248;-178668;48850;25697;8
102514;-194197;47367;24726;8
98476;-166538;47114;26455;8
119844;-191558;48450;24891;4
123134;-195081;48655;24671;8
101105;-189691;47279;25008;8
119785;-184461;48446;25335;8
102135;-196586;47343;24577;1
98634;-189149;47124;25042;2
99286;-165948;47165;26492;8
122175;-194669;48595;24697;4
98426;-193806;47111;24751;1
117886;-194170;48327;24728;1
125364;-173038;48795;26049;8
104354;-191323;47482;24906;1
99165;-171887;47157;26121;4
128597;-188260;48997;25097;4
103636;-193342;47437;24780;1
114658;-194838;48126;24686;1
130068;-187591;49089;25139;4
118183;-188050;48346;25110;1
128343;-191757;48981;24879;4
99387;-192632;47171;24824;1
121541;-194843;48556;24686;4
99057;-167654;47151;26385;2
129219;-196504;49036;24582;4
101299;-194435;47291;24711;4
123475;-196317;48677;24594;4
130316;-180223;49104;25600;4
125266;-175179;48789;25915;4
99928;-189276;47205;25034;4
118148;-194311;48344;24719;2
124936;-177415;48768;25775;8
100119;-192182;47217;24852;4
98326;-184276;47105;25346;2
127707;-193147;48941;24792;1
104491;-195939;47490;24617;1
124538;-178543;48743;25705;4
130357;-186859;49107;25185;2
130952;-194241;49144;24723;8
103129;-188411;47405;25088;8
130872;-190336;49139;24968;1
98528;-168772;47118;26315;1
121393;-190095;48547;24983;8
103804;-189144;47447;25042;1
100041;-194345;47212;24717;1
127809;-196539;48948;24580;2
116697;-196555;48253;24579;1
126617;-195788;48873;24627;8
99128;-191686;47155;24883;8
102664;-188178;47376;25102;8
122000;-187382;48585;25152;2
116268;-182988;48226;25427;4
108731;-163850;47755;26623;4
98363;-174855;47107;25935;8
118109;-195444;48341;24648;8
98516;-168242;47117;26348;4
98659;-170521;47126;26206;4
116165;-192665;48220;24822;2
100546;-193348;47244;24779;1
128149;-191627;48969;24887;1
115505;-172520;48179;26081;1
119025;-189931;48399;24993;4
125751;-175381;48819;25902;8
102243;-186543;47350;25205;1
109830;-173698;47824;26007;4
102267;-192254;47351;24848;2
130621;-196154;49123;24604;2
127996;-187971;48959;25115;1
125671;-176436;48814;25836;8
122426;-195991;48611;24614;1
126981;-195026;48896;24674;1
126811;-194031;48885;24737;4
106043;-185315;47587;25281;2
123390;-189945;48671;24992;2
121027;-192503;48524;24832;1
101944;-193197;47331;24789;4
130166;-192642;49095;24823;2
101116;-192687;47279;24821;1
104123;-195375;47467;24653;2
99109;-168125;47154;26356;4
120128;-180337;48468;25592;1
130981;-188550;49146;25079;8
101010;-189648;47273;25011;2
100108;-193574;47216;24765;4
98594;-191409;47122;24900;1
100531;-190629;47243;24949;4
100323;-193324;47230;24781;2
98333;-189185;47105;25039;1
120078;-196295;48464;24595;1
123048;-191161;48650;24916;8
103646;-191420;47437;24900;8
112668;-173762;48001;26003;4
114763;-168096;48132;26358;2
103273;-191574;47414;24890;4
129403;-186905;49047;25182;1
117713;-192525;48317;24831;2
112189;-166058;47971;26485;8
130992;-183175;49147;25415;8
103492;-193382;47428;24777;4
104672;-195052;47502;24673;2
125063;-195604;48776;24638;1
102679;-187579;47377;25140;4
98999;-180700;47147;25570;4
114509;-171309;48116;26157;4
102641;-185248;47375;25286;4
112095;-166449;47965;26460;4
125173;-192940;48783;24805;4
108985;-174336;47771;25968;1
121445;-196544;48550;24580;2
106295;-179817;47603;25625;4
99139;-169449;47156;26273;1
104044;-187632;47462;25137;4
122880;-193197;48640;24789;4
114426;-173676;48111;26009;4
119551;-196028;48431;24612;2
115922;-174638;48205;25949;1
101571;-194608;47308;24701;1
98587;-185664;47121;25260;8
128711;-195604;49004;24638;4
102940;-181360;47393;25529;8
104265;-193674;47476;24759;4
125695;-195863;48815;24622;8
124651;-192431;48750;24837;8
102417;-191107;47361;24919;8
103905;-186827;47454;25187;4
105163;-195684;47532;24633;1
128604;-189983;48997;24990;2
116417;-182567;48236;25453;8
122463;-195846;48613;24623;2
128780;-182157;49008;25479;8
100967;-191304;47270;24907;2
118809;-190848;48385;24936;1
120956;-194094;48519;24733;8
127095;-192238;48903;24849;1
115705;-173077;48191;26046;4
98906;-167709;47141;26382;4
124355;-192685;48732;24821;8
116527;-176324;48242;25843;1
126168;-194186;48845;24727;1
117157;-196542;48282;24580;8
102202;-195487;47347;24646;8
115869;-174355;48201;25966;1
98446;-181137;47112;25542;1
104363;-195355;47482;24654;1
130623;-183860;49123;25372;1
103819;-189402;47448;25026;4
107127;-173003;47655;26051;1
116048;-176465;48213;25834;4
99158;-169264;47157;26285;1
116347;-182624;48231;25450;8
104680;-191312;47502;24907;1
125177;-174573;48783;25953;1
128174;-193443;48970;24773;1
117172;-196183;48283;24602;2
99867;-193916;47201;24744;4
127879;-181602;48952;25513;8
128388;-187187;48984;25164;1
98735;-183625;47130;25387;8
130200;-189379;49097;25027;8
104066;-192823;47464;24812;4
113872;-176268;48077;25847;4
127132;-195362;48905;24653;2
130622;-181585;49123;25514;1
104832;-195151;47512;24667;8
120690;-184079;48503;25359;2
130323;-189474;49105;25021;2
115273;-192521;48164;24831;8
99661;-191652;47188;24885;1
98320;-185267;47105;25284;1
128867;-182812;49014;25438;1
99978;-187353;47208;25154;8
126431;-175760;48861;25879;1
98772;-184493;47133;25333;4
120275;-196098;48477;24607;8
128036;-185604;48962;25263;4
107647;-181672;47687;25509;1
99247;-187449;47162;25148;1
98673;-174184;47127;25977;8
121143;-192923;48531;24806;4
98778;-168262;47133;26347;8
116957;-182849;48269;25435;8
103554;-186926;47432;25181;4
115425;-179015;48174;25675;2
120479;-190231;48489;24974;1
98579;-169159;47121;26291;8
102772;-186288;47383;25221;1
107888;-173678;47703;26009;4
115656;-178400;48188;25714;2
130464;-195477;49114;24646;2
112884;-166144;48015;26480;2
98534;-194255;47118;24723;8
100885;-190520;47265;24956;8
108049;-174855;47713;25935;8
102812;-195074;47385;24671;1
101589;-186480;47309;25209;8
101050;-189381;47275;25027;2
121935;-192536;48580;24830;8
98577;-188337;47121;25092;8
108735;-172726;47755;26068;4
113496;-189646;48053;25011;2
121919;-193493;48579;24770;8
121131;-195396;48530;24651;1
102087;-186756;47340;25191;4
102103;-196248;47341;24598;1
98789;-173199;47134;26039;4
114836;-178456;48137;25710;8
114710;-192169;48129;24853;8
119682;-191507;48440;24894;4
100106;-191241;47216;24911;2
101845;-194453;47325;24710;4
118643;-195917;48375;24619;2
114398;-195524;48109;24643;4
99193;-184284;47159;25346;1
104555;-195155;47494;24666;4
101207;-194405;47285;24713;2
124645;-195550;48750;24642;2
119193;-193721;48409;24756;2
116817;-195808;48261;24626;8
100636;-186388;47249;25214;1
130722;-193449;49130;24773;4
100786;-193109;47259;24794;1
130132;-178421;49093;25712;8
102620;-191110;47373;24919;4
128529;-182174;48993;25478;1
128261;-194868;48976;24684;1
100533;-187336;47243;25155;2
128702;-191302;49003;24907;4
125321;-175041;48792;25923;4
125198;-180476;48784;25584;2
120960;-186071;48520;25234;1
125772;-180258;48820;25597;8
124289;-178284;48728;25721;8
125409;-195848;48798;24623;2
102716;-188820;47379;25062;4
102045;-186408;47337;25213;2
98532;-171716;47118;26131;2
98389;-193726;47109;24756;1
122780;-190099;48633;24982;8
101123;-188619;47280;25075;8
115771;-182349;48195;25467;4
129998;-195296;49084;24658;2
102711;-194068;47379;24734;4
108754;-173686;47757;26008;8
103336;-196082;47418;24608;2
107545;-173561;47681;26016;4
103072;-190041;47402;24986;8
101718;-187783;47317;25127;1
121492;-190856;48553;24935;2
98419;-191876;47111;24871;1
129345;-190033;49044;24986;4
103351;-193665;47419;24759;8
115375;-176546;48170;25829;2
99272;-189980;47164;24990;4
126680;-195128;48877;24668;1
129345;-194576;49044;24703;1
110978;-173521;47896;26018;4
129295;-182879;49040;25434;2
115349;-169060;48169;26297;2
99785;-190565;47196;24953;2
99208;-191404;47160;24901;8
98579;-164408;47121;26588;8
100113;-194819;47217;24687;4
98315;-187293;47104;25158;2
117356;-195023;48294;24675;8
100240;-196251;47225;24598;1
100566;-195123;47245;24668;1
103824;-186714;47449;25194;4
102408;-187413;47360;25150;8
100904;-191975;47266;24865;2
116627;-173481;48249;26021;1
115723;-176285;48192;25846;8
120026;-195899;48461;24620;1
101770;-195407;47320;24651;8
104024;-190659;47461;24947;2
116654;-179847;48250;25623;1
98598;-194897;47122;24682;2
122333;-190773;48605;24940;1
112703;-189717;48003;25006;1
125039;-195627;48774;24637;2
112774;-190483;48008;24958;2
104855;-196161;47513;24603;1
119182;-188750;48408;25067;4
113524;-174267;48055;25972;4
104492;-190438;47490;24961;8
129391;-182441;49046;25461;8
102857;-189486;47388;25021;2
119688;-196022;48440;24612;2
103468;-190415;47426;24963;8
102983;-191094;47396;24920;1
98475;-180447;47114;25586;8
125619;-176650;48811;25823;8
127759;-193446;48944;24773;8
101718;-193525;47317;24768;4
127689;-193261;48940;24785;4
101596;-190680;47309;24946;1
130224;-188690;49099;25070;2
127618;-189084;48936;25046;2
113306;-190263;48041;24972;8
103142;-184844;47406;25311;4
101143;-195960;47281;24616;4
98914;-166830;47142;26437;8
98429;-188125;47111;25106;8
116586;-194985;48246;24677;1
119850;-185314;48450;25281;4
98334;-186286;47105;25221;8
102222;-194377;47348;24715;2
103855;-193679;47450;24759;2
103753;-194837;47444;24686;2
101405;-187662;47297;25135;2
119139;-189716;48406;25006;4
98943;-181988;47143;25489;2
104901;-193089;47516;24795;4
99290;-190842;47165;24936;4
98481;-184617;47115;25325;4
119508;-184955;48429;25304;8
127833;-196459;48949;24585;4
116842;-173373;48262;26028;1
128436;-182423;48987;25462;8
121624;-193343;48561;24780;2
129029;-190439;49024;24961;2
121482;-191443;48552;24898;8
129457;-180539;49051;25580;1
120463;-189882;48488;24996;2
115624;-172781;48186;26065;8
98457;-194337;47113;24717;4
126878;-175007;48889;25926;4
103635;-187615;47437;25138;4
103914;-186245;47454;25223;4
116475;-183889;48239;25370;4
128502;-182212;48991;25475;2
103020;-192881;47398;24808;4
99771;-194695;47195;24695;1
125246;-176417;48787;25837;8
112976;-165546;48021;26517;4
123768;-192219;48695;24850;2
127184;-186965;48909;25178;8
118538;-196235;48368;24599;1
127235;-189468;48912;25022;1
103409;-190907;47423;24932;8
98517;-173485;47117;26021;4
119910;-194977;48454;24677;4
118538;-187353;48368;25154;2
115609;-172332;48185;26093;2
120432;-193457;48487;24772;2
126301;-176813;48853;25813;8
128295;-192897;48978;24807;8
130062;-174234;49088;25974;4
101932;-192961;47330;24803;1
98935;-194251;47143;24723;1
98675;-164369;47127;26590;2
113959;-195946;48082;24617;4
126321;-176021;48855;25862;8
102914;-194423;47392;24712;8
129559;-190718;49057;24944;8
101003;-191053;47272;24923;8
123110;-190001;48654;24988;1
119177;-186422;48408;25212;2
103125;-188026;47405;25112;1
117477;-175709;48302;25882;8
99252;-195401;47163;24651;4
99148;-193822;47156;24750;2
101714;-193707;47317;24757;8
116237;-173396;48224;26026;1
103028;-187075;47399;25171;2
103510;-187477;47429;25146;2
128356;-188803;48982;25063;8
102124;-191280;47342;24909;2
101121;-188334;47280;25093;2
99875;-192089;47202;24858;4
98360;-195479;47107;24646;2
120234;-193062;48474;24797;1
102490;-185638;47365;25261;2
115565;-178644;48182;25698;8
99087;-194549;47152;24704;8
125778;-180444;48821;25586;2
129910;-189885;49079;24996;2
122362;-193389;48607;24777;2
116314;-179614;48229;25638;4
113914;-175939;48079;25867;2
110576;-182409;47871;25463;8
99198;-186195;47159;25226;4
99031;-196501;47149;24582;8
125236;-176911;48787;25807;4
128313;-188666;48979;25072;4
127458;-189341;48926;25030;2
103560;-187803;47432;25126;8
119962;-188370;48457;25090;4
129957;-179396;49082;25651;1
114256;-171267;48101;26159;1
129821;-192940;49073;24805;8
116666;-194641;48251;24698;1
130756;-196138;49132;24605;2
111621;-176458;47936;25835;2
101473;-186161;47302;25228;8
130743;-191650;49131;24885;1
114249;-168211;48100;26350;1
127825;-178757;48949;25691;1
103193;-194890;47409;24683;4
116226;-182360;48224;25466;4
127998;-189964;48959;24991;1
119838;-186565;48449;25203;4
120145;-195813;48469;24625;2
119769;-185356;48445;25279;8
98564;-189485;47120;25021;2
120663;-195424;48501;24650;1
110355;-173781;47857;26002;2
99204;-164178;47160;26602;8
102993;-185426;47397;25274;8
127288;-187035;48915;25174;1
98860;-169466;47138;26272;8
98318;-192030;47104;24862;1
98469;-174199;47114;25976;4
125907;-174898;48829;25932;4
128218;-186440;48973;25211;2
128273;-187131;48977;25168;1
120945;-194795;48519;24689;4
130844;-196016;49137;24613;1
126905;-192288;48891;24846;2
98618;-172795;47123;26064;2
99587;-188139;47184;25105;8
129388;-180575;49046;25578;4
118713;-192932;48379;24805;4
118500;-174040;48366;25986;8
104784;-191921;47509;24868;4
99391;-191405;47171;24901;8
113396;-189355;48047;25029;2
98682;-179257;47127;25660;4
99019;-189407;47148;25026;2
102753;-189057;47382;25047;8
103021;-186113;47398;25231;2
112448;-188609;47988;25075;1
130919;-184072;49142;25359;2
128077;-193099;48964;24795;2
102003;-187007;47335;25176;1
130526;-194813;49117;24688;1
102732;-192665;47380;24822;4
114571;-168142;48120;26355;2
98676;-188128;47127;25106;2
130894;-181425;49140;25524;4
130410;-179952;49110;25617;1
119745;-193469;48444;24772;2
128605;-194417;48997;24712;8
100160;-187761;47220;25128;1
107468;-181467;47676;25522;8
99693;-164671;47190;26572;4
130948;-192518;49144;24831;1
104050;-179229;47463;25662;1
127691;-181891;48940;25495;2
130773;-192254;49133;24848;8
102135;-188458;47343;25085;1
101794;-193023;47322;24800;4
116603;-173601;48247;26013;2
130029;-194584;49086;24702;8
99158;-188023;47157;25112;4
101202;-195106;47285;24669;2
115878;-171830;48202;26124;2
104333;-194285;47480;24721;1
102793;-193011;47384;24800;1
128538;-188885;48993;25058;4
100135;-164781;47218;26565;8
99634;-191856;47187;24873;1
123060;-194058;48651;24735;1
99125;-185896;47155;25245;8
115695;-177723;48190;25756;8
127024;-179694;48899;25633;4
102288;-191624;47353;24887;8
130539;-182531;49118;25455;2
101953;-191617;47332;24887;8
101748;-169178;47319;26290;8
99279;-165483;47164;26521;2
119545;-185930;48431;25243;1
130629;-195385;49124;24652;8
99901;-190476;47203;24959;1
101285;-196245;47290;24598;8
103172;-188568;47408;25078;2
100535;-189444;47243;25023;8
100061;-186511;47213;25207;8
98492;-176032;47115;25862;2
130303;-181151;49103;25542;1
104615;-195819;47498;24625;8
128341;-185395;48981;25276;1
104485;-193420;47490;24775;1
130057;-188983;49088;25052;2
116840;-176678;48262;25821;1
102226;-195196;47349;24664;8
114449;-192706;48113;24819;4
125184;-176456;48784;25835;4
99156;-188126;47157;25106;8
120492;-190106;48490;24982;1
130329;-194691;49105;24695;1
100161;-189718;47220;25006;4
100058;-189058;47213;25047;2
130397;-178649;49109;25698;1
128567;-195572;48995;24640;2
107614;-176068;47685;25859;2
120417;-193399;48486;24776;4
129560;-194654;49057;24698;1
102495;-191374;47365;24903;4
99401;-165626;47172;26512;4
113299;-189410;48041;25025;4
130254;-179055;49100;25673;2
98992;-194520;47147;24706;1
108246;-196342;47725;24592;8
104591;-192123;47496;24856;8
104246;-187789;47475;25127;4
130556;-194221;49119;24725;2
129228;-192310;49036;24844;8
120855;-186257;48513;25222;2
102626;-194699;47374;24695;1
122272;-187564;48602;25141;1
122732;-192181;48630;24852;1
103034;-190844;47399;24936;4
122898;-193717;48641;24756;1
99070;-182279;47151;25471;2
108107;-173278;47716;26034;8
127752;-178845;48944;25686;1
99179;-188347;47158;25092;2
130056;-180520;49088;25581;8
98782;-194494;47133;24708;2
118129;-193825;48343;24749;8
130681;-193675;49127;24759;1
99641;-194250;47187;24723;2
130483;-180590;49115;25577;8
130795;-177177;49134;25790;1
115465;-175857;48176;25872;8
130608;-190654;49123;24948;4
125916;-180076;48829;25609;8
130947;-190250;49144;24973;1
127298;-187082;48916;25171;8
122914;-192130;48642;24855;8
99695;-170591;47190;26202;4
129672;-188592;49064;25077;8
113493;-174806;48053;25938;4
101571;-195304;47308;24657;8
127902;-182371;48953;25465;2
127999;-195673;48959;24634;4
123062;-181508;48651;25519;8
101758;-188722;47319;25068;1
126594;-193905;48872;24744;2
103776;-193674;47446;24759;1
130488;-188712;49115;25069;8
128369;-182108;48983;25482;8
102696;-185200;47378;25289;2
102001;-188423;47335;25087;1
99339;-185098;47168;25295;2
120855;-186207;48513;25226;1
99059;-164144;47151;26605;8
128558;-194758;48994;24691;2
101193;-193154;47284;24791;1
103068;-193078;47401;24796;8
100985;-187846;47271;25123;4
122949;-192706;48644;24819;8
102892;-185789;47390;25252;4
98493;-196101;47115;24607;2
123898;-176399;48703;25839;2
98411;-193000;47110;24801;2
99720;-190597;47192;24951;1
112505;-165706;47991;26507;4
120127;-194818;48467;24687;1
109291;-173924;47790;25993;8
99839;-193456;47199;24773;2
100718;-187994;47254;25114;2
121997;-163959;48584;26616;4
104569;-191315;47495;24906;1
98454;-185742;47113;25255;4
103175;-190534;47408;24955;1
103502;-195941;47428;24617;8
122000;-195287;48585;24658;1
101775;-195010;47320;24675;8
118074;-196467;48339;24584;2
98978;-172557;47146;26079;1
120813;-194863;48510;24685;8
121866;-192598;48576;24826;2
116609;-173451;48248;26023;4
102933;-191974;47393;24865;1
127551;-181449;48931;25523;2
122103;-189970;48591;24990;1
116703;-193004;48253;24801;2
123517;-177449;48679;25773;4
129575;-195014;49058;24675;8
100768;-193013;47258;24800;8
103128;-194560;47405;24704;2
119776;-182700;48446;25445;1
123091;-193876;48653;24746;8
101481;-194090;47302;24733;4
131034;-182958;49149;25429;4
99019;-187106;47148;25169;1
127320;-181298;48917;25532;4
127859;-185374;48951;25278;8
123278;-190063;48664;24985;8
101085;-196258;47277;24597;1
98743;-166849;47131;26435;1
119418;-192317;48423;24844;4
102884;-182070;47390;25484;8
104180;-192854;47471;24810;8
128532;-178194;48993;25726;2
99495;-194787;47178;24689;4
128172;-192172;48970;24853;4
98748;-195214;47131;24663;2
109781;-173664;47821;26010;1
116845;-179445;48262;25648;2
130476;-183850;49114;25373;1
129087;-192996;49027;24801;2
100677;-189433;47252;25024;2
124818;-195813;48761;24625;2
101223;-187453;47286;25148;4
122285;-186987;48602;25177;1
119619;-196510;48436;24582;2
108472;-175922;47739;25868;4
105684;-175127;47565;25918;1
109623;-173953;47811;25991;8
119897;-187459;48453;25147;8
104603;-194229;47497;24724;4
114145;-167580;48094;26390;2
99597;-185373;47184;25278;8
119277;-191330;48414;24905;1
113907;-175978;48079;25865;4
99522;-188039;47180;25111;8
129424;-182844;49049;25436;1
104946;-195923;47519;24618;2
98997;-182370;47147;25465;4
119938;-191769;48456;24878;2
102640;-188294;47375;25095;4
100070;-195991;47214;24614;2
121060;-196160;48526;24604;1
129104;-186702;49029;25195;2
103904;-194623;47454;24700;2
126666;-183116;48876;25419;1
116641;-183320;48250;25406;8
116647;-184894;48250;25308;1
122346;-185041;48606;25298;8
117896;-194654;48328;24698;8
116332;-184597;48230;25326;2
122449;-190389;48613;24964;1
103276;-193127;47414;24793;4
102077;-195522;47339;24643;2
98947;-194477;47144;24709;8
130752;-177253;49132;25785;4
127836;-181706;48949;25507;2
100016;-187453;47211;25148;8
110819;-173653;47886;26010;8
127264;-180865;48914;25559;1
130393;-195421;49109;24650;1
113365;-174757;48045;25941;2
117639;-194420;48312;24712;8
117602;-196323;48310;24593;1
126438;-195893;48862;24620;1
123106;-194371;48654;24715;8
130636;-180337;49124;25592;8
98725;-194822;47130;24687;8
103446;-189274;47425;25034;4
100251;-189441;47225;25023;1
104016;-194795;47461;24689;8
122638;-192290;48624;24845;4
103276;-196019;47414;24612;8
115269;-173849;48164;25998;8
106970;-174502;47645;25957;8
123055;-190862;48650;24935;8
114848;-177922;48138;25743;1
128381;-191597;48983;24889;1
104881;-194637;47515;24699;2
104110;-191237;47466;24911;8
103834;-194004;47449;24738;2
101842;-188258;47325;25097;2
117269;-194127;48289;24731;2
113984;-194067;48084;24734;4
101144;-191879;47281;24871;4
99327;-167686;47167;26383;4
98417;-175469;47111;25897;1
113416;-191289;48048;24908;2
101162;-193938;47282;24742;2
128581;-189293;48996;25033;4
98601;-180671;47122;25572;8
127906;-185616;48954;25263;4
118853;-190348;48388;24967;8
129316;-182838;49042;25436;4
129723;-191271;49067;24909;8
99074;-195366;47152;24653;4
119103;-188711;48403;25069;8
104232;-189859;47474;24997;2
114154;-176345;48094;25842;1
114380;-191564;48108;24891;2
118701;-190695;48378;24945;8
113096;-174964;48028;25928;4
127164;-196117;48907;24606;1
100072;-195759;47214;24629;8
121912;-192526;48579;24831;8
100392;-191925;47234;24868;2
102988;-190323;47396;24968;8
131042;-192734;49150;24818;1
116405;-193145;48235;24792;1
118030;-195848;48336;24623;4
128588;-182421;48996;25462;1
100822;-193248;47261;24786;4
129469;-190435;49051;24961;2
127277;-176787;48914;25814;8
101550;-190534;47306;24955;2
115870;-173558;48201;26016;4
129779;-181169;49071;25540;8
98446;-167761;47112;26378;4
102113;-191701;47342;24882;2
99280;-188494;47165;25083;8
104494;-189295;47490;25033;2
128223;-192338;48973;24842;2
119306;-185846;48416;25248;1
129758;-187467;49069;25147;2
119638;-193309;48437;24782;2
118293;-194873;48353;24684;8
122138;-191460;48593;24897;4
103299;-196284;47416;24596;1
109416;-173500;47798;26020;2
99080;-187844;47152;25123;8
129456;-189206;49051;25038;2
102764;-187655;47382;25135;1
130272;-180930;49102;25555;8
103964;-188505;47457;25082;4
103706;-187323;47441;25156;2
116679;-194866;48252;24684;8
130695;-195884;49128;24621;8
103739;-192867;47443;24809;8
103045;-194999;47400;24676;1
129255;-187848;49038;25123;2
98737;-169572;47131;26265;4
129677;-192866;49064;24809;8
119557;-184714;48432;25319;8
128240;-195736;48975;24630;4
130998;-182091;49147;25483;2
120236;-195347;48474;24654;4
114575;-173703;48120;26007;1
127084;-196315;48902;24594;1
99641;-187510;47187;25144;1
120017;-194545;48461;24704;1
128682;-190100;49002;24982;1
127930;-188453;48955;25085;2
101024;-196516;47274;24581;4
101510;-192609;47304;24825;4
114858;-177991;48138;25739;1
98937;-167164;47143;26416;4
103222;-188205;47411;25101;8
102835;-185115;47387;25294;8
100889;-192115;47265;24856;8
124567;-179444;48745;25648;2
123656;-196226;48688;24599;1
119618;-186394;48436;25214;4
128228;-195730;48974;24630;8
101811;-187718;47323;25131;1
117033;-186447;48274;25211;4
108470;-174995;47739;25926;1
129805;-179227;49072;25662;1
99519;-185460;47179;25272;2
102229;-185721;47349;25256;1
125560;-175664;48807;25885;4
100597;-189182;47247;25040;1
106138;-168823;47593;26312;2
120814;-194905;48510;24682;2
103280;-191561;47415;24891;1
127844;-191727;48950;24881;2
109069;-174131;47776;25980;2
130895;-183128;49140;25418;8
117234;-168855;48287;26310;1
114472;-191064;48114;24922;2
124097;-192358;48716;24841;1
128722;-196403;49005;24588;2
100021;-186019;47211;25237;4
99517;-164206;47179;26601;4
130800;-189242;49135;25036;4
116786;-179064;48259;25672;1
104117;-193149;47467;24792;1
98419;-188832;47111;25062;1
128519;-181772;48992;25503;2
98781;-166498;47133;26457;4
115971;-175248;48208;25911;1
102819;-187339;47386;25155;8
126951;-194095;48894;24733;2
128620;-191615;48998;24888;1
99183;-165165;47158;26541;4
99227;-194350;47161;24717;2
130823;-185270;49136;25284;4
121313;-187884;48542;25121;2
130774;-182659;49133;25447;1
128460;-194842;48988;24686;8
101322;-193414;47292;24775;2
108802;-173445;47760;26023;1
129694;-188830;49065;25062;1
103282;-190007;47415;24988;2
104478;-195894;47489;24620;2
102814;-186513;47385;25206;2
100175;-186185;47220;25227;2
101759;-186009;47319;25238;8
100124;-186205;47217;25226;2
129418;-187283;49048;25158;4
99476;-187611;47177;25138;4
130844;-195400;49137;24651;2
122326;-187309;48605;25157;8
99040;-183106;47150;25419;1
103654;-192786;47438;24814;2
104388;-188342;47484;25092;4
127633;-188489;48937;25083;2
100605;-190841;47247;24936;8
100475;-194064;47239;24735;1
98718;-179687;47129;25633;4
115771;-177949;48195;25742;8
98532;-171720;47118;26131;2
98885;-173932;47140;25993;4
127840;-186206;48950;25226;8
106416;-187605;47611;25138;2
130408;-189797;49110;25001;8
104737;-192937;47506;24805;4
102986;-191140;47396;24917;1
115024;-173889;48149;25995;4
102967;-195544;47395;24642;8
129287;-191889;49040;24870;4
129561;-185992;49057;25239;8
104817;-193103;47511;24795;1
111622;-176376;47936;25840;2
125076;-174681;48777;25946;8
101385;-193046;47296;24798;1
103237;-193625;47412;24762;1
99879;-195896;47202;24620;4
125651;-194913;48813;24681;1
98865;-195809;47139;24625;4
102217;-187356;47348;25154;2
122809;-192549;48635;24829;2
117516;-176149;48304;25854;8
119925;-188250;48455;25098;4
103045;-187006;47400;25176;1
99099;-187043;47153;25173;4
100247;-193511;47225;24769;1
112554;-166062;47994;26485;8
130325;-180516;49105;25581;2
99754;-164324;47194;26593;1
116040;-174389;48212;25964;8
126224;-194769;48849;24690;1
101397;-194497;47297;24707;1
118211;-194903;48348;24682;4
102409;-191036;47360;24924;2
129652;-182594;49063;25451;2
128841;-191938;49012;24867;1
99143;-193280;47156;24784;8
129256;-190719;49038;24944;2
103093;-196414;47403;24588;4
127858;-182232;48951;25474;4
130509;-186423;49116;25212;2
103719;-189288;47442;25033;1
104304;-187463;47479;25147;8
114810;-192717;48135;24819;8
103281;-191460;47415;24897;2
115670;-177994;48189;25739;4
114559;-173663;48119;26010;8
103166;-188850;47407;25060;8
118770;-193839;48383;24749;4
131015;-193442;49148;24773;2
99045;-172400;47150;26089;8
103109;-185827;47404;25249;1
127095;-195689;48903;24633;2
99995;-192269;47209;24847;4
108593;-172726;47747;26068;1
114072;-195928;48089;24618;8
98538;-192999;47118;24801;4
103778;-187899;47446;25120;4
104612;-193273;47498;24784;4
116570;-183666;48245;25384;2
126950;-195010;48894;24675;1
114876;-175534;48139;25893;8
127227;-195375;48911;24653;4
119350;-192808;48419;24813;4
98777;-165118;47133;26544;1
99335;-194802;47168;24688;4
98732;-169046;47130;26298;8
102926;-186582;47392;25202;8
102341;-188157;47356;25104;2
130674;-194958;49127;24679;8
128340;-192823;48981;24812;8
130420;-182363;49111;25466;8
101776;-187026;47321;25174;1
127620;-194464;48936;24710;8
123984;-196410;48709;24588;4
130030;-180553;49086;25579;8
115139;-176413;48156;25838;1
98798;-170421;47134;26212;2
103024;-192140;47399;24855;4
129930;-192651;49080;24823;2
112797;-174046;48009;25986;1
102326;-194588;47355;24702;2
99200;-167855;47160;26373;4
120061;-191004;48463;24926;8
130167;-191177;49095;24915;2
98814;-167103;47135;26420;4
108506;-172407;47741;26088;8
127997;-182265;48959;25472;8
98764;-182025;47132;25487;8
105264;-195135;47539;24668;8
124675;-177755;48752;25754;2
98871;-172932;47139;26055;4
116807;-194927;48260;24681;2
119661;-195692;48438;24633;4
104065;-190841;47464;24936;4
103610;-185257;47435;25285;1
127156;-179911;48907;25619;4
118263;-193583;48351;24765;8
103304;-193523;47416;24768;8
102532;-181960;47368;25491;8
127382;-196261;48921;24597;4
124524;-176598;48742;25826;1
121097;-187126;48528;25168;1
128391;-191220;48984;24912;4
129474;-185514;49052;25269;4
129075;-194165;49027;24728;1
101421;-195697;47298;24632;2
119314;-186983;48417;25177;2
102065;-194207;47339;24726;8
127415;-191883;48923;24871;4
102830;-191144;47386;24917;1
100370;-196537;47233;24580;8
118586;-171161;48371;26166;4
108312;-195742;47729;24630;4
125200;-173724;48785;26006;8
119736;-192023;48443;24862;4
117676;-194172;48314;24728;2
116485;-181552;48240;25517;2
129227;-195603;49036;24638;2
104837;-196330;47512;24593;1
113917;-191786;48079;24877;1
104726;-191902;47505;24870;2
101411;-189672;47298;25009;2
120574;-195485;48495;24646;4
129012;-189572;49023;25015;2
129332;-193853;49043;24748;8
119144;-186560;48406;25204;8
120197;-193136;48472;24793;1
130498;-194685;49116;24696;4
130762;-191170;49132;24915;4
115903;-173293;48203;26033;1
121637;-191283;48562;24908;4
117658;-175791;48313;25877;1
105546;-179485;47556;25646;8
101599;-164891;47309;26558;8
102701;-191534;47378;24893;8
118649;-193368;48375;24778;1
118977;-194664;48396;24697;8
99327;-187197;47167;25164;1
129274;-191046;49039;24923;2
129651;-181168;49063;25541;2
99246;-169301;47162;26282;2
119930;-167821;48455;26375;8
102239;-191904;47349;24870;2
103286;-187280;47415;25159;4
123716;-195913;48692;24619;2
101639;-191707;47312;24882;2
100706;-187370;47254;25153;2
124529;-177632;48743;25762;2
114301;-176304;48103;25845;4
103743;-193293;47443;24783;4
102945;-186009;47394;25238;2
98414;-173376;47110;26028;1
103723;-187718;47442;25131;4
124843;-192980;48762;24802;8
104759;-191512;47507;24894;2
128457;-188949;48988;25054;2
101747;-190695;47319;24945;4
116116;-174369;48217;25965;8
129594;-180376;49059;25590;2
100575;-194903;47245;24682;4
120666;-184382;48501;25340;2
126925;-192957;48892;24804;4
98846;-172162;47137;26103;4
103662;-194950;47438;24679;4
121190;-195427;48534;24649;2
98844;-193402;47137;24776;8
127940;-188829;48956;25062;4
104781;-191654;47508;24885;1
103083;-186867;47402;25184;2
127371;-166307;48920;26469;8
112220;-173538;47973;26017;2
118303;-193553;48353;24766;8
103300;-190707;47416;24944;4
128612;-193184;48998;24790;4
123113;-191258;48654;24910;2
128506;-195928;48991;24618;1
101551;-191554;47306;24891;8
122506;-187160;48616;25166;4
121292;-194802;48540;24688;1
99063;-167165;47151;26416;4
122588;-189908;48621;24994;4
107605;-174852;47685;25935;2
98443;-181733;47112;25505;2
126574;-194315;48870;24719;8
130030;-190297;49086;24970;4
117982;-195240;48333;24661;1
128485;-189736;48990;25005;8
129208;-182133;49035;25480;4
101398;-188922;47297;25056;4
100277;-190431;47227;24962;1
104832;-194772;47512;24690;1
126293;-195458;48853;24647;8
108435;-173135;47737;26043;8
129752;-179369;49069;25653;2
124562;-176880;48745;25809;8
104451;-192561;47488;24828;1
100618;-188180;47248;25102;4
114583;-191416;48121;24900;8
115784;-171793;48196;26126;1
121034;-192521;48524;24831;1
130640;-192256;49125;24848;1
109768;-179989;47820;25614;8
121777;-192366;48571;24841;1
101997;-190444;47334;24961;1
114196;-192142;48097;24855;8
116310;-174167;48229;25978;4
116331;-173737;48230;26005;1
102165;-187937;47345;25117;4
116256;-179563;48226;25641;2
109822;-179978;47823;25615;8
127389;-196034;48921;24611;4
115318;-175068;48167;25922;4
102271;-185140;47351;25292;8
114844;-174860;48137;25935;1
99710;-164582;47191;26577;1
103305;-195603;47416;24638;2
121944;-190454;48581;24960;1
117892;-195264;48328;24660;2
128107;-191411;48966;24900;1
102258;-188908;47351;25057;2
115825;-174770;48199;25940;2
129447;-183257;49050;25410;8
101761;-189788;47320;25002;2
130713;-188106;49129;25107;4
129662;-190424;49063;24962;8
102252;-194174;47350;24728;1
118106;-194637;48341;24699;2
126574;-196114;48870;24606;8
98446;-170917;47112;26181;2
98552;-165979;47119;26490;1
109064;-174319;47776;25969;2
99929;-187920;47205;25119;2
102904;-185825;47391;25249;1
103694;-189538;47440;25017;4
101384;-195145;47296;24667;2
126106;-195267;48841;24659;2
124883;-175289;48765;25908;1
114302;-193056;48103;24798;2
104234;-190787;47474;24939;1
100127;-186368;47217;25216;8
98767;-173458;47132;26022;4
99549;-165264;47181;26535;8
107888;-173588;47703;26014;4
130543;-172313;49118;26094;8
107929;-173027;47705;26049;8
121299;-192641;48541;24823;4
98909;-192522;47141;24831;4
127615;-176316;48935;25844;1
127824;-179315;48949;25656;1
99676;-192068;47189;24859;4
115814;-182336;48198;25468;2
104504;-191753;47491;24879;2
128563;-193006;48995;24801;8
103136;-193706;47406;24757;8
104211;-189429;47473;25024;2
99200;-185567;47160;25266;1
118124;-195658;48342;24635;1
121008;-194828;48523;24687;2
103894;-194138;47453;24730;2
128501;-187281;48991;25158;1
99513;-187672;47179;25134;4
106378;-181139;47608;25542;8
125119;-176300;48779;25845;4
127953;-192746;48957;24817;1
98840;-167143;47137;26417;8
104311;-186804;47479;25188;2
117891;-195292;48328;24658;4
122035;-181133;48587;25543;8
126196;-195142;48847;24667;8
128247;-193847;48975;24748;8
123813;-178134;48698;25730;2
98505;-165587;47116;26514;8
101757;-187615;47319;25138;1
125463;-174828;48801;25937;1
98558;-170027;47119;26237;1
103750;-190665;47444;24947;4
130148;-174164;49094;25978;8
120382;-195165;48483;24666;1
124376;-196177;48733;24602;2
118380;-195718;48358;24631;2
119939;-193191;48456;24789;8
103249;-181423;47413;25525;2
110024;-173599;47836;26014;2
98552;-189993;47119;24989;8
119566;-186408;48432;25213;1
100930;-196263;47268;24597;1
104425;-189045;47486;25048;2
121979;-195935;48583;24618;2
102913;-196005;47392;24613;1
121373;-195956;48545;24616;4
115287;-164668;48165;26572;8
128891;-182919;49015;25431;8
130482;-183548;49115;25392;4
130753;-195404;49132;24651;8
98436;-164129;47112;26605;4
118732;-193025;48380;24799;1
129120;-194419;49030;24712;4
119822;-193902;48448;24745;1
129659;-177238;49063;25786;2
104871;-192406;47514;24838;4
130049;-181287;49088;25533;4
101843;-188512;47325;25082;4
127579;-195403;48933;24651;1
120942;-194124;48518;24731;1
99172;-189662;47158;25010;1
99031;-182592;47149;25452;2
98332;-193358;47105;24779;8
116850;-179041;48263;25673;4
116420;-183731;48236;25380;4
115434;-168897;48174;26307;8
101284;-194236;47290;24724;1
128069;-195460;48964;24647;1
126630;-179900;48874;25620;1
101327;-195328;47292;24656;8
115982;-173466;48208;26022;8
119393;-192687;48422;24821;2
127391;-165563;48921;26516;2
112958;-174019;48019;25987;2
116374;-179077;48233;25671;1
98315;-164790;47104;26564;8
102265;-194699;47351;24695;8
115362;-164460;48170;26585;1
127264;-194976;48914;24678;1
102897;-194975;47391;24678;4
101446;-196163;47300;24603;8
130410;-183759;49110;25379;1
107053;-173210;47650;26038;1
129712;-188358;49067;25091;4
102735;-193287;47380;24783;8
115977;-192778;48208;24815;8
99496;-187778;47178;25127;4
119899;-195862;48453;24622;4
124527;-192759;48742;24816;4
100691;-195024;47253;24675;8
101322;-194566;47292;24703;4
128168;-191586;48970;24889;4
102111;-195071;47341;24672;4
108203;-175911;47722;25869;4
113168;-190069;48033;24984;8
103370;-193924;47420;24743;4
129249;-196006;49038;24613;4
102407;-189479;47360;25021;4
130022;-186281;49086;25221;4
116480;-176030;48240;25862;2
123960;-192132;48707;24855;1
98998;-194214;47147;24725;4
115462;-178990;48176;25677;2
98634;-196550;47124;24579;2
98906;-166302;47141;26470;4
102362;-187323;47357;25156;2
122348;-194647;48606;24698;4
129992;-181091;49084;25545;2
119888;-196107;48453;24607;1
103660;-188230;47438;25099;4
119446;-184319;48425;25344;2
125374;-180444;48795;25586;8
98893;-185839;47140;25249;2
119746;-188771;48444;25065;8
109150;-173442;47781;26023;1
128558;-194165;48994;24728;8
120647;-185393;48500;25276;8
125899;-176029;48828;25862;8
118880;-193162;48390;24791;2
100825;-189441;47261;25023;8
120142;-187987;48468;25114;4
102549;-186596;47369;25201;1
103091;-195312;47403;24657;8
118666;-192819;48376;24812;8
98766;-173266;47132;26034;8
98816;-195699;47136;24632;4
104520;-188683;47492;25071;8
99495;-194525;47178;24706;8
130784;-196442;49134;24586;1
120495;-189535;48490;25018;2
120934;-191765;48518;24878;4
116916;-194884;48267;24683;2
98565;-196259;47120;24597;4
104570;-190492;47495;24958;2
102421;-186715;47361;25194;2
128294;-192756;48978;24816;2
101737;-186715;47318;25194;8
102181;-187809;47346;25125;4
99743;-185753;47193;25254;2
105645;-175164;47562;25916;1
98829;-169875;47136;26246;2
126954;-186254;48894;25223;2
98929;-193295;47143;24783;2
108151;-175050;47719;25923;8
98823;-186394;47136;25214;1
128213;-182046;48973;25486;8
115155;-173124;48157;26043;8
113106;-190646;48029;24948;1
119438;-184859;48424;25310;8
122422;-190302;48611;24970;2
124195;-178326;48722;25718;4
99306;-193873;47166;24746;2
129033;-189118;49024;25044;4
99925;-186161;47205;25228;8
103053;-194848;47400;24686;4
98581;-164263;47121;26597;8
101567;-193452;47307;24773;1
100203;-194292;47222;24720;8
99011;-184745;47148;25317;4
121252;-183342;48538;25405;4
103069;-193736;47401;24755;4
102766;-182301;47382;25470;2
103926;-190453;47455;24960;2
130865;-185467;49139;25272;1
110426;-188077;47861;25109;1
125927;-194696;48830;24695;1
115180;-177478;48158;25771;2
121156;-187816;48532;25125;2
129234;-188328;49037;25093;1
122036;-191827;48587;24874;2
120432;-191880;48487;24871;1
100505;-187271;47241;25159;2
128994;-188325;49022;25093;1
98716;-169167;47129;26291;1
102546;-186619;47369;25200;4
128004;-191765;48960;24878;1
103568;-189671;47433;25009;1
130957;-182891;49144;25433;2
117061;-193039;48276;24799;4
116040;-174007;48212;25988;1
98367;-186682;47107;25196;1
98721;-189040;47130;25049;2
128760;-193083;49007;24796;8
108842;-174290;47762;25970;2
117939;-182653;48331;25448;2
101131;-190777;47280;24940;4
103564;-188354;47432;25091;1
118655;-195377;48375;24652;1
99776;-170440;47196;26211;8
126617;-195865;48873;24622;4
130275;-183202;49102;25413;8
112395;-166161;47984;26478;4
120308;-186628;48479;25199;2
117464;-196098;48301;24607;2
104168;-196362;47470;24591;8
113784;-190952;48071;24929;2
98816;-191080;47136;24921;1
124229;-177653;48724;25760;2
120001;-187389;48460;25152;1
126296;-167924;48853;26368;8
119835;-192645;48449;24823;4
130024;-194619;49086;24700;4
103711;-187129;47441;25168;2
130770;-191828;49133;24874;4
125981;-174677;48833;25946;2
123756;-176667;48694;25822;1
116616;-179726;48248;25631;2
100478;-194263;47239;24722;1
127124;-196526;48905;24581;4
102160;-192491;47345;24833;4
123583;-194870;48683;24684;1
101258;-195445;47288;24648;4
104225;-193859;47474;24747;1
101541;-196378;47306;24590;2
98830;-182812;47136;25438;1
99171;-171384;47158;26152;1
98667;-165524;47126;26518;4
128409;-187745;48985;25129;2
121075;-195628;48527;24637;2
131004;-191370;49147;24903;1
129821;-191679;49073;24884;1
102409;-185423;47360;25275;1
99605;-170503;47185;26207;8
101006;-191627;47272;24887;4
98579;-183562;47121;25391;4
101095;-190066;47278;24984;8
119426;-186600;48424;25201;2
100012;-194865;47210;24684;8
101551;-192131;47306;24855;2
115870;-174853;48201;25935;2
107673;-175134;47689;25918;1
124573;-195655;48745;24635;4
100968;-189593;47270;25014;2
126001;-194964;48835;24678;4
118825;-194804;48386;24688;1
118946;-195938;48394;24617;1
126367;-194543;48857;24705;8
103146;-191673;47406;24884;1
123887;-192486;48702;24833;2
130110;-174154;49091;25979;2
115704;-179221;48191;25662;8
116316;-173271;48229;26034;4
98645;-183319;47125;25406;2
99636;-163973;47187;26615;8
118877;-194765;48389;24691;1
101731;-192065;47318;24859;2
99787;-170048;47196;26236;8
106014;-185188;47585;25289;2
130927;-191467;49142;24897;1
130863;-194183;49138;24727;1
101567;-190791;47307;24939;8
102435;-186010;47362;25238;8
101882;-187277;47327;25159;4
101730;-192708;47318;24819;1
104112;-187115;47467;25169;8
99792;-186316;47197;25219;1
130339;-180423;49106;25587;1
121449;-193506;48550;24769;1
113914;-192585;48079;24827;2
102438;-195886;47362;24621;1
108255;-176001;47725;25863;8
116434;-184753;48237;25316;4
99597;-192592;47184;24827;4
124231;-193123;48724;24793;2
99019;-190306;47148;24969;1
118264;-196298;48351;24595;2
101689;-190955;47315;24929;4
127561;-186153;48932;25229;8
102838;-191646;47387;24886;4
113243;-189413;48037;25025;8
121858;-195176;48576;24665;2
125797;-180382;48822;25590;2
100261;-188736;47226;25068;2
101584;-195222;47309;24662;1
125061;-176111;48776;25857;8
129296;-193112;49041;24794;4
101545;-164945;47306;26554;8
117520;-194907;48305;24682;8
119373;-184002;48420;25363;2
129386;-188567;49046;25078;1
130076;-196237;49089;24599;8
102843;-193659;47387;24760;4
119330;-192940;48418;24805;8
99311;-193944;47166;24742;2
120818;-195073;48511;24671;4
124335;-181851;48730;25498;8
101856;-193754;47326;24754;8
119754;-186752;48444;25192;2
101024;-194490;47274;24708;2
102767;-187742;47382;25130;8
129628;-187439;49061;25149;2
126690;-193716;48878;24756;8
125660;-175142;48813;25917;4
125402;-180471;48797;25584;4
100493;-195689;47240;24633;4
120037;-186139;48462;25230;2
102111;-192014;47341;24863;4
103418;-196152;47423;24604;4
102097;-194860;47341;24685;4
113235;-190372;48037;24965;2
121129;-193937;48530;24742;4
99280;-171026;47165;26174;1
115540;-174339;48181;25967;2
129452;-191311;49050;24907;1
119696;-187880;48441;25121;8
104092;-189512;47465;25019;1
119492;-183290;48428;25408;2
98904;-180871;47141;25559;8
103536;-186343;47431;25217;1
121757;-193292;48569;24783;2
100401;-186982;47235;25177;1
128703;-192950;49003;24804;1
130780;-192853;49133;24810;1
98577;-189880;47121;24996;1
129808;-196094;49073;24608;1
100736;-187844;47256;25123;8
113627;-190425;48061;24962;4
118168;-164115;48345;26606;2
107007;-173684;47647;26008;2
104363;-190500;47482;24957;1
103569;-194277;47433;24721;2
103545;-185536;47431;25268;1
103346;-184950;47419;25304;2
128384;-188746;48984;25067;4
113878;-171167;48077;26166;8
98317;-196498;47104;24582;8
121602;-195650;48560;24635;4
129451;-193520;49050;24769;2
129737;-179646;49068;25636;2
99226;-192558;47161;24829;2
100738;-195444;47256;24648;2
98711;-165517;47129;26519;1
103124;-180360;47405;25591;8
98888;-193334;47140;24780;4
112394;-165721;47984;26506;4
115418;-164534;48173;26580;4
118057;-189089;48338;25045;4
130519;-177647;49117;25761;2
127144;-175945;48906;25867;1
130214;-187982;49098;25115;8
102842;-186277;47387;25221;4
98682;-182114;47127;25481;4
102042;-195789;47337;24627;2
118660;-196261;48376;24597;4
129974;-193676;49083;24759;4
104505;-193014;47491;24800;4
125836;-194635;48824;24699;2
114536;-174691;48118;25945;2
114349;-195024;48106;24675;1
107145;-181646;47656;25511;2
98531;-184434;47118;25336;1
99765;-192845;47195;24811;8
128342;-188042;48981;25111;1
122606;-195173;48622;24665;2
118647;-193777;48375;24752;1
106584;-188463;47621;25085;2
102003;-189619;47335;25012;8
125652;-173872;48813;25997;1
101747;-190133;47319;24980;4
119050;-195422;48400;24650;4
125684;-173819;48815;26000;4
98522;-172049;47117;26110;2
115696;-172388;48191;26089;8
124557;-177608;48744;25763;2
103284;-189325;47415;25031;8
99999;-170733;47209;26193;4
99665;-192010;47189;24863;8
99383;-192523;47171;24831;4
127048;-185863;48900;25247;4
100190;-190693;47221;24945;8
119884;-187267;48452;25159;8
98411;-164853;47110;26560;4
98548;-166295;47119;26470;8
112973;-189717;48020;25006;8
128067;-196128;48964;24606;1
129268;-195542;49039;24642;4
128777;-196299;49008;24595;8
100643;-195018;47250;24675;4
130414;-178991;49110;25677;4
104285;-190209;47477;24975;1
100995;-190922;47272;24931;4
126686;-195051;48877;24673;8
100849;-194604;47263;24701;8
103749;-193733;47444;24755;1
100759;-189501;47257;25020;2
108632;-173019;47749;26050;4
98451;-180527;47113;25581;8
128699;-191716;49003;24881;2
125311;-176701;48791;25820;2
101569;-188961;47308;25053;8
100258;-189094;47226;25045;1
104824;-192300;47511;24845;1
99787;-194298;47196;24720;8
98679;-188363;47127;25091;4
119778;-194140;48446;24730;8
116688;-172620;48253;26075;2
126222;-195366;48848;24653;2
103970;-187435;47458;25149;8
104261;-191225;47476;24912;1
117932;-193846;48330;24748;4
127975;-195599;48958;24639;8
131043;-175543;49150;25892;2
130519;-190762;49117;24941;4
121179;-194767;48533;24691;2
100789;-194993;47259;24676;2
119656;-188928;48438;25056;4
130701;-190813;49128;24938;4
116869;-182208;48264;25476;2
128185;-186091;48971;25233;2
103111;-187139;47404;25167;2
107739;-177059;47693;25797;1
129454;-187424;49050;25150;8
104328;-188896;47480;25058;8
102979;-195247;47396;24661;1
102294;-188714;47353;25069;4
114040;-192547;48087;24829;4
125267;-194627;48789;24699;1
102405;-188304;47360;25095;2
99333;-194556;47168;24704;4
126582;-179793;48871;25626;4
107323;-175958;47667;25866;4
119338;-192556;48418;24829;8
128784;-187589;49009;25139;4
103385;-188779;47421;25065;8
104086;-193618;47465;24762;2
116761;-192845;48257;24811;8
127113;-176375;48904;25840;4
99838;-189479;47199;25021;2
128510;-195678;48991;24634;1
128123;-191026;48967;24924;2
124887;-174396;48765;25964;2
108597;-172985;47747;26052;8
100390;-194263;47234;24722;8
121437;-188821;48549;25062;2
102744;-190706;47381;24944;8
115071;-178526;48151;25706;1
103561;-185689;47432;25258;2
117817;-175943;48323;25867;8
123742;-195853;48693;24623;8
129766;-191224;49070;24912;2
98781;-168937;47133;26305;8
130889;-188665;49140;25072;8
129033;-191492;49024;24895;8
130724;-182543;49130;25455;2
99177;-193694;47158;24758;1
102046;-190625;47337;24949;4
122875;-196234;48639;24599;8
101570;-187645;47308;25136;1
112982;-196003;48021;24613;2
121350;-190991;48544;24927;4
99225;-189542;47161;25017;2
129685;-184291;49065;25345;2
129479;-184501;49052;25332;1
99909;-195211;47204;24663;4
100870;-188091;47264;25108;4
128073;-190761;48964;24941;2
119108;-171384;48404;26152;8
98372;-195801;47108;24626;2
99287;-166448;47165;26461;1
98651;-192217;47125;24850;2
128846;-196240;49012;24599;8
128662;-187672;49001;25134;8
112718;-174662;48004;25947;4
99635;-196459;47187;24585;1
100195;-187552;47222;25142;8
115442;-192338;48175;24842;8
101577;-190659;47308;24947;1
106053;-168762;47588;26316;8
101517;-186809;47304;25188;8
103011;-190359;47398;24966;1
130743;-195321;49131;24656;2
103785;-194361;47446;24716;8
113809;-176060;48073;25860;4
98630;-187457;47124;25147;1
127898;-191689;48953;24883;4
125563;-166927;48807;26431;1
130761;-195360;49132;24654;4
107251;-181730;47663;25505;4
115032;-175349;48149;25904;2
117705;-196560;48316;24579;8
122208;-192974;48598;24803;1
128032;-186272;48962;25222;2
99249;-189938;47163;24992;1
99148;-165428;47156;26524;2
130061;-195702;49088;24632;2
114892;-177897;48140;25745;1
100064;-196045;47214;24611;2
120900;-194481;48516;24708;8
129195;-188902;49034;25057;2
98510;-168989;47116;26302;2
127365;-186730;48920;25193;8
130102;-189042;49091;25048;2
130067;-188442;49089;25086;4
109439;-174436;47799;25961;8
99397;-187457;47172;25147;1
109162;-173373;47782;26028;8
119660;-184701;48438;25320;2
104868;-192313;47514;24844;2
100313;-188640;47229;25074;1
130241;-180498;49100;25582;4
127555;-176285;48932;25846;1
105909;-179910;47579;25619;4
128046;-192630;48962;24824;8
119261;-186349;48413;25217;1
103603;-191675;47435;24884;2
104306;-190895;47479;24933;8
102557;-192571;47369;24828;8
130983;-185428;49146;25274;2
106488;-174835;47615;25936;4
99295;-189303;47165;25032;4
99639;-192632;47187;24824;8
99191;-171128;47159;26168;8
119812;-191118;48448;24919;4
103156;-188905;47407;25057;8
111880;-166096;47952;26483;4
130385;-174279;49109;25971;8
115366;-173935;48170;25993;8
113509;-190710;48054;24944;8
116567;-172485;48245;26083;1
120124;-193886;48467;24746;8
101783;-191080;47321;24921;1
100969;-186458;47270;25210;2
120869;-190387;48514;24964;4
102471;-194714;47364;24694;1
98935;-187062;47143;25172;2
128963;-196364;49020;24591;4
129696;-179847;49066;25623;2
102503;-193436;47366;24774;8
102432;-188871;47362;25059;4
118360;-174014;48357;25988;1
99587;-193114;47184;24794;8
102601;-186368;47372;25216;1
119737;-189113;48443;25044;4
104696;-192484;47503;24833;8
108532;-172709;47743;26069;4
130904;-182769;49141;25440;2
121158;-194708;48532;24694;4
103803;-192511;47447;24832;2
100319;-187532;47229;25143;8
130473;-190769;49114;24940;1
104471;-193923;47489;24743;8
99435;-188175;47174;25103;8
101326;-193481;47292;24771;4
112804;-174918;48010;25931;4
100702;-187419;47253;25150;8
114840;-190766;48137;24941;8
98487;-169350;47115;26279;4
101396;-193249;47297;24785;4
120879;-196126;48514;24606;8
103410;-194195;47423;24726;8
102802;-186417;47385;25212;4
130125;-182433;49092;25461;2
119714;-167416;48442;26400;2
120915;-194157;48517;24729;8
100681;-186342;47252;25217;1
130340;-190598;49106;24951;2
99517;-191494;47179;24895;1
99019;-167790;47148;26377;4
107818;-174987;47698;25927;1
128212;-194009;48973;24738;8
102263;-192714;47351;24819;4
119346;-192820;48419;24812;2
121575;-195501;48558;24645;2
129798;-188697;49072;25070;4
101829;-191754;47324;24879;8
127420;-192223;48923;24850;2
122018;-196281;48586;24596;8
103989;-189494;47459;25020;2
103229;-182391;47411;25464;8
99667;-191996;47189;24864;4
129770;-180812;49070;25563;4
121751;-189840;48569;24999;8
108599;-175074;47747;25921;4
113916;-171491;48079;26145;8
121106;-193395;48529;24776;1
107773;-174833;47695;25936;8
105270;-195964;47539;24616;2
128210;-185571;48973;25265;4
127082;-177051;48902;25798;4
129622;-196205;49061;24601;2
127202;-185202;48910;25288;4
122700;-190052;48628;24985;2
104683;-191168;47502;24916;8
102639;-185156;47374;25291;2
119365;-196336;48420;24593;1
128608;-196300;48998;24595;2
129891;-188097;49078;25107;4
121398;-195898;48547;24620;2
107337;-175205;47668;25913;1
98891;-164773;47140;26565;1
112151;-173606;47969;26013;4
103241;-188037;47412;25111;8
128087;-192405;48965;24838;2
107253;-174613;47663;25950;4
129754;-189597;49069;25014;1
126254;-175066;48850;25922;8
98730;-195241;47130;24661;8
130326;-194571;49105;24703;8
125332;-180306;48793;25594;1
104007;-192344;47460;24842;1
99700;-184851;47191;25310;4
127591;-180963;48934;25553;2
126230;-193815;48849;24750;2
120143;-187527;48468;25143;1
129595;-184985;49059;25302;2
119018;-193171;48398;24790;2
99633;-193752;47187;24754;1
128296;-184963;48978;25303;1
98685;-166807;47127;26438;8
99314;-190544;47167;24955;8
103951;-191328;47456;24906;2
103391;-193831;47421;24749;8
98798;-187582;47134;25140;8
125866;-176047;48826;25861;2
105179;-195226;47533;24662;4
130653;-179922;49125;25618;2
125216;-177430;48786;25774;2
121750;-193890;48569;24745;2
130806;-181542;49135;25517;8
98333;-189023;47105;25050;2
129671;-190516;49064;24956;4
101636;-186327;47312;25218;2
128745;-190080;49006;24984;1
117826;-188285;48324;25096;2
98698;-184561;47128;25328;2
102347;-187458;47356;25147;8
120308;-191141;48479;24917;1
127620;-193459;48936;24772;1
101780;-185866;47321;25247;8
122420;-194684;48611;24696;4
129324;-188032;49042;25112;4
129969;-187908;49083;25119;1
124808;-175329;48760;25905;8
101155;-190430;47282;24962;2
119991;-189708;48459;25007;4
116126;-173631;48217;26012;1
99062;-188092;47151;25108;1
123319;-191123;48667;24918;8
120934;-181352;48518;25529;8
103607;-195977;47435;24615;8
108409;-173139;47735;26042;2
103717;-194566;47442;24703;4
104439;-195481;47487;24646;4
120705;-193692;48504;24758;2
130192;-174289;49097;25970;1
114190;-174596;48096;25951;8
113712;-175600;48067;25889;1
121980;-191698;48583;24882;1
117913;-182609;48329;25450;2
102896;-194868;47391;24684;4
112871;-189656;48014;25010;2
98327;-170672;47105;26197;4
108865;-173767;47764;26003;4
98306;-164645;47104;26573;4
99912;-187763;47204;25128;1
109002;-173870;47772;25997;1
98445;-185929;47112;25243;8
99069;-170158;47151;26229;1
113761;-165541;48070;26517;4
98654;-189221;47125;25037;1
100743;-193853;47256;24748;4
99483;-185665;47177;25259;4
130989;-195435;49146;24649;2
125850;-176011;48825;25863;8
99598;-193195;47184;24789;4
101675;-193394;47314;24776;8
129075;-186646;49027;25198;4
99415;-168641;47173;26323;4
130935;-182286;49143;25471;4
108388;-195352;47734;24654;1
106450;-179828;47613;25624;1
115212;-175725;48160;25881;1
117908;-189176;48329;25040;4
102107;-189253;47341;25035;8
130142;-180084;49093;25608;1
130578;-191918;49121;24869;8
98941;-169341;47143;26280;4
128880;-193526;49015;24768;1
103297;-189976;47416;24990;8
128022;-187461;48961;25147;8
119894;-185018;48453;25300;4
115013;-173585;48148;26014;1
101040;-189872;47275;24997;4
120139;-185696;48468;25258;2
128195;-196216;48972;24600;2
118743;-190457;48381;24960;8
130364;-180937;49107;25555;4
104569;-191042;47495;24923;1
103782;-192828;47446;24812;8
103197;-184903;47409;25307;8
98787;-192646;47134;24823;4
130633;-193843;49124;24748;8
103074;-194751;47402;24692;2
102023;-190511;47336;24957;4
117914;-182435;48329;25461;8
101213;-186918;47285;25181;8
119199;-186806;48409;25188;8
114439;-171438;48112;26149;1
109109;-163857;47779;26622;1
99047;-164992;47150;26552;4
130715;-190942;49129;24930;2
131041;-190122;49150;24981;4
118269;-196025;48351;24612;2
120793;-192485;48509;24833;1
101964;-186822;47332;25187;1
119979;-195060;48458;24672;8
129986;-174010;49084;25988;4
126890;-195000;48890;24676;8
121825;-194667;48574;24697;2
99055;-193215;47150;24788;8
124330;-178543;48730;25705;8
98473;-169094;47114;26295;8
116537;-174598;48243;25951;8
128842;-189790;49012;25002;2
120317;-196497;48479;24582;4
109511;-174551;47804;25954;4
129632;-193092;49062;24795;1
100414;-188922;47235;25056;2
126767;-194946;48882;24679;8
130496;-196188;49116;24602;4
126787;-194589;48884;24702;4
127480;-196400;48927;24589;2
130882;-180767;49140;25566;8
130463;-190296;49113;24970;4
106262;-191178;47601;24915;1
118856;-194573;48388;24703;8
119215;-193533;48410;24768;8
126753;-192753;48882;24816;2
109069;-174083;47776;25983;2
120487;-187758;48490;25129;1
117515;-195845;48304;24623;8
126271;-176110;48851;25857;2
124309;-178155;48729;25729;2
122437;-196225;48612;24599;1
116011;-172166;48210;26103;1
127288;-179201;48915;25663;4
104245;-195803;47475;24626;1
103672;-189368;47439;25028;2
119991;-193275;48459;24784;4
122452;-181409;48613;25525;8
116338;-173513;48231;26019;1
130000;-178901;49085;25682;1
103756;-191833;47444;24874;1
115016;-168748;48148;26317;4
98573;-166107;47120;26482;1
102270;-187154;47351;25166;2
128900;-194158;49016;24729;1
99405;-192721;47172;24818;2
98497;-166014;47116;26488;1
99455;-195374;47175;24653;1
119364;-188987;48420;25052;2
99934;-185789;47205;25252;4
129782;-194477;49071;24709;4
130153;-179323;49094;25656;4
128373;-181674;48983;25509;2
102247;-187331;47350;25155;8
100472;-192325;47239;24843;1
103170;-191284;47408;24908;4
104550;-191971;47494;24865;1
98526;-176297;47117;25845;8
130948;-190391;49144;24964;2
103682;-167447;47440;26398;4
127950;-190908;48956;24932;8
129003;-191565;49022;24891;8
108384;-196288;47734;24596;8
117416;-196380;48298;24590;2
114712;-175197;48129;25914;8
119768;-182282;48445;25471;4
98570;-167022;47120;26425;4
102098;-190022;47341;24987;8
103790;-192066;47446;24859;4
115151;-192571;48156;24828;1
99443;-185273;47175;25284;1
101129;-193950;47280;24742;8
98546;-173487;47119;26021;4
100058;-190938;47213;24930;1
122650;-192198;48625;24851;2
98818;-173073;47136;26046;8
100057;-185768;47213;25253;1
125447;-175662;48800;25885;4
127221;-193926;48911;24743;1
108058;-175443;47713;25898;2
103005;-192866;47397;24809;4
122421;-191749;48611;24879;4
126381;-174661;48858;25947;4
129227;-191567;49036;24891;2
129334;-183434;49043;25399;4
117145;-195817;48281;24625;2
117947;-194282;48331;24721;2
104617;-194309;47498;24719;2
103462;-186046;47426;25236;2
103630;-192887;47436;24808;8
101215;-187390;47285;25152;8
103222;-191726;47411;24881;4
128892;-196583;49015;24577;8
130786;-192655;49134;24823;2
102109;-188914;47341;25056;8
109168;-173540;47783;26017;8
115298;-174369;48166;25965;2
115922;-175282;48205;25908;8
119410;-195829;48423;24624;2
118390;-193520;48359;24769;4
101022;-195142;47273;24667;4
128453;-190327;48988;24968;4
104820;-192383;47511;24840;8
103922;-190918;47455;24931;4
99775;-195856;47195;24623;2
104655;-191369;47500;24903;8
103911;-193646;47454;24761;8
100909;-186526;47266;25206;4
129970;-179787;49083;25627;1
103269;-196148;47414;24604;2
104575;-190545;47495;24954;8
119391;-193366;48421;24778;4
125832;-175934;48824;25868;2
118618;-169388;48373;26277;8
103103;-193788;47403;24752;8
129739;-194924;49068;24681;4
121640;-190325;48562;24968;4
128798;-190586;49009;24952;1
98754;-195292;47132;24658;2
107425;-175840;47674;25874;2
123999;-177098;48709;25795;1
129551;-190769;49056;24940;4
116270;-182171;48226;25478;1
120637;-189447;48499;25023;2
115077;-175677;48152;25884;1
125998;-164704;48834;26570;1
101413;-195176;47298;24665;4
120646;-192519;48500;24831;1
121978;-193879;48583;24746;4
121766;-196412;48570;24588;4
98605;-195950;47122;24617;2
100544;-195427;47244;24649;4
102890;-187190;47390;25164;1
101404;-195865;47297;24622;4
129259;-193066;49038;24797;1
103266;-185295;47414;25283;4
98510;-172653;47116;26073;1
129291;-194385;49040;24714;4
109436;-189170;47799;25040;4
98722;-182879;47130;25434;4
119483;-192280;48427;24846;4
108060;-195452;47713;24648;1
119678;-185669;48439;25259;4
119319;-195947;48417;24617;8
112944;-173894;48019;25995;8
98974;-183235;47145;25411;2
98768;-183335;47133;25405;8
119537;-194365;48431;24716;8
129021;-189705;49023;25007;1
99173;-189222;47158;25037;4
98894;-187916;47140;25119;4
108572;-195714;47745;24631;8
107997;-194536;47709;24705;2
102776;-196532;47383;24580;8
115059;-163968;48151;26616;8
117254;-194567;48288;24703;8
99269;-193633;47164;24761;2
129598;-190871;49059;24934;4
103966;-195604;47457;24638;8
119815;-193497;48448;24770;2
128194;-196562;48972;24578;2
100202;-188763;47222;25066;1
129248;-194337;49038;24717;1
101320;-195659;47292;24635;4
120295;-183232;48478;25412;1
108109;-196263;47716;24597;2
98913;-180086;47142;25608;8
125954;-174310;48832;25969;8
121117;-193911;48529;24744;4
129925;-194708;49080;24694;4
130026;-192449;49086;24835;8
115521;-178356;48180;25716;8
127576;-186196;48933;25226;8
123315;-177494;48667;25770;8
130173;-187970;49095;25115;1
130201;-183341;49097;25405;8
103232;-187189;47412;25164;1
98910;-188766;47141;25066;2
98709;-181275;47129;25534;2
99633;-194213;47187;24725;2
113557;-175055;48057;25923;4
107024;-174960;47649;25929;4
101751;-189224;47319;25037;4
127747;-191194;48944;24914;1
98816;-173729;47136;26005;2
125293;-176974;48790;25803;4
104451;-191150;47488;24917;2
99631;-169914;47186;26244;4
119603;-188502;48435;25082;2
98326;-192439;47105;24836;4
130718;-193577;49129;24765;4
130205;-196384;49097;24590;2
130034;-195680;49087;24634;8
102774;-187447;47383;25148;8
125706;-175781;48816;25877;8
129457;-189540;49051;25017;1
115381;-192338;48171;24842;1
124570;-196593;48745;24576;4
98595;-182798;47122;25439;1
119788;-196177;48446;24602;8
114530;-171471;48118;26147;4
129046;-196153;49025;24604;2
130665;-176455;49126;25835;4
113504;-175074;48054;25921;4
99681;-195265;47190;24659;1
127562;-179150;48932;25667;8
115034;-192344;48149;24842;8
98756;-189955;47132;24991;8
127626;-194725;48936;24693;2
99490;-191692;47178;24883;2
101044;-194272;47275;24722;8
101027;-186264;47274;25222;1
129984;-195242;49084;24661;4
101506;-191842;47304;24873;2
127438;-181656;48924;25510;8
118432;-193564;48362;24766;1
119898;-188900;48453;25057;4
101683;-187703;47315;25132;8
119219;-185673;48411;25259;4
100083;-187338;47215;25155;2
126087;-176245;48840;25848;2
124847;-193049;48762;24798;1
99116;-168692;47154;26320;1
129611;-179810;49060;25625;8
128780;-190576;49008;24953;8
103782;-194643;47446;24698;2
98499;-165092;47116;26545;1
101957;-195026;47332;24674;1
130344;-186443;49106;25211;4
108608;-173423;47748;26025;4
115893;-182901;48203;25432;8
128786;-189626;49009;25012;8
100302;-187024;47228;25175;1
99695;-192235;47190;24849;8
103252;-189754;47413;25004;4
125073;-177527;48777;25768;2
99623;-191075;47186;24921;4
129743;-180458;49068;25585;2
100840;-192347;47262;24842;4
116866;-193087;48264;24796;4
98435;-184360;47112;25341;1
98625;-180716;47124;25569;1
118197;-172395;48347;26089;4
101639;-196359;47312;24591;1
130395;-188648;49109;25073;8
100909;-196089;47266;24608;1
100973;-188922;47270;25056;2
104185;-193949;47471;24742;4
130731;-190812;49130;24938;8
123380;-177341;48671;25780;8
107543;-174904;47681;25932;4
100881;-190044;47265;24986;1
115261;-177868;48163;25747;1
99146;-192026;47156;24862;1
98793;-194122;47134;24731;8
119530;-192872;48430;24809;1
104320;-190998;47480;24926;8
131051;-190643;49150;24948;8
99036;-169731;47149;26255;1
114319;-173693;48104;26008;2
130809;-188138;49135;25105;8
117423;-196061;48298;24610;1
101608;-188261;47310;25097;8
98875;-165463;47139;26522;1
114804;-173632;48135;26012;2
98365;-185238;47107;25286;8
130228;-194615;49099;24700;8
103774;-175086;47445;25921;2
106255;-175996;47600;25864;8
115832;-179375;48199;25653;2
102495;-183102;47365;25420;8
118822;-195164;48386;24666;2
109931;-173992;47830;25989;1
102745;-182468;47381;25459;4
103507;-182394;47429;25464;8
98549;-186101;47119;25232;4
98456;-169411;47113;26275;4
120314;-195315;48479;24656;2
115829;-178614;48199;25700;4
100635;-189455;47249;25023;2
99002;-193324;47147;24781;2
129146;-196137;49031;24605;4
104651;-191394;47500;24901;2
103894;-190664;47453;24947;2
100331;-187814;47230;25125;1
98698;-168040;47128;26361;4
123366;-190850;48670;24935;4
130425;-194341;49111;24717;8
120339;-192488;48481;24833;8
101022;-192566;47273;24828;1
104870;-193296;47514;24783;2
104540;-191386;47493;24902;8
119976;-195437;48458;24649;2
119906;-184454;48454;25335;1
127434;-189859;48924;24997;1
109283;-173628;47790;26012;4
127787;-191224;48946;24912;2
120514;-194507;48492;24707;4
99551;-169782;47181;26252;4
98530;-182414;47118;25463;2
129837;-179417;49074;25650;1
98347;-179963;47106;25616;4
129169;-191975;49033;24865;8
122408;-191808;48610;24876;2
122234;-187322;48599;25156;8
102321;-191862;47355;24872;1
123518;-191826;48679;24874;8
106844;-174648;47637;25948;1
130115;-192191;49092;24852;8
99122;-190611;47155;24950;1
106839;-174922;47637;25931;1
102003;-196095;47335;24608;4
100466;-193762;47239;24753;4
114763;-176302;48132;25845;8
105105;-196527;47529;24581;1
98916;-169871;47142;26247;8
98677;-183489;47127;25395;4
116497;-181738;48241;25505;2
113938;-171354;48081;26154;8
104650;-192505;47500;24832;4
120519;-192471;48492;24834;4
115910;-172746;48204;26067;4
103188;-193196;47409;24789;4
103336;-188630;47418;25074;8
129876;-180073;49077;25609;4
113295;-174057;48040;25985;8
125001;-176264;48772;25847;8
101384;-188415;47296;25088;4
122259;-195580;48601;24640;8
115816;-172402;48198;26088;1
121742;-190458;48568;24960;8
98504;-182379;47116;25465;1
116448;-179167;48238;25666;2
118024;-196151;48336;24604;2
116720;-178901;48255;25682;4
128269;-191220;48976;24912;1
104867;-195773;47514;24628;1
101066;-187012;47276;25175;8
103258;-189472;47413;25022;4
102153;-185487;47344;25271;4
115204;-177588;48160;25764;1
119072;-193458;48402;24772;4
104684;-195581;47502;24640;2
101608;-193917;47310;24744;2
120917;-181296;48517;25533;4
128626;-195187;48999;24664;4
119508;-184086;48429;25358;8
103691;-194830;47440;24687;2
99559;-186226;47182;25224;8
100162;-186188;47220;25227;1
104449;-194749;47488;24692;1
128618;-191607;48998;24888;1
102749;-190292;47381;24970;2
127556;-194145;48932;24729;2
129627;-191479;49061;24896;8
102273;-191486;47352;24896;4
128923;-170934;49017;26180;1
98382;-166362;47108;26466;8
102935;-191466;47393;24897;4
116208;-173760;48223;26004;4
98836;-173954;47137;25991;4
98722;-193138;47130;24792;4
99081;-190263;47152;24972;8
98510;-165259;47116;26535;4
99932;-190154;47205;24979;1
105449;-196053;47550;24610;4
103573;-190397;47433;24964;1
103988;-192720;47459;24819;4
122930;-193572;48643;24765;1
100759;-192011;47257;24863;4
103198;-194835;47409;24686;4
118461;-196128;48363;24606;4
102831;-181593;47386;25514;4
120800;-193039;48510;24799;4
123538;-190141;48681;24980;8
120851;-181734;48513;25505;8
105394;-195897;47547;24620;1
103219;-189638;47411;25011;1
101153;-189440;47282;25024;2
100386;-194975;47234;24678;8
115218;-172981;48161;26052;2
126885;-193916;48890;24744;4
116635;-182072;48249;25484;2
120113;-191491;48467;24895;2
101472;-192729;47302;24818;8
108942;-174225;47768;25974;4
120142;-193985;48468;24739;1
98332;-177379;47105;25777;4
99263;-191405;47163;24901;2
119946;-194024;48456;24737;8
103216;-195459;47411;24647;4
99153;-180636;47157;25574;1
128296;-191703;48978;24882;2
127471;-193959;48926;24741;1
100397;-196139;47234;24605;4
98862;-166045;47138;26486;2
113982;-176453;48083;25835;1
126693;-196111;48878;24607;4
120719;-165027;48504;26549;4
121239;-193558;48537;24766;4
99185;-169352;47159;26279;4
113791;-171363;48071;26153;4
121029;-181395;48524;25526;2
129773;-189905;49070;24994;2
120492;-195855;48490;24623;1
129549;-185591;49056;25264;4
103941;-194156;47456;24729;1
104194;-194466;47472;24709;1
103005;-188717;47397;25069;2
101868;-195981;47326;24615;2
130977;-195858;49146;24622;4
104299;-195199;47478;24664;8
101541;-188390;47306;25089;2
124819;-174786;48761;25939;2
129971;-182164;49083;25478;1
100746;-195749;47256;24629;4
116077;-173141;48214;26042;8
114502;-175441;48116;25898;1
116499;-175904;48241;25870;8
129844;-188193;49075;25101;2
108260;-173167;47726;26041;8
125102;-173879;48778;25996;1
125676;-176333;48814;25843;1
126873;-196032;48889;24612;1
120679;-181823;48502;25500;2
121608;-192768;48560;24816;2
100970;-196420;47270;24587;4
111631;-176327;47936;25843;4
102935;-187439;47393;25149;2
104793;-194580;47509;24702;4
100539;-187911;47243;25119;2
99731;-195251;47193;24660;8
102019;-191204;47336;24913;2
118996;-190743;48397;24942;2
101619;-191429;47311;24899;1
98428;-174397;47111;25964;2
130753;-185183;49132;25290;1
98960;-182105;47145;25482;2
101893;-190177;47328;24977;4
102347;-188608;47356;25076;2
121200;-187788;48535;25127;8
119753;-166863;48444;26435;1
102346;-189733;47356;25005;4
116185;-183287;48221;25408;8
99267;-166498;47164;26457;1
112970;-173957;48020;25991;2
107967;-194591;47707;24702;4
123374;-181668;48670;25509;2
102558;-185514;47369;25269;2
128406;-186084;48985;25233;8
124632;-174265;48749;25972;1
130059;-174382;49088;25965;1
102385;-195416;47359;24650;1
98716;-191732;47129;24880;2
127042;-193888;48900;24746;2
99257;-195178;47163;24665;8
100448;-190798;47238;24939;1
102867;-186392;47389;25214;1
129925;-179354;49080;25654;4
119425;-184097;48424;25357;4
119744;-186241;48444;25223;1
121946;-192621;48581;24825;1
99248;-194454;47163;24710;8
129581;-184864;49058;25310;8
125694;-195850;48815;24623;2
113443;-193206;48050;24788;4
99586;-165183;47184;26540;1
104461;-190416;47488;24963;8
100580;-193132;47246;24793;1
130131;-187444;49093;25148;8
102185;-194533;47346;24705;8
124230;-192437;48724;24836;2
121025;-180952;48524;25554;4
99650;-195031;47188;24674;8
117018;-175811;48273;25875;2
103463;-188899;47426;25057;4
98405;-185715;47110;25256;8
125455;-194911;48800;24682;1
126906;-186856;48891;25185;8
130838;-180712;49137;25569;2
99253;-191779;47163;24877;2
106313;-180458;47604;25585;4
128130;-188200;48968;25101;2
99319;-171357;47167;26154;2
127528;-194598;48930;24701;2
116237;-175233;48224;25911;1
102040;-186802;47337;25188;4
126676;-175922;48877;25868;8
98873;-172534;47139;26080;8
127212;-192434;48910;24836;8
122742;-190247;48631;24973;1
98403;-174622;47110;25950;2
99916;-194788;47204;24689;8
98494;-174450;47115;25960;1
98343;-192870;47106;24809;4
100834;-195178;47262;24665;2
129180;-182513;49033;25456;8
98619;-168419;47123;26337;4
99448;-187381;47175;25152;8
109625;-174239;47811;25974;4
115132;-178919;48155;25681;4
99427;-185575;47174;25265;2
129651;-188206;49063;25101;8
123264;-195892;48664;24620;1
119826;-187709;48449;25132;2
121712;-195948;48567;24617;4
116693;-181546;48253;25517;8
103335;-187847;47418;25123;1
129909;-189721;49079;25006;4
102617;-193170;47373;24790;2
104671;-191909;47501;24869;4
119250;-191516;48413;24894;8
100282;-188072;47227;25109;4
130303;-191040;49103;24924;8
101360;-195759;47295;24629;2
108456;-173210;47738;26038;8
99396;-169189;47172;26289;4
101287;-193781;47290;24752;1
99586;-193174;47184;24790;2
118971;-190148;48395;24979;4
129829;-181568;49074;25516;4
101029;-194487;47274;24708;1
100137;-191080;47218;24921;4
122315;-196172;48604;24603;2
108266;-194483;47726;24708;8
99309;-187637;47166;25136;4
128957;-196278;49019;24596;2
99999;-191606;47209;24888;1
122296;-187694;48603;25133;1
127976;-195589;48958;24639;2
103595;-192563;47434;24828;4
121138;-181926;48531;25493;8
118095;-194284;48340;24721;2
120026;-186226;48461;25224;4
123376;-191162;48671;24916;2
113803;-171129;48072;26168;4
118891;-196444;48390;24586;2
100183;-191143;47221;24917;2
98685;-187266;47127;25159;4
119236;-192850;48412;24810;4
114663;-173418;48126;26025;1
116283;-174408;48227;25963;1
103830;-189853;47449;24998;4
98582;-192934;47121;24805;4
120934;-190602;48518;24951;2
114591;-190738;48121;24942;2
102292;-187569;47353;25140;8
118482;-196282;48365;24596;4
129520;-177330;49055;25780;4
127709;-179087;48941;25671;2
131050;-196230;49150;24599;8
124726;-192956;48755;24804;2
120060;-195427;48463;24649;8
129227;-193927;49036;24743;2
109058;-173900;47776;25995;1
127864;-185350;48951;25279;1
118816;-195707;48386;24632;1
118094;-194244;48340;24723;2
113469;-174537;48051;25955;4
127814;-187548;48948;25142;4
115432;-168939;48174;26305;8
99692;-185868;47190;25247;1
126363;-176116;48857;25856;2
129232;-191835;49037;24874;1
119628;-189182;48436;25040;1
129585;-192875;49059;24809;1
98599;-185668;47122;25259;2
119500;-184927;48428;25306;8
105302;-195471;47541;24647;4
113224;-189302;48036;25032;1
130179;-191332;49096;24905;2
115392;-177503;48172;25770;2
104562;-191742;47495;24880;4
114444;-179136;48112;25668;1
102154;-188579;47344;25077;2
116826;-182399;48261;25464;4
129255;-188770;49038;25065;4
98570;-194872;47120;24684;4
103139;-182173;47406;25478;1
115017;-175054;48148;25923;8
119861;-194728;48451;24693;1
104000;-186738;47460;25192;1
123200;-195443;48660;24648;8
120260;-186599;48476;25201;8
120591;-192884;48496;24808;8
109647;-174277;47812;25971;4
103412;-185876;47423;25246;8
117722;-192562;48317;24828;2
119693;-166590;48440;26452;8
127260;-193665;48913;24759;2
102946;-193869;47394;24747;1
129779;-188986;49071;25052;4
121044;-190501;48525;24957;4
116994;-176647;48272;25823;2
100774;-191955;47258;24866;2
99673;-196069;47189;24609;1
128365;-186335;48982;25218;2
116221;-174724;48223;25943;8
99514;-189595;47179;25014;8
101148;-193779;47281;24752;4
101149;-195134;47281;24668;4
98636;-194420;47124;24712;1
104610;-192239;47498;24849;2
127662;-179095;48938;25670;2
98993;-165942;47147;26492;4
116624;-194767;48249;24691;8
99182;-190932;47158;24930;1
99047;-184240;47150;25349;1
122520;-186910;48617;25182;1
104185;-186570;47471;25203;1
98750;-171570;47131;26140;2
119463;-185580;48426;25265;8
103016;-194510;47398;24707;8
129542;-194543;49056;24705;4
107466;-174037;47676;25986;4
99658;-190055;47188;24985;1
128326;-181966;48980;25491;8
120418;-194666;48486;24697;4
104316;-191115;47479;24919;2
99919;-187162;47204;25166;2
99711;-195696;47191;24633;2
117752;-194319;48319;24719;8
104324;-196391;47480;24589;1
124328;-192962;48730;24803;8
122479;-195208;48614;24663;4
99002;-168056;47147;26360;4
103367;-190785;47420;24939;2
103870;-192861;47451;24810;4
116043;-175143;48212;25917;2
121723;-196462;48567;24585;2
98404;-181510;47110;25519;2
120039;-192504;48462;24832;2
99443;-188376;47175;25090;2
118137;-196571;48343;24578;8
115455;-178730;48175;25693;2
99819;-192884;47198;24808;2
128782;-195803;49008;24626;8
98341;-174762;47106;25941;2
129020;-180133;49023;25605;8
117979;-182275;48333;25471;2
101645;-193728;47312;24756;4
129272;-195747;49039;24629;8
114851;-163994;48138;26614;8
99085;-165413;47152;26525;2
102617;-190011;47373;24988;2
119643;-185753;48437;25254;8
128181;-193469;48971;24772;2
121541;-192481;48556;24833;8
108806;-175249;47760;25910;4
98785;-169619;47134;26262;8
116875;-194778;48264;24690;8
99570;-191848;47183;24873;4
112938;-190253;48018;24973;2
104255;-194106;47475;24732;8
102686;-185756;47377;25254;1
101823;-194413;47323;24713;8
101887;-189497;47327;25020;2
113642;-175750;48062;25879;2
102719;-182939;47379;25430;4
98816;-190160;47136;24979;8
99997;-193151;47209;24792;4
98873;-194161;47139;24728;1
130057;-174449;49088;25960;8
128801;-193913;49010;24744;4
129630;-187548;49061;25142;8
124778;-177212;48758;25788;4
109339;-189100;47793;25045;2
102309;-188907;47354;25057;1
113571;-176220;48058;25850;1
127359;-175970;48919;25865;8
116542;-181615;48243;25513;4
120457;-194770;48488;24690;8
102714;-192772;47379;24815;2
119573;-184670;48433;25322;4
108540;-175131;47743;25918;8
98526;-183568;47117;25391;8
130259;-178940;49101;25680;8
102859;-181699;47388;25507;8
130841;-196147;49137;24604;4
115275;-173037;48164;26049;1
130934;-195772;49143;24628;1
121464;-194700;48551;24695;1
127097;-186425;48903;25212;1
130337;-188018;49106;25112;2
118520;-193970;48367;24740;1
115962;-182429;48207;25462;4
100293;-190696;47228;24945;1
116959;-196410;48269;24588;1
111403;-173509;47922;26019;4
119691;-164348;48440;26592;2
127477;-186289;48927;25220;1
116215;-192806;48223;24813;2
120574;-195035;48495;24674;2
103403;-186628;47422;25199;4
98486;-194740;47115;24692;4
100730;-195402;47255;24651;2
118958;-195611;48394;24638;1
114972;-164331;48145;26593;2
102458;-189398;47363;25026;4
127954;-186076;48957;25234;1
124525;-174892;48742;25933;2
98384;-186516;47109;25206;4
120457;-189978;48488;24990;8
99936;-193543;47206;24767;1
128802;-180320;49010;25594;2
103393;-191326;47422;24906;8
119400;-187004;48422;25176;4
98897;-168110;47141;26357;8
106242;-180945;47600;25554;2
104433;-195942;47487;24617;8
115531;-178170;48180;25728;8
117426;-176587;48299;25827;1
128697;-194922;49003;24681;4
120137;-195782;48468;24627;8
98427;-169092;47111;26295;4
99808;-188645;47198;25073;8
100214;-190121;47223;24981;2
130319;-195860;49104;24622;1
130262;-178840;49101;25686;1
112329;-165913;47980;26494;8
130946;-193890;49144;24745;2
101256;-189251;47288;25035;4
99195;-193672;47159;24759;8
116692;-183294;48253;25408;4
116068;-175649;48214;25885;2
114941;-176367;48143;25841;2
109643;-174229;47812;25974;8
116938;-194655;48268;24698;8
103350;-185423;47419;25275;1
103176;-190135;47408;24980;2
125701;-176324;48816;25843;1
126889;-194729;48890;24693;4
124954;-192861;48769;24810;2
129444;-192606;49050;24826;4
129063;-188383;49026;25090;1
102536;-182991;47368;25427;4
98326;-180749;47105;25567;1
101878;-194901;47327;24682;2
131009;-193640;49148;24761;8
126005;-193864;48835;24747;1
130301;-187735;49103;25130;8
115794;-174833;48197;25936;2
121086;-186201;48527;25226;1
104333;-190880;47480;24934;4
103277;-190553;47414;24954;1
118526;-195350;48367;24654;8
119059;-196603;48401;24576;2
121119;-187423;48529;25150;1
102829;-190118;47386;24981;1
126385;-195092;48859;24670;4
102650;-189732;47375;25005;8
118066;-193722;48339;24756;4
114914;-173223;48142;26037;4
116774;-179156;48258;25666;1
130729;-176917;49130;25806;8
127103;-194909;48903;24682;4
119579;-193374;48433;24778;8
127197;-192920;48909;24806;8
118951;-190678;48394;24946;2
129198;-195677;49034;24634;8
126941;-195245;48893;24661;8
102570;-190873;47370;24934;8
99508;-169374;47179;26278;2
103751;-188919;47444;25056;2
118047;-195522;48337;24643;8
128731;-195019;49005;24675;4
98872;-171541;47139;26142;4
103736;-192334;47443;24843;4
99042;-191422;47150;24900;8
119117;-194266;48404;24722;8
98705;-165323;47129;26531;2
126675;-183050;48877;25423;2
104833;-192656;47512;24823;8
118773;-195236;48383;24661;8
127795;-189223;48947;25037;4
103945;-189847;47456;24998;1
102723;-190505;47380;24957;1
99721;-191267;47192;24909;4
126972;-194946;48895;24679;2
98392;-186055;47109;25235;8
98335;-196423;47105;24587;1
100022;-190733;47211;24943;2
128228;-193550;48974;24767;8
98798;-167274;47134;26409;2
129705;-193951;49066;24742;2
118939;-193677;48393;24759;2
99477;-193917;47177;24744;4
121741;-193519;48568;24769;2
118023;-194737;48336;24692;8
102421;-191487;47361;24896;1
102888;-190115;47390;24981;8
103985;-186386;47459;25214;4
114610;-173105;48123;26044;2
129677;-179832;49064;25624;2
130325;-180673;49105;25571;8
122898;-193924;48641;24743;8
127709;-192638;48941;24824;8
102830;-192773;47386;24815;8
103583;-193990;47433;24739;2
116209;-172973;48223;26053;4
130408;-181883;49110;25496;8
116715;-173713;48254;26006;4
100368;-192716;47233;24819;1
128522;-192156;48992;24854;8
130011;-196042;49085;24611;1
128993;-190188;49022;24977;1
102288;-193977;47353;24740;1
120262;-195189;48476;24664;1
114447;-192509;48112;24832;4
100807;-189711;47260;25007;1
100142;-196508;47218;24582;2
99431;-189026;47174;25049;1
114764;-192290;48132;24845;1
128084;-194549;48965;24704;4
99870;-192866;47201;24809;8
128621;-194226;48998;24724;4
116380;-183484;48233;25396;1
113774;-191334;48070;24905;8
121117;-192485;48529;24833;2
108843;-194934;47762;24680;2
129989;-189699;49084;25007;4
127429;-181377;48924;25527;2
115192;-177128;48159;25793;8
129570;-182913;49058;25431;8
126377;-175177;48858;25915;2
120241;-195198;48475;24664;4
98484;-193405;47115;24776;2
98780;-189283;47133;25033;4
129425;-185570;49049;25265;4
104586;-192020;47496;24862;8
123580;-196396;48683;24589;8
124886;-193615;48765;24763;8
125331;-174434;48793;25961;1
119821;-193281;48448;24783;8
129278;-188258;49039;25097;2
114046;-176427;48087;25837;8
119274;-196370;48414;24590;2
121408;-192914;48548;24806;1
98527;-191698;47117;24882;1
130841;-191946;49137;24867;1
101124;-189156;47280;25041;8
129407;-192692;49047;24820;2
116491;-179465;48240;25647;2
126819;-194106;48886;24732;4
121115;-192503;48529;24832;8
130702;-186955;49128;25179;4
103624;-189552;47436;25017;8
130082;-178982;49090;25677;1
119357;-187180;48419;25165;1
107148;-175165;47656;25916;1
104416;-193412;47486;24775;8
98724;-171966;47130;26116;4
106144;-185490;47594;25270;8
99016;-190029;47148;24987;4
101685;-196516;47315;24581;8
113208;-165816;48035;26500;8
99281;-165181;47165;26540;1
115316;-172555;48167;26079;8
98914;-188214;47142;25100;2
100392;-186774;47234;25190;4
120928;-191867;48518;24872;4
110277;-173831;47852;25999;1
99333;-170230;47168;26224;1
117038;-194905;48274;24682;2
113051;-189484;48025;25021;1
99162;-181101;47157;25545;2
129935;-178993;49080;25676;8
123495;-191683;48678;24883;4
130434;-194199;49112;24726;2
130972;-194103;49145;24732;4
100915;-192458;47267;24835;2
124245;-192535;48725;24830;2
128274;-191207;48977;24913;2
121507;-190028;48554;24987;8
125082;-175057;48777;25922;1
118998;-192993;48397;24801;4
100076;-191377;47214;24902;1
99211;-169255;47160;26285;8
130338;-194997;49106;24676;8
127861;-188599;48951;25076;2
98618;-189661;47123;25010;8
99588;-192884;47184;24808;8
122571;-181171;48620;25540;4
99455;-187126;47175;25168;4
103624;-194780;47436;24690;2
100707;-186288;47254;25221;1
101771;-195022;47320;24675;2
117356;-194672;48294;24697;2
118013;-196423;48335;24587;1
114795;-187822;48134;25125;4
100960;-187733;47270;25130;8
98788;-193498;47134;24770;1
115957;-174865;48207;25934;8
116528;-175837;48243;25874;1
119606;-188775;48435;25065;1
99205;-190037;47160;24986;2
114227;-192249;48099;24848;2
114819;-178519;48136;25706;8
120235;-186002;48474;25238;2
103092;-194627;47403;24699;4
113520;-193211;48055;24788;2
115198;-177233;48159;25786;4
120735;-195305;48505;24657;4
129892;-180704;49078;25570;4
128811;-188625;49010;25074;1
129261;-190280;49038;24971;4
98356;-184771;47107;25315;4
115350;-175325;48169;25906;1
120523;-192416;48492;24838;1
129825;-185812;49074;25250;2
128049;-191634;48963;24886;8
128805;-190594;49010;24951;4
103820;-187899;47448;25120;8
119722;-193521;48442;24768;2
120666;-195971;48501;24615;2
119563;-191346;48432;24904;8
101624;-195111;47311;24669;1
98533;-176867;47118;25809;8
125243;-173887;48787;25996;2
113119;-174846;48029;25936;1
119737;-185608;48443;25263;4
103125;-192169;47405;24853;8
102765;-183494;47382;25395;1
115990;-182475;48209;25459;4
130374;-191838;49108;24874;8
102176;-190614;47346;24950;8
122280;-191688;48602;24883;4
128804;-188010;49010;25113;4
104794;-180910;47509;25557;4
101379;-193281;47296;24783;1
99389;-190953;47171;24929;1
130307;-190389;49104;24964;4
126182;-174889;48846;25933;2
100681;-196195;47252;24601;4
102549;-193042;47369;24798;2
104789;-193381;47509;24777;2
103664;-186113;47439;25231;8
109507;-173960;47804;25991;1
98884;-164008;47140;26613;4
116366;-179486;48232;25646;1
130617;-195161;49123;24666;4
101692;-192343;47315;24842;4
123292;-191515;48665;24894;4
117825;-188380;48324;25090;8
101534;-195108;47305;24669;8
119325;-190070;48417;24984;1
99322;-168107;47167;26357;2
115442;-174511;48175;25957;2
124993;-196057;48772;24610;1
98835;-185368;47137;25278;8
117209;-194851;48285;24685;2
104474;-192188;47489;24852;1
122076;-186038;48589;25236;4
101130;-193188;47280;24789;4
98676;-169629;47127;26262;8
116763;-194899;48257;24682;8
119211;-195627;48410;24637;1
130538;-181720;49118;25506;4
104233;-195274;47474;24659;1
120141;-191836;48468;24874;4
102448;-189692;47363;25008;1
98869;-180337;47139;25592;2
101460;-190954;47301;24929;1
107179;-175549;47658;25892;4
102054;-194421;47338;24712;4
99743;-193942;47193;24742;2
128759;-196123;49007;24606;4
99856;-188214;47201;25100;8
98888;-191506;47140;24894;2
129326;-192821;49042;24812;4
99471;-194178;47176;24727;4
114363;-192098;48107;24857;4
98435;-168173;47112;26353;8
127283;-193315;48915;24781;8
104515;-191067;47492;24922;8
122973;-192909;48645;24807;2
103130;-196063;47405;24610;1
99867;-188524;47201;25081;8
100364;-188992;47232;25052;4
102394;-187547;47359;25142;1
102458;-189996;47363;24989;4
127923;-194471;48955;24709;8
129194;-196099;49034;24607;1
125040;-192856;48775;24810;2
130413;-188656;49110;25073;8
104066;-188704;47464;25070;8
117086;-194743;48277;24692;2
130633;-186753;49124;25191;4
100986;-189720;47271;25006;4
130417;-182268;49111;25472;2
102475;-187283;47364;25158;8
129389;-185564;49046;25266;8
107434;-175425;47674;25899;2
101273;-195701;47289;24632;8
129161;-183458;49032;25397;8
98507;-169281;47116;26283;1
116175;-179423;48220;25650;4
98608;-179993;47123;25614;2
98389;-164202;47109;26601;2
102302;-185798;47353;25251;8
101964;-189505;47332;25019;1
101586;-194789;47309;24689;8
101088;-186142;47278;25230;2
123733;-195868;48693;24622;2
102107;-186935;47341;25180;1
129775;-178966;49070;25678;4
127461;-195918;48926;24619;1
102081;-190915;47340;24931;2
123761;-195876;48695;24621;8
103067;-186531;47401;25205;1
123522;-177508;48680;25769;4
102542;-186038;47368;25236;2
119871;-190632;48451;24949;2
100126;-190851;47217;24935;4
100585;-189599;47246;25014;1
115755;-179419;48194;25650;8
130817;-189145;49136;25042;1
103201;-181245;47410;25536;8
129782;-195325;49071;24656;8
117796;-195137;48322;24667;8
127094;-165401;48903;26526;2
98717;-174227;47129;25974;8
106307;-181066;47604;25547;1
100631;-191287;47249;24908;2
121499;-180822;48553;25562;1
104799;-191274;47509;24909;4
117802;-188728;48322;25068;1
109169;-172933;47783;26055;2
119922;-187839;48455;25124;2
99169;-166227;47158;26474;8
100877;-195183;47264;24665;2
129421;-181259;49048;25535;8
102806;-186936;47385;25180;2
101225;-196542;47286;24580;4
102821;-193628;47386;24762;8
127170;-189018;48908;25050;2
119509;-166412;48429;26463;8
102903;-191377;47391;24902;2
98972;-170123;47145;26231;4
129238;-182066;49037;25484;1
115730;-172829;48193;26062;8
116728;-174723;48255;25943;8
127951;-194834;48956;24686;1
120983;-187106;48521;25169;4
114474;-192985;48114;24802;8
98483;-192668;47115;24822;1
100840;-165688;47262;26508;1
129245;-191001;49037;24926;8
109283;-173335;47790;26030;1
113894;-194173;48078;24728;8
123462;-196336;48676;24593;4
120354;-193837;48482;24749;4
106823;-174761;47636;25941;8
125631;-175691;48811;25883;8
121886;-194957;48577;24679;1
124251;-176951;48725;25804;4
119131;-192988;48405;24802;1
100092;-192205;47215;24851;2
103773;-190037;47445;24986;1
105351;-196039;47544;24611;4
129975;-193234;49083;24786;8
113810;-191894;48073;24870;2
102379;-188068;47358;25109;8
116328;-174751;48230;25942;8
98386;-174602;47109;25951;8
99867;-194331;47201;24718;2
103131;-195360;47405;24654;2
102402;-195067;47360;24672;1
120018;-193170;48461;24790;1
122433;-196181;48612;24602;4
100012;-190343;47210;24967;4
121664;-196367;48564;24591;4
128644;-190684;49000;24946;2
98524;-185700;47117;25257;4
127933;-192568;48955;24828;4
130521;-177581;49117;25765;4
101065;-195892;47276;24620;1
99610;-188773;47185;25065;8
98455;-194890;47113;24683;2
118454;-196448;48363;24586;2
104287;-190614;47477;24950;2
128477;-194685;48989;24696;8
123930;-177791;48705;25752;8
100352;-195329;47232;24655;1
128087;-189084;48965;25046;1
103991;-187955;47459;25116;4
117099;-186521;48278;25206;4
116912;-192718;48267;24819;8
127669;-193481;48939;24771;1
103013;-181175;47398;25540;8
101280;-192603;47290;24826;8
118385;-194629;48359;24699;2
99642;-184960;47187;25304;8
98872;-173983;47139;25990;4
112715;-173922;48004;25993;2
112789;-174018;48009;25987;8
130110;-188665;49091;25072;4
108326;-175614;47730;25888;1
99643;-190288;47187;24971;4
123003;-193560;48647;24766;4
118817;-189305;48386;25032;8
99129;-185675;47155;25259;8
99829;-185177;47199;25290;8
130195;-191973;49097;24865;4
128302;-188086;48978;25108;4
128862;-192151;49013;24854;2
107856;-175551;47701;25892;2
113188;-165827;48034;26499;1
128907;-179793;49016;25626;8
130758;-188472;49132;25084;8
113867;-168127;48076;26356;8
127190;-195211;48909;24663;8
129138;-192377;49031;24840;8
127822;-186123;48948;25231;1
99870;-192014;47201;24863;2
129062;-196237;49026;24599;4
100721;-190827;47255;24937;8
99725;-188708;47192;25069;2
100522;-191521;47242;24893;1
120647;-190246;48500;24973;8
124032;-192550;48712;24829;4
100434;-183181;47237;25415;4
99074;-165575;47152;26515;4
101926;-192754;47330;24816;4
125119;-177435;48779;25774;1
100959;-193788;47269;24752;4
99223;-189795;47161;25001;8
99850;-195620;47200;24637;4
114662;-193918;48126;24744;8
123110;-190807;48654;24938;1
129225;-182793;49036;25439;8
103411;-188580;47423;25077;4
124811;-176068;48760;25859;8
102544;-182337;47369;25467;1
107800;-173060;47697;26047;1
102782;-193266;47383;24784;4
104480;-189596;47490;25014;4
98698;-192318;47128;24844;8
100979;-193480;47271;24771;2
102305;-196140;47354;24605;2
119159;-196536;48407;24580;8
130843;-185473;49137;25271;1
114084;-196248;48090;24598;8
121285;-187767;48540;25128;2
102430;-194136;47361;24730;4
114833;-173785;48137;26002;2
103010;-188370;47398;25090;1
101449;-187358;47300;25154;8
100853;-188242;47263;25098;2
104122;-196058;47467;24610;2
120455;-195315;48488;24656;1
101559;-192771;47307;24815;8
99267;-193587;47164;24764;4
115376;-178418;48171;25712;4
121150;-181921;48531;25493;8
119225;-185801;48411;25251;8
101201;-190294;47285;24970;1
127798;-179138;48947;25667;1
101679;-194435;47314;24711;2
127437;-193187;48924;24789;1
102030;-190483;47336;24958;1
117108;-176411;48279;25838;8
108165;-173677;47720;26009;4
126331;-194848;48855;24686;1
103429;-193152;47424;24792;4
119456;-185066;48426;25297;2
119659;-166421;48438;26462;4
103728;-191112;47443;24919;8
101508;-193215;47304;24788;8
128473;-190796;48989;24939;1
129523;-190103;49055;24982;4
126065;-194873;48839;24684;2
123051;-190960;48650;24929;1
126890;-176524;48890;25831;1
100435;-194862;47237;24685;1
130532;-194604;49118;24701;4
126686;-176953;48877;25804;2
107708;-192022;47691;24862;1
118971;-193605;48395;24763;4
103515;-188519;47429;25081;8
128110;-195031;48966;24674;1
104163;-193981;47470;24740;4
103295;-182521;47415;25456;8
99444;-170356;47175;26216;4
102269;-186134;47351;25230;1
101039;-168999;47274;26301;1
104420;-192370;47486;24840;1
128699;-180769;49003;25565;2
103018;-192307;47398;24844;1
113722;-175652;48067;25885;1
122397;-195709;48609;24632;4
129076;-192314;49027;24844;4
125461;-196473;48801;24584;1
103870;-190000;47451;24989;1
114218;-192223;48098;24850;8
130387;-172405;49109;26088;8
130628;-188309;49124;25094;2
98852;-181943;47138;25492;1
128012;-188731;48960;25068;8
102176;-190343;47346;24967;4
102358;-190083;47357;24983;2
101270;-188918;47289;25056;2
116244;-175704;48225;25882;1
104706;-195152;47504;24667;2
129284;-185633;49040;25261;2
128130;-189222;48968;25037;8
98647;-165520;47125;26519;2
107669;-175741;47689;25880;4
120530;-195958;48493;24616;1
114519;-171179;48117;26165;8
99370;-187771;47170;25128;8
101532;-188590;47305;25077;8
122909;-196452;48641;24585;2
128931;-195101;49018;24670;1
120927;-194774;48517;24690;1
119985;-196426;48459;24587;1
99607;-170076;47185;26234;1
103560;-187478;47432;25146;1
98442;-187869;47112;25122;2
103234;-191739;47412;24880;4
122243;-163867;48600;26622;8
125128;-176474;48780;25834;8
98376;-190701;47108;24945;4
102328;-190683;47355;24946;8
107158;-175114;47657;25919;8
98912;-166644;47142;26448;1
118931;-183844;48393;25373;1
98474;-193229;47114;24787;8
122911;-193210;48641;24788;2
120106;-180264;48466;25597;4
130404;-189108;49110;25044;1
115269;-168980;48164;26302;4
115184;-193395;48159;24776;4
115585;-178324;48184;25718;4
121915;-195476;48579;24646;8
130073;-179661;49089;25635;1
101751;-189025;47319;25049;2
102099;-185713;47341;25256;8
126787;-196021;48884;24612;1
130202;-181546;49097;25517;1
120364;-191784;48482;24877;8
120617;-192907;48498;24807;8
129067;-193305;49026;24782;4
98443;-183406;47112;25401;8
100884;-194858;47265;24685;4
131058;-195672;49151;24634;8
108619;-195777;47748;24627;4
127503;-194160;48928;24729;1
128031;-187778;48961;25127;4
101841;-186087;47325;25233;2
118121;-188253;48342;25098;8
119787;-182872;48446;25434;2
98755;-193585;47132;24764;1
100185;-189012;47221;25050;4
104917;-192529;47517;24830;8
127923;-189064;48955;25047;8
102546;-196508;47369;24582;8
99980;-194784;47208;24690;8
103988;-189080;47459;25046;1
101747;-185843;47319;25248;4
119000;-193973;48397;24740;4
127419;-194694;48923;24695;8
126898;-195071;48891;24672;1
98539;-167094;47118;26420;2
98628;-172400;47124;26089;1
101325;-187781;47292;25127;1
100536;-193711;47243;24757;1
104546;-196278;47494;24596;8
108861;-196153;47763;24604;8
119966;-184834;48457;25311;2
102861;-186571;47388;25203;4
130997;-193260;49147;24785;1
102937;-186959;47393;25179;4
115927;-182168;48205;25478;4
102683;-189225;47377;25037;1
98663;-171031;47126;26174;1
113310;-190431;48041;24962;8
124314;-177464;48729;25772;1
130883;-184057;49140;25360;1
101434;-190336;47299;24968;8
131028;-177530;49149;25768;2
115011;-168813;48148;26313;4
98559;-190157;47119;24979;2
113986;-191166;48084;24916;1
116039;-173317;48212;26031;4
102922;-194732;47392;24693;4
125265;-188747;48789;25067;8
99290;-169981;47165;26240;1
110154;-174194;47844;25976;4
128770;-193386;49008;24777;4
122970;-190773;48645;24940;1
99403;-189364;47172;25028;1
116406;-192791;48235;24814;8
118477;-193985;48364;24739;4
102872;-182823;47389;25437;1
99131;-171428;47155;26149;8
100703;-195501;47253;24645;1
120103;-185850;48466;25248;8
122598;-189882;48622;24996;4
102346;-189801;47356;25001;8
129698;-189600;49066;25014;4
128507;-192080;48991;24859;1
118297;-169097;48353;26295;2
131069;-196446;49151;24586;2
117025;-193119;48274;24794;2
112834;-174131;48012;25980;8
128049;-186605;48963;25201;8
129691;-187328;49065;25156;2
126371;-175783;48858;25877;1
118723;-193312;48380;24782;2
99363;-194345;47170;24717;8
99121;-189617;47155;25012;1
127222;-196054;48911;24610;8
103754;-184874;47444;25309;1
98940;-172529;47143;26080;1
99730;-186565;47193;25203;4
129781;-193090;49071;24795;8
99313;-194374;47167;24715;1
111500;-176478;47928;25834;8
128653;-191234;49000;24911;4
119754;-185468;48444;25272;4
121192;-181971;48534;25490;2
117205;-195168;48285;24666;1
130972;-193607;49145;24763;1
98675;-191717;47127;24881;1
125148;-175877;48781;25871;1
109630;-174336;47811;25968;1
104388;-189473;47484;25021;8
103319;-185722;47417;25256;8
104451;-187974;47488;25115;1
128445;-185327;48987;25281;1
99106;-189901;47154;24995;4
116289;-184660;48228;25322;2
114651;-193012;48125;24800;4
116679;-179502;48252;25645;2
103001;-185800;47397;25251;4
130568;-183749;49120;25379;4
100346;-190567;47231;24953;8
130049;-179575;49088;25640;4
116272;-177931;48227;25743;1
128600;-192281;48997;24846;1
128209;-195570;48973;24640;1
127037;-179628;48899;25637;8
104333;-192873;47480;24809;8
118220;-196595;48348;24576;4
121673;-188709;48564;25069;8
103409;-194522;47423;24706;4
100464;-182886;47239;25433;8
128944;-193481;49019;24771;1
107536;-173146;47681;26042;2
106283;-191177;47602;24915;2
124149;-192089;48719;24858;8
103777;-188190;47446;25102;1
98523;-191388;47117;24902;1
129296;-190781;49041;24940;2
102780;-185635;47383;25261;1
100037;-195433;47212;24649;4
111035;-173653;47899;26010;8
129754;-190655;49069;24948;1
128518;-189768;48992;25003;2
98758;-172897;47132;26057;4
99603;-194844;47185;24686;4
102619;-191146;47373;24917;8
102473;-174880;47364;25934;8
98569;-163997;47120;26614;4
122195;-192861;48597;24810;4
104008;-195630;47460;24637;2
114603;-190780;48122;24940;8
115466;-178798;48176;25689;4
129438;-179485;49049;25646;2
123753;-195866;48694;24622;1
129409;-184487;49048;25333;1
103905;-193568;47454;24766;1
130660;-179981;49126;25615;8
103248;-190357;47413;24966;2
130770;-188956;49133;25054;4
119624;-196132;48436;24605;2
99090;-168639;47153;26324;2
103688;-196320;47440;24594;1
113179;-174226;48033;25974;1
117787;-188564;48321;25078;1
112818;-174036;48011;25986;1
129553;-182606;49057;25451;8
129852;-194017;49075;24737;2
101576;-191270;47308;24909;1
129791;-184484;49071;25333;4
99817;-186210;47198;25225;1
98431;-190684;47111;24946;1
108315;-195296;47729;24658;2
121074;-163936;48527;26618;8
112941;-165889;48018;26495;2
103559;-192060;47432;24860;1
115047;-168950;48150;26304;1
100374;-183610;47233;25388;8
130676;-192249;49127;24848;2
98758;-169894;47132;26245;4
98576;-171556;47121;26141;8
103217;-190844;47411;24936;4
114143;-195686;48093;24633;2
115631;-172306;48186;26094;8
120116;-192550;48467;24829;4
130472;-188213;49114;25100;2
116379;-182953;48233;25429;4
129494;-192015;49053;24863;8
114184;-191875;48096;24871;2
128144;-184852;48969;25310;8
125724;-176160;48817;25854;4
130668;-188051;49126;25110;4
118045;-171897;48337;26120;2
100844;-189161;47262;25041;2
130731;-183708;49130;25382;8
102109;-190393;47341;24964;8
127704;-186807;48941;25188;2
121406;-192784;48547;24815;2
99576;-185217;47183;25287;4
108897;-173103;47766;26045;2
130544;-182608;49119;25451;1
99288;-169445;47165;26273;2
115785;-174125;48196;25981;2
127778;-193291;48946;24783;1
98494;-185472;47115;25272;1
121021;-183992;48523;25364;2
102703;-195738;47378;24630;4
98887;-188172;47140;25103;4
120622;-185637;48498;25261;8
103977;-193048;47458;24798;8
126755;-192865;48882;24809;2
103493;-193275;47428;24784;8
99431;-165123;47174;26543;4
102293;-191605;47353;24888;1
129111;-193917;49029;24744;4
101695;-195982;47315;24615;1
101992;-195623;47334;24637;1
113609;-191471;48060;24897;8
130998;-196608;49147;24576;1
128025;-194854;48961;24685;4
104505;-192467;47491;24834;8
128402;-192437;48985;24836;8
105106;-193031;47529;24799;1
102634;-175087;47374;25921;1
112786;-195864;48009;24622;8
122335;-191692;48605;24883;2
128564;-194934;48995;24680;1
104113;-191026;47467;24924;2
129130;-186747;49030;25192;1
129992;-188321;49084;25093;4
100589;-188382;47246;25090;8
102455;-192531;47363;24830;8
99626;-185348;47186;25279;1
102905;-188695;47391;25070;2
123376;-177343;48671;25780;8
100196;-188914;47222;25056;2
114492;-193032;48115;24799;8
115072;-173884;48152;25996;2
115236;-178590;48162;25702;1
98629;-170415;47124;26213;4
113606;-174497;48060;25957;1
115429;-175833;48174;25874;1
128017;-185713;48961;25256;8
118951;-190735;48394;24943;1
126304;-176703;48854;25820;2
115538;-164038;48181;26611;4
99110;-185565;47154;25266;2
102882;-182604;47390;25451;4
101418;-190139;47298;24980;8
99252;-190633;47163;24949;8
119480;-184879;48427;25309;1
104647;-192468;47500;24834;8
127225;-186147;48911;25229;2
119062;-194976;48401;24678;1
98780;-185911;47133;25244;2
102138;-189267;47343;25034;8
107332;-173285;47668;26033;8
114512;-191777;48117;24877;4
109326;-173866;47792;25997;2
118612;-195439;48373;24649;4
124018;-177379;48711;25777;2
101273;-189007;47289;25051;4
121632;-195914;48562;24619;1
128295;-190094;48978;24983;8
118764;-194998;48382;24676;2
128779;-189218;49008;25037;4
123136;-190081;48656;24983;4
102733;-182958;47380;25429;2
126938;-195247;48893;24661;8
103234;-191329;47412;24905;1
126853;-177137;48888;25792;2
116417;-172932;48236;26055;4
128799;-182134;49009;25480;4
115509;-177991;48179;25739;8
98631;-187336;47124;25155;4
130120;-192461;49092;24835;8
117839;-188515;48324;25081;1
128650;-194875;49000;24684;4
129644;-186904;49062;25182;8
129826;-179998;49074;25614;2
105604;-179852;47560;25623;4
98918;-196542;47142;24580;4
127080;-195813;48902;24625;2
120590;-184352;48496;25342;4
129656;-186966;49063;25178;8
129497;-180157;49053;25604;8
120411;-193797;48485;24751;1
118551;-187541;48369;25142;1
119755;-195990;48444;24614;4
99952;-192105;47207;24857;4
130856;-182563;49138;25453;4
98706;-187963;47129;25116;1
120283;-193950;48477;24742;8
126913;-193582;48892;24765;1
127794;-196442;48947;24586;1
102167;-188826;47345;25062;1
100974;-194118;47270;24731;1
117819;-193822;48323;24750;8
114652;-192610;48125;24825;2
99196;-190040;47159;24986;2
126569;-196126;48870;24606;1
98346;-194504;47106;24707;1
99207;-195061;47160;24672;2
120624;-193109;48499;24794;1
119078;-188667;48402;25072;4
130488;-186489;49115;25208;4
121782;-191431;48571;24899;1
119277;-185531;48414;25268;2
117329;-192683;48293;24821;2
100511;-195281;47241;24658;1
120923;-194720;48517;24694;4
129594;-193428;49059;24774;2
130591;-182179;49121;25477;4
123358;-195260;48669;24660;1
127712;-178970;48942;25678;1
108313;-195620;47729;24637;8
103417;-191755;47423;24879;8
98764;-196462;47132;24585;4
129421;-192834;49048;24811;8
130409;-191585;49110;24889;8
101780;-189618;47321;25012;4
119209;-184552;48410;25329;2
121013;-186708;48523;25194;1
125848;-179891;48825;25620;8
125557;-174432;48807;25962;4
100869;-196428;47264;24587;2
128917;-195880;49017;24621;2
119834;-193253;48449;24785;1
103863;-192577;47451;24827;2
99950;-190077;47206;24984;2
104379;-191300;47483;24907;1
107981;-173098;47708;26045;2
102679;-194171;47377;24728;8
121285;-195443;48540;24648;2
98479;-180059;47114;25610;4
118242;-194634;48350;24699;8
124203;-177990;48722;25739;8
99410;-189721;47173;25006;1
121206;-192219;48535;24850;2
99082;-189792;47152;25002;1
123011;-193481;48648;24771;2
120112;-188120;48467;25106;8
101241;-188177;47287;25102;8
102637;-191818;47374;24875;1
98919;-183950;47142;25367;1
126424;-195655;48861;24635;2
119686;-188199;48440;25101;1
103929;-186863;47455;25185;8
102012;-185437;47335;25274;4
103866;-190106;47451;24982;2
126533;-175764;48868;25878;8
102619;-193057;47373;24797;8
104046;-194848;47462;24686;1
127103;-196029;48903;24612;4
102402;-193074;47360;24796;2
120805;-193771;48510;24753;4
102363;-188696;47357;25070;1
121220;-193038;48536;24799;1
117618;-182479;48311;25459;2
120702;-181928;48503;25493;1
114941;-175557;48143;25891;1
128275;-185513;48977;25269;1
98555;-169443;47119;26273;8
102955;-184951;47394;25304;1
119433;-166639;48424;26449;2
102304;-196442;47354;24586;2
98723;-165234;47130;26536;1
120581;-192581;48496;24827;8
103396;-195358;47422;24654;4
98823;-191858;47136;24872;2
129959;-193867;49082;24747;1
120647;-188991;48500;25052;1
99920;-186311;47205;25219;2
104357;-189242;47482;25036;1
101704;-195270;47316;24659;2
102957;-185549;47394;25267;2
115461;-175174;48176;25915;1
99491;-185502;47178;25270;4
118508;-196486;48366;24583;4
130293;-179020;49103;25675;8
120145;-185673;48469;25259;1
98312;-165462;47104;26522;2
116100;-174405;48216;25963;4
117574;-194938;48308;24680;1
122069;-195087;48589;24671;2
125873;-175109;48827;25919;1
98849;-194002;47138;24738;4
98536;-184453;47118;25335;1
100784;-191211;47259;24913;4
129990;-191499;49084;24895;1
108179;-175481;47721;25896;8
103884;-196188;47452;24602;2
130192;-190620;49097;24950;1
130024;-193056;49086;24798;2
101798;-196413;47322;24588;1
98832;-194099;47137;24732;4
124356;-196022;48732;24612;4
130277;-195520;49102;24644;1
104225;-187348;47474;25154;2
101488;-186613;47303;25200;2
116826;-174809;48261;25938;8
100338;-192605;47231;24826;8
115983;-192900;48208;24807;1
99865;-194022;47201;24737;4
99735;-192475;47193;24834;8
114812;-190516;48135;24956;8
128853;-181987;49013;25489;4
107243;-175563;47662;25891;1
113948;-191959;48081;24866;8
127266;-182839;48914;25436;2
119708;-193757;48441;24754;1
101026;-193451;47274;24773;2
103573;-193600;47433;24764;4
98391;-182155;47109;25479;2
110225;-173840;47849;25999;2
118893;-185456;48390;25273;8
106716;-174523;47629;25956;2
126306;-175632;48854;25887;4
119464;-186920;48426;25181;8
104948;-193345;47519;24779;8
124507;-178710;48741;25694;8
101392;-188311;47297;25094;1
122167;-193815;48595;24750;2
123743;-195908;48693;24619;1
122824;-196077;48636;24609;2
129007;-189084;49022;25046;4
104766;-192670;47507;24822;8
123754;-176719;48694;25819;1
98492;-170405;47115;26213;2
102489;-188330;47365;25093;8
99032;-168001;47149;26363;1
98998;-185166;47147;25291;8
101234;-187695;47287;25133;8
128524;-188564;48992;25078;4
129204;-179334;49035;25655;2
120248;-194666;48475;24697;2
99000;-168822;47147;26312;4
128555;-187862;48994;25122;4
102710;-181267;47379;25534;4
126922;-196189;48892;24602;4
100844;-194395;47262;24714;2
113565;-191725;48057;24881;8
119634;-188467;48437;25084;8
123738;-177839;48693;25749;8
129924;-179648;49080;25636;4
99431;-192973;47174;24803;2
128222;-187535;48973;25143;1
98460;-179284;47113;25658;1
102193;-192702;47347;24820;1
104657;-193665;47501;24759;4
99214;-189718;47160;25006;4
118175;-195450;48345;24648;1
99072;-166722;47152;26443;1
99968;-189809;47208;25000;4
103105;-187691;47404;25133;1
115937;-174783;48206;25940;8
99087;-187114;47152;25169;2
122197;-190174;48597;24978;8
103975;-191465;47458;24897;4
108413;-194693;47735;24695;4
119112;-195371;48404;24653;8
128679;-182595;49002;25451;8
130303;-189711;49103;25007;8
114844;-192447;48137;24836;2
101441;-194840;47300;24686;1
119966;-190902;48457;24932;2
101190;-193727;47284;24756;4
130565;-183717;49120;25381;2
100521;-186210;47242;25225;1
98761;-186796;47132;25189;4
130823;-196531;49136;24580;4
127495;-184518;48928;25331;2
123082;-193419;48652;24775;1
101873;-185807;47327;25251;8
98334;-184013;47105;25363;2
127894;-185124;48953;25293;8
100584;-189284;47246;25033;8
119245;-184847;48412;25311;8
116710;-183001;48254;25426;8
121458;-193110;48551;24794;4
124764;-192946;48757;24804;2
126823;-192734;48886;24818;4
117272;-194059;48289;24735;4
98558;-167798;47119;26376;4
121638;-164325;48562;26593;4
127808;-181898;48948;25495;2
102902;-192389;47391;24839;8
127462;-196493;48926;24583;1
128552;-189323;48994;25031;4
101290;-194537;47290;24705;8
129955;-195955;49082;24616;8
119069;-184331;48401;25343;8
129843;-189725;49075;25006;1
99014;-188966;47148;25053;2
119738;-189087;48443;25046;1
113682;-191467;48065;24897;2
124209;-177759;48723;25754;8
124165;-192915;48720;24806;1
99547;-189522;47181;25018;8
107863;-175426;47701;25899;8
119993;-187392;48459;25152;1
130511;-196441;49116;24586;8
98377;-195561;47108;24641;4
98897;-186474;47141;25209;8
98954;-193452;47144;24773;4
113295;-191829;48040;24874;1
101454;-169096;47300;26295;8
116659;-180413;48251;25588;1
129777;-185327;49071;25281;8
128485;-192797;48990;24814;8
98369;-181114;47108;25544;1
115112;-174868;48154;25934;2
129233;-182951;49037;25429;1
103667;-187027;47439;25174;2
98817;-169855;47136;26248;1
100201;-192535;47222;24830;2
118452;-193640;48363;24761;4
103265;-182258;47414;25472;4
130751;-180633;49131;25574;2
117869;-194056;48326;24735;4
128025;-186621;48961;25200;4
125860;-175046;48826;25923;2
128702;-193867;49003;24747;1
98830;-186515;47136;25206;4
101348;-191386;47294;24902;2
98608;-186623;47123;25200;8
98953;-186200;47144;25226;1
115584;-178176;48184;25728;1
100489;-195025;47240;24674;1
104010;-187254;47460;25160;4
117556;-193827;48307;24749;8
118715;-195459;48379;24647;4
121830;-181048;48574;25548;8
127292;-192860;48915;24810;2
130508;-181968;49116;25491;1
128958;-193723;49019;24756;1
103490;-195189;47428;24664;4
128245;-195623;48975;24637;8
127276;-192416;48914;24838;8
98744;-191427;47131;24899;8
103020;-185119;47398;25294;4
126627;-167609;48874;26388;2
115491;-178637;48178;25699;8
102284;-191526;47352;24893;2
125651;-196605;48813;24576;8
119854;-184246;48450;25348;1
98978;-163999;47146;26614;4
115929;-173320;48205;26031;4
99427;-193506;47174;24769;4
120938;-181097;48518;25545;4
124668;-192732;48751;24818;8
129449;-177374;49050;25778;8
128315;-186809;48979;25188;1
127879;-194908;48952;24682;8
121843;-193581;48575;24765;1
123435;-170136;48674;26230;2
127102;-179978;48903;25615;8
98403;-185846;47110;25248;2
124004;-192513;48710;24831;1
128062;-196128;48963;24606;4
104235;-189242;47474;25036;2
130466;-187835;49114;25124;8
119439;-194284;48424;24721;8
102632;-193393;47374;24776;1
130358;-195291;49107;24658;8
122464;-164094;48614;26608;8
130082;-179079;49090;25671;8
130120;-190269;49092;24972;2
117153;-175288;48282;25908;4
127865;-191576;48951;24890;4
120473;-189023;48489;25050;8
112925;-190426;48017;24962;4
98320;-189023;47105;25050;4
101700;-195847;47316;24623;1
121890;-193822;48578;24750;2
98340;-187311;47106;25157;8
98598;-194286;47122;24721;4
124703;-192656;48753;24823;8
98907;-192333;47141;24843;1
118045;-164178;48337;26602;1
125511;-175928;48804;25868;4
116548;-175648;48244;25886;8
117898;-195480;48328;24646;2
98716;-192271;47129;24847;2
122317;-196558;48604;24579;2
104406;-188886;47485;25058;1
106864;-174412;47639;25963;8
109337;-173384;47793;26027;4
130614;-180636;49123;25574;2
129784;-195076;49071;24671;1
123752;-178149;48694;25729;4
119227;-190502;48411;24957;2
98561;-185776;47120;25253;2
130490;-182090;49115;25483;2
98577;-164524;47121;26581;2
130628;-190658;49124;24947;4
98962;-182129;47145;25480;4
118608;-194593;48373;24701;1
103770;-193718;47445;24756;8
99213;-195922;47160;24618;8
103492;-191334;47428;24905;8
118115;-195558;48342;24641;1
129436;-185099;49049;25295;4
102303;-192099;47353;24857;2
129061;-193811;49026;24750;2
119994;-186339;48459;25217;1
121780;-196491;48571;24583;4
104089;-189040;47465;25049;4
124022;-196164;48711;24603;4
107144;-175334;47656;25905;1
103981;-189430;47458;25024;4
104177;-188559;47471;25079;2
125687;-173978;48815;25990;2
130168;-181025;49095;25549;4
101051;-194074;47275;24734;4
116709;-173693;48254;26008;1
123572;-194716;48683;24694;8
130347;-181791;49106;25502;2
103066;-189095;47401;25045;2
98366;-173097;47107;26045;1
99500;-193045;47178;24798;2
104090;-191289;47465;24908;1
127933;-191349;48955;24904;1
130408;-191069;49110;24922;4
100459;-188187;47238;25102;4
118494;-195553;48365;24641;1
105571;-196497;47558;24582;8
103796;-188575;47447;25078;1
116715;-194897;48254;24682;1
118857;-195660;48388;24635;8
123790;-176459;48696;25835;4
130881;-182062;49140;25485;2
101616;-186175;47311;25228;1
98893;-168731;47140;26318;8
114667;-192795;48126;24814;2
114403;-190674;48110;24946;8
98317;-168253;47104;26348;2
117024;-195389;48274;24652;2
126470;-179928;48864;25618;2
103914;-192974;47454;24803;8
116447;-182379;48237;25465;4
98592;-172684;47122;26071;1
119836;-188316;48449;25094;4
101793;-187711;47322;25132;4
119926;-196349;48455;24592;2
117004;-175700;48272;25882;8
99408;-192985;47173;24802;2
98703;-169303;47128;26282;8
130067;-179901;49089;25620;2
119695;-184416;48440;25338;4
103251;-186720;47413;25194;8
129599;-182719;49059;25444;2
130332;-172452;49105;26085;8
102999;-192147;47397;24854;2
122525;-194865;48617;24684;2
112838;-190580;48012;24952;4
124694;-196297;48753;24595;8
125375;-174236;48795;25974;8
129383;-191144;49046;24917;8
99475;-184578;47177;25327;1
105884;-180038;47577;25611;2
119428;-166772;48424;26440;4
130375;-195329;49108;24655;4
115210;-174141;48160;25980;2
99163;-168538;47157;26330;2
123296;-190197;48666;24976;8
130791;-196464;49134;24585;2
104077;-188844;47464;25061;8
101106;-189268;47279;25034;2
104202;-187185;47472;25164;4
119643;-187062;48437;25172;1
121509;-190971;48554;24928;1
120142;-195044;48468;24673;2
109363;-188998;47795;25051;1
101408;-190963;47298;24928;2
120462;-196274;48488;24596;8
121108;-184060;48529;25360;1
130664;-190667;49126;24947;8
128684;-195623;49002;24637;4
126869;-196201;48889;24601;2
117436;-194179;48299;24727;4
125768;-176107;48820;25857;8
98660;-166925;47126;26431;8
130976;-182685;49146;25446;2
122702;-190058;48628;24985;4
98761;-195905;47132;24619;1
109422;-173932;47798;25993;1
113127;-174823;48030;25937;4
99124;-191910;47155;24869;2
123616;-190212;48686;24975;1
130049;-189048;49088;25048;1
108483;-175051;47740;25923;8
108867;-174320;47764;25969;8
119846;-193739;48450;24755;2
98753;-189566;47132;25016;8
131002;-190894;49147;24933;1
130222;-183276;49098;25409;1
127974;-187364;48958;25153;4
119791;-191111;48446;24919;4
119715;-186003;48442;25238;2
127874;-194525;48952;24706;2
99072;-195994;47152;24614;1
116575;-173557;48245;26016;2
102979;-185004;47396;25301;8
118536;-195968;48368;24616;1
103796;-191452;47447;24898;2
115089;-175029;48153;25924;2
105375;-179187;47545;25664;4
107465;-175872;47676;25872;1
100549;-194773;47244;24690;8
130287;-174251;49102;25973;4
120957;-184249;48519;25348;1
103435;-189022;47424;25050;8
125124;-174504;48780;25957;1
128104;-188334;48966;25093;4
124990;-174585;48771;25952;1
128533;-188717;48993;25069;8
122811;-195990;48635;24614;2
125737;-196567;48818;24578;2
130550;-179372;49119;25653;8
101789;-190674;47321;24946;8
131014;-190799;49148;24939;2
115571;-175598;48183;25889;8
98928;-187063;47143;25172;4
125728;-173974;48818;25990;4
104087;-196099;47465;24607;1
128135;-192340;48968;24842;1
99306;-187063;47166;25172;2
98332;-185252;47105;25285;1
119422;-185332;48423;25280;4
99845;-187785;47200;25127;1
116782;-173658;48258;26010;2
120111;-192231;48466;24849;1
115164;-173165;48157;26041;8
115353;-179405;48169;25651;4
99959;-196135;47207;24605;4
121682;-195296;48565;24658;8
98488;-164776;47115;26565;2
126998;-186804;48897;25188;2
122047;-195931;48587;24618;4
127748;-186118;48944;25231;2
104034;-191687;47462;24883;1
116302;-179224;48228;25662;8
115530;-178575;48180;25703;8
98968;-171343;47145;26155;8
113393;-189881;48047;24996;1
129715;-194575;49067;24703;2
103096;-196588;47403;24577;8
119576;-193324;48433;24781;8
126156;-175293;48844;25908;4
104312;-189489;47479;25020;1
119951;-184282;48456;25346;2
103151;-188326;47406;25093;8
119558;-192338;48432;24842;1
109212;-174303;47785;25970;4
103114;-190050;47404;24985;1
102642;-191096;47375;24920;4
103106;-185912;47404;25244;4
102560;-186842;47370;25186;2
106170;-180202;47595;25601;1
128495;-188150;48990;25104;4
103584;-191163;47434;24916;1
112823;-195860;48011;24622;1
119932;-186253;48455;25223;1
126611;-195859;48873;24622;8
103738;-193020;47443;24800;8
98342;-177194;47106;25789;4
130396;-174096;49109;25983;8
126992;-196585;48897;24577;1
99398;-190263;47172;24972;2
130368;-180146;49108;25604;4
118845;-195917;48387;24619;4
112895;-173669;48015;26009;8
113543;-189591;48056;25014;2
106719;-174276;47629;25971;1
128199;-195652;48972;24635;4
128728;-191121;49005;24918;4
114691;-191363;48128;24903;4
98902;-181313;47141;25531;8
98556;-190359;47119;24966;1
100182;-195319;47221;24656;8
114826;-172918;48136;26056;2
120372;-196347;48483;24592;4
122804;-191034;48635;24924;8
99878;-191189;47202;24914;2
129323;-179676;49042;25634;4
104909;-196528;47516;24581;2
119340;-195807;48418;24626;1
119562;-195351;48432;24654;1
103662;-186548;47438;25204;2
103386;-167709;47421;26382;8
116346;-179158;48231;25666;2
112310;-166346;47979;26467;1
98411;-183246;47110;25411;2
116014;-183092;48210;25420;2
129695;-191106;49065;24919;1
116541;-181513;48243;25519;4
104336;-192712;47481;24819;8
126019;-175701;48836;25882;2
99404;-191031;47172;24924;8
127383;-181059;48921;25547;2
116631;-181860;48249;25497;8
101530;-192160;47305;24854;1
102291;-191016;47353;24925;1
119762;-185368;48445;25278;1
98398;-166155;47109;26479;1
113639;-189692;48062;25008;2
101536;-193652;47306;24760;1
127765;-194891;48945;24683;4
99737;-189727;47193;25006;8
130829;-191163;49136;24916;8
108172;-173248;47720;26036;1
100222;-189550;47223;25017;8
120586;-183970;48496;25365;4
98906;-184838;47141;25311;4
117935;-196391;48330;24589;4
115352;-177957;48169;25741;2
115336;-173833;48168;25999;2
99730;-195012;47193;24675;8
123950;-196098;48706;24607;2
115603;-172749;48185;26067;4
98989;-184744;47146;25317;8
114588;-192826;48121;24812;8
98614;-193763;47123;24753;1
126336;-176186;48856;25852;2
119716;-184401;48442;25338;1
98671;-188798;47126;25064;1
130495;-176550;49115;25829;8
113569;-175481;48058;25896;2
103003;-192112;47397;24857;1
101106;-188131;47279;25105;4
119476;-187617;48427;25137;8
127469;-195309;48926;24657;8
120599;-195601;48497;24638;8
126483;-194624;48865;24700;1
114807;-174194;48135;25976;4
125151;-192877;48781;24809;1
108808;-173407;47760;26026;2
125423;-181024;48798;25550;2
124640;-176440;48750;25836;1
98840;-168028;47137;26362;2
116257;-173244;48226;26036;8
108768;-173545;47758;26017;1
102794;-190649;47384;24948;4
131010;-177365;49148;25778;4
103029;-182395;47399;25464;8
129910;-179383;49079;25652;2
102924;-189267;47392;25034;1
101768;-186796;47320;25189;4
128662;-190726;49001;24943;4
98412;-195777;47110;24627;4
99757;-190410;47194;24963;2
115782;-179272;48196;25659;1
117243;-194474;48287;24709;4
104207;-190857;47472;24935;4
104538;-191942;47493;24867;2
130708;-186408;49129;25213;4
102599;-188162;47372;25103;1
116171;-179573;48220;25640;8
100709;-192114;47254;24856;2
117735;-176168;48318;25853;8
129521;-185190;49055;25289;4
117871;-188961;48326;25053;4
127388;-184557;48921;25329;4
127587;-194463;48934;24710;2
100285;-186553;47227;25204;2
128418;-188918;48986;25056;1
104969;-196028;47520;24612;2
130084;-174088;49090;25983;8
129242;-188885;49037;25058;2
108033;-175781;47712;25877;2
100006;-192128;47210;24856;1
123035;-191120;48649;24919;8
126838;-179837;48887;25624;2
105715;-179940;47567;25617;2
126575;-195060;48870;24672;1
123413;-190125;48673;24981;1
119682;-184788;48440;25314;2
128319;-189788;48979;25002;8
119845;-187475;48450;25146;1
124611;-195012;48748;24675;8
99483;-170543;47177;26205;2
102529;-186148;47368;25229;2
98648;-165631;47125;26512;2
129024;-193784;49024;24752;8
130401;-180744;49110;25567;2
114802;-190573;48135;24953;2
130287;-195982;49102;24615;8
100227;-188458;47224;25085;4
101764;-195530;47320;24643;4
98858;-182839;47138;25436;8
99369;-192048;47170;24861;4
113940;-191988;48081;24864;4
129493;-190470;49053;24959;8
128260;-187551;48976;25142;4
99018;-187589;47148;25139;1
112765;-174416;48007;25963;2
129045;-190889;49025;24933;1
103302;-186012;47416;25238;4
121376;-190045;48546;24986;8
127964;-187682;48957;25133;1
115305;-179165;48166;25666;8
122424;-190479;48611;24959;2
128959;-189376;49019;25028;8
129576;-193388;49058;24777;8
114669;-173620;48126;26012;8
103524;-186343;47430;25217;1
102583;-193842;47371;24748;2
115276;-177490;48164;25770;4
119827;-191787;48449;24877;1
115334;-175794;48168;25876;1
98643;-195670;47125;24634;2
125645;-175669;48812;25884;2
99097;-168451;47153;26335;4
127261;-179466;48913;25647;2
116240;-174802;48225;25938;8
115845;-172709;48200;26069;8
113702;-173660;48066;26010;2
98868;-164616;47139;26575;1
129967;-179481;49082;25646;1
129037;-189240;49024;25036;2
127097;-191916;48903;24869;2
117358;-196412;48294;24588;8
99197;-166208;47159;26476;4
117010;-196442;48273;24586;8
113922;-171391;48080;26152;2
102279;-186412;47352;25213;4
120511;-193829;48491;24749;4
106303;-180867;47603;25559;2
114437;-193968;48112;24741;2
115069;-172857;48151;26060;2
101199;-187301;47284;25157;4
114033;-192315;48087;24844;8
104158;-194140;47469;24730;4
98466;-176991;47114;25802;4
104165;-195540;47470;24642;4
111093;-173532;47903;26018;2
115153;-172549;48157;26079;2
99529;-165112;47180;26544;1
129786;-180001;49071;25613;1
115306;-175618;48166;25887;1
114161;-193198;48095;24789;2
98432;-167747;47112;26379;2
107913;-173560;47704;26016;8
102945;-187262;47394;25160;8
116737;-180919;48256;25556;8
104073;-190014;47464;24988;2
103857;-193848;47451;24748;8
128474;-187333;48989;25155;4
119416;-192336;48423;24843;8
102761;-186485;47382;25208;1
103723;-175029;47442;25924;4
119453;-194934;48425;24680;4
127259;-175994;48913;25864;2
98509;-195820;47116;24625;2
101020;-189854;47273;24998;1
101577;-188190;47308;25102;1
124339;-178092;48731;25733;1
115826;-175784;48199;25877;1
130093;-189026;49090;25049;4
101216;-187180;47286;25165;2
119634;-188856;48437;25060;4
123707;-195994;48691;24614;8
119492;-192350;48428;24842;4
130695;-184068;49128;25359;4
102447;-191224;47362;24912;2
126824;-194710;48886;24694;1
102556;-191615;47369;24888;1
126435;-195761;48862;24628;2
128215;-181111;48973;25544;2
114737;-175078;48131;25921;1
100688;-191044;47253;24923;8
101360;-193225;47295;24787;4
101688;-189069;47315;25047;2
130310;-178635;49104;25699;4
121757;-196511;48569;24582;4
115974;-174363;48208;25966;8
124054;-177496;48713;25770;1
100179;-192362;47221;24841;2
102036;-186526;47337;25206;4
127864;-187820;48951;25125;1
103959;-193218;47457;24787;4
113948;-191434;48081;24899;1
103998;-189519;47459;25019;8
119798;-191436;48447;24899;4
102519;-188894;47367;25058;1
98917;-187023;47142;25175;8
128097;-186342;48966;25217;4
123402;-176854;48672;25810;8
98434;-182796;47112;25439;8
104358;-187708;47482;25132;4
100596;-192160;47247;24854;8
116067;-174533;48214;25955;1
120609;-181458;48498;25522;8
119032;-185375;48399;25278;2
99418;-193588;47173;24764;2
98928;-181589;47143;25514;4
123957;-177033;48707;25799;4
120431;-193989;48486;24739;2
99816;-190330;47198;24968;8
102707;-187408;47379;25151;8
115812;-182314;48198;25469;1
121653;-180752;48563;25567;8
129772;-191315;49070;24906;8
118671;-194873;48376;24684;4
108411;-169642;47735;26261;4
115906;-182657;48204;25447;1
102805;-180778;47385;25565;8
117233;-196176;48287;24603;1
130331;-179819;49105;25625;2
103930;-193233;47455;24786;2
131051;-175768;49150;25878;4
115459;-178779;48176;25690;4
130780;-182386;49133;25464;8
114630;-176294;48124;25845;1
127788;-185276;48946;25284;2
103260;-190916;47413;24931;4
116285;-184845;48227;25311;8
130414;-190695;49110;24945;4
104208;-191799;47473;24876;1
120496;-192859;48491;24810;2
130857;-177593;49138;25764;8
98802;-192325;47135;24843;1
125637;-180855;48812;25560;2
130661;-177157;49126;25791;8
128392;-195990;48984;24614;4
128987;-193763;49021;24753;2
99734;-193423;47193;24775;2
109358;-173305;47794;26032;8
121143;-192910;48531;24807;1
100317;-164930;47229;26555;4
129101;-190192;49028;24977;2
100918;-190110;47267;24982;4
115241;-192390;48162;24839;2
99935;-190409;47205;24963;2
121047;-195460;48525;24647;1
128968;-191154;49020;24916;2
103397;-188069;47422;25109;1
117805;-196510;48322;24582;4
115298;-175059;48166;25922;1
103300;-185424;47416;25275;4
101524;-190680;47305;24946;2
128175;-195210;48970;24663;8
122699;-192383;48628;24840;4
122961;-192478;48645;24834;2
114884;-172831;48140;26062;4
120150;-192025;48469;24862;4
125021;-174909;48773;25932;1
128301;-189703;48978;25007;1
104894;-193623;47515;24762;2
119390;-195334;48421;24655;2
127113;-180015;48904;25613;8
128277;-192715;48977;24819;8
104744;-196127;47506;24606;1
118909;-192065;48391;24859;4
103955;-191458;47457;24897;2
98755;-165951;47132;26492;2
114255;-171670;48100;26134;4
102248;-187560;47350;25141;1
99134;-191581;47155;24890;1
98501;-164813;47116;26563;4
128586;-193909;48996;24744;1
102648;-187417;47375;25150;8
119702;-195895;48441;24620;8
127416;-192706;48923;24819;1
131040;-193659;49150;24760;1
117111;-194829;48279;24687;1
99006;-165182;47147;26540;1
120575;-192290;48495;24845;2
102517;-185924;47367;25243;8
129817;-188731;49073;25068;2
99237;-194955;47162;24679;1
131058;-185124;49151;25293;8
100021;-191588;47211;24889;4
119862;-193051;48451;24798;1
105554;-196136;47557;24605;1
125266;-176418;48789;25837;4
98609;-164434;47123;26586;2
113294;-175168;48040;25916;4
116956;-194638;48269;24699;1
98626;-168285;47124;26346;2
125872;-175951;48827;25867;2
129879;-194071;49077;24734;4
120758;-191772;48507;24878;8
108747;-175177;47756;25915;8
101663;-193786;47313;24752;2
103034;-188758;47399;25066;2
116756;-182852;48257;25435;1
125186;-195728;48784;24631;1
98326;-189252;47105;25035;1
99879;-192329;47202;24843;2
100190;-187683;47221;25133;4
111057;-173544;47901;26017;2
129908;-189070;49079;25047;1
104278;-191325;47477;24906;1
130573;-180426;49120;25587;2
116954;-174986;48269;25927;4
98870;-192729;47139;24818;2
118130;-196295;48343;24595;8
108634;-195228;47749;24662;8
100505;-189659;47241;25010;8
119396;-186385;48422;25214;2
129703;-181591;49066;25514;2
100347;-188419;47231;25087;2
102038;-192404;47337;24838;2
119121;-188615;48405;25075;2
128832;-193597;49012;24764;2
129775;-185599;49070;25264;4
98315;-175827;47104;25874;4
123812;-177631;48698;25762;8
114091;-171643;48090;26136;1
118392;-195659;48359;24635;2
103451;-194747;47425;24692;4
129954;-185731;49082;25255;2
102911;-188679;47391;25071;2
98409;-177582;47110;25765;1
103020;-188231;47398;25099;8
128615;-192471;48998;24834;2
98335;-186395;47105;25214;4
119102;-193732;48403;24755;8
99720;-170024;47192;26237;8
104689;-193845;47503;24748;2
118874;-195823;48389;24625;1
102680;-191760;47377;24879;4
103000;-186661;47397;25197;2
127970;-186132;48958;25230;1
123418;-190173;48673;24978;1
98422;-169989;47111;26239;8
130340;-181729;49106;25505;2
99036;-186572;47149;25203;8
104674;-194570;47502;24703;1
119273;-189716;48414;25006;4
120893;-185771;48515;25253;2
128990;-191979;49021;24865;2
101641;-191628;47312;24887;4
117037;-175241;48274;25911;8
100392;-190597;47234;24951;2
104284;-193922;47477;24743;4
99958;-188640;47207;25074;8
115340;-168869;48168;26309;1
104461;-191254;47488;24910;1
130799;-194043;49134;24736;2
130780;-186497;49133;25207;1
104224;-193639;47474;24761;4
130304;-188191;49104;25102;4
128505;-195612;48991;24638;4
98479;-169252;47114;26285;4
122553;-196003;48619;24613;4
129251;-181893;49038;25495;1
116632;-182478;48249;25459;2
102575;-187685;47370;25133;8
104242;-187914;47475;25119;8
98889;-187265;47140;25159;1
131043;-179931;49150;25618;1
121611;-195307;48560;24657;1
122408;-194444;48610;24711;8
124893;-176718;48765;25819;2
98791;-168797;47134;26314;2
99575;-191611;47183;24888;4
101597;-186356;47309;25216;1
105050;-194973;47525;24678;1
130740;-189293;49131;25033;2
129643;-179921;49062;25618;1
101606;-194819;47310;24687;8
98413;-190678;47110;24946;8
99242;-193343;47162;24780;2
105203;-195883;47535;24621;8
120063;-188280;48463;25096;8
120746;-181295;48506;25533;2
120600;-188998;48497;25051;1
120740;-192562;48506;24828;1
109377;-174480;47796;25959;2
129569;-178841;49058;25686;2
98308;-173230;47104;26037;1
130406;-174177;49110;25977;1
130373;-187586;49108;25139;1
101497;-190981;47303;24927;1
99145;-185125;47156;25293;8
103509;-186522;47429;25206;4
123806;-176632;48697;25824;8
99093;-195575;47153;24640;4
125264;-180439;48789;25586;1
98990;-192359;47146;24841;1
98639;-193727;47124;24756;8
104337;-189667;47481;25009;1
120348;-195388;48481;24652;8
113400;-174833;48047;25936;2
121517;-194498;48554;24707;1
124503;-174854;48741;25935;8
126671;-195109;48876;24669;1
103315;-189710;47417;25007;2
103455;-191543;47425;24892;1
128888;-195701;49015;24632;4
100974;-192273;47270;24846;4
98499;-176060;47116;25860;8
119147;-191497;48406;24895;8
119557;-191327;48432;24906;2
104159;-196578;47469;24577;2
121417;-194824;48548;24687;1
114178;-171170;48096;26165;1
119422;-185708;48423;25257;8
129595;-189183;49059;25040;2
130185;-189989;49096;24989;8
121436;-192244;48549;24848;1
114511;-174188;48116;25977;4
129331;-190168;49043;24978;8
128659;-182115;49001;25481;2
100358;-183424;47232;25400;8
116720;-174350;48255;25967;8
128677;-191966;49002;24866;1
130409;-184009;49110;25363;2
100706;-191286;47254;24908;4
98836;-183423;47137;25400;2
119345;-184053;48419;25360;4
112479;-165661;47989;26510;4
100605;-194545;47247;24704;4
99710;-187406;47191;25151;2
103180;-189711;47408;25007;2
127984;-178717;48959;25694;2
130127;-188920;49092;25056;1
118641;-188616;48375;25075;1
130892;-187030;49140;25174;1
119506;-183109;48429;25419;8
130994;-177336;49147;25780;2
98873;-167689;47139;26383;4
110965;-173654;47895;26010;1
112798;-166048;48009;26486;1
130810;-196508;49135;24582;1
101807;-196109;47322;24607;2
123736;-176713;48693;25819;2
99151;-193668;47156;24759;8
126266;-194881;48851;24683;4
114409;-194040;48110;24736;1
128195;-193004;48972;24801;1
109179;-174757;47783;25941;1
126141;-176919;48843;25806;4
102777;-189803;47383;25001;2
102544;-182488;47369;25458;2
130457;-186664;49113;25197;1
128962;-196252;49020;24598;4
119236;-184464;48412;25335;1
129956;-196459;49082;24585;1
99261;-193545;47163;24767;8
103042;-193467;47400;24772;2
99306;-164659;47166;26572;2
107019;-173103;47648;26045;4
120848;-190679;48513;24946;8
119711;-195102;48441;24670;2
126479;-194494;48864;24708;8
98771;-182414;47133;25463;4
129410;-196455;49048;24585;2
98896;-165725;47141;26506;2
130925;-184480;49142;25334;2
121034;-186420;48524;25212;2
130940;-182097;49143;25482;2
129312;-196289;49042;24595;1
123683;-190288;48690;24971;8
129572;-188268;49058;25097;8
102298;-189047;47353;25048;2
101738;-190761;47318;24941;4
101790;-190662;47321;24947;2
101497;-187657;47303;25135;1
123123;-192973;48655;24803;1
104276;-193461;47477;24772;2
102445;-194057;47362;24735;2
102894;-186654;47390;25198;4
100742;-191359;47256;24904;2
119000;-195930;48397;24618;8
127535;-181340;48930;25530;2
126028;-194681;48836;24696;2
127457;-184692;48926;25320;8
129616;-182662;49061;25447;1
131030;-189532;49149;25018;8
101345;-195140;47294;24667;8
129239;-189017;49037;25050;2
118113;-195227;48342;24662;8
104614;-194651;47498;24698;1
126241;-195176;48850;24665;1
130165;-190482;49095;24958;8
128071;-185114;48964;25294;8
125854;-193823;48825;24750;4
129617;-189313;49061;25031;8
99011;-165405;47148;26526;4
123123;-193642;48655;24761;4
104575;-193852;47495;24748;4
100456;-196507;47238;24582;2
103168;-188703;47408;25070;2
102567;-190327;47370;24968;2
129856;-187786;49076;25127;1
103015;-191173;47398;24915;2
121990;-191781;48584;24877;1
127541;-179487;48931;25646;8
103056;-195767;47401;24628;2
101464;-190253;47301;24973;2
103503;-190726;47428;24943;1
121349;-194501;48544;24707;4
124156;-177077;48719;25796;4
103228;-188709;47411;25069;4
98846;-190350;47137;24967;4
103845;-195683;47450;24633;4
102947;-181441;47394;25523;8
125892;-180279;48828;25596;2
98831;-195987;47136;24614;8
99253;-169283;47163;26283;1
98624;-191737;47124;24880;8
128729;-189672;49005;25009;1
104269;-194378;47476;24715;8
126500;-194244;48866;24723;2
102799;-182306;47384;25469;1
116047;-173003;48212;26051;4
98996;-186379;47147;25215;1
129658;-194693;49063;24695;2
116212;-183978;48223;25365;2
98942;-170193;47143;26226;2
100619;-189025;47248;25049;1
130514;-183313;49117;25406;1
99698;-191203;47191;24913;2
105541;-196133;47556;24605;2
116749;-180380;48256;25590;1
126521;-183171;48867;25415;4
101021;-194349;47273;24717;4
98377;-165718;47108;26506;2
106864;-175311;47639;25907;4
130131;-180388;49093;25589;4
128198;-188519;48972;25081;8
98650;-186359;47125;25216;1
114139;-193503;48093;24770;1
98931;-190899;47143;24932;1
121139;-192022;48531;24862;8
121025;-195495;48524;24645;1
110159;-173994;47844;25989;1
100292;-192225;47228;24849;8
128354;-191939;48982;24867;8
101979;-194263;47333;24722;1
100146;-186509;47219;25207;4
127018;-195335;48898;24655;1
101106;-196095;47279;24608;8
120470;-192778;48489;24815;4
103673;-184923;47439;25306;4
113240;-190515;48037;24956;1
122093;-191372;48590;24903;8
116994;-194922;48272;24681;1
128948;-182731;49019;25443;1
114748;-174929;48131;25930;8
118003;-196314;48335;24594;4
124583;-175071;48746;25922;1
98597;-164254;47122;26598;8
116665;-180375;48251;25590;4
117578;-195881;48308;24621;1
99638;-188192;47187;25102;4
99653;-188015;47188;25113;1
124639;-179158;48749;25666;2
126586;-176072;48871;25859;2
103082;-185372;47402;25278;8
127013;-194608;48898;24701;4
129295;-183349;49040;25404;4
120435;-192491;48487;24833;1
130624;-195477;49124;24646;8
102263;-185149;47351;25292;8
99105;-189253;47154;25035;4
117876;-188838;48327;25061;8
115378;-177664;48171;25760;8
104048;-193914;47463;24744;1
103080;-189004;47402;25051;8
118776;-192821;48383;24812;1
121116;-164202;48529;26601;1
106658;-174034;47626;25986;2
104683;-190949;47502;24929;4
121291;-192665;48540;24822;1
127900;-186948;48953;25179;8
98537;-183503;47118;25395;2
113678;-173933;48064;25993;4
99905;-195227;47204;24662;8
128972;-195441;49020;24648;4
113329;-191251;48043;24910;8
118053;-188677;48338;25071;8
121194;-187066;48534;25172;4
103550;-167624;47431;26387;2
128496;-196078;48991;24609;4
129333;-194618;49043;24700;1
103143;-180454;47406;25585;1
120359;-192140;48482;24855;1
98624;-196131;47124;24605;8
103376;-191952;47421;24867;4
104352;-192006;47482;24863;4
116328;-174027;48230;25987;2
117627;-195021;48311;24675;1
107093;-193311;47653;24782;4
115157;-175049;48157;25923;2
99802;-164041;47197;26611;4
100031;-193672;47211;24759;2
118908;-190732;48391;24943;8
101046;-186249;47275;25223;2
118752;-194924;48382;24681;1
121370;-190169;48545;24978;2
129765;-187584;49070;25140;8
118517;-188017;48367;25112;1
110135;-174185;47843;25977;8
103771;-191533;47445;24893;8
99062;-170222;47151;26225;8
105248;-196583;47538;24577;1
130828;-189510;49136;25019;8
119768;-196394;48445;24589;2
117932;-173713;48330;26006;1
103487;-185902;47427;25245;4
128686;-192885;49002;24808;8
114148;-191517;48094;24894;4
105720;-175156;47567;25916;4
118598;-194815;48372;24688;2
125209;-173920;48785;25994;4
121030;-194788;48524;24689;4
122307;-190186;48604;24977;8
115327;-178551;48167;25704;2
130202;-191115;49097;24919;8
120204;-192706;48472;24819;4
100414;-186436;47235;25211;1
119986;-192419;48459;24837;8
99263;-196336;47163;24593;4
130994;-177979;49147;25740;1
116483;-183507;48240;25394;4
101140;-186494;47281;25208;8
104062;-193936;47463;24743;1
103242;-185143;47412;25292;1
125842;-180094;48825;25608;8
113826;-173825;48074;25999;1
101122;-193348;47280;24779;8
125147;-176101;48781;25857;4
116177;-172319;48221;26094;8
99952;-188249;47207;25098;8
98909;-170342;47141;26217;2
129772;-185834;49070;25249;2
127358;-192084;48919;24858;4
102894;-188857;47390;25060;8
130317;-193890;49104;24745;2
113910;-176323;48079;25843;8
104399;-194511;47484;24707;1
99347;-192832;47169;24812;2
114508;-192612;48116;24825;4
128178;-190092;48971;24983;2
130239;-186394;49099;25214;4
108608;-175791;47748;25877;8
115229;-192176;48161;24853;4
98678;-185218;47127;25287;8
99014;-194919;47148;24681;8
102728;-186490;47380;25208;8
111392;-190319;47922;24969;2
125264;-181231;48789;25537;4
128482;-189170;48990;25040;8
130701;-188129;49128;25105;8
127246;-188971;48912;25053;1
129286;-179171;49040;25665;4
114659;-190820;48126;24937;1
119996;-185912;48459;25244;4
102908;-188789;47391;25064;1
125900;-176378;48828;25840;2
113820;-191903;48073;24870;1
118983;-193086;48396;24796;4
100315;-188682;47229;25071;8
119847;-167725;48450;26381;1
98827;-192895;47136;24808;1
98859;-191874;47138;24871;8
103572;-195491;47433;24645;1
123780;-177308;48696;25782;1
99449;-168993;47175;26301;8
129869;-185767;49076;25253;1
101205;-195765;47285;24628;1
120128;-185612;48468;25263;4
113552;-191800;48057;24876;2
104690;-194787;47503;24689;1
101185;-193169;47284;24790;8
127996;-186036;48959;25236;8
99638;-196547;47187;24579;2
130965;-193913;49145;24744;8
116822;-179530;48261;25643;4
114433;-174717;48112;25944;8
122127;-192900;48592;24807;8
130615;-183232;49123;25412;2
113666;-173597;48064;26014;1
99800;-186663;47197;25197;2
101623;-190459;47311;24960;1
98360;-181262;47107;25535;8
100181;-195559;47221;24641;2
122000;-190062;48585;24985;4
117734;-176214;48318;25850;1
130826;-180608;49136;25576;8
130916;-192159;49142;24854;1
120744;-190605;48506;24951;4
128787;-193583;49009;24765;2
102242;-183653;47350;25385;4
121023;-192550;48523;24829;8
120384;-193632;48484;24762;8
107114;-175586;47654;25889;8
98638;-169632;47124;26262;8
101055;-189742;47275;25005;4
98877;-169347;47139;26279;8
101549;-195198;47306;24664;2
113822;-191414;48073;24900;1
119119;-192375;48404;24840;2
102807;-193176;47385;24790;8
106133;-174358;47593;25966;8
103244;-188867;47412;25059;8
128031;-195066;48961;24672;2
103678;-187849;47439;25123;4
114944;-175272;48144;25909;8
115856;-173809;48201;26000;1
130073;-180101;49089;25607;2
98305;-188628;47104;25074;2
130580;-195143;49121;24667;2
119998;-191757;48459;24879;2
126229;-194866;48849;24684;4
107860;-175758;47701;25879;2
127966;-187583;48957;25140;4
102305;-194577;47354;24702;4
100121;-186333;47217;25218;2
103389;-187351;47421;25154;2
129400;-192365;49047;24841;4
118611;-191292;48373;24908;1
98779;-189526;47133;25018;2
99502;-191583;47178;24890;4
98403;-195391;47110;24652;8
101191;-194166;47284;24728;2
129485;-191111;49052;24919;8
126023;-175716;48836;25881;2
130343;-182454;49106;25460;4
115823;-172948;48198;26054;8
116776;-192866;48258;24809;2
103516;-193133;47429;24793;8
130610;-193891;49123;24745;2
109922;-173695;47830;26008;2
115604;-175746;48185;25879;2
129656;-195780;49063;24627;8
103577;-192085;47433;24858;2
130828;-180758;49136;25566;1
119428;-193018;48424;24800;2
98548;-169401;47119;26276;1
114483;-195645;48115;24636;8
118188;-195149;48346;24667;2
116730;-192781;48255;24815;8
99132;-190120;47155;24981;4
128381;-196097;48983;24607;1
101783;-190327;47321;24968;4
103954;-189949;47457;24992;2
130803;-191134;49135;24918;8
104104;-188646;47466;25073;8
103697;-191197;47441;24914;8
120701;-184640;48503;25324;8
104659;-193314;47501;24781;1
129906;-196332;49079;24593;2
109496;-173880;47803;25996;2
103056;-182521;47401;25456;8
128339;-182366;48981;25466;4
101871;-190952;47326;24929;8
114906;-175314;48141;25906;2
103120;-189077;47405;25046;4
127941;-193631;48956;24762;2
103230;-185215;47411;25288;4
125243;-177350;48787;25779;4
103637;-185158;47437;25291;1
126215;-193741;48848;24755;1
129172;-195944;49033;24617;4
130797;-187025;49134;25174;8
103778;-167898;47446;26370;8
127232;-196556;48912;24579;1
130876;-183012;49139;25425;4
128731;-190849;49005;24935;2
130090;-195972;49090;24615;2
101743;-192696;47318;24820;4
118349;-196045;48356;24611;8
126470;-183134;48864;25418;4
104064;-189171;47464;25040;1
119492;-194939;48428;24680;8
103269;-190183;47414;24977;8
130490;-188675;49115;25071;1
99335;-185802;47168;25251;8
130735;-180883;49130;25558;2
130044;-192929;49087;24805;1
115627;-174359;48186;25966;1
116544;-175697;48244;25882;8
120849;-194706;48513;24694;4
98463;-191312;47113;24907;4
127289;-184802;48915;25313;1
120003;-185157;48460;25291;2
98380;-175610;47108;25888;4
98736;-187535;47131;25143;1
102552;-187320;47369;25156;2
98666;-165134;47126;26543;2
109076;-173840;47777;25999;4
113545;-191530;48056;24893;1
113177;-174576;48033;25953;2
129232;-190305;49037;24969;8
102590;-190788;47371;24939;1
119695;-167660;48440;26385;8
98794;-183223;47134;25412;4
128033;-187509;48962;25144;1
118219;-194031;48348;24737;8
103626;-188811;47436;25063;2
124700;-195746;48753;24629;2
115541;-178612;48181;25700;8
98688;-184750;47128;25317;4
99690;-185722;47190;25256;8
127861;-185236;48951;25286;2
127864;-192465;48951;24834;8
127440;-194433;48925;24711;2
102743;-189886;47381;24996;4
100357;-194720;47232;24694;2
100646;-186980;47250;25177;4
101199;-196352;47284;24592;8
98342;-189406;47106;25026;8
101067;-193101;47276;24795;1
130260;-189435;49101;25024;8
114751;-168097;48131;26357;8
123666;-195898;48689;24620;1
129543;-180493;49056;25583;1
102682;-194279;47377;24721;8
114139;-191896;48093;24870;8
101009;-191969;47273;24865;2
100822;-190559;47261;24954;8
101233;-193910;47287;24744;2
117333;-194023;48293;24737;4
101445;-190101;47300;24982;1
127012;-195417;48898;24650;4
124603;-176467;48747;25834;8
129728;-194811;49068;24688;1
119505;-193075;48429;24796;8
99202;-165554;47160;26516;1
101332;-194466;47293;24709;1
126469;-175491;48864;25895;8
120433;-195046;48487;24673;8
128422;-188545;48986;25079;4
108511;-175291;47741;25908;1
125239;-181359;48787;25529;4
119177;-193915;48408;24744;2
104879;-192626;47514;24824;1
117987;-188388;48334;25089;8
102430;-188768;47361;25066;1
103195;-195819;47409;24625;1
113020;-165619;48023;26512;8
99663;-186768;47188;25191;4
102516;-187005;47367;25176;1
98657;-167536;47126;26393;4
123392;-189837;48672;24999;8
99002;-171376;47147;26153;1
129112;-190852;49029;24935;8
113606;-189512;48060;25019;4
127410;-196527;48923;24581;8
129858;-188915;49076;25056;2
104508;-195155;47491;24666;8
129715;-188644;49067;25073;8
130368;-183203;49108;25413;1
119111;-189376;48404;25028;8
98328;-174349;47105;25967;4
129976;-182005;49083;25488;1
104650;-192502;47500;24832;4
98764;-192903;47132;24807;2
129134;-186956;49030;25179;1
128148;-182126;48969;25481;8
107096;-175839;47653;25874;4
118761;-194552;48382;24704;4
103562;-193902;47432;24745;1
102520;-187489;47367;25145;1
129182;-178881;49033;25683;4
125893;-196170;48828;24603;2
98692;-187758;47128;25129;8
129905;-188283;49079;25096;2
102610;-189374;47373;25028;4
130553;-188435;49119;25086;1
119771;-184159;48445;25354;2
124011;-177215;48710;25788;8
100814;-194762;47260;24691;1
99733;-195286;47193;24658;1
104343;-195126;47481;24668;8
124679;-177474;48752;25771;4
103181;-190542;47408;24955;1
114247;-191894;48100;24870;4
103292;-167753;47415;26379;2
100788;-190656;47259;24948;1
100624;-193909;47249;24744;4
103043;-182416;47400;25463;8
119876;-195383;48452;24652;4
128120;-194047;48967;24736;4
112286;-166073;47977;26484;8
99559;-185598;47182;25264;4
100037;-191094;47212;24920;1
112827;-175771;48011;25878;4
103035;-190385;47399;24964;2
129335;-192394;49043;24839;8
129139;-171003;49031;26176;1
127627;-185414;48936;25275;8
98623;-181748;47123;25504;1
118642;-195021;48375;24675;2
98403;-166104;47110;26482;4
103017;-181348;47398;25529;1
99822;-194108;47198;24732;4
101091;-189113;47278;25044;1
103476;-191838;47427;24874;2
103356;-188295;47419;25095;1
104721;-180937;47505;25555;1
99513;-188357;47179;25091;4
131061;-195530;49151;24643;2
128192;-182439;48972;25461;1
101194;-192413;47284;24838;2
130960;-193904;49145;24745;4
128235;-185818;48974;25250;4
130374;-188408;49108;25088;2
107493;-174085;47678;25983;2
102449;-188498;47363;25082;1
104055;-192771;47463;24815;8
119757;-184266;48444;25347;2
130359;-189142;49107;25042;4
121961;-193657;48582;24760;8
103436;-192012;47424;24863;1
99433;-169155;47174;26291;2
128268;-194402;48976;24713;1
116694;-196581;48253;24577;2
122521;-194623;48617;24700;8
118756;-194658;48382;24697;8
121440;-188903;48550;25057;4
113104;-174867;48029;25934;2
98558;-172565;47119;26078;1
98830;-172321;47136;26093;8
101044;-193736;47275;24755;8
131035;-180391;49149;25589;1
105335;-179093;47543;25670;1
129653;-196478;49063;24584;4
120097;-196231;48466;24599;4
119216;-184351;48411;25342;8
102430;-188410;47361;25088;4
126290;-180072;48853;25609;2
119273;-171568;48414;26141;4
110905;-173620;47891;26012;4
117907;-173698;48329;26007;4
103505;-196280;47429;24596;8
98832;-187477;47137;25146;2
100088;-165119;47215;26544;8
98819;-182718;47136;25444;2
129259;-189796;49038;25001;1
117704;-194360;48316;24716;4
129628;-180290;49061;25595;4
128064;-190820;48964;24937;1
118603;-194775;48372;24690;2
127650;-181265;48938;25534;4
102074;-187755;47339;25129;2
104310;-190218;47479;24975;4
130610;-193746;49123;24754;8
123134;-190542;48655;24955;2
116010;-172116;48210;26106;2
103080;-191807;47402;24876;2
122256;-195589;48601;24639;1
128309;-193678;48979;24759;8
122344;-193769;48606;24753;8
117316;-195136;48292;24668;1
125990;-176691;48834;25820;8
100327;-187804;47230;25126;2
98559;-170439;47119;26211;2
107598;-175029;47684;25924;2
101052;-189342;47275;25030;2
103979;-188408;47458;25088;4
109194;-173025;47784;26049;8
114943;-173711;48143;26007;1
119192;-192007;48409;24863;4
108817;-174316;47761;25969;1
130773;-181210;49133;25538;1
129505;-177429;49054;25774;2
121391;-187367;48546;25153;1
102799;-192872;47384;24809;8
100385;-192473;47234;24834;2
119477;-188700;48427;25070;1
130666;-190181;49126;24977;2
101493;-190248;47303;24973;1
103150;-191290;47406;24908;1
98742;-192386;47131;24839;4
130426;-187524;49111;25143;1
123676;-194760;48689;24691;1
115102;-177126;48153;25793;4
114811;-192702;48135;24820;1
102869;-195812;47389;24625;8
124551;-195695;48744;24633;8
129790;-188926;49071;25056;4
100752;-196480;47257;24584;4
125033;-192822;48774;24812;1
99021;-166148;47148;26479;1
115982;-174698;48208;25945;1
98939;-188672;47143;25072;4
101912;-192895;47329;24808;4
116897;-175811;48266;25875;4
122488;-191828;48615;24874;8
130206;-178283;49097;25721;4
100861;-165565;47263;26516;8
119535;-166646;48430;26448;8
118235;-194444;48349;24711;1
98361;-195620;47107;24637;8
98473;-189230;47114;25037;4
109217;-172996;47786;26051;2
103054;-188259;47400;25097;2
126368;-195932;48858;24618;4
129193;-179558;49034;25641;2
130743;-195634;49131;24636;2
101218;-186847;47286;25186;8
99852;-187342;47200;25155;4
125541;-180547;48806;25579;4
126074;-193962;48839;24741;4
112757;-174244;48007;25973;4
126413;-193894;48860;24745;2
127934;-196329;48955;24593;8
101663;-194372;47313;24715;2
98733;-184502;47130;25332;8
103164;-185478;47407;25271;1
100147;-192214;47219;24850;2
99245;-189767;47162;25003;4
123140;-191220;48656;24912;2
102632;-188563;47374;25078;8
100352;-189935;47232;24993;1
129760;-187429;49070;25149;8
129360;-188987;49045;25052;8
121062;-194866;48526;24684;1
116017;-173216;48211;26038;1
129115;-181911;49029;25494;1
99444;-191126;47175;24918;4
99506;-185704;47179;25257;1
119565;-188510;48432;25082;4
116486;-194991;48240;24677;8
128338;-187800;48981;25126;2
128189;-191840;48971;24874;2
114746;-173588;48131;26014;2
99138;-187772;47156;25128;2
98347;-178878;47106;25684;4
103022;-185707;47398;25257;4
103461;-187138;47426;25167;1
129697;-189976;49066;24990;2
123446;-190205;48675;24976;2
122974;-194178;48645;24727;4
130826;-192169;49136;24853;8
100105;-192519;47216;24831;4
128538;-182130;48993;25480;4
120198;-192620;48472;24825;8
123630;-192112;48686;24857;8
103209;-186522;47410;25206;1
121338;-190723;48543;24943;8
98643;-169761;47125;26253;2
98395;-180971;47109;25553;2
98348;-170563;47106;26203;8
100302;-193673;47228;24759;4
119544;-165882;48431;26496;2
105143;-192986;47531;24802;1
128603;-194940;48997;24680;8
130532;-190766;49118;24941;1
126289;-175459;48853;25897;1
102780;-181127;47383;25543;1
130475;-180140;49114;25605;1
128042;-185188;48962;25289;8
114867;-177811;48139;25750;1
127964;-194069;48957;24734;4
103270;-182327;47414;25468;2
107573;-176053;47683;25860;8
102461;-195105;47363;24669;1
129528;-193587;49055;24764;8
112859;-174172;48013;25978;1
129809;-188015;49073;25113;8
118717;-195915;48379;24619;2
99137;-190726;47156;24943;1
102471;-189944;47364;24992;8
101973;-191882;47333;24871;1
100248;-191809;47225;24875;2
100787;-193663;47259;24760;2
114086;-196148;48090;24604;2
114368;-173782;48108;26002;2
101178;-189470;47283;25022;4
121368;-192018;48545;24862;8
129123;-188938;49030;25055;8
103068;-189683;47401;25008;8
126171;-176801;48845;25813;8
122383;-187575;48608;25140;8
99523;-190693;47180;24945;4
128145;-187170;48969;25165;8
124090;-192139;48715;24855;8
107192;-174834;47659;25936;4
104394;-189008;47484;25051;2
130112;-188731;49092;25068;8
129354;-182206;49044;25476;8
103213;-192703;47410;24820;2
128365;-190946;48982;24929;1
125745;-194724;48819;24693;4
117838;-175973;48324;25865;8
98416;-192279;47111;24846;2
122529;-191724;48618;24881;4
117912;-193737;48329;24755;8
117698;-173815;48316;26000;1
121361;-193141;48545;24792;4
130683;-190833;49127;24936;1
102630;-186673;47374;25196;1
99832;-186125;47199;25231;2
98525;-192430;47117;24837;4
101157;-188156;47282;25104;8
126513;-179808;48867;25626;2
103209;-189806;47410;25001;8
116717;-184502;48254;25332;2
98927;-171181;47142;26165;8
117976;-172805;48333;26063;1
114930;-177884;48143;25746;4
125278;-177168;48789;25791;4
108043;-195050;47712;24673;2
99880;-192201;47202;24851;2
130627;-186763;49124;25191;8
119698;-167596;48441;26389;1
106308;-179608;47604;25638;2
103285;-185406;47415;25276;4
120671;-189446;48501;25023;2
130977;-182646;49146;25448;8
120916;-185766;48517;25253;8
101212;-186294;47285;25220;8
98565;-186165;47120;25228;8
129708;-180525;49066;25581;8
125804;-176273;48822;25846;1
103481;-196464;47427;24585;2
99192;-172219;47159;26100;8
118624;-194121;48374;24731;1
130625;-188209;49124;25100;4
102029;-191755;47336;24879;1
122072;-193875;48589;24746;8
108773;-175414;47758;25900;2
131001;-184084;49147;25358;8
99089;-185803;47153;25251;2
131011;-192898;49148;24807;4
103236;-186135;47412;25230;8
128666;-190064;49001;24985;1
128525;-195808;48992;24626;2
122332;-195676;48605;24634;4
130285;-188592;49102;25077;2
98570;-181645;47120;25511;4
130570;-195318;49120;24656;1
102162;-190062;47345;24985;1
124392;-177464;48734;25772;1
98901;-193965;47141;24741;8
122711;-196463;48629;24585;2
119354;-195990;48419;24614;4
99097;-193643;47153;24761;1
125487;-180177;48802;25602;8
104262;-189806;47476;25001;4
127237;-186517;48912;25206;1
98480;-181915;47115;25494;4
98710;-186023;47129;25237;4
103366;-193684;47420;24758;2
113431;-174792;48049;25939;4
102999;-195813;47397;24625;8
107968;-173402;47708;26026;4
125840;-196517;48825;24581;2
102823;-191349;47386;24904;1
101461;-194876;47301;24684;2
101871;-193498;47326;24770;1
101795;-186891;47322;25183;8
125352;-177631;48794;25762;2
102100;-193768;47341;24753;1
101911;-195384;47329;24652;2
105507;-179434;47554;25649;8
102785;-192729;47384;24818;4
123424;-170153;48674;26229;1
102388;-192464;47359;24835;2
104169;-187860;47470;25122;1
98480;-175021;47115;25925;8
108415;-195787;47735;24627;8
120237;-191131;48474;24918;8
103028;-188624;47399;25075;8
102557;-192576;47369;24828;4
100499;-188290;47241;25095;4
120000;-186571;48460;25203;4
98436;-176175;47112;25853;4
99236;-188799;47162;25064;1
98834;-184812;47137;25313;8
115414;-169015;48173;26300;1
119179;-191246;48408;24911;4
128855;-193872;49013;24747;1
99442;-184904;47175;25307;8
117904;-172255;48329;26098;4
120939;-196220;48518;24600;1
98548;-173586;47119;26014;2
121676;-189171;48564;25040;2
101218;-189438;47286;25024;8
98959;-169171;47144;26290;1
113454;-189528;48050;25018;1
100231;-192787;47224;24814;2
119600;-185049;48435;25298;2
119259;-186564;48413;25203;2
102061;-189572;47338;25015;2
107611;-165084;47685;26546;8
107293;-175657;47665;25885;1
102428;-188738;47361;25067;8
126914;-192918;48892;24806;4
122312;-195724;48604;24631;8
123279;-190271;48664;24972;4
121446;-191289;48550;24908;1
103149;-186718;47406;25194;1
115362;-173847;48170;25998;4
120508;-194377;48491;24715;8
100477;-192183;47239;24852;4
129702;-194480;49066;24709;1
99300;-170816;47166;26188;2
106246;-180375;47600;25590;8
114473;-167802;48114;26376;4
102594;-182010;47372;25488;1
103949;-189821;47456;25000;2
103708;-187688;47441;25133;8
117235;-194393;48287;24714;2
129834;-189729;49074;25005;4
130218;-194612;49098;24700;4
128946;-189739;49019;25005;8
130591;-190078;49121;24984;2
115831;-174192;48199;25977;8
105607;-179487;47560;25646;4
103907;-190713;47454;24944;4
99706;-195833;47191;24624;8
116179;-174466;48221;25959;2
100376;-186661;47233;25197;8
99082;-167584;47152;26390;4
122340;-195748;48606;24629;4
129798;-192484;49072;24833;8
130067;-189826;49089;24999;2
103077;-195775;47402;24628;1
106619;-174761;47623;25941;2
102014;-195492;47335;24645;4
103240;-193663;47412;24760;1
128564;-190118;48995;24981;4
99331;-185254;47168;25285;2
98447;-167216;47112;26413;8
119378;-193019;48421;24800;1
130611;-188709;49123;25069;8
99383;-192679;47171;24821;2
98838;-187337;47137;25155;2
101965;-186411;47332;25213;2
123544;-194792;48681;24689;8
104322;-191582;47480;24890;4
128947;-182902;49019;25432;2
98642;-194235;47125;24724;2
116298;-173359;48228;26029;4
128255;-181955;48975;25491;8
127798;-185374;48947;25278;2
99635;-189149;47187;25042;1
129938;-195443;49081;24648;4
100576;-194632;47246;24699;4
103391;-186049;47421;25235;8
98670;-186769;47126;25190;4
103446;-187470;47425;25147;1
98441;-182103;47112;25482;1
120794;-193065;48509;24797;2
100809;-191044;47260;24923;1
116897;-194641;48266;24698;1
99191;-165681;47159;26508;2
100863;-195486;47263;24646;4
102510;-183093;47366;25420;8
115159;-164114;48157;26606;8
115741;-173359;48193;26029;1
102954;-193619;47394;24762;8
128148;-188533;48969;25080;4
125613;-174670;48810;25947;2
102915;-192194;47392;24851;8
129976;-196375;49083;24590;1
120983;-183634;48521;25386;1
100839;-195242;47262;24661;8
101047;-186731;47275;25193;8
129431;-195644;49049;24636;1
128327;-187983;48980;25115;1
98571;-193311;47120;24782;4
116048;-171777;48213;26127;1
98383;-193389;47108;24777;8
100148;-189741;47219;25005;2
123070;-191264;48651;24910;1
126895;-174985;48890;25927;1
130567;-181466;49120;25522;2
103494;-192875;47428;24809;1
119494;-173381;48428;26027;1
105927;-184004;47580;25363;2
98745;-168172;47131;26353;4
99470;-191182;47176;24915;1
116692;-173462;48253;26022;1
116702;-192640;48253;24824;8
128389;-193668;48984;24759;8
119714;-192910;48442;24807;2
125380;-174087;48796;25983;1
99259;-194521;47163;24706;4
99404;-184675;47172;25321;4
124638;-192109;48749;24857;1
113570;-175185;48058;25914;1
129925;-174361;49080;25966;1
126962;-183024;48895;25425;2
103644;-194429;47437;24712;8
98776;-186060;47133;25235;8
114922;-173751;48142;26004;8
115915;-176653;48204;25823;8
113837;-194176;48074;24728;4
98542;-190995;47118;24926;1
120125;-183171;48467;25415;1
116789;-195835;48259;24624;4
127628;-195619;48936;24637;2
98520;-167044;47117;26423;1
101551;-191304;47306;24907;2
122517;-192061;48617;24860;4
113697;-165542;48066;26517;1
103635;-185247;47437;25286;8
101696;-187498;47316;25145;4
123588;-194748;48684;24692;8
119904;-193135;48454;24793;2
120644;-189814;48500;25000;2
98376;-190061;47108;24985;4
130722;-181167;49130;25541;8
128173;-192207;48970;24851;2
99797;-189550;47197;25017;4
104926;-195607;47517;24638;1
129858;-185485;49076;25271;1
128861;-188630;49013;25074;2
127974;-182135;48958;25480;8
127389;-195195;48921;24664;1
114388;-193096;48109;24795;8
123875;-191805;48702;24876;2
130960;-193954;49145;24741;2
116615;-180834;48248;25561;2
98646;-173338;47125;26030;8
123669;-192118;48689;24856;2
125488;-174177;48803;25977;2
109157;-174206;47782;25976;8
130916;-193645;49142;24761;2
99134;-193302;47155;24782;4
127657;-196529;48938;24580;1
99450;-190453;47175;24960;1
116788;-179254;48259;25660;2
129878;-188273;49077;25096;8
130606;-181552;49122;25517;4
102845;-189978;47387;24990;8
98359;-169130;47107;26293;8
99538;-189688;47181;25008;1
100561;-194291;47245;24720;2
127998;-189134;48959;25043;2
125046;-173386;48775;26027;4
118064;-164142;48339;26605;8
98852;-168533;47138;26330;8
129197;-189760;49034;25004;1
116305;-175410;48229;25900;8
101947;-190861;47331;24935;8
130406;-188099;49110;25107;8
98756;-165798;47132;26501;1
125556;-177304;48807;25782;4
125897;-174889;48828;25933;2
128179;-192607;48971;24826;8
130818;-194268;49136;24722;2
120795;-194592;48509;24702;2
124994;-176966;48772;25803;1
120291;-194979;48478;24677;8
104383;-193536;47483;24768;4
98434;-164519;47112;26581;2
130354;-195275;49107;24659;1
103025;-192634;47399;24824;4
100873;-187655;47264;25135;1
128536;-182144;48993;25480;2
98737;-172240;47131;26099;1
100636;-188467;47249;25084;2
103987;-189657;47459;25010;8
100886;-193481;47265;24771;1
103103;-189813;47403;25000;1
120773;-194600;48508;24701;8
127383;-194677;48921;24696;1
115857;-172252;48201;26098;4
130259;-196251;49101;24598;1
112734;-173799;48005;26001;1
126243;-175042;48850;25923;4
105152;-195856;47532;24623;8
129878;-196244;49077;24598;2
119295;-163930;48415;26618;8
102950;-193431;47394;24774;1
115652;-177925;48188;25743;8
101627;-189284;47311;25033;2
129497;-187420;49053;25150;1
126210;-175052;48848;25923;4
118877;-190970;48389;24928;8
104115;-195935;47467;24618;2
119261;-186987;48413;25177;1
115161;-174666;48157;25947;4
102623;-196373;47373;24590;4
107264;-174660;47664;25947;1
130381;-190247;49108;24973;4
103157;-190226;47407;24974;1
129463;-179092;49051;25670;4
99386;-169402;47171;26276;8
128633;-192917;48999;24806;2
104779;-193839;47508;24749;8
116885;-180729;48265;25568;1
102251;-189176;47350;25040;8
106636;-174826;47624;25937;2
118011;-193626;48335;24762;2
98618;-193140;47123;24792;8
116416;-183543;48236;25392;2
102552;-194052;47369;24735;2
125822;-180306;48823;25594;1
101067;-188359;47276;25091;4
128721;-191712;49005;24882;1
103063;-192984;47401;24802;8
117273;-195981;48289;24615;2
116855;-174531;48263;25955;1
100495;-189181;47240;25040;2
130810;-196358;49135;24591;2
102168;-193659;47345;24760;1
98563;-165049;47120;26548;8
119952;-184754;48457;25316;4
103040;-186426;47400;25212;4
130531;-183900;49118;25370;8
101284;-195665;47290;24634;2
107885;-175783;47702;25877;1
118396;-196227;48359;24599;1
107520;-175485;47680;25896;2
118851;-188624;48388;25075;4
113806;-194153;48072;24729;1
99558;-194655;47182;24698;2
98480;-184754;47115;25316;2
123395;-170234;48672;26224;2
98596;-169660;47122;26260;1
116673;-179405;48252;25651;2
115328;-192593;48168;24826;2
99165;-171605;47157;26138;2
127594;-194050;48934;24735;8
129862;-190218;49076;24975;4
127785;-181751;48946;25504;1
119335;-192080;48418;24859;2
128965;-190791;49020;24939;8
98309;-193329;47104;24780;2
114557;-176231;48119;25849;8
100999;-191971;47272;24865;4
114204;-174617;48097;25950;8
126687;-196301;48877;24595;4
102156;-186221;47344;25225;8
99145;-169160;47156;26291;8
130800;-190595;49135;24951;8
101918;-190046;47329;24986;8
108497;-195735;47741;24630;4
103125;-190912;47405;24932;1
100318;-189126;47229;25043;4
106459;-174408;47613;25963;1
104292;-195369;47478;24653;8
114449;-192425;48113;24837;8
123341;-177781;48668;25752;1
115541;-175908;48181;25869;1
117764;-194377;48320;24715;2
102833;-186934;47387;25180;4
99878;-195516;47202;24644;2
125801;-176743;48822;25817;8
108961;-173667;47770;26009;1
98323;-186815;47105;25188;1
98998;-189092;47147;25045;4
103502;-194881;47428;24683;4
104056;-196114;47463;24606;1
99080;-170532;47152;26205;1
124451;-178935;48738;25680;4
121398;-195805;48547;24626;2
120808;-184149;48510;25354;1
104987;-196449;47521;24585;1
99338;-185676;47168;25259;4
125495;-175747;48803;25879;2
98705;-165813;47129;26500;2
99465;-188986;47176;25052;2
130832;-196323;49137;24593;1
100610;-190694;47248;24945;1
115783;-174046;48196;25986;8
101471;-195072;47301;24672;8
129533;-190877;49055;24934;2
102453;-196066;47363;24609;2
120503;-194361;48491;24716;8
128386;-185025;48984;25299;2
102520;-182628;47367;25449;1
101392;-190967;47297;24928;4
100918;-190103;47267;24982;2
119016;-189504;48398;25020;8
100346;-188787;47231;25064;2
129469;-192530;49051;24830;4
128261;-194438;48976;24711;4
102899;-193253;47391;24785;2
127894;-186159;48953;25229;8
118614;-187501;48373;25145;1
104865;-178724;47514;25693;4
107244;-174656;47662;25948;1
99984;-189882;47209;24996;2
130572;-177199;49120;25789;2
102928;-185939;47393;25242;2
129495;-193442;49053;24773;8
99752;-188976;47194;25053;2
100613;-193530;47248;24768;4
120175;-187702;48470;25132;8
117339;-196560;48293;24579;8
130250;-179563;49100;25641;2
117375;-194612;48295;24700;2
129629;-177268;49061;25784;4
103353;-189156;47419;25041;2
104907;-195891;47516;24620;1
100740;-191222;47256;24912;1
98607;-165869;47122;26497;1
129263;-181776;49038;25503;8
129892;-189719;49078;25006;8
98326;-183213;47105;25413;2
121138;-195110;48531;24669;8
102292;-188706;47353;25069;1
128015;-192695;48960;24820;2
104493;-188696;47490;25070;1
121663;-193732;48563;24755;4
117109;-194787;48279;24689;1
130321;-190529;49105;24955;2
119510;-166492;48429;26458;2
103330;-195124;47418;24668;8
102174;-185396;47345;25276;4
126791;-192833;48884;24811;4
98664;-173130;47126;26043;2
119198;-193349;48409;24779;4
117811;-175835;48323;25874;2
113276;-174814;48039;25938;2
120474;-195224;48489;24662;2
128423;-194895;48986;24683;1
116903;-194803;48266;24688;1
104501;-190825;47491;24937;1
103590;-190540;47434;24955;8
99155;-187860;47157;25122;2
124569;-194749;48745;24692;1
126862;-177108;48888;25794;4
128560;-189227;48995;25037;4
125633;-174807;48812;25938;1
100968;-191786;47270;24877;8
107890;-175231;47703;25912;4
118392;-193681;48359;24758;1
102555;-193999;47369;24739;2
102186;-193904;47346;24745;4
124337;-192641;48731;24823;2
123042;-190118;48650;24981;4
129360;-195567;49045;24641;4
103656;-190442;47438;24961;1
120516;-190167;48492;24978;1
103177;-191536;47408;24893;2
99611;-186462;47185;25210;4
122933;-190179;48643;24977;2
116714;-194746;48254;24692;8
102133;-189612;47343;25013;4
107883;-175194;47702;25914;2
125923;-196040;48830;24611;2
115536;-172224;48181;26100;2
128864;-183001;49014;25426;8
101058;-193050;47276;24798;8
130603;-184306;49122;25344;8
127277;-193323;48914;24781;1
98900;-180343;47141;25592;1
130384;-172038;49109;26111;2
115357;-174266;48169;25972;4
129905;-192816;49079;24813;1
129209;-188650;49035;25073;1
101634;-186856;47312;25185;2
100528;-187592;47243;25139;8
103926;-191109;47455;24919;8
119719;-186566;48442;25203;2
101393;-187906;47297;25119;2
122822;-192521;48636;24831;4
129234;-192556;49037;24829;2
129868;-190063;49076;24985;1
98407;-175049;47110;25923;8
114497;-179091;48116;25670;4
98543;-180870;47118;25559;1
98419;-192362;47111;24841;4
104252;-193353;47475;24779;1
102139;-191819;47343;24875;1
99342;-188795;47168;25064;8
118176;-194092;48346;24733;1
99885;-194421;47202;24712;2
118821;-193058;48386;24797;4
131014;-190862;49148;24935;2
124949;-196345;48769;24592;8
119709;-183141;48441;25417;4
127327;-194631;48917;24699;1
98621;-184740;47123;25317;1
120459;-194132;48488;24730;8
130766;-195479;49132;24646;1
120010;-187276;48460;25159;4
109939;-174003;47831;25988;1
130730;-179863;49130;25622;2
127358;-196253;48919;24598;8
101925;-195433;47330;24649;8
125539;-195027;48806;24674;1
126171;-179944;48845;25617;8
100458;-187851;47238;25123;1
102840;-196141;47387;24605;1
104022;-196273;47461;24596;4
129756;-180804;49069;25563;8
124592;-192749;48747;24817;8
109002;-174504;47772;25957;8
98648;-189742;47125;25005;8
127261;-186858;48913;25185;8
102436;-183726;47362;25381;4
129049;-195909;49025;24619;8
113823;-192602;48073;24826;1
98922;-173322;47142;26031;4
127613;-194119;48935;24731;2
122110;-196243;48591;24598;2
115760;-182528;48195;25456;1
116657;-183228;48251;25412;8
101854;-195595;47325;24639;8
130811;-195431;49135;24649;4
130598;-193726;49122;24756;8
121153;-184005;48532;25363;4
130273;-192290;49102;24845;8
99956;-195278;47207;24659;4
130862;-185649;49138;25260;8
101566;-196544;47307;24580;2
122679;-192339;48627;24842;4
119268;-186031;48414;25237;4
120744;-193025;48506;24799;2
127083;-192098;48902;24857;8
129028;-183018;49024;25425;4
115136;-177474;48156;25771;2
123466;-177509;48676;25769;2
101875;-186895;47327;25183;1
98729;-173894;47130;25995;4
106968;-173643;47645;26011;1
99195;-169013;47159;26300;2
129751;-187593;49069;25139;8
98571;-182449;47120;25460;1
104589;-192546;47496;24829;2
99156;-187741;47157;25130;4
127571;-194343;48933;24717;8
100194;-187727;47222;25131;1
119807;-194490;48447;24708;4
100251;-188477;47225;25084;4
119601;-193585;48435;24764;4
100439;-190123;47237;24981;2
127257;-186540;48913;25205;2
98379;-195249;47108;24660;1
116064;-173007;48214;26051;8
130536;-188541;49118;25080;4
115944;-182421;48206;25462;2
98403;-180515;47110;25581;4
117080;-175496;48277;25895;1
124256;-177593;48726;25764;8
99025;-189446;47149;25023;2
127374;-186131;48920;25230;2
129291;-182534;49040;25455;2
127898;-189130;48953;25043;4
104052;-191159;47463;24916;1
125594;-196121;48809;24606;2
115446;-172634;48175;26074;4
98370;-182817;47108;25437;4
129774;-196326;49070;24593;4
114797;-192279;48134;24846;4
126512;-176703;48867;25820;2
102606;-187422;47372;25150;1
100700;-190425;47253;24962;4
98838;-168039;47137;26361;1
130406;-196223;49110;24600;2
99147;-169446;47156;26273;8
129480;-189425;49052;25024;4
98376;-189267;47108;25034;2
116851;-182852;48263;25435;8
98945;-167068;47144;26422;1
109021;-174307;47773;25969;4
99290;-169926;47165;26243;4
119704;-184849;48441;25310;4
129190;-171107;49034;26169;4
106417;-187646;47611;25136;2
118001;-195628;48335;24637;2
117291;-194970;48290;24678;1
112407;-165672;47985;26509;2
130266;-181934;49101;25493;2
124557;-195576;48744;24640;8
128395;-194514;48984;24706;8
114143;-192325;48093;24843;1
128663;-189173;49001;25040;8
128600;-194127;48997;24731;4
98677;-187044;47127;25173;8
122183;-191847;48596;24873;8
98533;-163935;47118;26618;2
128342;-191127;48981;24918;8
130157;-179196;49094;25664;4
125331;-180552;48793;25579;2
115237;-177514;48162;25769;4
115643;-178682;48187;25696;2
115984;-176408;48209;25838;8
130205;-187862;49097;25122;1
103943;-188174;47456;25103;4
130648;-188927;49125;25056;2
104296;-196521;47478;24581;1
115355;-177515;48169;25769;8
101219;-190821;47286;24937;2
105165;-196435;47532;24586;1
101424;-193786;47299;24752;4
119592;-195457;48434;24647;4
120587;-195648;48496;24636;8
98433;-167801;47112;26376;2
125372;-176317;48795;25844;1
129361;-190359;49045;24966;8
120252;-186333;48475;25218;2
126128;-193544;48843;24767;1
101249;-186735;47288;25193;2
128325;-188738;48980;25067;1
128884;-195819;49015;24625;1
98803;-184144;47135;25355;8
105310;-195542;47541;24642;4
127228;-194923;48911;24681;8
130569;-190052;49120;24985;1
130884;-191634;49140;24886;2
129481;-192396;49052;24839;8
100385;-195978;47234;24615;2
120713;-185466;48504;25272;1
115608;-177924;48185;25743;4
127695;-191597;48940;24889;1
122850;-192447;48638;24836;2
128380;-188087;48983;25108;8
124146;-193021;48719;24800;8
128191;-192094;48971;24858;2
101153;-186204;47282;25226;4
127149;-193906;48906;24744;8
128642;-192957;49000;24804;1
99367;-196547;47170;24579;2
129199;-182854;49034;25435;2
130039;-186438;49087;25211;2
113660;-191194;48063;24914;8
103215;-185930;47410;25243;8
119317;-194303;48417;24720;8
117292;-194540;48290;24705;2
109069;-173749;47776;26004;4
129788;-193053;49071;24798;2
119759;-166991;48444;26427;8
125387;-173885;48796;25996;1
128167;-192554;48970;24829;1
114374;-191479;48108;24896;2
99176;-171141;47158;26167;4
126602;-179891;48872;25620;4
127837;-181668;48949;25509;2
127326;-196562;48917;24578;2
101707;-169143;47316;26292;1
131061;-182718;49151;25444;8
102087;-193024;47340;24800;1
123477;-191530;48677;24893;8
99633;-192107;47187;24857;2
106355;-191227;47607;24912;4
101425;-193937;47299;24742;1
98748;-167873;47131;26371;4
130657;-189397;49126;25026;2
116767;-175696;48257;25883;4
111818;-166126;47948;26481;8
117910;-172723;48329;26068;1
113953;-194158;48082;24729;2
130307;-188312;49104;25094;1
130683;-179909;49127;25619;1
102719;-191344;47379;24905;4
121830;-193628;48574;24762;4
99436;-169785;47174;26252;4
130126;-186368;49092;25216;4
99226;-163905;47161;26619;1
109160;-173618;47782;26012;4
98539;-176716;47118;25819;4
108828;-196146;47761;24604;1
104765;-195771;47507;24628;2
103233;-185020;47412;25300;4
127679;-192561;48939;24828;1
124264;-174845;48726;25936;4
127819;-191861;48948;24872;4
102698;-188388;47378;25089;8
128670;-182365;49001;25466;1
103234;-181108;47412;25544;4
99128;-170473;47155;26209;1
99753;-196455;47194;24585;1
130238;-186495;49099;25208;1
102239;-194230;47349;24724;8
126332;-175875;48855;25871;2
103440;-188631;47425;25074;4
120777;-192507;48508;24832;8
100656;-192994;47251;24801;4
119698;-184854;48441;25310;8
98467;-185650;47114;25260;1
103423;-190131;47423;24980;8
122253;-190687;48600;24946;8
129148;-192260;49031;24847;1
100839;-195125;47262;24668;4
124440;-177975;48737;25740;8
107614;-174967;47685;25928;1
108833;-173785;47762;26002;4
122115;-195555;48592;24641;4
128913;-195638;49017;24636;2
100121;-190763;47217;24941;4
120655;-185511;48500;25269;8
118621;-175193;48373;25914;4
102562;-189109;47370;25044;2
129254;-188634;49038;25074;4
99982;-192010;47208;24863;1
113595;-174538;48059;25955;1
98468;-174379;47114;25965;4
104397;-195662;47484;24635;2
100021;-186645;47211;25198;4
98443;-176692;47112;25820;1
129717;-186352;49067;25217;4
118831;-194955;48386;24679;4
109019;-173938;47773;25992;2
103698;-187030;47441;25174;4
103356;-195857;47419;24622;1
116529;-196171;48243;24603;8
98969;-169223;47145;26287;8
106069;-187858;47589;25122;2
124511;-196281;48741;24596;1
103448;-190032;47425;24987;4
98473;-184318;47114;25344;8
115146;-174316;48156;25969;4
129747;-195461;49069;24647;1
115694;-173369;48190;26028;8
104220;-192893;47473;24808;2
104168;-187145;47470;25167;1
115712;-179016;48192;25675;2
118476;-194924;48364;24681;8
128876;-193969;49014;24740;1
124862;-177783;48763;25752;4
119951;-195736;48456;24630;2
124638;-174569;48749;25953;4
101082;-193898;47277;24745;1
116674;-194880;48252;24684;1
127622;-192470;48936;24834;4
100809;-195119;47260;24669;4
100137;-194545;47218;24704;1
127929;-186592;48955;25202;1
112720;-190448;48005;24961;4
118560;-193541;48370;24767;2
119706;-187994;48441;25114;4
106553;-174841;47619;25936;8
106195;-168781;47597;26315;2
104035;-196178;47462;24602;2
130006;-186580;49085;25202;8
101317;-194295;47292;24720;1
101480;-190376;47302;24965;8
117143;-186832;48281;25187;2
127933;-190122;48955;24981;1
130975;-178026;49145;25737;4
119190;-184749;48409;25317;8
103025;-192821;47399;24812;1
104280;-187487;47477;25146;8
108418;-163954;47736;26616;2
103279;-182482;47414;25458;8
109074;-174111;47777;25982;2
99364;-169202;47170;26288;8
100852;-190367;47263;24966;2
112967;-165662;48020;26510;1
116751;-193138;48256;24792;4
125493;-174167;48803;25978;8
126097;-194212;48841;24725;4
98671;-181777;47126;25502;2
103309;-196094;47416;24608;1
125036;-174011;48774;25988;1
103352;-194131;47419;24730;1
120465;-195408;48489;24651;8
129551;-181246;49056;25536;4
104321;-194036;47480;24736;1
120817;-192092;48511;24858;1
129669;-188023;49064;25112;2
129111;-181911;49029;25494;8
119693;-193148;48440;24792;2
127082;-196588;48902;24577;8
125699;-176606;48816;25826;2
119377;-192882;48421;24808;4
129581;-181138;49058;25542;2
116064;-174128;48214;25981;2
128306;-185313;48979;25281;4
125645;-180386;48812;25589;2
115004;-176612;48147;25825;8
128568;-187062;48995;25172;8
127713;-196593;48942;24576;4
107708;-173652;47691;26010;1
103483;-190845;47427;24936;1
116907;-176061;48266;25860;8
128835;-196249;49012;24598;2
101580;-189390;47308;25027;2
123115;-194714;48654;24694;4
125973;-194681;48833;24696;1
122491;-190519;48615;24956;2
111066;-192434;47901;24836;4
98388;-171879;47109;26121;1
108475;-163991;47739;26614;1
118827;-193152;48386;24792;4
98868;-166630;47139;26449;1
98832;-193023;47137;24800;1
110054;-174013;47838;25988;2
102024;-187060;47336;25172;8
98464;-169711;47114;26257;8
103007;-188880;47397;25059;8
113641;-175767;48062;25878;8
127321;-195933;48917;24618;4
99501;-193069;47178;24797;1
107460;-181394;47676;25526;4
116734;-194743;48255;24692;8
116364;-173054;48232;26048;1
98649;-172985;47125;26052;2
126127;-193914;48842;24744;2
130712;-186377;49129;25215;1
101082;-195889;47277;24620;8
123785;-178109;48696;25732;4
129367;-179993;49045;25614;1
100254;-191639;47225;24886;4
99177;-166273;47158;26471;1
125286;-194980;48790;24677;1
115530;-173134;48180;26043;4
126829;-176534;48886;25830;4
119879;-184236;48452;25349;8
99377;-165104;47171;26545;8
119605;-195087;48435;24671;8
121282;-187892;48540;25120;2
129957;-179960;49082;25616;2
130063;-190136;49088;24980;2
125274;-196138;48789;24605;4
115459;-178950;48176;25679;1
103844;-187840;47450;25124;4
126474;-196575;48864;24578;8
127519;-179232;48929;25662;1
124633;-175074;48749;25921;1
100248;-190968;47225;24928;1
102783;-188497;47383;25082;8
125094;-173196;48778;26039;8
98727;-172790;47130;26064;2
118099;-196068;48341;24609;4
98998;-184514;47147;25331;4
125305;-175583;48791;25890;8
121261;-192658;48538;24822;8
107625;-175202;47686;25913;4
99664;-195051;47189;24673;8
115951;-192557;48206;24829;4
130469;-182069;49114;25484;2
101142;-190595;47281;24951;2
103370;-194415;47420;24713;4
99999;-187500;47209;25145;2
129591;-188975;49059;25053;2
121322;-192384;48542;24840;4
111473;-171728;47927;26131;8
124987;-195471;48771;24647;4
128613;-187471;48998;25147;2
114824;-174643;48136;25948;8
99079;-184571;47152;25328;8
123062;-192841;48651;24811;1
124570;-177747;48745;25754;2
116573;-194521;48245;24706;8
116533;-195066;48243;24672;2
120979;-181388;48521;25527;4
116958;-174919;48269;25931;1
126031;-174886;48836;25933;1
115693;-175911;48190;25869;4
127705;-181630;48941;25512;2
120960;-193132;48520;24793;8
128306;-190027;48979;24987;1
130979;-191648;49146;24886;1
98560;-165141;47120;26542;8
99097;-180495;47153;25583;4
101058;-189468;47276;25022;1
118179;-195720;48346;24631;4
119171;-192726;48408;24818;1
114541;-190655;48118;24948;2
102518;-183600;47367;25389;1
124860;-196074;48763;24609;1
98789;-169408;47134;26276;2
103243;-185872;47412;25247;4
128247;-194669;48975;24697;2
107415;-181277;47673;25534;1
99267;-190170;47164;24978;4
125703;-176858;48816;25810;4
116890;-196282;48265;24596;1
128531;-195557;48993;24641;4
127959;-182179;48957;25477;8
100807;-190974;47260;24928;4
119722;-188316;48442;25094;1
127804;-191799;48947;24876;8
98562;-192016;47120;24863;2
98306;-174218;47104;25975;1
130347;-180413;49106;25588;2
109796;-179927;47822;25618;8
130349;-174278;49106;25971;4
129412;-189168;49048;25041;1
114371;-194954;48108;24679;1
99118;-188563;47154;25078;4
112867;-190006;48014;24988;8
99299;-187729;47166;25130;1
129533;-190663;49055;24947;1
99220;-166706;47161;26444;2
129638;-177260;49062;25785;1
99699;-185971;47191;25240;1
98519;-193280;47117;24784;1
115546;-175164;48181;25916;8
99618;-192517;47186;24831;4
115687;-177129;48190;25793;8
99067;-195811;47151;24625;1
101585;-193132;47309;24793;4
99124;-189623;47155;25012;2
99816;-187097;47198;25170;1
117374;-194111;48295;24732;4
124237;-196511;48724;24582;4
130510;-183077;49116;25421;1
100254;-188168;47225;25103;8
117039;-195411;48274;24650;8
117494;-192879;48303;24809;1
119416;-184531;48423;25330;8
130807;-191844;49135;24873;8
101378;-186356;47296;25216;1
128167;-186622;48970;25200;4
128885;-195038;49015;24674;1
124204;-177170;48722;25790;2
125306;-176239;48791;25849;8
130028;-185942;49086;25242;4
121323;-187445;48542;25148;8
98951;-185513;47144;25269;2
100656;-186723;47251;25193;2
114812;-174098;48135;25982;4
128817;-177861;49011;25747;4
102357;-189865;47357;24997;8
99910;-191246;47204;24911;1
123720;-177575;48692;25765;1
120060;-185364;48463;25278;4
124959;-192771;48769;24815;4
99165;-170729;47157;26193;4
98670;-193969;47126;24740;2
102784;-196600;47384;24576;4
130731;-184090;49130;25358;2
129677;-190689;49064;24945;1
119516;-186332;48429;25218;1
103030;-185482;47399;25271;8
126098;-176730;48841;25818;4
99678;-186102;47189;25232;1
120239;-194244;48474;24723;8
127400;-188985;48922;25052;2
102247;-194795;47350;24689;1
103139;-191558;47406;24891;1
103514;-191921;47429;24868;4
116338;-173632;48231;26012;2
119648;-184072;48438;25359;1
115279;-192205;48164;24851;8
99004;-185699;47147;25257;1
129976;-186055;49083;25235;8
103460;-192663;47426;24822;4
124690;-174464;48753;25960;4
100750;-193468;47256;24772;2
100134;-188399;47218;25089;2
103626;-193243;47436;24786;4
98631;-179311;47124;25657;8
115918;-173288;48204;26033;4
99188;-191480;47159;24896;4
125068;-173270;48776;26034;4
100819;-194963;47261;24678;8
123987;-192202;48709;24851;8
100396;-194700;47234;24695;1
124107;-178397;48716;25714;4
115082;-164047;48152;26611;4
124573;-194584;48745;24702;8
98691;-185708;47128;25257;8
120954;-195576;48519;24640;2
118469;-189434;48364;25024;8
108748;-196585;47756;24577;4
100479;-194593;47239;24701;2
100493;-195155;47240;24666;8
98688;-192377;47128;24840;8
99760;-195392;47195;24652;1
103122;-191574;47405;24890;1
98720;-184108;47130;25357;4
124055;-177782;48713;25752;2
101134;-190501;47280;24957;8
114386;-191479;48109;24896;4
121399;-192497;48547;24832;4
120513;-194750;48492;24692;2
118128;-172001;48343;26113;1
130550;-196243;49119;24598;1
122482;-194838;48615;24686;2
123037;-194474;48649;24709;8
129105;-193781;49029;24752;8
99257;-165871;47163;26497;4
128782;-193089;49008;24795;1
98448;-179372;47113;25653;8
128086;-192361;48965;24841;1
99202;-190353;47160;24966;2
125254;-177351;48788;25779;1
126733;-178083;48880;25733;2
129869;-192766;49076;24816;8
98728;-171248;47130;26161;1
124825;-192959;48761;24804;8
102241;-196432;47350;24587;1
118704;-196307;48379;24594;2
102558;-182452;47369;25460;1
117402;-194227;48297;24724;8
102467;-190061;47364;24985;2
108695;-172598;47753;26076;2
103329;-196010;47418;24613;2
98345;-175793;47106;25876;2
103765;-194878;47445;24684;4
125809;-176929;48823;25805;1
108618;-173490;47748;26020;1
118955;-182180;48394;25477;8
130991;-190197;49146;24976;1
114163;-191174;48095;24915;8
104305;-187991;47479;25114;4
122727;-194630;48630;24699;2
101058;-195087;47276;24671;1
129413;-179510;49048;25644;1
103673;-167438;47439;26399;1
98622;-191884;47123;24871;1
129756;-188412;49069;25088;1
103851;-192727;47450;24818;1
98586;-168666;47121;26322;4
98636;-180379;47124;25590;8
114220;-174688;48098;25946;4
111427;-171830;47924;26124;1
101379;-191668;47296;24884;1
125411;-196473;48798;24584;2
130344;-195805;49106;24626;2
129437;-179039;49049;25674;2
130801;-194995;49135;24676;8
115517;-173390;48179;26027;8
98955;-183004;47144;25426;1
104340;-194543;47481;24705;2
129031;-188939;49024;25055;1
121048;-195011;48525;24675;4
99774;-192666;47195;24822;1
125933;-175025;48830;25924;1
102963;-195757;47395;24629;1
121461;-193376;48551;24778;4
119672;-187783;48439;25127;1
99852;-170500;47200;26207;2
129683;-192333;49065;24843;8
130678;-193422;49127;24775;1
129783;-180660;49071;25572;8
117493;-196582;48303;24577;8
101727;-193784;47317;24752;2
129324;-184763;49042;25316;8
118290;-194791;48353;24689;4
121579;-189859;48558;24997;2
101750;-188008;47319;25113;4
114283;-191882;48102;24871;1
101533;-191075;47305;24921;2
130584;-186722;49121;25193;4
101561;-194007;47307;24738;2
100296;-183504;47228;25395;1
130898;-189773;49141;25003;2
98314;-167413;47104;26400;8
103052;-184915;47400;25306;4
100495;-195348;47240;24654;2
100070;-193604;47214;24763;4
130655;-188659;49125;25072;4
128276;-195991;48977;24614;2
99389;-186710;47171;25194;1
98533;-175464;47118;25897;2
98685;-187661;47127;25135;4
115705;-172882;48191;26058;4
102783;-189694;47383;25008;2
103685;-189234;47440;25036;2
130220;-188557;49098;25079;2
99543;-185265;47181;25284;4
104593;-195053;47497;24673;8
99560;-184889;47182;25308;8
113953;-191428;48082;24899;4
122061;-181185;48588;25539;4
115948;-172346;48206;26092;1
101407;-186135;47297;25230;1
129400;-196024;49047;24612;4
108491;-172423;47740;26087;8
101229;-192326;47286;24843;4
115174;-178626;48158;25699;4
122340;-195590;48606;24639;1
117591;-195066;48309;24672;2
102663;-193401;47376;24776;8
103570;-190677;47433;24946;4
103776;-187971;47446;25115;2
103317;-185177;47417;25290;1
103389;-192787;47421;24814;4
115048;-174746;48150;25942;8
117703;-196573;48316;24578;2
120107;-193011;48466;24800;1
116436;-192532;48237;24830;8
128870;-189869;49014;24997;8
116328;-174864;48230;25935;8
121691;-181102;48565;25545;8
98438;-170109;47112;26232;8
130746;-186886;49131;25183;4
103478;-188601;47427;25076;1
122088;-195903;48590;24620;1
103641;-195272;47437;24659;8
112916;-190491;48017;24958;2
101751;-192402;47319;24838;1
124068;-176833;48714;25811;2
105603;-179544;47560;25642;8
128855;-193449;49013;24773;2
99675;-192907;47189;24807;2
127905;-191011;48954;24925;2
123227;-190154;48661;24979;8
131058;-191015;49151;24925;1
100189;-188227;47221;25099;1
124376;-192511;48733;24832;1
98907;-189902;47141;24995;2
123600;-190113;48685;24981;2
103238;-184888;47412;25308;4
117039;-196170;48274;24603;1
127486;-195911;48927;24619;1
120785;-185427;48509;25274;8
128206;-185681;48972;25258;1
117653;-195107;48313;24669;8
102241;-187740;47350;25130;1
118080;-195002;48340;24676;2
98783;-193487;47133;24771;1
108837;-173057;47762;26047;8
98346;-173875;47106;25996;1
116582;-192855;48246;24810;1
101376;-195566;47296;24641;4
116176;-174063;48221;25985;2
117784;-195719;48321;24631;2
102760;-193416;47382;24775;8
124568;-179151;48745;25667;8
103956;-194825;47457;24687;1
98513;-172744;47117;26067;4
99634;-194237;47187;24724;1
129500;-190592;49053;24952;1
121018;-192978;48523;24802;8
114268;-191494;48101;24895;8
114425;-195720;48111;24631;4
131009;-183045;49148;25423;2
118599;-194168;48372;24728;8
101742;-194631;47318;24699;4
115716;-175789;48192;25877;8
129084;-181113;49027;25544;8
100857;-192991;47263;24802;1
119577;-187135;48433;25168;8
118988;-192064;48396;24860;2
108359;-175268;47732;25909;8
126859;-165224;48888;26537;8
98401;-169355;47110;26279;1
119354;-195845;48419;24623;1
120135;-184236;48468;25349;1
118295;-195926;48353;24618;1
115939;-182885;48206;25433;8
125860;-174966;48826;25928;2
103988;-194049;47459;24735;4
102141;-187272;47343;25159;4
121837;-194391;48574;24714;8
119750;-195295;48444;24658;8
114422;-175320;48111;25906;4
130054;-189869;49088;24997;8
128465;-190527;48989;24956;4
102007;-185249;47335;25285;4
130782;-195887;49133;24621;2
118862;-190243;48388;24973;4
115485;-178028;48177;25737;4
107721;-173527;47692;26018;4
100212;-193406;47223;24776;8
124292;-176520;48728;25831;1
103175;-191481;47408;24896;8
120806;-194203;48510;24726;8
99382;-188257;47171;25097;2
118182;-169216;48346;26288;1
115345;-164731;48169;26568;8
130558;-194178;49119;24727;8
118307;-193444;48354;24773;4
98761;-185678;47132;25259;2
107844;-175786;47700;25877;4
108420;-175257;47736;25910;1
98864;-165242;47139;26536;1
102813;-196399;47385;24589;4
128085;-188182;48965;25102;4
103433;-195882;47424;24621;2
119257;-194674;48413;24696;2
98697;-172802;47128;26063;8
102641;-194864;47375;24685;4
99160;-194938;47157;24680;1
114267;-174547;48101;25954;8
127547;-189432;48931;25024;8
102576;-185474;47371;25271;1
98702;-195840;47128;24624;2
129341;-185310;49043;25282;8
100330;-188450;47230;25085;8
104307;-193338;47479;24780;1
119852;-186069;48450;25234;8
98472;-165574;47114;26515;1
98366;-167209;47107;26413;4
114404;-190642;48110;24948;8
123395;-196438;48672;24586;4
116275;-173216;48227;26038;4
102192;-193535;47347;24768;1
114118;-195841;48092;24623;4
108978;-173728;47771;26006;8
122721;-196541;48630;24580;1
129366;-183126;49045;25418;8
103599;-194756;47434;24691;8
119572;-186082;48433;25233;8
116962;-176448;48270;25836;1
127752;-194082;48944;24733;8
112686;-174218;48002;25975;4
126459;-175337;48863;25905;8
102859;-193093;47388;24795;4
124476;-195921;48739;24618;2
119515;-163908;48429;26619;8
98654;-182421;47125;25462;4
103036;-192453;47399;24835;4
129905;-189037;49079;25049;2
106398;-181067;47609;25547;1
121810;-193396;48573;24776;2
98566;-181073;47120;25546;1
128052;-181966;48963;25491;1
103074;-190304;47402;24970;4
102415;-186069;47360;25234;1
116490;-176291;48240;25845;4
102246;-193789;47350;24752;8
122886;-192239;48640;24849;1
114211;-191655;48098;24885;4
104419;-195781;47486;24627;8
101901;-190858;47328;24935;8
103230;-186481;47411;25208;4
121459;-195254;48551;24660;8
118955;-163884;48394;26621;2
98535;-164824;47118;26562;8
98825;-180189;47136;25602;4
120288;-194068;48478;24734;2
103019;-192907;47398;24807;4
102961;-189920;47395;24994;8
103569;-195179;47433;24665;4
98513;-184482;47117;25333;1
121458;-196495;48551;24583;1
104922;-194922;47517;24681;2
130072;-182615;49089;25450;2
118610;-196081;48373;24608;1
98847;-166968;47137;26428;1
128292;-191017;48978;24925;2
119743;-186632;48443;25199;4
119530;-184782;48430;25315;4
98634;-193624;47124;24762;4
126562;-176998;48870;25801;4
123510;-191963;48679;24866;1
118218;-193921;48348;24743;8
129704;-179629;49066;25637;4
115506;-174399;48179;25964;4
120251;-195367;48475;24653;4
124439;-178049;48737;25735;2
114214;-193197;48098;24789;4
129169;-191883;49033;24871;2
119110;-192627;48404;24824;1
127582;-192560;48933;24829;8
98569;-170610;47120;26200;8
101468;-189906;47301;24994;1
127141;-175270;48906;25909;2
99519;-184620;47179;25325;8
114843;-173310;48137;26032;8
103470;-188627;47426;25074;1
101624;-192716;47311;24819;2
99148;-192901;47156;24807;8
104315;-190525;47479;24956;4
114557;-196265;48119;24597;1
114723;-174323;48130;25968;2
129658;-179124;49063;25668;1
100352;-194551;47232;24704;1
119467;-185385;48426;25277;2
104604;-172762;47497;26066;1
121241;-192924;48537;24806;4
128225;-193578;48974;24765;8
98425;-195161;47111;24666;4
128810;-193577;49010;24765;4
125735;-196449;48818;24585;4
129838;-186176;49074;25228;4
102358;-195531;47357;24643;2
104541;-196600;47493;24576;2
98406;-174198;47110;25976;8
118277;-194080;48352;24734;4
109087;-173884;47777;25996;2
102117;-188215;47342;25100;1
102442;-191544;47362;24892;1
101551;-188029;47306;25112;1
115443;-173973;48175;25990;2
123651;-195890;48688;24620;1
104066;-192119;47464;24856;4
131036;-195189;49149;24664;1
130939;-188594;49143;25076;8
124216;-176787;48723;25814;2
125486;-194689;48802;24695;4
98405;-195534;47110;24643;2
117003;-175779;48272;25877;4
103925;-189105;47455;25044;4
100095;-193754;47215;24754;2
129035;-181020;49024;25550;1
102133;-195037;47343;24674;8
127060;-179649;48901;25635;4
130636;-189092;49124;25045;1
104003;-191311;47460;24907;1
101771;-189268;47320;25034;2
102222;-194401;47348;24713;8
98547;-183137;47119;25417;4
127859;-192480;48951;24834;4
127874;-195049;48952;24673;1
103395;-192254;47422;24848;2
130149;-173254;49094;26035;8
125132;-173843;48780;25998;1
114533;-191194;48118;24914;4
123954;-196027;48707;24612;2
100778;-191287;47258;24908;1
121705;-195127;48566;24668;8
126602;-196454;48872;24585;2
103871;-192666;47451;24822;8
109096;-172806;47778;26063;4
130569;-192767;49120;24816;8
99991;-194593;47209;24701;4
99170;-164994;47158;26551;4
121715;-195412;48567;24650;8
103795;-191481;47447;24896;4
130793;-181389;49134;25527;8
115163;-178134;48157;25730;2
117457;-176533;48301;25830;4
128058;-185645;48963;25261;1
104607;-194129;47497;24730;8
99029;-181883;47149;25496;2
119109;-192761;48404;24816;2
99215;-191996;47160;24864;1
121820;-194304;48573;24720;2
99310;-185076;47166;25296;4
98897;-192117;47141;24856;8
102941;-192234;47393;24849;1
99601;-193765;47185;24753;4
102515;-191056;47367;24923;1
100039;-189194;47212;25039;8
120715;-181422;48504;25525;1
130183;-179021;49096;25675;8
116956;-175856;48269;25873;4
117254;-195864;48288;24622;4
102264;-187599;47351;25139;2
127226;-193875;48911;24746;1
98573;-171412;47120;26150;8
125612;-180805;48810;25563;1
129029;-182719;49024;25444;8
99544;-190484;47181;24958;8
119825;-192476;48449;24834;4
119235;-187115;48412;25169;4
130625;-188228;49124;25099;4
128399;-195807;48984;24626;1
129891;-185240;49078;25286;1
104896;-195474;47516;24646;2
101383;-186121;47296;25231;8
115612;-173619;48185;26012;1
99396;-194024;47172;24737;8
98694;-164798;47128;26564;1
103362;-188412;47420;25088;2
98598;-184548;47122;25329;1
128645;-194139;49000;24730;1
98307;-173559;47104;26016;8
103571;-192637;47433;24824;1
101671;-192199;47314;24851;2
102793;-189146;47384;25042;8
104769;-193297;47508;24782;4
129571;-183311;49058;25407;8
116213;-176186;48223;25852;8
119953;-167631;48457;26387;1
126533;-175687;48868;25883;4
127882;-194849;48952;24685;1
98362;-182057;47107;25485;2
124386;-178104;48734;25732;8
104228;-196344;47474;24592;8
107912;-173206;47704;26038;8
113300;-191845;48041;24873;2
128900;-182859;49016;25435;8
125551;-174719;48806;25944;1
102638;-194779;47374;24690;2
98925;-189511;47142;25019;4
127064;-196455;48901;24585;8
119472;-188790;48427;25064;4
115648;-177965;48188;25741;2
104632;-194968;47499;24678;4
127188;-196547;48909;24579;1
130102;-179767;49091;25628;4
98697;-167313;47128;26406;4
107197;-173529;47659;26018;2
129665;-192608;49064;24826;4
114248;-192381;48100;24840;2
119950;-188347;48456;25092;4
98843;-165844;47137;26498;4
104308;-186593;47479;25201;2
115799;-173113;48197;26044;1
119611;-191115;48435;24919;8
98320;-166161;47105;26478;8
126602;-182963;48872;25428;1
120797;-195472;48509;24647;4
102659;-191582;47376;24890;4
99073;-189975;47152;24990;8
102476;-195955;47364;24616;8
125711;-196151;48816;24604;1
129635;-195826;49062;24624;1
126318;-175849;48854;25873;4
99329;-192980;47168;24802;2
130892;-193569;49140;24765;4
127919;-181939;48954;25492;4
98557;-166911;47119;26432;8
103246;-193845;47412;24748;2
103567;-191541;47432;24892;4
115538;-163985;48181;26614;8
130124;-180740;49092;25567;8
126805;-178219;48885;25725;4
99838;-193293;47199;24783;1
130644;-191326;49125;24906;1
103338;-196198;47418;24601;2
118395;-187414;48359;25150;8
127106;-186956;48904;25179;8
99751;-190446;47194;24961;2
113404;-174993;48047;25926;2
128976;-182635;49021;25449;2
130735;-192832;49130;24812;8
131054;-189178;49150;25040;8
127886;-182045;48952;25486;8
98714;-181730;47129;25505;4
101826;-189297;47324;25032;4
102703;-185843;47378;25248;4
115496;-178177;48178;25727;8
102951;-194446;47394;24711;1
100845;-192492;47262;24833;2
120005;-190303;48460;24970;1
104179;-193391;47471;24777;8
129638;-187944;49062;25117;4
129815;-194280;49073;24721;8
127527;-193181;48930;24790;4
99375;-184808;47170;25313;2
125780;-180313;48821;25594;8
128645;-196234;49000;24599;2
130168;-190637;49095;24949;1
115091;-176933;48153;25805;8
98532;-196379;47118;24590;1
125647;-180504;48812;25582;4
100124;-189498;47217;25020;4
101679;-192313;47314;24844;8
122425;-191958;48611;24866;2
130161;-180420;49095;25587;1
131017;-195839;49148;24624;8
115301;-174811;48166;25938;1
110123;-174180;47842;25977;8
112677;-174317;48002;25969;1
100574;-191104;47245;24920;8
98530;-193706;47118;24757;4
104877;-193279;47514;24784;8
129161;-191504;49032;24895;1
127579;-184629;48933;25324;1
123975;-192755;48708;24816;1
127090;-176340;48903;25842;8
99339;-187702;47168;25132;1
100211;-196550;47223;24579;8
121303;-193232;48541;24787;1
128724;-187524;49005;25143;8
114383;-195800;48108;24626;1
102416;-189558;47361;25016;1
116865;-195639;48264;24636;4
116587;-194713;48246;24694;8
127359;-180017;48919;25612;1
130682;-188475;49127;25084;4
128214;-186395;48973;25214;2
129995;-180633;49084;25574;1
115025;-176531;48149;25830;1
104772;-195243;47508;24661;1
98343;-170011;47106;26238;1
99566;-186225;47182;25224;1
100860;-190958;47263;24929;4
124362;-192853;48732;24810;4
120904;-194603;48516;24701;8
98847;-196505;47137;24582;2
101694;-187264;47315;25160;2
130313;-181296;49104;25533;2
124939;-177098;48768;25795;8
126354;-175375;48857;25903;4
124608;-192612;48748;24825;2
102688;-190082;47378;24983;1
98625;-185257;47124;25285;1
99944;-186711;47206;25194;2
122024;-194684;48586;24696;8
126436;-175540;48862;25892;1
122880;-194405;48640;24713;8
127300;-164324;48916;26593;2
116366;-182321;48232;25468;2
100916;-192767;47267;24816;8
98513;-173068;47117;26047;8
120174;-186057;48470;25235;1
112792;-166026;48009;26487;2
129359;-182437;49044;25461;4
116542;-183252;48243;25410;8
129696;-193743;49066;24755;8
101630;-190769;47311;24940;4
129210;-193557;49035;24766;8
113348;-190332;48044;24968;2
104543;-188528;47493;25081;8
127883;-185067;48952;25297;2
99797;-164164;47197;26603;2
124224;-192587;48724;24827;1
124691;-192614;48753;24825;1
99942;-195816;47206;24625;1
129081;-182293;49027;25470;4
130252;-179372;49100;25653;4
130264;-186373;49101;25215;4
119134;-189924;48405;24993;1
130565;-183193;49120;25414;4
127135;-196144;48905;24605;4
117885;-193941;48327;24742;1
127498;-193438;48928;24774;4
123073;-195167;48652;24666;8
121757;-195654;48569;24635;2
119908;-195606;48454;24638;4
127985;-187019;48959;25175;1
130583;-194764;49121;24691;4
101225;-192303;47286;24845;4
102592;-190664;47372;24947;1
115378;-173183;48171;26040;8
116726;-184494;48255;25333;2
118134;-194059;48343;24735;1
127214;-186339;48910;25217;2
120797;-192415;48509;24838;8
120690;-185069;48503;25297;1
102427;-186471;47361;25209;4
100793;-187384;47259;25152;2
115727;-175054;48192;25923;4
128791;-188946;49009;25054;2
99527;-185112;47180;25294;1
128328;-191058;48980;24922;2
125046;-195052;48775;24673;2
101171;-193837;47283;24749;8
103934;-192627;47455;24824;1
103962;-190981;47457;24927;8
109263;-188252;47788;25098;1
128124;-187670;48967;25134;4
127567;-176303;48932;25845;2
122958;-193468;48644;24772;1
98496;-180974;47116;25553;8
98650;-167248;47125;26411;4
122925;-194792;48642;24689;4
100465;-193977;47239;24740;1
114275;-173507;48102;26019;4
119117;-194469;48404;24709;1
103958;-196408;47457;24588;1
103207;-185628;47410;25262;8
127816;-186877;48948;25184;8
130902;-184314;49141;25344;8
102431;-187542;47361;25142;2
103920;-187412;47455;25150;4
105341;-196321;47543;24593;2
102926;-195411;47392;24650;1
120427;-196294;48486;24595;1
121608;-190050;48560;24985;4
126168;-176972;48845;25803;1
111130;-177018;47905;25800;4
102992;-190443;47397;24961;4
120815;-195254;48510;24660;4
130892;-186858;49140;25185;4
101819;-192202;47323;24851;2
118152;-195128;48344;24668;2
106247;-173256;47600;26035;8
98872;-184529;47139;25330;2
116165;-173761;48220;26003;1
102719;-192377;47379;24840;1
125703;-174008;48816;25988;8
124236;-177241;48724;25786;4
121031;-190938;48524;24930;1
118194;-194205;48347;24726;8
120643;-193080;48500;24796;1
125412;-173897;48798;25995;8
115812;-175704;48198;25882;2
130596;-183175;49122;25415;4
128255;-188899;48975;25057;4
129468;-191094;49051;24920;4
117017;-175760;48273;25879;8
130045;-182153;49087;25479;8
101500;-165097;47303;26545;8
100180;-188183;47221;25102;4
102381;-185802;47358;25251;4
116556;-183657;48244;25385;4
102237;-188476;47349;25084;8
114487;-196305;48115;24594;8
103976;-192195;47458;24851;1
115496;-174461;48178;25960;8
123872;-176766;48702;25816;8
100233;-190817;47224;24937;8
104881;-195185;47515;24664;1
129770;-194292;49070;24720;2
103248;-191115;47413;24919;2
128379;-191999;48983;24864;8
127164;-176084;48907;25858;1
119044;-196368;48400;24591;8
104215;-192785;47473;24814;4
102125;-195238;47342;24661;1
98515;-183704;47117;25382;1
99311;-170486;47166;26208;2
116551;-174607;48244;25951;8
100027;-189259;47211;25035;8
98643;-188809;47125;25063;4
99228;-194000;47161;24739;8
128339;-192647;48981;24823;8
126707;-193900;48879;24745;8
130022;-195609;49086;24638;1
129829;-194227;49074;24724;2
100301;-194219;47228;24725;4
98977;-183340;47146;25405;8
129174;-195269;49033;24659;8
99627;-186449;47186;25210;1
126995;-186349;48897;25217;8
127152;-194162;48907;24728;4
128082;-186111;48965;25232;2
101618;-187943;47311;25117;1
130561;-190608;49120;24951;8
120480;-163960;48490;26616;4
128791;-189148;49009;25042;8
129984;-179094;49084;25670;8
124769;-176735;48758;25818;8
114682;-175008;48127;25926;8
101577;-188659;47308;25072;4
114342;-195569;48106;24640;2
101353;-188444;47294;25086;2
100714;-187447;47254;25148;8
129723;-185540;49067;25267;2
98323;-169180;47105;26290;4
102463;-183167;47363;25416;8
129068;-190348;49026;24967;4
118096;-182302;48341;25470;8
113571;-191550;48058;24892;4
99157;-187953;47157;25116;2
99106;-186788;47154;25189;4
120188;-195040;48471;24674;1
127355;-191800;48919;24876;2
98988;-181234;47146;25536;1
98579;-190621;47121;24950;1
119682;-184613;48440;25325;8
123272;-189944;48664;24992;4
99152;-191108;47157;24919;2
128734;-196132;49005;24605;1
107195;-172960;47659;26054;2
102233;-188139;47349;25105;2
127673;-193690;48939;24758;2
99364;-187207;47170;25163;4
101166;-187152;47282;25167;2
105002;-195146;47522;24667;2
112920;-189507;48017;25019;4
121017;-194789;48523;24689;4
98431;-192949;47111;24804;1
115723;-174716;48192;25944;1
98993;-169102;47147;26295;4
114955;-173708;48144;26007;1
98939;-164625;47143;26574;2
107859;-175765;47701;25878;4
128932;-182607;49018;25451;8
102419;-194763;47361;24691;1
131009;-191505;49148;24894;1
99207;-171775;47160;26128;8
125927;-176450;48830;25835;8
121239;-187078;48537;25171;1
109512;-173740;47804;26005;1
121772;-191517;48570;24894;1
128576;-182396;48996;25464;2
123112;-190076;48654;24984;1
100014;-191608;47210;24888;8
130913;-191541;49142;24892;4
120815;-192634;48510;24824;1
129392;-183548;49047;25392;2
129967;-190098;49082;24982;1
127667;-188823;48939;25062;1
114394;-190778;48109;24940;1
128302;-193254;48978;24785;1
125011;-193303;48773;24782;4
119825;-195029;48449;24674;1
98910;-172301;47141;26095;8
100859;-188582;47263;25077;4
130481;-182501;49115;25457;1
129921;-168976;49080;26303;8
122367;-195421;48607;24650;4
128216;-192363;48973;24841;8
98321;-173972;47105;25990;2
118949;-189508;48394;25019;2
100631;-192079;47249;24859;2
103421;-189832;47423;24999;8
98494;-183426;47115;25399;4
101565;-193644;47307;24761;4
100123;-186923;47217;25181;4
118256;-189246;48351;25036;8
113788;-190852;48071;24935;4
98545;-173388;47119;26027;1
105316;-195388;47542;24652;1
98334;-195204;47105;24663;2
102693;-181894;47378;25495;2
116853;-174465;48263;25959;4
100895;-189851;47265;24998;2
100202;-192044;47222;24861;8
128351;-194655;48981;24698;4
99558;-190900;47182;24932;4
124686;-177747;48752;25754;1
130251;-182167;49100;25478;2
105856;-180059;47576;25610;8
128061;-194938;48963;24680;8
102484;-193500;47365;24770;8
117901;-189102;48328;25045;4
128179;-194211;48971;24725;4
128953;-183040;49019;25424;1
103239;-192016;47412;24863;1
101676;-187134;47314;25168;4
100777;-196346;47258;24592;1
129797;-193080;49072;24796;8
128654;-190554;49000;24954;1
103975;-191411;47458;24900;1
118938;-192007;48393;24863;4
116710;-179770;48254;25628;4
100542;-182995;47243;25426;8
119134;-195966;48405;24616;1
100275;-194048;47227;24736;8
100368;-182883;47233;25433;2
112190;-173688;47971;26008;4
98390;-177051;47109;25798;1
119889;-184396;48453;25339;8
104583;-188224;47496;25100;4
127281;-195446;48915;24648;4
99154;-196414;47157;24588;1
126342;-175173;48856;25915;1
113555;-191591;48057;24889;8
114222;-175053;48098;25923;4
99151;-187102;47156;25170;1
99777;-193267;47196;24784;4
100519;-194648;47242;24698;1
116978;-195652;48271;24635;2
131057;-182159;49151;25479;1
119620;-195253;48436;24660;4
120246;-194977;48475;24677;4
128614;-192364;48998;24841;2
101890;-186849;47328;25185;4
125476;-176393;48802;25839;1
98556;-169848;47119;26248;8
121556;-193393;48557;24776;4
123062;-193616;48651;24763;1
116698;-196280;48253;24596;1
99973;-193228;47208;24787;2
126715;-179843;48879;25623;1
130146;-193665;49094;24759;2
127258;-193047;48913;24798;8
116273;-174137;48227;25980;2
102317;-189668;47354;25009;4
99284;-190033;47165;24986;1
102865;-194467;47389;24709;4
99439;-191750;47174;24879;2
119739;-166790;48443;26439;8
98386;-175209;47109;25913;2
124947;-174630;48769;25949;4
128424;-190861;48986;24935;2
98414;-170359;47110;26216;4
102748;-194853;47381;24685;2
123846;-196594;48700;24576;1
119291;-186385;48415;25214;2
101273;-189243;47289;25036;2
116256;-182594;48226;25451;4
107839;-173700;47699;26007;2
130560;-194140;49120;24730;1
105019;-195483;47523;24646;1
100133;-187293;47218;25158;2
122678;-196195;48627;24601;4
129523;-195320;49055;24656;8
101999;-190707;47334;24944;1
99694;-190399;47190;24964;1
104501;-192650;47491;24823;1
128146;-192428;48969;24837;4
103417;-195845;47423;24623;4
98410;-183078;47110;25421;2
116774;-181940;48258;25492;4
101501;-189928;47303;24993;1
117008;-195712;48273;24632;4
107099;-173164;47653;26041;8
98587;-193426;47121;24774;1
103734;-189007;47443;25051;2
115774;-176194;48195;25851;2
101318;-193761;47292;24753;2
128618;-193835;48998;24749;4
115177;-174621;48158;25950;1
103163;-196555;47407;24579;2
103083;-192462;47402;24835;4
100158;-189432;47219;25024;8
107985;-195845;47709;24623;2
118789;-185527;48384;25268;1
124118;-178307;48717;25719;1
119712;-167574;48442;26390;4
107882;-195264;47702;24660;8
113635;-175858;48062;25872;4
99385;-190954;47171;24929;8
115909;-175416;48204;25900;2
123470;-191992;48676;24864;2
102495;-187842;47365;25123;2
124798;-181507;48759;25519;2
100054;-170374;47213;26215;1
104044;-192242;47462;24848;8
121999;-196543;48584;24580;4
104041;-190551;47462;24954;1
98449;-183378;47113;25402;2
128217;-181901;48973;25495;2
102515;-190976;47367;24928;2
129177;-195898;49033;24620;8
129600;-187699;49060;25132;8
98514;-185546;47117;25267;4
105995;-179900;47584;25620;2
124625;-173646;48749;26011;1
118551;-195152;48369;24667;1
103557;-192286;47432;24846;1
107524;-172920;47680;26056;2
127945;-191296;48956;24908;4
129360;-196137;49045;24605;8
128559;-188538;48994;25080;2
98427;-191143;47111;24917;1
119510;-184029;48429;25362;8
100401;-188245;47235;25098;1
127153;-193384;48907;24777;2
129328;-183713;49043;25381;1
128169;-185697;48970;25257;1
98674;-179802;47127;25626;2
108067;-174890;47714;25933;2
116462;-183208;48238;25413;2
130258;-189730;49101;25005;8
119597;-188699;48434;25070;8
129663;-184533;49063;25330;4
128180;-191714;48971;24881;4
130659;-189717;49126;25006;8
123542;-195592;48681;24639;1
121437;-193505;48549;24769;4
107462;-174146;47676;25979;4
129702;-179907;49066;25619;1
98756;-180432;47132;25587;8
101053;-189966;47275;24991;2
129542;-177174;49056;25790;1
124867;-174101;48764;25982;4
119901;-192275;48453;24846;4
101127;-194835;47280;24686;8
105053;-196317;47525;24594;1
98975;-183994;47145;25364;8
130217;-181489;49098;25520;4
119649;-196534;48438;24580;1
130095;-181608;49090;25513;2
129428;-195740;49049;24630;8
98825;-189959;47136;24991;1
129911;-190246;49079;24973;2
116594;-181342;48247;25530;4
100969;-187670;47270;25134;4
120997;-194614;48522;24700;4
118218;-195452;48348;24648;2
98432;-176429;47112;25837;2
126622;-195838;48873;24624;2
118735;-164034;48380;26611;8
125957;-174797;48832;25939;2
124298;-174996;48728;25926;8
98804;-184586;47135;25327;4
122572;-194748;48620;24692;4
126289;-176667;48853;25822;2
118290;-189258;48353;25035;8
99074;-196508;47152;24582;1
116756;-181491;48257;25520;4
115795;-182315;48197;25469;4
130586;-196476;49121;24584;8
98924;-167643;47142;26386;2
119484;-183946;48427;25367;4
119071;-193336;48401;24780;8
101139;-194495;47281;24708;1
128376;-195019;48983;24675;2
100981;-186459;47271;25210;2
103702;-194981;47441;24677;8
98533;-180716;47118;25569;2
103474;-195920;47427;24619;2
118056;-194394;48338;24714;8
101986;-192183;47334;24852;1
130237;-191421;49099;24900;8
128815;-182966;49010;25428;2
120499;-195043;48491;24673;1
128594;-191894;48997;24870;4
98904;-185343;47141;25280;2
129727;-180937;49067;25555;1
102633;-196395;47374;24589;4
107372;-181489;47670;25520;4
130491;-188270;49115;25097;8
119050;-188512;48400;25082;4
104583;-192196;47496;24851;8
130984;-181446;49146;25523;8
103963;-194745;47457;24692;2
101108;-193929;47279;24743;8
119387;-193267;48421;24784;2
129908;-188676;49079;25071;1
125149;-176278;48781;25846;8
101774;-196100;47320;24607;8
131001;-175843;49147;25873;1
113881;-171463;48077;26147;1
124855;-175097;48763;25920;2
116729;-174620;48255;25950;4
108554;-173721;47744;26006;1
118456;-193318;48363;24781;2
120538;-193954;48493;24741;2
99112;-184728;47154;25318;4
102780;-182999;47383;25426;2
118992;-182460;48397;25460;8
124479;-179404;48739;25651;4
128119;-192658;48967;24822;1
121200;-187449;48535;25148;4
102392;-187323;47359;25156;1
99403;-191601;47172;24888;8
128729;-193605;49005;24763;1
117031;-196378;48274;24590;2
98953;-186016;47144;25238;2
101004;-190491;47272;24958;2
124378;-177818;48733;25750;4
126823;-176640;48886;25824;2
113775;-171303;48070;26157;2
129804;-179927;49072;25618;1
101821;-187185;47323;25164;8
115249;-174490;48163;25958;1
118192;-194643;48347;24698;2
128162;-195133;48970;24668;8
124315;-192473;48729;24834;8
103417;-194687;47423;24696;4
119541;-195527;48431;24643;2
115959;-173951;48207;25992;8
128640;-195522;49000;24643;2
108176;-196563;47721;24578;2
100604;-195379;47247;24652;4
98634;-173961;47124;25991;1
102599;-180943;47372;25555;8
102817;-195346;47386;24654;2
98499;-194317;47116;24719;4
99635;-191892;47187;24870;2
104288;-192022;47478;24862;8
99051;-171820;47150;26125;8
99449;-192113;47175;24856;1
125245;-175496;48787;25895;2
115593;-178323;48184;25718;4
121809;-194531;48573;24705;2
121048;-183777;48525;25377;4
119173;-188681;48408;25071;1
125557;-180154;48807;25604;1
122359;-195650;48607;24635;1
104389;-195928;47484;24618;4
99737;-195924;47193;24618;2
121965;-195414;48582;24650;8
98455;-169210;47113;26288;4
122974;-191062;48645;24922;8
104671;-195051;47501;24673;1
116245;-173376;48225;26028;8
118117;-196103;48342;24607;2
102142;-186535;47343;25205;2
102357;-189960;47357;24991;4
129865;-194692;49076;24695;8
103402;-189690;47422;25008;2
119783;-192114;48446;24856;8
121029;-195367;48524;24653;8
104068;-192186;47464;24852;8
127888;-194799;48953;24689;4
119748;-185507;48444;25269;4
121958;-193657;48582;24760;1
99740;-164298;47193;26595;1
104540;-190576;47493;24953;8
99200;-190845;47160;24936;1
99720;-189349;47192;25029;4
122127;-193241;48592;24786;2
102051;-189737;47338;25005;1
128060;-194365;48963;24716;1
122142;-187749;48593;25129;2
100312;-193350;47229;24779;1
108204;-172532;47722;26080;4
119681;-187515;48440;25144;1
130345;-179862;49106;25622;2
100942;-194088;47268;24733;1
129094;-191751;49028;24879;4
100815;-195123;47260;24668;4
98309;-174436;47104;25961;1
98569;-189997;47120;24989;2
103971;-191166;47458;24916;2
122189;-187670;48596;25134;1
103624;-192382;47436;24840;2
104354;-189040;47482;25049;1
130816;-181524;49136;25518;4
128429;-189396;48986;25026;4
119564;-190996;48432;24926;2
117081;-175369;48277;25903;2
121163;-187966;48532;25116;8
99407;-165375;47172;26528;4
102295;-186192;47353;25227;4
114652;-173157;48125;26041;1
100275;-195575;47227;24640;2
114337;-175382;48106;25902;2
131003;-196207;49147;24601;2
109458;-173835;47801;25999;8
118807;-190554;48385;24954;1
127167;-186602;48907;25201;8
102822;-194970;47386;24678;1
128937;-189470;49018;25022;2
100595;-188489;47247;25083;8
107757;-173173;47694;26040;4
129846;-184991;49075;25302;1
98439;-186013;47112;25238;8
127051;-193383;48900;24777;2
127108;-195379;48904;24652;2
127660;-185373;48938;25278;8
119879;-186687;48452;25196;8
98801;-181922;47135;25493;4
131021;-192925;49148;24806;1
119590;-192011;48434;24863;4
122172;-196289;48595;24595;2
100443;-187237;47237;25161;1
130137;-180330;49093;25593;4
102330;-196435;47355;24586;1
118020;-171784;48336;26127;4
99769;-196365;47195;24591;4
114646;-173622;48125;26012;8
99174;-192500;47158;24832;8
119078;-192893;48402;24808;8
127611;-194156;48935;24729;8
107974;-176049;47708;25860;1
99157;-169870;47157;26247;2
104045;-191903;47462;24870;4
120663;-194791;48501;24689;2
122074;-196524;48589;24581;4
99350;-184856;47169;25310;4
129032;-195127;49024;24668;1
116676;-173538;48252;26017;4
102846;-188234;47387;25099;1
99371;-193388;47170;24777;4
127786;-191010;48946;24925;8
102087;-186291;47340;25220;1
99063;-170793;47151;26189;8
108956;-172724;47769;26068;8
99125;-186859;47155;25185;1
128039;-193409;48962;24775;1
103548;-189708;47431;25007;1
121804;-193505;48572;24769;2
120165;-186739;48470;25192;4
127138;-192413;48906;24838;1
122533;-196117;48618;24606;4
98492;-195155;47115;24666;4
98712;-171710;47129;26132;2
100414;-187310;47235;25157;2
109324;-174429;47792;25962;2
113942;-193383;48081;24777;4
99039;-167701;47149;26382;2
98840;-189089;47137;25045;8
103615;-188368;47435;25091;2
99215;-171782;47160;26127;4
103234;-192750;47412;24817;8
129772;-180849;49070;25560;1
101448;-192662;47300;24822;1
129842;-195471;49075;24647;8
130094;-186450;49090;25210;2
130889;-192469;49140;24834;1
129304;-171098;49041;26170;8
115572;-175129;48183;25918;4
101830;-192994;47324;24801;2
98870;-191470;47139;24897;1
104712;-195452;47504;24648;4
107712;-174721;47692;25943;4
99301;-194468;47166;24709;2
100612;-188234;47248;25099;8
98535;-180271;47118;25597;2
116277;-184909;48227;25307;2
114854;-174934;48138;25930;4
131065;-189100;49151;25045;4
117148;-193037;48281;24799;4
119798;-188118;48447;25106;2
102958;-180761;47394;25566;1
99925;-187461;47205;25147;8
115153;-177501;48157;25770;8
121338;-193054;48543;24798;4
104146;-196058;47469;24610;4
124542;-192643;48743;24823;1
127716;-192282;48942;24846;8
118117;-194293;48342;24720;2
130712;-190712;49129;24944;8
98529;-196130;47118;24605;2
124077;-196564;48714;24578;4
104398;-187758;47484;25129;1
102051;-186334;47338;25218;2
123107;-190283;48654;24971;1
125556;-174982;48807;25927;4
103240;-194814;47412;24688;2
102278;-193860;47352;24747;4
100137;-190559;47218;24954;1
100921;-191937;47267;24867;2
117081;-192976;48277;24803;8
130911;-189734;49141;25005;1
119353;-192043;48419;24861;4
130869;-190388;49139;24964;8
116362;-184675;48232;25321;2
129248;-189511;49038;25019;1
100340;-190898;47231;24932;1
128391;-182729;48984;25443;4
101314;-189918;47292;24994;1
119145;-196162;48406;24603;1
123325;-189990;48667;24989;4
102578;-191290;47371;24908;8
130620;-191311;49123;24907;4
100900;-193155;47266;24791;8
129880;-181134;49077;25543;2
100343;-191842;47231;24873;2
115793;-192733;48197;24818;1
129418;-183160;49048;25416;1
119524;-185370;48430;25278;8
100733;-187851;47255;25123;2
117377;-176365;48296;25841;2
129912;-189478;49079;25021;4
115216;-179487;48161;25646;4
124828;-176506;48761;25832;4
100628;-190000;47249;24989;1
119976;-191797;48458;24876;1
126894;-175216;48890;25913;1
98907;-172329;47141;26093;4
120154;-195696;48469;24633;8
122212;-190012;48598;24988;1
103970;-189205;47458;25038;2
119553;-185363;48432;25278;2
126522;-176751;48867;25817;4
100344;-186275;47231;25221;8
130445;-188239;49112;25099;2
102271;-190657;47351;24947;4
126736;-194971;48881;24678;4
98316;-170445;47104;26211;2
99533;-192826;47180;24812;2
128359;-192493;48982;24833;2
98431;-175481;47111;25896;1
130200;-179173;49097;25665;4
99232;-170167;47162;26228;1
121684;-189923;48565;24993;2
128990;-192572;49021;24828;8
128415;-191628;48985;24887;8
128628;-187117;48999;25169;2
103553;-195028;47432;24674;4
122129;-192795;48593;24814;8
103413;-187116;47423;25169;8
99939;-188339;47206;25092;8
103723;-191188;47442;24914;2
101702;-193144;47316;24792;8
116813;-180013;48260;25613;1
120902;-181020;48516;25550;8
99161;-168244;47157;26348;4
120187;-192932;48471;24805;8
104353;-190176;47482;24978;1
103940;-195070;47456;24672;2
117145;-194861;48281;24685;8
120086;-194865;48465;24684;2
120540;-187747;48493;25129;2
115186;-175559;48159;25891;8
113561;-189650;48057;25010;8
99877;-194279;47202;24721;8
130813;-192017;49135;24862;8
113359;-190591;48044;24952;8
120635;-192912;48499;24807;8
99250;-186154;47163;25229;4
128482;-187976;48990;25115;8
129628;-195817;49061;24625;4
127928;-191235;48955;24911;1
122461;-195540;48613;24642;4
98743;-168026;47131;26362;4
102905;-188756;47391;25066;4
127808;-186007;48948;25238;8
121389;-187361;48546;25153;1
99330;-185644;47168;25261;4
120642;-195406;48500;24651;8
129955;-179897;49082;25620;1
99027;-190646;47149;24948;4
123822;-176732;48698;25818;8
98779;-190048;47133;24986;1
107419;-174605;47673;25951;4
129705;-194467;49066;24709;8
124832;-192687;48762;24821;4
119566;-187949;48432;25117;4
98777;-181156;47133;25541;2
103570;-187829;47433;25124;8
129895;-192830;49078;24812;4
122644;-196393;48625;24589;4
99877;-194579;47202;24702;1
115939;-176307;48206;25844;1
98381;-179469;47108;25647;1
103063;-196592;47401;24577;8
115343;-172974;48168;26053;1
119867;-187268;48451;25159;4
116244;-175729;48225;25880;1
103999;-190482;47459;24958;2
130826;-188660;49136;25072;1
104096;-187687;47466;25133;8
100024;-189591;47211;25014;4
118094;-196540;48340;24580;4
98817;-195485;47136;24646;2
115751;-174997;48194;25926;8
116510;-176010;48241;25863;4
115643;-173264;48187;26035;1
120020;-186115;48461;25231;4
104324;-193970;47480;24740;1
115140;-178421;48156;25712;8
98494;-174628;47115;25949;1
98383;-180396;47108;25589;1
108302;-172565;47728;26078;1
116668;-175761;48251;25878;4
124840;-192880;48762;24809;4
102641;-193524;47375;24768;1
100433;-196455;47237;24585;4
128969;-192876;49020;24809;2
114716;-173547;48129;26017;4
103720;-189927;47442;24993;1
112293;-173751;47978;26004;2
103567;-194443;47432;24711;8
119062;-189734;48401;25005;8
114832;-191282;48137;24908;1
98671;-173694;47126;26008;8
123100;-194288;48653;24721;2
101623;-193400;47311;24776;4
127039;-195780;48899;24627;8
99300;-194714;47166;24694;1
98636;-186021;47124;25237;1
118881;-192974;48390;24803;1
104627;-193523;47499;24768;1
115429;-174996;48174;25926;4
118359;-194560;48357;24704;2
99374;-188881;47170;25058;4
127862;-193543;48951;24767;8
125418;-181118;48798;25544;4
127958;-182333;48957;25468;8
107178;-181659;47658;25510;1
114499;-167829;48116;26374;8
100117;-194244;47217;24723;8
120262;-195049;48476;24673;2
114276;-173507;48102;26019;2
119926;-193075;48455;24796;4
98621;-181334;47123;25530;1
120218;-195693;48473;24633;2
119253;-195875;48413;24621;8
121153;-195638;48532;24636;4
129610;-188296;49060;25095;4
127783;-194655;48946;24698;8
120641;-184842;48500;25311;2
124732;-174228;48755;25974;4
100789;-189023;47259;25050;4
115261;-179161;48163;25666;2
114661;-192506;48126;24832;1
98383;-175687;47108;25883;4
129539;-188058;49056;25110;8
107896;-174196;47703;25976;1
124185;-176640;48721;25824;8
103973;-188291;47458;25095;4
124626;-179170;48749;25665;1
98317;-184296;47104;25345;1
119739;-196266;48443;24597;1
123988;-178442;48709;25711;8
127867;-185530;48951;25268;8
118694;-189404;48378;25026;1
124545;-177967;48744;25741;8
117119;-195627;48279;24637;2
129678;-188250;49064;25098;8
118862;-192798;48388;24814;2
129249;-191800;49038;24876;4
102742;-185253;47381;25285;4
112943;-173743;48018;26005;8
101792;-189444;47322;25023;1
122198;-187217;48597;25162;8
101205;-188527;47285;25081;1
131056;-177305;49151;25782;8
129761;-189836;49070;24999;4
130904;-189015;49141;25050;8
130868;-182921;49139;25431;8
101700;-188935;47316;25055;8
124614;-195712;48748;24632;4
128810;-188353;49010;25091;4
129921;-187590;49080;25139;4
120803;-194787;48510;24689;8
124910;-176431;48766;25837;4
98955;-183779;47144;25377;4
115259;-174217;48163;25975;4
101242;-189597;47287;25014;2
99633;-191287;47187;24908;8
120143;-188135;48468;25105;8
99292;-195749;47165;24629;1
99544;-186557;47181;25204;4
128853;-193027;49013;24799;1
101708;-193663;47316;24760;2
101419;-187754;47298;25129;8
113559;-191595;48057;24889;8
118943;-189471;48393;25022;1
126283;-194411;48852;24713;1
130167;-180454;49095;25585;1
107335;-173691;47668;26008;8
99061;-187645;47151;25136;1
101784;-193155;47321;24791;2
104072;-193709;47464;24757;1
99453;-195631;47175;24637;1
101348;-192694;47294;24820;4
99597;-165192;47184;26539;8
127448;-192229;48925;24849;8
98681;-169401;47127;26276;8
124515;-178145;48742;25729;8
103515;-189229;47429;25037;8
129684;-195934;49065;24618;1
130357;-195425;49107;24649;1
99320;-185806;47167;25251;2
131043;-185638;49150;25261;1
98641;-187689;47125;25133;4
122513;-190935;48617;24930;1
119038;-194225;48399;24724;8
99194;-180312;47159;25594;8
102236;-189371;47349;25028;8
115750;-172189;48194;26102;2
103046;-185481;47400;25271;4
128669;-195477;49001;24646;1
127854;-181737;48950;25505;8
102019;-189595;47336;25014;4
98702;-186191;47128;25227;4
126676;-165244;48877;26536;4
104564;-194296;47495;24720;4
104650;-195271;47500;24659;8
117082;-175488;48277;25896;1
102735;-181203;47380;25538;2
99050;-190599;47150;24951;8
113386;-193106;48046;24794;8
121440;-195909;48550;24619;4
113273;-190605;48039;24951;8
98971;-190920;47145;24931;1
100945;-187075;47269;25171;2
102680;-187114;47377;25169;4
129854;-186192;49075;25227;8
98504;-190825;47116;24937;8
127467;-186190;48926;25227;4
98412;-181370;47110;25528;2
102083;-195889;47340;24620;2
112944;-190409;48019;24963;1
115831;-172469;48199;26084;1
129726;-194610;49067;24700;8
119199;-190446;48409;24961;4
101920;-196365;47330;24591;8
129316;-182285;49042;25471;8
99380;-185807;47171;25251;2
114369;-179082;48108;25671;8
98545;-195899;47119;24620;8
130627;-188678;49124;25071;4
102413;-191614;47360;24888;1
98516;-183303;47117;25407;4
119764;-191697;48445;24882;1
127524;-192896;48930;24808;4
127386;-186176;48921;25228;1
104485;-190119;47490;24981;4
119531;-192949;48430;24804;4
127784;-181767;48946;25503;2
114265;-175451;48101;25898;2
114155;-191702;48094;24882;2
130077;-186112;49089;25232;4
126851;-193826;48888;24749;2
100339;-188631;47231;25074;1
98584;-184982;47121;25302;4
129115;-182562;49029;25453;2
130538;-172404;49118;26088;4
122416;-194805;48611;24688;2
130498;-190693;49116;24945;8
100220;-188814;47223;25063;2
99575;-190732;47183;24943;2
102089;-190531;47340;24955;8
103291;-194721;47415;24693;1
121213;-190689;48535;24945;8
119376;-191537;48421;24892;1
98662;-180117;47126;25606;2
101223;-193741;47286;24755;8
129853;-187203;49075;25163;2
116691;-192948;48253;24804;8
104902;-192087;47516;24858;8
129272;-177574;49039;25765;8
99327;-188594;47167;25076;1
127427;-181772;48924;25503;1
119335;-185049;48418;25298;8
119975;-190573;48458;24953;4
125459;-176003;48801;25863;1
100606;-192006;47247;24863;4
128018;-194486;48961;24708;8
123960;-177009;48707;25800;1
98339;-196397;47106;24589;8
121199;-192529;48534;24830;2
126169;-175339;48845;25905;4
128112;-186120;48967;25231;4
116153;-175457;48219;25897;8
127820;-193187;48948;24789;8
106341;-191181;47606;24915;4
102709;-187671;47379;25134;8
102145;-188085;47344;25108;4
126264;-195686;48851;24633;2
104500;-193836;47491;24749;2
130539;-172337;49118;26092;8
103057;-196598;47401;24576;8
112751;-173986;48006;25989;8
103108;-185247;47404;25286;8
105069;-195200;47526;24664;2
100623;-189470;47248;25022;4
119786;-193909;48446;24744;1
98451;-165713;47113;26506;8
122950;-194444;48644;24711;1
123504;-170135;48679;26230;1
103334;-181783;47418;25502;1
118402;-196580;48360;24577;4
115206;-174877;48160;25934;8
112283;-173534;47977;26018;8
122222;-194810;48598;24688;4
123051;-191288;48650;24908;2
100459;-194882;47238;24683;4
98838;-196075;47137;24609;1
100761;-195693;47257;24633;8
102370;-195013;47358;24675;8
119907;-195570;48454;24640;1
119385;-183042;48421;25423;2
103757;-193227;47444;24787;8
100775;-195619;47258;24637;1
124799;-177649;48759;25760;1
123995;-178300;48709;25720;4
121855;-196512;48575;24582;1
104501;-195725;47491;24631;8
119377;-195874;48421;24621;8
100549;-194514;47244;24706;8
103694;-193112;47440;24794;8
104400;-195897;47485;24620;1
120643;-190125;48500;24981;4
118226;-195112;48349;24669;4
117553;-176294;48307;25845;1
102988;-188049;47396;25110;4
102976;-187836;47396;25124;4
128415;-187042;48985;25173;2
129949;-185573;49081;25265;1
102734;-192585;47380;24827;1
129143;-194131;49031;24730;1
116700;-182834;48253;25436;2
108042;-163935;47712;26618;2
102408;-195886;47360;24621;8
123867;-191872;48701;24872;8
119586;-195811;48434;24625;4
127802;-193708;48947;24757;8
99521;-190544;47180;24955;2
99014;-171876;47148;26121;8
101609;-192545;47310;24829;8
98695;-193903;47128;24745;2
127066;-195432;48901;24649;1
121388;-196546;48546;24579;8
129874;-191310;49077;24907;2
114328;-195589;48105;24639;1
103353;-188734;47419;25068;8
121071;-195338;48526;24655;4
112131;-173532;47968;26018;4
99260;-165974;47163;26490;1
98886;-184101;47140;25357;4
116920;-176546;48267;25829;1
130480;-195422;49115;24650;4
102433;-189306;47362;25032;4
99086;-191453;47152;24898;4
130194;-182149;49097;25479;8
113149;-189608;48031;25013;4
128845;-182565;49012;25453;1
98549;-173562;47119;26016;1
124594;-174901;48747;25932;1
100667;-188123;47251;25106;4
99374;-190302;47170;24970;1
113496;-175344;48053;25905;2
126864;-193531;48889;24768;1
129445;-180345;49050;25592;1
103751;-167849;47444;26373;8
125036;-195643;48774;24636;2
99585;-192711;47184;24819;2
118936;-194494;48393;24708;2
101320;-194458;47292;24710;2
128282;-192975;48977;24803;4
130860;-181774;49138;25503;1
107843;-174234;47700;25974;8
127920;-184589;48955;25327;8
129247;-190241;49037;24973;1
109408;-173747;47798;26004;4
128866;-196113;49014;24606;2
102811;-188044;47385;25111;8
98636;-164453;47124;26585;2
100067;-191000;47214;24926;1
130480;-194235;49115;24724;2
100538;-187791;47243;25127;4
118157;-194538;48344;24705;4
100362;-196297;47232;24595;1
109090;-173100;47778;26045;8
123566;-189999;48682;24989;2
127958;-187420;48957;25150;4
119740;-193967;48443;24741;8
102649;-189001;47375;25051;8
100316;-186322;47229;25218;2
98793;-182080;47134;25484;4
108318;-172984;47729;26052;1
119451;-193149;48425;24792;2
98565;-188780;47120;25065;8
102596;-193586;47372;24764;2
104291;-188503;47478;25082;1
100529;-183719;47243;25381;2
98367;-188789;47107;25064;8
102354;-194538;47357;24705;4
98395;-184776;47109;25315;1
122711;-190415;48629;24963;4
103503;-187208;47428;25163;8
105037;-192604;47524;24826;8
107657;-176032;47688;25862;8
114410;-174476;48110;25959;8
116959;-176453;48269;25835;1
99097;-168270;47153;26347;2
124737;-176347;48756;25842;8
99241;-191682;47162;24883;1
103801;-185993;47447;25239;8
118669;-195162;48376;24666;2
128205;-188600;48972;25076;8
130347;-182366;49106;25466;4
104228;-190816;47474;24938;8
121717;-189900;48567;24995;1
127044;-196187;48900;24602;4
129905;-193192;49079;24789;1
119646;-191301;48437;24907;1
126404;-179861;48860;25622;2
99608;-186932;47185;25180;2
99144;-170931;47156;26180;2
103639;-167752;47437;26379;1
104008;-192453;47460;24835;1
103233;-194230;47412;24724;8
113517;-190006;48054;24988;4
129247;-190647;49037;24948;8
104469;-189166;47489;25041;4
100876;-188946;47264;25054;8
130855;-189320;49138;25031;2
129958;-179708;49082;25632;4
116938;-182705;48268;25444;1
126878;-196562;48889;24578;2
106950;-175980;47644;25865;4
113833;-193825;48074;24749;4
119908;-187643;48454;25136;1
104672;-196261;47502;24597;2
122217;-163867;48598;26622;2
119814;-186096;48448;25233;2
101875;-193661;47327;24760;8
100888;-191092;47265;24920;2
118458;-169118;48363;26294;1
123694;-190464;48690;24960;8
129292;-186917;49040;25181;4
126635;-175728;48874;25881;2
101386;-193649;47296;24760;4
104417;-193355;47486;24779;8
120945;-190560;48519;24954;2
119315;-185015;48417;25300;8
104777;-195897;47508;24620;1
100520;-187474;47242;25146;1
126666;-196373;48876;24590;8
129516;-183099;49054;25420;1
99775;-186342;47195;25217;8
99486;-195534;47177;24643;4
98399;-175701;47109;25882;2
99073;-170317;47152;26219;1
129139;-192547;49031;24829;4
124777;-177029;48758;25799;4
103575;-193748;47433;24754;8
114415;-195716;48110;24631;8
100595;-191895;47247;24870;2
114833;-192039;48137;24861;8
115468;-175992;48176;25864;1
129998;-195089;49084;24670;4
99504;-187838;47179;25124;1
98634;-171828;47124;26124;1
130706;-183951;49129;25367;8
119543;-166509;48431;26457;1
120433;-194157;48487;24729;8
119971;-192401;48458;24838;1
99880;-191563;47202;24891;4
121857;-194649;48576;24698;1
119207;-193885;48410;24746;2
120080;-192189;48465;24852;4
119031;-192988;48399;24802;1
100180;-192653;47221;24823;2
129416;-184022;49048;25362;4
127115;-185112;48904;25294;4
108763;-175368;47757;25903;1
98885;-171456;47140;26148;4
102115;-190447;47342;24961;2
99439;-170739;47174;26192;8
114159;-192112;48094;24857;4
104408;-192417;47485;24837;1
129351;-180406;49044;25588;2
118116;-194495;48342;24708;4
125401;-175662;48797;25885;1
128011;-194484;48960;24708;4
99961;-190093;47207;24983;2
130572;-192800;49120;24814;2
128331;-191911;48980;24869;8
104505;-192106;47491;24857;8
129392;-182697;49047;25445;2
122316;-193405;48604;24776;8
98555;-168431;47119;26337;1
117329;-195191;48293;24664;1
120799;-189056;48509;25048;1
101819;-192652;47323;24823;4
119797;-186774;48447;25190;4
108651;-175464;47750;25897;4
105393;-179336;47547;25655;2
121752;-181101;48569;25545;4
125481;-177370;48802;25778;4
102954;-186352;47394;25217;1
119937;-184573;48456;25328;1
98726;-170370;47130;26215;4
103971;-191553;47458;24891;2
115916;-182587;48204;25452;2
126117;-195090;48842;24670;2
120923;-184098;48517;25357;1
122739;-190115;48631;24981;1
129697;-189968;49066;24991;2
119450;-186480;48425;25209;2
130350;-188220;49106;25100;2
116581;-172483;48246;26083;4
130362;-186283;49107;25221;4
123041;-191012;48650;24925;8
120419;-193413;48486;24775;8
100620;-194494;47248;24708;8
98358;-164596;47107;26576;1
127949;-188019;48956;25112;2
119788;-185276;48446;25284;8
99432;-186243;47174;25223;1
113866;-176398;48076;25839;4
125061;-175967;48776;25866;2
102556;-180977;47369;25552;1
98901;-184883;47141;25308;1
107862;-173040;47701;26049;8
130707;-186863;49129;25185;4
121234;-194965;48537;24678;2
127885;-181877;48952;25496;1
119621;-166726;48436;26443;2
128150;-189992;48969;24989;4
115438;-177897;48174;25745;4
99107;-170899;47154;26182;4
114369;-193000;48108;24801;8
100240;-186718;47225;25194;1
120940;-192072;48518;24859;8
98690;-169399;47128;26276;2
119971;-194918;48458;24681;8
99560;-195596;47182;24639;8
101384;-196213;47296;24600;4
122890;-193778;48640;24752;4
120613;-194464;48498;24710;2
113318;-174357;48042;25966;2
98435;-168584;47112;26327;1
114413;-171477;48110;26146;4
128841;-183019;49012;25425;4
129880;-196356;49077;24591;1
100819;-196346;47261;24592;2
99972;-185738;47208;25255;4
130731;-186695;49130;25195;4
103432;-185499;47424;25270;2
108294;-164000;47728;26614;8
114037;-194051;48087;24735;8
116374;-179464;48233;25647;2
128810;-193533;49010;24768;1
103305;-189465;47416;25022;2
125345;-180904;48794;25557;8
98669;-189752;47126;25004;8
128375;-189631;48983;25012;2
121073;-183562;48527;25391;2
102485;-187218;47365;25162;2
124915;-176095;48767;25858;2
103445;-193475;47425;24771;4
99100;-184642;47153;25323;2
127873;-186561;48952;25203;8
101016;-189781;47273;25002;8
104115;-193799;47467;24751;4
120048;-192678;48463;24821;8
129189;-179778;49034;25627;1
99838;-193810;47199;24750;2
99749;-185652;47194;25260;4
118622;-194863;48373;24685;8
115213;-172975;48160;26053;1
128404;-188039;48985;25111;8
116785;-174746;48259;25942;8
120154;-194073;48469;24734;1
100597;-194105;47247;24732;2
99383;-187687;47171;25133;2
99959;-190320;47207;24969;1
124492;-174723;48740;25943;8
100684;-190092;47252;24983;1
115943;-175718;48206;25881;1
118321;-195248;48355;24661;1
100903;-193129;47266;24793;1
129382;-193421;49046;24775;1
99949;-191764;47206;24878;1
128206;-188662;48972;25072;2
103577;-167638;47433;26386;8
120805;-183965;48510;25366;2
122404;-185114;48610;25294;1
109235;-173326;47787;26031;1
117759;-194360;48319;24716;2
101624;-192141;47311;24855;1
119056;-194400;48401;24714;4
104828;-191831;47511;24874;1
103766;-190327;47445;24968;4
127784;-187861;48946;25122;1
99832;-195358;47199;24654;2
115306;-164762;48166;26566;2
118317;-196538;48354;24580;4
98366;-180804;47107;25563;2
130811;-164571;49135;26578;4
129051;-188672;49025;25072;1
130932;-196422;49143;24587;4
128272;-181883;48977;25496;4
98810;-191703;47135;24882;8
99961;-185483;47207;25271;4
125164;-195380;48782;24652;1
104470;-190683;47489;24946;4
101202;-193534;47285;24768;4
129325;-184970;49042;25303;8
99384;-188095;47171;25108;2
100362;-190991;47232;24927;2
102647;-189845;47375;24998;1
120804;-192675;48510;24821;1
99962;-165032;47207;26549;1
116356;-194752;48232;24692;4
114669;-173146;48126;26042;1
127752;-181449;48944;25523;2
124922;-174436;48767;25961;8
119179;-191544;48408;24892;2
99588;-195944;47184;24617;4
118530;-188548;48368;25079;8
118433;-194222;48362;24725;2
98762;-181598;47132;25514;8
116228;-172542;48224;26080;2
103281;-182667;47415;25447;4
101562;-194476;47307;24709;8
98944;-166821;47144;26437;2
99459;-164742;47176;26567;1
99154;-164042;47157;26611;2
120146;-196108;48469;24607;2
131000;-177494;49147;25770;1
128269;-188171;48976;25103;4
99911;-195567;47204;24641;4
128192;-192534;48972;24830;8
102710;-195757;47379;24629;8
98411;-194655;47110;24698;2
127892;-181898;48953;25495;1
129489;-185169;49053;25290;1
129477;-194526;49052;24706;4
124897;-174910;48766;25932;2
101886;-191151;47327;24917;2
130549;-177591;49119;25764;4
100708;-189455;47254;25023;4
125389;-180570;48796;25578;8
99533;-189654;47180;25010;2
98528;-193378;47118;24777;2
101898;-191624;47328;24887;1
99370;-189506;47170;25019;1
130391;-189618;49109;25012;4
127212;-192024;48910;24862;1
119091;-194390;48403;24714;2
116957;-195558;48269;24641;2
99434;-191869;47174;24872;1
98888;-188040;47140;25111;1
130659;-177235;49126;25786;1
126387;-194773;48859;24690;8
130673;-185395;49127;25276;8
98384;-186429;47109;25212;1
100167;-164808;47220;26563;2
119199;-189646;48409;25011;8
99477;-195013;47177;24675;4
119071;-189772;48401;25003;1
114312;-193274;48104;24784;4
99303;-166487;47166;26458;2
127016;-195237;48898;24661;1
125651;-195936;48813;24618;1
128454;-185985;48988;25239;8
98535;-181405;47118;25526;8
129811;-190409;49073;24963;4
126501;-176639;48866;25824;1
98461;-195433;47113;24649;1
113377;-190030;48046;24987;2
130697;-177506;49128;25769;1
115680;-182827;48190;25437;8
114951;-192311;48144;24844;8
130204;-186380;49097;25215;8
129326;-196576;49042;24578;4
118066;-182331;48339;25468;4
100787;-187272;47259;25159;1
112208;-165865;47973;26497;1
125194;-174271;48784;25972;1
108368;-195379;47733;24652;4
102603;-190340;47372;24967;1
126758;-195867;48882;24622;8
127380;-186134;48921;25230;4
130849;-192168;49138;24853;8
99001;-167595;47147;26389;2
118107;-194241;48341;24723;2
99486;-189417;47177;25025;8
98777;-173101;47133;26045;8
121018;-187034;48523;25174;4
119135;-195268;48405;24659;1
120132;-186652;48468;25198;1
119504;-186374;48429;25215;2
109279;-174681;47789;25946;1
99015;-191345;47148;24904;2
119762;-189275;48445;25034;1
106272;-179637;47602;25636;1
128300;-192047;48978;24861;2
123109;-195552;48654;24642;1
103337;-188792;47418;25064;8
104025;-195638;47461;24636;8
100282;-183244;47227;25411;4
121658;-188949;48563;25054;8
125292;-173103;48790;26045;8
125594;-176437;48809;25836;8
130022;-192179;49086;24852;2
99305;-168428;47166;26337;1
128090;-188274;48965;25096;1
115217;-178852;48161;25685;2
103743;-190227;47443;24974;1
120706;-181574;48504;25515;2
118403;-194345;48360;24717;2
99873;-186291;47202;25220;1
115840;-173166;48200;26041;8
106442;-179795;47612;25626;4
126885;-177034;48890;25799;2
100894;-186650;47265;25198;8
103222;-191450;47411;24898;8
106833;-175898;47637;25870;4
98347;-193924;47106;24743;2
123387;-190241;48671;24973;4
119173;-185976;48408;25240;8
99261;-163893;47163;26620;2
129596;-182739;49059;25442;4
118309;-189159;48354;25041;1
101580;-192029;47308;24862;1
98845;-180478;47137;25584;1
116164;-183933;48220;25368;2
115077;-178293;48152;25720;8
106173;-185506;47595;25269;2
122408;-190010;48610;24988;8
113773;-191532;48070;24893;8
128830;-193943;49011;24742;8
116827;-182051;48261;25485;8
118535;-190778;48368;24940;1
130296;-179827;49103;25624;1
100490;-190383;47240;24965;4
117318;-194823;48292;24687;8
128054;-185220;48963;25287;1
108816;-174331;47761;25968;2
103237;-186050;47412;25235;1
99048;-192065;47150;24859;2
98507;-180281;47116;25596;8
98332;-183441;47105;25398;4
98725;-165528;47130;26518;8
129957;-189110;49082;25044;1
98419;-179010;47111;25675;4
115711;-173663;48191;26010;4
98577;-169563;47121;26266;1
127668;-194951;48939;24679;8
113511;-165469;48054;26522;4
116090;-174422;48215;25962;8
123028;-193697;48649;24757;8
113975;-193403;48083;24776;4
122331;-189998;48605;24989;2
122218;-193322;48598;24781;8
100511;-187447;47241;25148;8
98864;-185099;47139;25295;1
123254;-190090;48663;24983;2
129160;-189034;49032;25049;2
114292;-191625;48103;24887;1
121355;-195419;48544;24650;1
103522;-187865;47430;25122;1
130440;-189209;49112;25038;1
127848;-185753;48950;25254;1
119544;-192276;48431;24846;4
100435;-196179;47237;24602;4
119076;-184334;48402;25343;1
124415;-195700;48735;24632;8
121846;-193858;48575;24747;2
129758;-179667;49069;25634;8
104325;-194125;47480;24731;1
98921;-184129;47142;25355;4
99610;-170224;47185;26225;8
126596;-177003;48872;25801;2
100376;-190027;47233;24987;4
99581;-194146;47183;24729;4
121697;-181089;48566;25545;2
127228;-194263;48911;24722;8
104224;-187690;47474;25133;8
129469;-189266;49051;25034;1
130827;-190143;49136;24980;1
116523;-179692;48242;25633;1
127139;-196385;48906;24589;8
99422;-185901;47173;25245;2
103726;-188244;47442;25098;8
129155;-194548;49032;24704;1
129556;-193705;49057;24757;2
103439;-186183;47424;25227;8
109589;-174308;47809;25969;1
112872;-190534;48014;24955;8
113758;-165582;48069;26515;8
98753;-182493;47132;25458;8
103098;-191197;47403;24914;1
129570;-182981;49058;25427;2
122538;-195348;48618;24654;1
103564;-190628;47432;24949;8
120040;-196565;48462;24578;4
100235;-192994;47224;24801;2
129107;-190871;49029;24934;2
126033;-175912;48837;25869;8
99825;-165239;47199;26536;2
125354;-180850;48794;25560;4
102448;-192510;47363;24832;4
118430;-190935;48361;24930;2
116475;-183889;48239;25370;1
129652;-177176;49063;25790;8
102384;-186192;47359;25227;4
102882;-186786;47390;25189;2
122519;-195543;48617;24642;4
102064;-187685;47339;25133;1
128052;-184843;48963;25311;4
99215;-195791;47160;24627;1
119527;-184678;48430;25321;8
118239;-194726;48349;24693;2
129638;-189975;49062;24990;4
128467;-178393;48989;25714;1
126300;-178060;48853;25735;1
103763;-193975;47445;24740;8
130767;-189757;49132;25004;2
128339;-193642;48981;24761;2
128838;-188293;49012;25095;1
103271;-193755;47414;24754;2
119593;-193073;48434;24796;2
117278;-196005;48289;24613;8
101876;-195571;47327;24640;1
99552;-193796;47182;24751;1
114065;-192329;48089;24843;8
108412;-195278;47735;24659;2
99197;-185488;47159;25271;4
129681;-190543;49065;24955;1
118219;-194892;48348;24683;4
124044;-178011;48712;25738;2
130631;-185460;49124;25272;1
99058;-170430;47151;26212;4
116700;-174804;48253;25938;8
104050;-189249;47463;25035;2
129252;-170938;49038;26180;1
123297;-177519;48666;25769;2
99748;-195822;47194;24625;4
130867;-180004;49139;25613;2
115118;-173091;48154;26045;4
123859;-191896;48701;24870;4
130266;-190999;49101;24926;1
127037;-182774;48899;25440;8
103798;-189055;47447;25048;4
103026;-182547;47399;25454;4
125640;-180365;48812;25591;1
127577;-192929;48933;24805;1
103254;-190751;47413;24942;8
130983;-190505;49146;24957;1
127113;-195590;48904;24639;2
130153;-191106;49094;24919;4
102264;-187123;47351;25168;2
98860;-169672;47138;26259;8
129614;-194915;49060;24681;2
130203;-192360;49097;24841;8
127580;-192199;48933;24851;8
129849;-179493;49075;25645;8
99471;-186326;47176;25218;2
127506;-184714;48929;25319;1
118402;-193327;48360;24781;2
121800;-196343;48572;24592;2
127694;-189394;48940;25026;1
121003;-183805;48522;25376;8
100965;-192959;47270;24804;4
118883;-194170;48390;24728;8
126407;-176065;48860;25859;1
99378;-185723;47171;25256;1
104824;-194434;47511;24711;1
103089;-195940;47403;24617;1
115913;-171861;48204;26122;1
130879;-191568;49139;24891;2
108423;-172936;47736;26055;8
116512;-173197;48242;26039;1
128697;-189828;49003;24999;1
99545;-196202;47181;24601;1
113695;-191576;48065;24890;1
117765;-175873;48320;25871;1
129949;-180730;49081;25568;4
102266;-192147;47351;24854;4
103823;-191539;47448;24892;4
99270;-190034;47164;24986;2
102842;-181770;47387;25503;1
130610;-194404;49123;24713;1
101045;-195008;47275;24676;2
120962;-181503;48520;25520;4
101547;-190733;47306;24943;8
118578;-188623;48371;25075;1
103226;-189314;47411;25031;2
98835;-196528;47137;24581;4
118227;-189103;48349;25045;8
115441;-178962;48175;25678;4
98798;-190249;47134;24973;2
119633;-185087;48437;25296;1
103323;-167683;47417;26383;2
119625;-194073;48436;24734;4
98850;-165754;47138;26504;8
116320;-179154;48230;25666;1
99175;-188721;47158;25068;4
116759;-180379;48257;25590;8
130414;-172129;49110;26105;4
107832;-173435;47699;26024;1
99515;-170339;47179;26217;4
130945;-179923;49144;25618;1
120499;-189525;48491;25018;1
129114;-188561;49029;25078;4
114328;-171316;48105;26156;1
127321;-195522;48917;24643;2
108073;-174986;47714;25927;1
130219;-183051;49098;25423;8
100693;-187651;47253;25135;4
122459;-163974;48613;26615;1
119542;-186151;48431;25229;4
98543;-182989;47118;25427;1
119436;-185215;48424;25288;1
103319;-190914;47417;24931;8
106816;-174195;47636;25976;1
127382;-192700;48921;24820;8
117963;-196347;48332;24592;1
104139;-187021;47468;25175;1
98497;-185206;47116;25288;8
114314;-195166;48104;24666;4
128957;-188525;49019;25081;2
129590;-191356;49059;24904;4
103973;-190835;47458;24936;4
119981;-190480;48458;24959;8
116057;-173890;48213;25995;4
129175;-194819;49033;24687;2
102771;-188228;47383;25099;1
119751;-190984;48444;24927;4
98645;-180566;47125;25578;2
126868;-183012;48889;25425;8
109254;-173017;47788;26050;1
104101;-191905;47466;24869;4
116369;-175638;48233;25886;2
119198;-191817;48409;24875;1
120487;-194568;48490;24703;4
102484;-186413;47365;25213;8
129939;-192003;49081;24863;1
130749;-186839;49131;25186;8
126247;-175263;48850;25910;4
99625;-186018;47186;25237;1
117002;-194115;48272;24731;8
103450;-195826;47425;24624;4
123508;-176801;48679;25813;2
120759;-191966;48507;24866;1
127359;-179327;48919;25656;4
121629;-195585;48561;24639;8
99280;-196048;47165;24611;2
130321;-180399;49105;25589;1
120957;-191685;48519;24883;2
118159;-193614;48344;24763;8
122154;-163938;48594;26617;2
103685;-185199;47440;25289;8
102897;-192539;47391;24830;1
108026;-175320;47711;25906;2
98733;-166936;47130;26430;8
125723;-194815;48817;24688;2
127689;-187663;48940;25135;8
126491;-179794;48865;25626;1
131011;-185611;49148;25263;1
130717;-194906;49129;24682;8
127307;-186501;48916;25207;4
100826;-195726;47261;24631;1
130324;-183056;49105;25423;8
130310;-182774;49104;25440;2
98554;-187132;47119;25168;8
128266;-187978;48976;25115;4
99468;-169569;47176;26265;8
116673;-182016;48252;25488;4
129261;-193378;49038;24777;2
130425;-181696;49111;25508;1
128156;-185503;48969;25270;4
102159;-195475;47344;24646;4
120025;-186103;48461;25232;4
125085;-176538;48777;25830;8
125207;-173147;48785;26042;8
109009;-173231;47773;26037;1
130986;-185788;49146;25252;1
127684;-195718;48940;24631;8
130190;-180304;49096;25595;2
114419;-171372;48111;26153;4
114524;-192870;48117;24809;8
127979;-189836;48958;24999;4
101107;-189411;47279;25025;2
130942;-181483;49143;25521;2
122464;-187489;48614;25145;1
100766;-188535;47257;25080;2
122096;-191693;48591;24883;1
119375;-184075;48420;25359;4
119851;-190421;48450;24962;2
114806;-173383;48135;26027;2
127358;-175892;48919;25870;1
127985;-194835;48959;24686;8
130116;-192935;49092;24805;4
128332;-186691;48980;25195;8
129703;-195237;49066;24661;4
120127;-183352;48467;25404;2
113788;-191864;48071;24872;8
131061;-182982;49151;25427;1
119827;-191748;48449;24879;8
100404;-192985;47235;24802;8
120124;-163951;48467;26617;1
120287;-191735;48477;24880;8
122981;-191036;48646;24924;4
98455;-166724;47113;26443;2
101891;-196118;47328;24606;8
98598;-169369;47122;26278;4
99046;-183751;47150;25379;4
130234;-193865;49099;24747;1
104347;-192638;47481;24824;8
100440;-188400;47237;25089;8
99991;-188283;47209;25096;2
103823;-192335;47448;24843;1
98530;-173878;47118;25996;8
120441;-196602;48487;24576;2
127219;-195349;48911;24654;1
127994;-192912;48959;24807;8
109086;-173247;47777;26036;2
129622;-195198;49061;24664;2
104800;-195928;47510;24618;2
114790;-174495;48134;25958;1
102453;-191938;47363;24867;2
120384;-191645;48484;24886;2
98787;-186228;47134;25224;2
124596;-179291;48747;25658;1
129412;-185419;49048;25275;8
122829;-189966;48636;24991;2
101656;-191493;47313;24895;2
128977;-193370;49021;24778;4
125948;-180321;48831;25593;4
101589;-188514;47309;25081;2
130054;-191596;49088;24889;8
130200;-178245;49097;25723;1
121172;-193344;48533;24780;2
131006;-195107;49147;24669;4
114319;-171691;48104;26133;8
98921;-187879;47142;25121;8
98705;-186610;47129;25200;8
100139;-188460;47218;25085;2
116616;-182132;48248;25480;1
108742;-175759;47756;25879;8
114583;-179177;48121;25665;8
98524;-171524;47117;26143;1
121036;-194876;48524;24684;4
100321;-190312;47230;24969;2
114643;-173411;48125;26025;4
100139;-186444;47218;25211;1
129181;-191793;49033;24876;1
98993;-185081;47147;25296;4
127740;-186163;48943;25228;8
128584;-178285;48996;25721;2
126539;-195723;48868;24631;1
113424;-191854;48049;24873;4
102931;-187408;47393;25151;1
99164;-189830;47157;24999;2
129811;-181743;49073;25505;1
121964;-190481;48582;24958;8
129702;-191421;49066;24900;4
119227;-195543;48411;24642;2
107490;-174927;47678;25931;8
119812;-185789;48448;25252;2
99957;-185649;47207;25260;1
115875;-173643;48202;26011;1
124172;-181678;48720;25509;1
104355;-188763;47482;25066;4
104436;-187835;47487;25124;4
108757;-172688;47757;26071;1
113165;-189587;48032;25014;1
129419;-196190;49048;24602;8
128132;-190103;48968;24982;2
103682;-188844;47440;25061;4
115467;-178245;48176;25723;4
129337;-195583;49043;24640;1
114900;-192118;48141;24856;1
115142;-177143;48156;25792;2
103067;-195821;47401;24625;4
121856;-196223;48576;24600;4
100796;-190070;47259;24984;2
116723;-180325;48255;25593;4
102786;-189718;47384;25006;4
98760;-183722;47132;25381;1
102890;-182211;47390;25475;4
129348;-192641;49044;24823;4
130028;-186092;49086;25233;1
116648;-195981;48250;24615;8
121070;-191952;48526;24867;2
120591;-189994;48496;24989;8
98828;-193897;47136;24745;2
120604;-184228;48497;25349;8
100742;-186389;47256;25214;2
104126;-195419;47467;24650;2
104228;-193745;47474;24754;4
99729;-170134;47193;26230;2
115075;-177298;48152;25782;8
102822;-185353;47386;25279;8
124099;-177236;48716;25786;2
119058;-186523;48401;25206;1
124921;-176360;48767;25841;1
103684;-196015;47440;24613;8
128765;-196552;49007;24579;2
107616;-175486;47686;25896;1
111612;-176386;47935;25839;8
120564;-193987;48495;24739;8
117415;-182656;48298;25448;4
129233;-191375;49037;24903;1
129938;-193734;49081;24755;1
122392;-192124;48609;24856;8
99983;-196040;47208;24611;2
130751;-183912;49131;25369;2
102500;-194383;47366;24715;1
114679;-192980;48127;24802;2
104000;-192522;47460;24831;2
128505;-188151;48991;25104;4
99194;-193855;47159;24748;4
128888;-192527;49015;24831;2
103368;-194564;47420;24703;2
116031;-173527;48211;26018;8
107734;-177091;47693;25795;1
129468;-195146;49051;24667;8
129341;-187890;49043;25120;2
102867;-193428;47389;24774;2
124158;-192867;48719;24809;2
103748;-188974;47444;25053;1
124018;-178253;48711;25723;8
103970;-196234;47458;24599;4
130757;-184121;49132;25356;8
116405;-174314;48235;25969;8
115420;-178634;48173;25699;1
115115;-176629;48154;25824;2
100181;-188107;47221;25107;8
124492;-193078;48740;24796;8
131066;-189512;49151;25019;4
115672;-173105;48189;26044;8
98347;-196176;47106;24603;1
98446;-166374;47112;26465;4
100557;-187652;47244;25135;4
118098;-188223;48341;25100;8
119955;-185280;48457;25284;8
99157;-194506;47157;24707;1
112983;-174486;48021;25958;2
105931;-178939;47580;25680;8
129787;-193102;49071;24795;2
99604;-195501;47185;24645;8
99795;-191876;47197;24871;8
103265;-194254;47414;24723;8
119993;-167967;48459;26366;2
119358;-186857;48419;25185;1
102842;-185903;47387;25245;8
116477;-173451;48239;26023;1
130176;-179461;49096;25647;2
105160;-195637;47532;24636;1
107294;-175912;47665;25869;4
106170;-185326;47595;25281;4
123902;-191821;48703;24875;8
129042;-196202;49025;24601;8
98495;-168286;47115;26346;1
130587;-180179;49121;25602;8
127625;-181554;48936;25516;8
102389;-194848;47359;24686;4
98911;-180882;47141;25558;4
99671;-195062;47189;24672;2
100831;-192028;47261;24862;1
113696;-191620;48066;24887;4
116520;-176456;48242;25835;2
119052;-184406;48400;25338;2
128812;-182035;49010;25486;1
101820;-194395;47323;24714;8
116324;-175398;48230;25901;2
119682;-186816;48440;25188;8
102747;-190482;47381;24958;4
127091;-185804;48903;25251;4
100913;-190975;47267;24928;1
98812;-181528;47135;25518;1
99742;-195794;47193;24626;4
98679;-182683;47127;25446;4
116033;-183222;48212;25412;1
128278;-189802;48977;25001;8
107700;-175964;47691;25866;1
109230;-173761;47786;26003;1
98861;-192229;47138;24849;2
126475;-175493;48864;25895;4
99604;-196161;47185;24603;4
107922;-195020;47705;24675;2
99142;-195142;47156;24667;4
116125;-173810;48217;26000;4
130571;-179925;49120;25618;8
106377;-180194;47608;25601;1
130394;-181253;49109;25535;1
128646;-181061;49000;25547;1
128075;-190933;48964;24930;8
121839;-194236;48574;24724;1
115346;-177461;48169;25772;8
99670;-188019;47189;25112;1
99647;-189354;47187;25029;4
106988;-173602;47646;26013;2
101833;-186412;47324;25213;8
129408;-193197;49048;24789;8
100352;-192750;47232;24817;4
115403;-178937;48172;25680;1
122523;-191989;48617;24864;4
100386;-188304;47234;25095;2
116844;-180185;48262;25602;2
114349;-192808;48106;24813;2
130274;-188325;49102;25093;8
102532;-195458;47368;24647;2
129550;-194559;49056;24704;4
100429;-191205;47236;24913;4
118107;-192423;48341;24837;2
103256;-182447;47413;25461;1
98761;-172578;47132;26077;4
107084;-174597;47652;25951;8
129903;-190029;49078;24987;8
127385;-189563;48921;25016;1
103219;-187312;47411;25157;2
124821;-193365;48761;24778;1
123149;-190135;48656;24980;2
125115;-176091;48779;25858;1
129352;-184033;49044;25361;2
115163;-172681;48157;26071;1
100083;-170593;47215;26201;2
99062;-191680;47151;24884;8
98990;-168870;47146;26309;8
119620;-188335;48436;25093;4
116967;-175058;48270;25922;4
98890;-165270;47140;26534;8
116401;-184542;48235;25330;8
106371;-174592;47608;25952;1
130459;-172197;49113;26101;2
127340;-180948;48918;25554;1
104174;-187326;47470;25156;4
98691;-173993;47128;25989;4
103821;-190419;47448;24962;1
129930;-189532;49080;25018;1
99898;-189881;47203;24996;4
98683;-190054;47127;24985;1
109412;-174114;47798;25981;1
98954;-168699;47144;26320;1
99338;-192497;47168;24832;1
108385;-173431;47734;26024;1
100683;-195083;47252;24671;2
98315;-184972;47104;25303;1
114247;-171337;48100;26155;1
98625;-172673;47124;26071;1
103483;-192622;47427;24825;4
130485;-182271;49115;25472;1
106237;-185588;47599;25264;4
126609;-176597;48873;25826;4
99846;-185839;47200;25249;8
120066;-196316;48464;24594;1
129332;-195043;49043;24673;2
119186;-163843;48409;26623;2
127775;-178829;48945;25687;4
119933;-195256;48455;24660;4
103031;-196166;47399;24603;4
102476;-190277;47364;24971;8
98818;-193843;47136;24748;8
98587;-176301;47121;25845;4
119552;-196146;48432;24604;2
104143;-193623;47468;24762;1
99178;-189435;47158;25024;1
113526;-193298;48055;24782;2
103854;-193639;47450;24761;4
102334;-192662;47355;24822;4
118547;-194058;48369;24735;8
99446;-195971;47175;24615;1
98749;-184321;47131;25343;1
104157;-188314;47469;25094;2
99523;-188021;47180;25112;2
128146;-190183;48969;24977;2
100330;-190828;47230;24937;8
101735;-187374;47318;25153;1
130450;-182367;49113;25466;1
104445;-196574;47487;24578;1
115469;-173699;48176;26007;1
103057;-180371;47401;25590;2
107461;-173982;47676;25990;4
131069;-192362;49151;24841;8
99627;-193798;47186;24751;8
103264;-187146;47414;25167;2
99560;-193058;47182;24797;2
128875;-188128;49014;25106;8
119312;-193484;48417;24771;1
121895;-193387;48578;24777;8
129455;-195955;49050;24616;4
115651;-172704;48188;26070;1
99429;-192508;47174;24832;8
109414;-173578;47798;26015;2
114895;-192316;48140;24844;1
100054;-164582;47213;26577;2
131054;-189818;49150;25000;2
127286;-195925;48915;24618;4
100100;-190742;47216;24942;4
115634;-182844;48187;25436;1
126533;-175590;48868;25889;2
113537;-191462;48056;24897;2
130941;-190225;49143;24974;1
116234;-172519;48224;26081;1
99953;-190683;47207;24946;4
128020;-189275;48961;25034;2
124432;-178675;48737;25696;1
127121;-193056;48905;24798;4
118167;-188099;48345;25107;4
129601;-195129;49060;24668;8
125323;-174335;48792;25968;2
106626;-174741;47624;25942;4
109303;-173701;47791;26007;8
118309;-195554;48354;24641;2
101798;-193340;47322;24780;4
100340;-188980;47231;25052;2
126908;-186396;48891;25214;1
98341;-190674;47106;24946;4
114283;-196232;48102;24599;2
98993;-190020;47147;24987;4
98607;-194322;47122;24718;1
98826;-181636;47136;25511;8
99926;-165200;47205;26539;4
127466;-193686;48926;24758;8
98608;-187762;47123;25128;1
98691;-164450;47128;26585;1
103225;-187870;47411;25122;4
128709;-177951;49004;25742;1
128764;-191418;49007;24900;1
125772;-174486;48820;25958;4
102493;-190459;47365;24960;2
101451;-192549;47300;24829;2
99019;-190676;47148;24946;8
102872;-182435;47389;25461;1
117693;-192805;48315;24813;4
110154;-173863;47844;25997;8
119527;-188611;48430;25075;1
104348;-192603;47481;24826;1
107785;-173131;47696;26043;1
125425;-196176;48799;24603;1
99753;-188394;47194;25089;4
99626;-164341;47186;26592;4
116004;-174412;48210;25963;8
113760;-191870;48070;24872;8
115926;-174524;48205;25956;1
100221;-192970;47223;24803;8
129774;-171690;49070;26133;4
128488;-189635;48990;25011;2
119591;-192110;48434;24857;1
116600;-183279;48247;25409;1
103918;-167927;47454;26368;2
129983;-192787;49083;24814;2
102738;-185194;47381;25289;1
125520;-196567;48805;24578;2
103306;-189703;47416;25007;4
103803;-186286;47447;25221;2
108339;-173164;47731;26041;1
122998;-192937;48647;24805;4
102050;-187641;47338;25136;1
130532;-177572;49118;25765;2
99213;-186050;47160;25235;2
119740;-192734;48443;24818;4
128592;-193713;48997;24756;8
126930;-176850;48893;25810;1
129747;-194111;49069;24732;8
115839;-171330;48199;26155;1
124052;-192684;48713;24821;4
124170;-178566;48720;25703;4
98719;-181965;47129;25491;1
116489;-178963;48240;25678;4
114899;-192297;48141;24845;2
129864;-195274;49076;24659;1
128112;-194251;48967;24723;4
98326;-172589;47105;26077;8
104163;-191438;47470;24899;1
112805;-173663;48010;26010;4
126566;-176509;48870;25832;1
103706;-175019;47441;25925;2
130216;-188706;49098;25069;4
130861;-195995;49138;24614;4
125146;-176776;48781;25815;4
113943;-191191;48081;24914;4
128448;-188367;48988;25091;4
98346;-167604;47106;26388;4
130030;-180987;49086;25552;8
124738;-177746;48756;25754;4
99974;-186917;47208;25181;4
124793;-195751;48759;24629;1
127730;-194544;48943;24705;8
121219;-193883;48536;24746;2
103266;-188135;47414;25105;2
115325;-178407;48167;25713;1
117294;-182431;48290;25462;1
128153;-190196;48969;24976;4
120549;-193023;48494;24800;8
102668;-180843;47376;25561;8
98503;-184478;47116;25334;1
128274;-185093;48977;25295;2
104516;-192588;47492;24827;4
125850;-178806;48825;25688;2
129728;-181202;49068;25538;4
125488;-174922;48803;25931;8
127471;-193251;48926;24785;4
126138;-193962;48843;24741;2
130103;-193788;49091;24752;2
100146;-186691;47219;25195;2
130662;-194219;49126;24725;2
130285;-189826;49102;24999;4
117034;-196251;48274;24598;2
120958;-192197;48519;24851;4
124784;-174299;48759;25970;1
100217;-194153;47223;24729;4
102156;-187337;47344;25155;4
129899;-174270;49078;25972;4
120357;-196040;48482;24611;4
114378;-191700;48108;24882;8
98879;-183731;47139;25380;4
130455;-188841;49113;25061;1
122108;-193878;48591;24746;8
130952;-187173;49144;25165;8
115923;-174918;48205;25931;1
102945;-190715;47394;24944;4
125628;-166874;48811;26434;1
115775;-173471;48195;26022;1
121869;-194664;48576;24697;4
114277;-191726;48102;24881;1
99423;-192238;47173;24849;2
99381;-195937;47171;24617;8
119938;-194496;48456;24708;2
101695;-195324;47315;24656;2
98462;-169588;47113;26264;2
120810;-195356;48510;24654;2
99007;-194336;47147;24718;8
107851;-195295;47700;24658;1
130492;-186269;49115;25222;8
125446;-174849;48800;25935;4
122925;-192982;48642;24802;8
128592;-195324;48997;24656;4
103004;-192289;47397;24845;8
98797;-195879;47134;24621;1
125139;-194913;48781;24681;2
129842;-180250;49075;25598;8
130324;-190889;49105;24933;2
127998;-193016;48959;24800;2
99141;-171304;47156;26157;2
122875;-190265;48639;24972;2
116671;-194641;48251;24698;1
103209;-190136;47410;24980;8
122278;-191499;48602;24895;2
120713;-193673;48504;24759;4
117796;-196466;48322;24584;8
129566;-190105;49057;24982;1
107457;-174130;47676;25980;1
103094;-188654;47403;25073;4
119649;-186839;48438;25186;1
120081;-187827;48465;25124;8
127326;-181442;48917;25523;8
103771;-191998;47445;24864;2
100425;-189520;47236;25019;4
101114;-190966;47279;24928;1
128107;-189983;48966;24990;2
129342;-192418;49043;24837;8
113717;-175716;48067;25881;4
108042;-172806;47712;26063;2
122167;-189999;48595;24989;8
98441;-167815;47112;26375;1
98907;-170084;47141;26233;2
98580;-189597;47121;25014;2
117886;-194599;48327;24701;4
102598;-183443;47372;25398;2
120163;-194847;48470;24686;2
103364;-186218;47420;25225;1
114672;-193873;48127;24746;1
123456;-191816;48676;24875;2
120314;-196050;48479;24610;2
114518;-171752;48117;26129;2
120046;-190540;48462;24955;8
115435;-177961;48174;25741;2
130046;-195297;49087;24657;4
116800;-180644;48260;25573;8
115220;-173222;48161;26037;2
103733;-191814;47443;24875;4
126993;-165267;48897;26534;4
101163;-193210;47282;24788;8
102356;-194597;47357;24701;1
125424;-195070;48799;24672;2
129970;-188185;49083;25102;1
114114;-176458;48092;25835;8
103144;-190752;47406;24942;2
99985;-192904;47209;24807;4
98795;-192005;47134;24863;1
98380;-189159;47108;25041;4
100547;-191393;47244;24901;2
100215;-193793;47223;24751;8
98468;-194953;47114;24679;4
117469;-195136;48301;24668;2
130288;-180878;49103;25559;4
102663;-188157;47376;25104;8
125094;-176286;48778;25846;2
129979;-181842;49083;25498;8
130834;-189478;49137;25021;8
100853;-188430;47263;25087;1
102476;-195302;47364;24657;2
113379;-189541;48046;25017;4
101920;-185888;47330;25246;1
103397;-190043;47422;24986;2
103056;-182498;47401;25457;8
118998;-196354;48397;24591;2
113819;-191976;48073;24865;1
127331;-196104;48918;24607;4
129851;-194220;49075;24725;1
129264;-194695;49039;24695;8
116454;-181619;48238;25512;2
101236;-191438;47287;24899;1
116106;-183643;48216;25386;2
129469;-184272;49051;25347;8
127121;-195118;48905;24669;2
130926;-184946;49142;25304;1
113613;-191724;48060;24881;2
130788;-187942;49134;25117;4
119402;-193585;48422;24764;4
115166;-173818;48157;26000;1
129058;-191803;49026;24876;1
131023;-189314;49148;25031;4
123655;-178240;48688;25724;2
98663;-192153;47126;24854;1
109591;-173624;47809;26012;8
117994;-188096;48334;25108;4
127544;-181866;48931;25497;4
129932;-186448;49080;25211;2
130389;-190323;49109;24968;1
130462;-190546;49113;24954;4
117259;-182338;48288;25467;1
102272;-188740;47352;25067;4
116847;-179255;48262;25660;8
129610;-179407;49060;25651;4
99971;-191693;47208;24883;1
124061;-192102;48713;24857;4
120377;-195924;48483;24618;1
108551;-172936;47744;26055;2
120674;-195588;48502;24639;1
127074;-194140;48902;24730;8
131005;-189654;49147;25010;2
118199;-194596;48347;24701;1
99858;-186193;47201;25226;8
106457;-187819;47613;25125;8
130596;-193688;49122;24758;8
130930;-192544;49143;24830;1
114202;-191724;48097;24881;4
102580;-175174;47371;25915;1
107620;-173095;47686;26045;1
124335;-196081;48730;24608;1
98898;-189832;47141;24999;2
127977;-194331;48958;24718;4
129231;-182075;49036;25484;1
125356;-196210;48794;24600;1
103261;-182469;47413;25459;8
121840;-180776;48575;25565;4
117582;-195877;48308;24621;2
106775;-173977;47633;25990;4
126924;-194568;48892;24703;1
128828;-182032;49011;25487;8
102365;-192109;47357;24857;1
100812;-188164;47260;25103;4
119019;-196605;48398;24576;2
100571;-189946;47245;24992;2
101639;-189329;47312;25030;4
118782;-190361;48383;24966;1
100449;-189185;47238;25039;8
127968;-193524;48958;24768;8
129357;-196517;49044;24581;2
113652;-175521;48063;25893;2
98951;-171046;47144;26173;1
128479;-192771;48989;24815;2
107598;-174410;47684;25963;4
129068;-193055;49026;24798;4
102451;-174873;47363;25934;4
101778;-189964;47321;24991;8
103631;-188474;47436;25084;2
103529;-191509;47430;24894;1
119156;-195820;48407;24625;4
114364;-175499;48107;25895;1
118645;-171293;48375;26158;8
120598;-181838;48497;25499;4
108960;-172902;47770;26057;4
100172;-187113;47220;25169;1
131024;-193058;49149;24797;4
120677;-192317;48502;24844;8
120210;-194836;48473;24686;8
103792;-191368;47447;24903;4
118467;-190878;48364;24934;2
99426;-189630;47174;25012;4
130337;-190977;49106;24927;2
100803;-189423;47260;25025;1
118738;-190348;48381;24967;4
98868;-190676;47139;24946;4
99195;-189365;47159;25028;1
120384;-195397;48484;24651;8
108620;-173408;47748;26026;1
119333;-185636;48418;25261;1
100475;-183616;47239;25388;8
100411;-192545;47235;24829;4
127466;-194423;48926;24712;8
120458;-192765;48488;24816;8
103489;-190213;47428;24975;1
129557;-192063;49057;24860;4
127209;-192033;48910;24861;2
115078;-172981;48152;26052;2
130159;-193700;49094;24757;1
113664;-191050;48064;24923;8
114892;-175034;48140;25924;4
98741;-186438;47131;25211;1
98394;-182533;47109;25455;8
131030;-186513;49149;25206;2
114595;-174814;48122;25938;1
99678;-188100;47189;25107;1
108843;-175185;47762;25914;2
102049;-194572;47338;24703;2
125292;-194737;48790;24692;4
102621;-182463;47373;25460;8
130868;-193415;49139;24775;1
130109;-190514;49091;24956;4
104339;-192805;47481;24813;8
130319;-195810;49104;24625;4
117332;-176447;48293;25836;8
128529;-190022;48993;24987;4
113464;-189899;48051;24995;4
100777;-193346;47258;24779;4
128091;-190099;48965;24982;1
130963;-182848;49145;25436;2
98413;-186384;47110;25215;2
119781;-187365;48446;25153;1
102773;-188641;47383;25073;4
114248;-193895;48100;24745;8
128659;-180830;49001;25562;1
98563;-194476;47120;24709;2
98384;-164894;47109;26558;8
98393;-166387;47109;26464;2
103217;-184901;47411;25307;4
121539;-193748;48556;24754;8
130628;-182753;49124;25441;2
104821;-192976;47511;24803;2
124709;-193118;48754;24794;2
98929;-186492;47143;25208;8
130252;-181532;49100;25518;4
131008;-193143;49148;24792;8
130482;-179536;49115;25643;4
98469;-172652;47114;26073;2
103278;-190292;47414;24970;1
122276;-195662;48602;24635;4
106360;-185337;47607;25280;1
120061;-167873;48463;26371;1
100436;-192393;47237;24839;8
100747;-190179;47256;24977;8
129818;-189098;49073;25045;8
117400;-194945;48297;24679;2
103450;-191471;47425;24897;4
119174;-196414;48408;24588;4
119112;-192685;48404;24821;8
115346;-174791;48169;25939;8
101883;-195840;47327;24624;1
107877;-173322;47702;26031;4
130258;-179010;49101;25675;2
113561;-175440;48057;25899;4
107283;-175649;47665;25885;2
103275;-181435;47414;25524;1
118662;-194723;48376;24693;4
129585;-192397;49059;24839;8
125211;-174434;48785;25961;8
116748;-182241;48256;25473;2
128969;-182008;49020;25488;4
130099;-194520;49091;24706;2
98942;-184730;47143;25318;2
127565;-196448;48932;24586;1
98714;-173304;47129;26032;8
117062;-175655;48276;25885;8
122370;-187454;48608;25148;1
99577;-170831;47183;26187;1
103720;-187874;47442;25121;8
130061;-195292;49088;24658;8
113191;-190324;48034;24968;4
127832;-181416;48949;25525;2
126054;-174845;48838;25936;1
104008;-191652;47460;24885;4
103127;-189356;47405;25029;2
128610;-188777;48998;25065;1
129616;-195840;49061;24624;8
101156;-179243;47282;25661;1
119500;-185423;48428;25275;8
117082;-195331;48277;24655;8
119190;-184771;48409;25315;4
100292;-195978;47228;24615;2
103613;-186278;47435;25221;1
125245;-175227;48787;25912;1
100711;-188825;47254;25062;2
102223;-196257;47348;24597;2
103224;-194001;47411;24738;8
100097;-192833;47216;24811;1
99554;-186653;47182;25198;4
107036;-176115;47649;25856;4
112702;-173667;48003;26009;4
100694;-194477;47253;24709;4
121278;-194800;48539;24689;4
119271;-195486;48414;24646;4
101130;-190577;47280;24952;8
126698;-195027;48878;24674;2
131033;-177645;49149;25761;1
103951;-194001;47456;24738;4
115499;-172334;48178;26093;8
119610;-195360;48435;24654;1
120849;-190492;48513;24958;1
101317;-188073;47292;25109;1
128678;-188931;49002;25055;8
102991;-189748;47396;25004;4
103100;-192215;47403;24850;1
112043;-173474;47962;26021;8
102844;-188942;47387;25055;4
99144;-193261;47156;24785;1
124428;-175156;48736;25916;8
127979;-191111;48958;24919;2
99194;-194477;47159;24709;2
113538;-191966;48056;24866;2
99797;-193167;47197;24791;8
124679;-195851;48752;24623;2
100782;-187804;47258;25126;2
119524;-185094;48430;25295;2
98572;-184480;47120;25334;8
98766;-171578;47132;26140;8
120078;-191016;48464;24925;4
129125;-181908;49030;25494;4
104617;-191886;47498;24871;1
103493;-189225;47428;25037;2
118028;-188959;48336;25054;8
128425;-190541;48986;24955;8
98394;-185481;47109;25271;1
131049;-195051;49150;24673;8
129536;-180384;49056;25590;1
118232;-173958;48349;25991;2
130464;-182609;49114;25450;4
122347;-187409;48606;25150;4
118986;-195972;48396;24615;1
122117;-191686;48592;24883;8
125989;-176329;48834;25843;4
130490;-191971;49115;24865;4
126881;-165323;48890;26531;4
114211;-195796;48098;24626;8
126565;-177087;48870;25796;1
127942;-196245;48956;24598;1
115184;-173311;48159;26032;4
98858;-165351;47138;26529;8
115487;-172161;48177;26103;4
100005;-194145;47210;24729;8
100464;-195702;47239;24632;8
123368;-191533;48670;24893;4
119265;-184643;48414;25323;1
98627;-169403;47124;26276;1
129435;-190401;49049;24963;2
102808;-195309;47385;24657;8
127788;-185729;48946;25255;4
130200;-191974;49097;24865;8
102124;-186730;47342;25193;1
98557;-195903;47119;24620;2
100553;-190225;47244;24974;1
129618;-194798;49061;24689;4
119879;-194198;48452;24726;2
130213;-187566;49098;25141;1
126371;-176267;48858;25847;4
129387;-182386;49046;25464;1
102861;-196453;47388;24585;4
104078;-192153;47464;24854;1
114312;-176019;48104;25862;2
103832;-186575;47449;25203;4
98445;-185252;47112;25285;2
119154;-193353;48407;24779;1
113269;-174485;48039;25958;4
103337;-187811;47418;25125;8
101621;-193324;47311;24781;4
103592;-189177;47434;25040;4
102568;-187267;47370;25159;4
117589;-193824;48309;24750;8
126605;-196086;48872;24608;4
130063;-193999;49088;24739;2
101830;-189397;47324;25026;8
122820;-192330;48636;24843;2
98345;-184809;47106;25313;4
103821;-192862;47448;24810;4
109031;-173277;47774;26034;1
105382;-195943;47546;24617;1
127181;-185113;48908;25294;8
116536;-173148;48243;26042;1
118847;-190835;48387;24936;2
127935;-189237;48955;25036;4
100458;-186657;47238;25197;1
101153;-188695;47282;25070;2
123203;-195260;48660;24660;1
112944;-189647;48019;25011;4
119322;-186170;48417;25228;1
108831;-178757;47761;25691;4
130835;-186787;49137;25189;1
120130;-163930;48468;26618;2
118317;-193299;48354;24782;1
121582;-194531;48558;24705;8
107131;-173604;47655;26013;1
115423;-172422;48173;26087;8
115165;-164116;48157;26606;1
106933;-175479;47643;25896;8
123089;-190676;48653;24946;2
119356;-184557;48419;25329;1
99179;-190411;47158;24963;4
99799;-192044;47197;24861;2
104408;-195998;47485;24614;8
103509;-193614;47429;24763;2
98820;-186545;47136;25204;1
101888;-186909;47328;25182;2
101026;-188311;47274;25094;4
127024;-193999;48899;24739;4
127777;-194677;48946;24696;4
119572;-186965;48433;25178;2
101422;-194820;47298;24687;8
131052;-195571;49150;24640;4
98678;-170140;47127;26230;1
99238;-167831;47162;26374;8
130548;-196308;49119;24594;8
129587;-184081;49059;25358;1
117609;-196259;48310;24597;4
128420;-190287;48986;24971;4
121628;-188765;48561;25066;4
103639;-188550;47437;25079;2
106882;-174557;47640;25954;8
102454;-187716;47363;25131;8
127046;-179621;48900;25637;4
118487;-169203;48365;26288;8
109138;-172841;47781;26061;1
121496;-195131;48553;24668;2
103346;-186705;47419;25194;2
98769;-181588;47133;25514;4
119566;-166607;48432;26451;8
121135;-194548;48530;24704;2
118106;-171821;48341;26125;1
103595;-191457;47434;24897;1
129737;-193821;49068;24750;4
130533;-192866;49118;24809;2
129535;-193369;49055;24778;2
126236;-195499;48849;24645;8
119637;-185521;48437;25268;1
121754;-193598;48569;24764;4
129740;-187314;49068;25156;1
130830;-179215;49136;25663;8
124400;-196178;48735;24602;1
100632;-190690;47249;24945;4
128197;-191035;48972;24924;1
99090;-165717;47153;26506;1
109237;-174235;47787;25974;4
98480;-171211;47115;26163;1
115506;-178291;48179;25720;4
102424;-192230;47361;24849;8
119604;-183102;48435;25420;4
114929;-177863;48143;25747;2
128571;-194031;48995;24737;4
104526;-192926;47492;24806;4
98736;-181516;47131;25519;4
120963;-196513;48520;24581;4
116724;-176308;48255;25844;2
125741;-180163;48818;25603;1
103449;-191981;47425;24865;1
103878;-192117;47452;24856;4
104625;-193806;47499;24751;8
98530;-168242;47118;26348;1
101793;-195470;47322;24647;8
119041;-189920;48400;24994;4
119141;-186556;48406;25204;8
116689;-175930;48253;25868;8
130404;-174191;49110;25977;8
128822;-189211;49011;25038;2
99991;-193531;47209;24768;2
118154;-189166;48344;25041;1
130563;-183160;49120;25416;2
104891;-192657;47515;24822;4
108315;-195441;47729;24648;8
102206;-192518;47347;24831;2
101627;-193240;47311;24786;2
101446;-193844;47300;24748;2
127290;-181108;48915;25544;8
118192;-169140;48347;26292;8
102007;-188157;47335;25104;8
122075;-192747;48589;24817;8
98331;-166895;47105;26433;4
101430;-194030;47299;24737;4
128211;-193017;48973;24800;1
98988;-183479;47146;25396;2
125407;-173027;48797;26049;8
99089;-190333;47153;24968;8
126505;-196532;48866;24580;1
98461;-168300;47113;26345;8
128130;-195216;48968;24663;4
99765;-191606;47195;24888;4
124736;-195976;48756;24615;8
107432;-175521;47674;25893;8
129374;-183799;49045;25376;8
125015;-177189;48773;25789;1
126638;-194880;48874;24684;2
103615;-193950;47435;24742;4
100037;-189105;47212;25044;8
116087;-172777;48215;26065;8
99106;-191652;47154;24885;4
129604;-192555;49060;24829;2
98336;-180734;47106;25568;2
98342;-179284;47106;25658;2
119816;-187807;48448;25126;2
113511;-191766;48054;24878;4
98548;-166597;47119;26451;8
125716;-180458;48817;25585;2
125119;-175335;48779;25905;1
101911;-188216;47329;25100;1
108737;-163877;47756;26621;8
99071;-188001;47151;25113;1
129475;-188108;49052;25107;8
127384;-194411;48921;24713;4
126958;-177031;48894;25799;2
113885;-176161;48077;25853;4
103279;-195392;47414;24652;1
104518;-190286;47492;24971;1
114960;-174943;48145;25930;4
101741;-193294;47318;24783;2
116955;-193128;48269;24793;2
119122;-193418;48405;24775;8
128451;-195053;48988;24673;2
127760;-192578;48945;24827;8
125760;-194809;48820;24688;8
113777;-191321;48071;24906;4
125777;-194502;48821;24707;4
103974;-186619;47458;25200;4
109285;-178616;47790;25700;1
102171;-195024;47345;24675;1
129092;-188656;49028;25073;1
129400;-196423;49047;24587;1
120504;-190154;48491;24979;2
130862;-195576;49138;24640;2
127802;-196198;48947;24601;8
100474;-189435;47239;25024;4
98802;-187536;47135;25143;1
102517;-190039;47367;24986;8
108818;-172642;47761;26073;1
125755;-196239;48819;24599;2
127282;-193585;48915;24764;4
101325;-188514;47292;25081;4
121050;-190739;48525;24942;8
122644;-194598;48625;24701;8
114506;-194028;48116;24737;4
119609;-186405;48435;25213;8
115555;-174821;48182;25937;2
100209;-192773;47223;24815;4
104284;-186703;47477;25195;1
107929;-173256;47705;26035;1
120502;-194802;48491;24688;1
99476;-189520;47177;25019;2
98617;-165645;47123;26511;2
99552;-187983;47182;25115;2
130648;-183293;49125;25408;4
113198;-191833;48034;24874;4
126771;-194173;48883;24728;2
127493;-179001;48928;25676;4
115807;-163913;48197;26619;4
130879;-187089;49139;25170;4
116917;-195468;48267;24647;8
119628;-190865;48436;24934;4
100521;-190413;47242;24963;1
107529;-174015;47680;25988;8
129184;-177515;49034;25769;1
123180;-189697;48658;25007;2
98774;-169819;47133;26250;4
108432;-163969;47737;26615;8
104075;-192791;47464;24814;8
113595;-191623;48059;24887;4
99078;-180757;47152;25566;2
112989;-190591;48021;24952;2
122621;-190587;48623;24952;8
129765;-192481;49070;24833;2
113741;-191288;48068;24908;8
100397;-183160;47234;25416;2
122430;-190186;48611;24977;1
110963;-194436;47895;24711;2
119978;-184566;48458;25328;8
126938;-177020;48893;25800;4
99315;-164056;47167;26610;2
127785;-195792;48946;24627;2
119270;-183755;48414;25379;8
119851;-187519;48450;25144;1
102798;-194487;47384;24708;8
98419;-170479;47111;26209;8
124559;-192189;48744;24852;1
108018;-176425;47711;25837;8
99322;-192875;47167;24809;1
119958;-192851;48457;24810;4
102131;-193190;47343;24789;4
129804;-190545;49072;24954;2
117476;-194998;48302;24676;2
130024;-195003;49086;24676;4
102708;-182031;47379;25487;4
116229;-175537;48224;25892;1
123010;-193957;48648;24741;2
99785;-188443;47196;25086;4
101725;-186027;47317;25237;1
102343;-187267;47356;25159;8
104418;-192731;47486;24818;4
127484;-181634;48927;25511;1
98650;-179719;47125;25631;2
131026;-184244;49149;25348;1
108735;-173011;47755;26050;4
101814;-187485;47323;25146;4
100282;-188267;47227;25097;4
116829;-182061;48261;25485;8
102573;-196123;47370;24606;2
100753;-192681;47257;24821;1
99044;-168481;47150;26333;8
130299;-188212;49103;25100;8
98733;-170095;47130;26233;8
115131;-168842;48155;26311;4
98602;-167383;47122;26402;4
122338;-190074;48606;24984;1
115435;-191935;48174;24868;2
119097;-189620;48403;25012;2
129991;-193822;49084;24750;2
98304;-191884;47104;24871;8
103139;-186565;47406;25203;2
104285;-188781;47477;25065;1
103842;-196305;47450;24594;4
116262;-174604;48226;25951;2
119186;-195859;48409;24622;4
127106;-193826;48904;24749;2
98384;-170769;47109;26190;8
129341;-192053;49043;24860;1
114373;-175213;48108;25913;2
104633;-194394;47499;24714;1
112799;-175787;48009;25877;4
101819;-195032;47323;24674;8
118496;-189336;48366;25030;2
98689;-188345;47128;25092;2
115115;-164013;48154;26613;8
101529;-196253;47305;24598;4
122918;-192373;48642;24840;4
130283;-195678;49102;24634;4
117089;-176877;48278;25809;2
98443;-186316;47112;25219;2
125067;-181118;48776;25544;8
127443;-193659;48925;24760;8
98987;-193358;47146;24779;8
121424;-180774;48549;25565;1
98439;-176026;47112;25862;8
128460;-182257;48988;25472;4
122116;-194634;48592;24699;8
113723;-190929;48067;24930;8
98615;-167527;47123;26393;1
101791;-187829;47321;25124;2
101921;-192794;47330;24814;2
124204;-178087;48722;25733;8
109311;-174317;47791;25969;1
102968;-193681;47395;24758;8
102627;-181956;47374;25491;8
118678;-195871;48377;24622;1
102780;-181529;47383;25518;1
119304;-185493;48416;25270;4
130971;-185892;49145;25245;4
130562;-192971;49120;24803;8
128459;-194343;48988;24717;1
98580;-187301;47121;25157;4
101067;-165332;47276;26530;8
130904;-185346;49141;25279;8
129586;-188986;49059;25052;1
122198;-192888;48597;24808;2
106134;-168824;47593;26312;1
130621;-183832;49123;25374;8
99530;-187441;47180;25148;8
128013;-189818;48960;25000;2
102736;-182200;47381;25476;1
98748;-188862;47131;25060;2
127224;-188775;48911;25065;2
103235;-191627;47412;24887;8
130249;-192322;49100;24843;8
116435;-194952;48237;24679;4
101617;-188808;47311;25063;1
103328;-181775;47418;25503;4
103857;-188124;47451;25106;2
130326;-189423;49105;25025;2
129528;-184336;49055;25343;2
99808;-192040;47198;24861;2
116206;-174590;48222;25952;4
102133;-192888;47343;24808;4
98744;-168588;47131;26327;2
127510;-195055;48929;24673;4
101043;-195614;47275;24638;8
119748;-191875;48444;24871;2
99882;-196209;47202;24600;1
129681;-194126;49065;24731;8
124981;-176197;48771;25851;2
102902;-192568;47391;24828;8
101665;-195008;47314;24676;1
128749;-191583;49006;24890;1
129777;-194024;49071;24737;2
101264;-193048;47289;24798;8
127455;-193067;48925;24797;1
130399;-195619;49109;24637;8
127442;-193276;48925;24784;1
98593;-165896;47122;26495;1
102465;-189148;47364;25042;4
128057;-192024;48963;24862;4
116357;-174663;48232;25947;4
103553;-189827;47432;24999;1
124267;-177293;48726;25783;4
102753;-188637;47382;25074;8
122731;-194468;48630;24709;2
129898;-187251;49078;25160;1
128549;-186840;48994;25186;4
100004;-193753;47210;24754;4
100404;-189300;47235;25032;2
99606;-194952;47185;24679;4
99832;-192226;47199;24849;8
122842;-196346;48637;24592;1
108393;-195333;47734;24655;1
98845;-169305;47137;26282;8
115114;-174142;48154;25980;1
101973;-194708;47333;24694;4
113103;-174493;48028;25958;8
127349;-193067;48919;24797;8
116556;-173236;48244;26036;8
98351;-191740;47106;24880;1
98839;-171902;47137;26120;4
130776;-188960;49133;25054;8
115833;-176602;48199;25826;1
127623;-188904;48936;25057;4
104314;-195285;47479;24658;8
127051;-192376;48900;24840;4
128878;-182942;49014;25430;8
123200;-191543;48660;24892;1
99735;-185260;47193;25285;8
115341;-178916;48168;25681;1
98668;-190569;47126;24953;1
98869;-188646;47139;25073;8
99740;-187738;47193;25130;8
126745;-193892;48881;24745;2
99180;-195704;47158;24632;1
101819;-190240;47323;24974;2
113637;-175922;48062;25868;4
124585;-174392;48746;25964;4
103011;-192398;47398;24839;8
98923;-190136;47142;24980;2
120183;-185074;48471;25296;4
101232;-190385;47287;24964;1
98680;-171067;47127;26172;8
117790;-173771;48321;26003;2
100949;-195534;47269;24643;8
129580;-179026;49058;25674;8
102053;-188131;47338;25105;8
101906;-187068;47329;25172;2
129724;-185729;49067;25255;2
120693;-192772;48503;24815;2
104170;-188973;47470;25053;1
101636;-190268;47312;24972;8
129714;-180204;49067;25601;8
128868;-195568;49014;24641;1
102716;-182186;47379;25477;1
98490;-165126;47115;26543;4
128444;-187631;48987;25137;1
128361;-196036;48982;24611;4
99401;-195633;47172;24636;8
119663;-185166;48438;25291;1
129872;-196223;49077;24600;8
98354;-174352;47107;25967;1
103569;-186893;47433;25183;8
100468;-194666;47239;24697;8
100490;-187618;47240;25137;8
104538;-187919;47493;25119;4
120575;-192360;48495;24841;1
124513;-196291;48742;24595;4
125230;-193299;48786;24782;4
112659;-189625;48001;25012;1
129519;-190104;49054;24982;4
123782;-191766;48696;24878;4
125740;-175333;48818;25905;1
98482;-186226;47115;25224;1
115344;-178691;48169;25695;2
128092;-188998;48965;25051;1
125002;-195682;48772;24633;2
99122;-188902;47155;25057;1
124983;-166577;48771;26452;2
101618;-187152;47311;25167;4
111718;-173658;47942;26010;1
99062;-192874;47151;24809;2
118135;-193678;48343;24759;2
123970;-196162;48708;24603;2
124954;-181395;48769;25526;1
126225;-175898;48849;25870;2
116950;-193091;48269;24795;2
100177;-164977;47221;26552;1
125773;-196600;48820;24576;1
100808;-189075;47260;25046;8
98339;-165220;47106;26537;4
100527;-192519;47242;24831;4
104880;-195440;47515;24649;4
130633;-187969;49124;25115;1
103119;-194655;47404;24698;4
102705;-190586;47379;24952;4
118947;-191795;48394;24876;8
99862;-192269;47201;24847;4
119827;-186377;48449;25215;1
115136;-193295;48156;24783;2
100953;-194749;47269;24692;4
130214;-194668;49098;24697;4
113271;-189321;48039;25031;8
121339;-194302;48543;24720;1
130426;-184021;49111;25362;2
104388;-188457;47484;25085;1
101112;-188592;47279;25077;4
108809;-196101;47760;24607;8
113084;-174799;48027;25939;2
100087;-191497;47215;24895;2
99022;-184104;47148;25357;1
98587;-190125;47121;24981;2
125296;-174970;48791;25928;2
124972;-176633;48770;25824;8
100158;-189372;47219;25028;2
115462;-178793;48176;25689;8
129241;-195236;49037;24661;4
121452;-180745;48550;25567;1
98412;-195237;47110;24661;2
126979;-191898;48896;24870;4
100716;-196411;47254;24588;8
119804;-193567;48447;24766;8
104799;-195746;47509;24629;1
128468;-193737;48989;24755;2
99460;-186549;47176;25204;8
100975;-192709;47270;24819;4
120776;-188684;48508;25071;4
119071;-186503;48401;25207;2
119870;-187161;48451;25166;4
128745;-188243;49006;25098;2
101378;-192101;47296;24857;1
100753;-195773;47257;24628;2
129416;-193292;49048;24783;2
99237;-188384;47162;25090;2
103533;-190736;47430;24943;1
101765;-195231;47320;24662;4
100461;-182931;47238;25430;4
100986;-189613;47271;25013;8
99144;-170010;47156;26238;2
129760;-190024;49070;24987;2
120951;-190797;48519;24939;4
98656;-170866;47126;26184;4
103045;-185614;47400;25263;4
125803;-194574;48822;24703;2
115292;-178825;48165;25687;8
100032;-193472;47212;24772;8
116109;-175194;48216;25914;8
102502;-193295;47366;24783;1
130592;-188505;49122;25082;8
99080;-167890;47152;26370;2
124819;-195342;48761;24655;4
107679;-175130;47689;25918;1
101318;-187264;47292;25160;8
107396;-174433;47672;25961;8
128032;-195205;48962;24663;4
102658;-191585;47376;24889;4
125712;-174686;48817;25946;8
116670;-182534;48251;25455;8
116792;-181740;48259;25505;2
116179;-173560;48221;26016;4
108067;-175365;47714;25903;4
99267;-185313;47164;25281;2
120233;-193081;48474;24796;2
122265;-190295;48601;24970;1
105447;-179176;47550;25665;2
130284;-181773;49102;25503;8
125196;-196478;48784;24584;1
123769;-191917;48695;24869;2
99633;-169730;47187;26255;1
98977;-180587;47146;25577;8
101790;-194048;47321;24736;2
114442;-192562;48112;24828;8
122150;-196209;48594;24600;2
128501;-185030;48991;25299;1
117053;-183004;48275;25426;2
102503;-187963;47366;25116;4
127489;-181039;48928;25549;2
104121;-189325;47467;25031;4
102212;-186486;47348;25208;4
101983;-195973;47333;24615;2
123211;-194950;48660;24679;8
127743;-191587;48943;24889;4
128589;-192556;48996;24829;4
99914;-190855;47204;24935;1
128626;-195616;48999;24638;1
101197;-187267;47284;25159;8
104668;-194930;47501;24680;8
113390;-190397;48046;24964;1
130061;-178951;49088;25679;1
99047;-192505;47150;24832;8
99480;-189668;47177;25009;1
130149;-190501;49094;24957;2
126237;-195536;48849;24643;1
119955;-185445;48457;25273;4
101818;-191446;47323;24898;8
100054;-191919;47213;24869;8
101674;-189374;47314;25028;2
115477;-192437;48177;24836;8
121188;-186658;48534;25197;8
117587;-196297;48309;24595;2
129654;-185993;49063;25239;2
124393;-177290;48734;25783;1
111022;-194517;47898;24706;2
99136;-169214;47156;26288;1
102023;-195864;47336;24622;8
99962;-195508;47207;24644;1
117930;-194947;48330;24679;4
113653;-191257;48063;24910;2
126466;-176087;48864;25858;2
99016;-165374;47148;26528;2
101316;-192882;47292;24808;4
103415;-181379;47423;25527;4
119581;-195108;48433;24669;1
126739;-195990;48881;24614;4
100409;-189943;47235;24992;8
119213;-189744;48410;25005;8
103662;-185930;47438;25243;2
99629;-195114;47186;24669;4
116194;-173344;48222;26030;1
100745;-191662;47256;24885;4
114232;-191943;48099;24867;2
103753;-191574;47444;24890;8
115326;-179348;48167;25654;2
101187;-193785;47284;24752;4
98441;-195019;47112;24675;8
102758;-184965;47382;25303;2
99844;-189762;47200;25003;2
131017;-190376;49148;24965;4
120963;-194306;48520;24719;4
98843;-187119;47137;25169;1
100166;-192328;47220;24843;2
117363;-176404;48295;25838;4
103615;-190659;47435;24947;2
122671;-190122;48626;24981;2
100945;-189531;47269;25018;2
127997;-193195;48959;24789;4
124940;-177515;48768;25769;4
110983;-173571;47896;26015;1
120972;-196467;48520;24584;2
123836;-196475;48699;24584;2
108390;-175148;47734;25917;4
104071;-192395;47464;24839;8
99842;-185362;47200;25278;8
117997;-194325;48334;24718;4
127820;-196419;48948;24587;1
102033;-188329;47337;25093;8
99194;-191135;47159;24918;8
101644;-191889;47312;24870;1
129821;-179777;49073;25627;2
99579;-193656;47183;24760;4
119687;-185486;48440;25271;2
123471;-195741;48676;24630;4
130631;-195022;49124;24675;8
116820;-184533;48261;25330;4
98500;-194088;47116;24733;4
99749;-190402;47194;24963;8
125801;-175791;48822;25877;8
128332;-194110;48980;24732;2
127428;-181764;48924;25503;1
98656;-190105;47126;24982;2
104276;-187037;47477;25174;8
128174;-189858;48970;24997;1
127809;-181689;48948;25508;2
104199;-187586;47472;25139;8
102441;-186971;47362;25178;4
103491;-192069;47428;24859;2
124770;-193580;48758;24765;2
99644;-170302;47187;26220;2
118196;-188111;48347;25107;1
116708;-183242;48254;25411;8
120581;-195710;48496;24632;1
103144;-188720;47406;25069;8
101754;-186440;47319;25211;1
130950;-189999;49144;24989;1
125294;-195501;48790;24645;8
116390;-176466;48234;25834;1
100889;-189404;47265;25026;8
119431;-188869;48424;25059;2
119348;-194964;48419;24678;8
98608;-165879;47123;26496;8
119974;-193038;48458;24799;1
118622;-193243;48373;24786;2
103562;-191606;47432;24888;1
108768;-163879;47758;26621;4
127583;-193626;48933;24762;8
120023;-194155;48461;24729;2
131059;-195532;49151;24643;8
121176;-195097;48533;24670;2
126408;-195513;48860;24644;8
116731;-173795;48255;26001;2
116304;-179252;48229;25660;8
98432;-173040;47112;26049;8
116883;-180742;48265;25567;4
128806;-196245;49010;24598;2
101157;-192163;47282;24853;2
119524;-191949;48430;24867;2
128327;-191855;48980;24873;4
102730;-185643;47380;25261;4
99723;-193947;47192;24742;4
101292;-187905;47290;25119;4
103655;-188104;47438;25107;8
101880;-189350;47327;25029;1
109113;-173580;47779;26015;4
114975;-173457;48145;26022;2
130246;-174819;49100;25937;4
129622;-196400;49061;24589;1
128780;-192356;49008;24841;4
100692;-188738;47253;25067;8
130452;-181774;49113;25503;8
121449;-192594;48550;24826;8
99254;-170611;47163;26200;4
129996;-189066;49084;25047;2
122189;-193451;48596;24773;4
129396;-191270;49047;24909;2
102147;-185262;47344;25285;4
123924;-196267;48705;24597;2
121597;-164234;48559;26599;8
102387;-192999;47359;24801;4
125995;-175628;48834;25887;8
102001;-195198;47335;24664;4
98904;-196491;47141;24583;2
129878;-180113;49077;25606;4
119927;-167725;48455;26381;1
129255;-193305;49038;24782;1
117322;-195144;48292;24667;1
98724;-188871;47130;25059;2
102971;-183459;47395;25397;4
99699;-195909;47191;24619;2
123357;-195228;48669;24662;4
112549;-166093;47994;26483;4
103124;-196570;47405;24578;4
101449;-196414;47300;24588;4
100576;-196205;47246;24601;1
125653;-174730;48813;25943;1
130222;-174430;49098;25962;4
101517;-188088;47304;25108;2
123714;-190333;48692;24968;1
99784;-164053;47196;26610;1
119613;-184362;48435;25341;4
128875;-196358;49014;24591;1
129104;-195291;49029;24658;1
126390;-175938;48859;25867;2
126606;-176399;48872;25839;2
107032;-173709;47649;26007;2
98989;-192907;47146;24807;2
114765;-192573;48132;24828;4
100423;-187091;47236;25170;8
118489;-187451;48365;25148;8
102549;-182873;47369;25434;4
126978;-194758;48896;24691;8
119909;-196126;48454;24606;1
116480;-181519;48240;25519;4
128513;-188922;48992;25056;2
114918;-191405;48142;24901;8
98917;-190032;47142;24987;1
99205;-187880;47160;25121;2
124429;-196131;48736;24605;1
115813;-179751;48198;25629;1
123520;-191995;48680;24864;8
98829;-170120;47136;26231;4
101601;-188327;47310;25093;8
127055;-175176;48900;25915;8
116886;-175029;48265;25924;4
129516;-180221;49054;25600;4
118954;-190010;48394;24988;4
119614;-196413;48435;24588;4
121944;-195190;48581;24664;8
114707;-176444;48129;25836;2
128711;-191805;49004;24876;4
99814;-188672;47198;25072;8
116289;-174522;48228;25956;2
104096;-190865;47466;24934;1
103781;-192912;47446;24807;8
98377;-191312;47108;24907;1
99370;-190297;47170;24970;8
121462;-190879;48551;24934;8
99237;-187660;47162;25135;4
127678;-188878;48939;25059;8
117130;-194963;48280;24678;2
100245;-190293;47225;24970;1
117721;-194732;48317;24693;2
98793;-191552;47134;24892;8
98517;-194351;47117;24717;2
120772;-194620;48508;24700;1
122781;-189963;48633;24991;8
103091;-186032;47403;25237;1
99339;-189012;47168;25050;1
117424;-192958;48299;24804;8
130771;-191650;49133;24885;1
119661;-191639;48438;24886;1
101857;-188428;47326;25087;1
124387;-192515;48734;24831;4
118985;-192999;48396;24801;4
113908;-176063;48079;25860;1
100180;-196261;47221;24597;2
102402;-195788;47360;24627;4
98578;-164078;47121;26609;2
102011;-193453;47335;24773;1
103101;-195375;47403;24653;8
104319;-193648;47479;24761;1
130004;-196465;49085;24584;2
103435;-192916;47424;24806;4
103668;-194161;47439;24728;1
116595;-179681;48247;25633;2
120579;-196555;48496;24579;2
122857;-191115;48638;24919;1
101664;-191461;47314;24897;2
104147;-192383;47469;24840;2
128435;-182153;48987;25479;4
120880;-195513;48515;24644;1
102145;-188326;47344;25093;4
124875;-176753;48764;25816;1
116087;-182537;48215;25455;4
115726;-175748;48192;25879;8
129076;-193565;49027;24766;8
117934;-195309;48330;24657;2
123128;-191355;48655;24904;8
128453;-190502;48988;24957;2
112687;-174803;48002;25938;8
98835;-195301;47137;24657;4
127135;-186862;48905;25185;8
104279;-187191;47477;25164;4
100231;-187432;47224;25149;1
119612;-192347;48435;24842;8
98650;-188106;47125;25107;4
119179;-196415;48408;24588;2
99479;-194130;47177;24730;2
125256;-176783;48788;25815;1
115829;-173410;48199;26025;4
104830;-192755;47511;24816;4
100177;-193192;47221;24789;2
130421;-182704;49111;25445;2
99016;-186559;47148;25204;4
105967;-168750;47582;26317;8
129567;-182926;49057;25431;4
103074;-192330;47402;24843;4
119730;-186197;48443;25226;8
100381;-187709;47233;25132;1
100386;-187845;47234;25123;1
117601;-192780;48310;24815;8
102194;-187978;47347;25115;4
104330;-192992;47480;24802;2
98450;-165890;47113;26495;1
114370;-175394;48108;25901;8
103532;-195219;47430;24662;8
121547;-193686;48556;24758;1
120907;-192935;48516;24805;8
104855;-194973;47513;24678;4
103119;-190724;47404;24943;2
99038;-180289;47149;25595;1
124380;-178055;48733;25735;1
107377;-173598;47671;26014;8
115470;-174521;48176;25956;8
123754;-190120;48694;24981;2
100675;-189037;47252;25049;2
115265;-192478;48164;24834;8
114630;-175573;48124;25890;4
120816;-181657;48511;25510;2
108499;-195749;47741;24629;8
116975;-180055;48270;25610;2
104686;-191812;47502;24875;1
98406;-185415;47110;25275;8
128348;-188495;48981;25083;8
103306;-186919;47416;25181;1
103086;-193345;47402;24779;8
99772;-190075;47195;24984;4
102812;-184937;47385;25305;4
101258;-194161;47288;24728;1
124337;-178058;48731;25735;8
119697;-189232;48441;25037;8
129925;-181736;49080;25505;8
117514;-196367;48304;24591;8
99441;-189608;47175;25013;2
98950;-166674;47144;26446;4
129099;-181955;49028;25491;2
129583;-181280;49058;25534;8
108828;-174491;47761;25958;4
101484;-190868;47302;24934;2
118837;-188624;48387;25075;2
103382;-186760;47421;25191;1
129322;-181173;49042;25540;8
129224;-193684;49036;24758;8
125395;-175664;48797;25885;4
102716;-181657;47379;25510;1