124074;-181720;48714;25506;1
118680;-168166;48377;26353;2
108757;-167556;47757;26391;4
106867;-172517;47639;26081;2
109145;-169669;47781;26259;4
123271;-182385;48664;25464;1
124361;-173371;48732;26028;1
115586;-182361;48184;25466;1
106042;-176697;47587;25820;2
106707;-173419;47629;26025;4
115716;-183575;48192;25390;1
109392;-169924;47797;26243;2
106825;-175864;47636;25872;2
123183;-193908;48658;24744;4
116196;-178401;48222;25713;2
112479;-168143;47989;26355;8
123927;-181457;48705;25522;4
109825;-170063;47824;26235;2
125112;-173053;48779;26048;2
115077;-179352;48152;25654;8
124777;-172998;48758;26051;1
120486;-168396;48490;26339;1
111339;-168008;47918;26363;8
110005;-171135;47835;26168;1
123556;-175048;48682;25923;1
117851;-182447;48325;25461;8
114405;-178869;48110;25684;2
114601;-179330;48122;25655;8
106276;-175305;47602;25907;8
110695;-167570;47878;26390;8
112127;-166557;47967;26454;1
110417;-169489;47861;26270;8
116040;-177289;48212;25783;1
107095;-172632;47653;26074;1
105868;-175212;47576;25913;1
125327;-173172;48792;26040;4
109566;-169036;47807;26299;4
114569;-179348;48120;25654;8
112410;-167642;47985;26386;1
111388;-167534;47921;26393;2
119287;-182140;48415;25480;4
126195;-172667;48847;26072;2
110920;-170980;47892;26177;1
105902;-174409;47578;25963;4
116048;-178840;48213;25686;1
110970;-170039;47895;26236;4
125867;-172532;48826;26080;4
106336;-176789;47606;25814;4
113456;-171086;48051;26171;1
120306;-168598;48479;26326;4
109778;-168860;47821;26310;2
108297;-173745;47728;26004;8
105633;-173555;47562;26016;1
107593;-176399;47684;25839;2
106746;-173065;47631;26047;1
119523;-168488;48430;26333;1
111946;-170826;47956;26187;1
121062;-188354;48526;25091;4
125604;-172971;48810;26053;1
111517;-171128;47929;26168;1
110093;-169321;47840;26281;4
119952;-181846;48457;25498;1
109204;-169244;47785;26286;8
123824;-173934;48699;25993;4
110566;-170528;47870;26206;2
106170;-175180;47595;25915;1
113827;-169667;48074;26259;8
115548;-185195;48181;25289;8
107835;-176516;47699;25831;2
111974;-166637;47958;26449;8
111793;-170829;47947;26187;2
111875;-167084;47952;26421;2
106575;-175370;47620;25903;2
116848;-178644;48263;25698;1
111751;-166513;47944;26456;2
125711;-172646;48816;26073;2
108876;-176037;47764;25861;1
116969;-179400;48270;25651;2
107377;-172810;47671;26063;1
123485;-181822;48677;25500;2
112461;-168394;47988;26339;1
120576;-188603;48496;25076;2
119302;-168243;48416;26348;4
108603;-174113;47747;25981;8
112506;-175482;47991;25896;1
109952;-171025;47832;26174;8
106923;-173539;47642;26017;1
108756;-167933;47757;26368;8
110628;-168658;47874;26322;1
107576;-165432;47683;26524;2
114654;-178341;48125;25717;2
113115;-169400;48029;26276;4
108715;-170549;47754;26204;4
125291;-172581;48790;26077;4
115741;-182052;48193;25485;2
123487;-181742;48677;25505;2
113190;-169802;48034;26251;4
108709;-168820;47754;26312;1
109205;-176883;47785;25808;2
108667;-176029;47751;25862;2
118122;-171699;48342;26132;4
120762;-193584;48507;24765;4
109214;-175735;47785;25880;1
108715;-167700;47754;26382;4
108443;-173617;47737;26012;1
112620;-175247;47998;25911;1
116155;-181091;48219;25545;4
109526;-174767;47805;25941;4
124012;-174249;48710;25973;2
115480;-183441;48177;25398;1
116632;-184138;48249;25355;4
119766;-181857;48445;25497;2
111847;-167269;47950;26409;1
108230;-176217;47724;25850;2
124224;-173868;48724;25997;1
118313;-171516;48354;26144;1
128981;-194851;49021;24685;8
111545;-167425;47931;26399;4
110219;-169609;47848;26263;8
117391;-181613;48296;25513;2
113456;-169116;48051;26294;8
110519;-170497;47867;26207;4
110590;-167148;47871;26417;1
114392;-178773;48109;25690;8
123859;-174585;48701;25952;1
105918;-176661;47579;25822;1
117280;-183759;48290;25379;8
112235;-170401;47974;26213;2
114873;-179426;48139;25649;1
119255;-182130;48413;25480;2
107081;-172809;47652;26063;8
121055;-188450;48525;25085;4
111450;-170787;47925;26189;2
112842;-169115;48012;26294;4
110363;-165063;47857;26547;8
129840;-190808;49075;24938;1
119458;-181909;48426;25494;8
120870;-168246;48514;26348;8
109871;-170074;47826;26234;1
116748;-183890;48256;25370;8
123057;-175129;48651;25918;2
114576;-178870;48121;25684;1
106269;-172763;47601;26066;4
109296;-164952;47791;26554;2
112455;-167788;47988;26377;1
107824;-172809;47699;26063;4
123842;-181572;48700;25515;4
129933;-176882;49080;25808;1
116899;-195395;48266;24651;8
117157;-183040;48282;25424;4
107971;-176297;47708;25845;2
112060;-167106;47963;26419;1
118575;-168118;48370;26356;4
123711;-182094;48691;25483;2
111550;-166385;47931;26464;8
107570;-176578;47683;25827;2
111256;-166286;47913;26471;2
115176;-180105;48158;25607;2
116227;-184177;48224;25352;8
107416;-176123;47673;25856;2
109870;-174512;47826;25957;1
116467;-180076;48239;25609;1
115423;-176686;48173;25821;2
116067;-183882;48214;25371;2
110545;-169387;47869;26277;2
107556;-176293;47682;25845;1
115679;-182595;48189;25451;4
108967;-165656;47770;26510;8
106110;-173358;47591;26029;8
106285;-174187;47602;25977;8
111546;-167275;47931;26409;2
107167;-173923;47657;25993;4
106813;-172462;47635;26085;4
109085;-169568;47777;26266;2
116194;-178483;48222;25708;1
111546;-167292;47931;26408;4
110361;-171039;47857;26174;8
108365;-176216;47732;25850;8
111658;-167136;47938;26418;1
108254;-164865;47725;26559;1
116085;-180313;48215;25594;1
114544;-178661;48119;25697;2
115155;-179401;48157;25651;1
112256;-170388;47976;26214;2
114513;-177419;48117;25775;1
114572;-178427;48120;25712;2
123518;-166748;48679;26442;1
116272;-184293;48227;25345;1
125817;-173187;48823;26039;8
121522;-168523;48555;26331;2
109947;-169178;47831;26290;4
106260;-172619;47601;26075;1
120826;-168338;48511;26342;2
106690;-176994;47628;25801;2
112441;-170338;47987;26217;1
112719;-170417;48004;26212;2
109557;-169084;47807;26296;4
107667;-172563;47689;26078;4
106004;-174069;47585;25984;8
120299;-168393;48478;26339;2
106992;-172786;47647;26064;8
107822;-176788;47698;25814;4
111949;-169449;47956;26273;2
130503;-193075;49116;24796;2
116132;-185118;48218;25294;8
116635;-194119;48249;24731;8
110546;-169756;47869;26254;8
107134;-176310;47655;25844;8
106763;-176916;47632;25806;8
124606;-173555;48747;26016;2
108776;-169405;47758;26276;4
111152;-166575;47907;26453;4
114992;-179912;48147;25619;8
110983;-167914;47896;26369;2
106243;-176871;47600;25809;8
110804;-168921;47885;26306;8
109731;-177033;47818;25799;1
105624;-173779;47561;26002;2
123865;-181806;48701;25501;4
123162;-193041;48657;24798;1
125765;-172803;48820;26063;1
121018;-168549;48523;26329;1
109445;-176913;47800;25806;4
116890;-183663;48265;25385;2
108740;-165682;47756;26508;1
116655;-183637;48250;25386;8
121497;-168208;48553;26351;4
111710;-166638;47941;26449;2
117259;-181337;48288;25530;8
116630;-183473;48249;25396;8
108763;-165173;47757;26540;1
106378;-175538;47608;25892;1
116910;-180196;48266;25601;8
112182;-170431;47971;26212;4
111661;-166960;47938;26429;4
124409;-174051;48735;25985;4
116362;-177377;48232;25777;1
123938;-181481;48706;25521;8
108834;-173883;47762;25996;4
110066;-165741;47839;26505;1
108759;-168415;47757;26338;2
119388;-168012;48421;26363;8
107784;-176908;47696;25807;4
107823;-173974;47698;25990;1
106998;-172484;47647;26083;1
115970;-177488;48208;25771;2
110173;-170415;47845;26213;1
120473;-168613;48489;26325;2
108375;-176281;47733;25846;8
113277;-169201;48039;26288;2
113234;-169931;48037;26243;1
110892;-167042;47890;26423;4
124127;-181557;48717;25516;2
109630;-174551;47811;25954;1
110857;-168179;47888;26352;4
113190;-169611;48034;26263;8
127777;-195526;48946;24643;1
115829;-183378;48199;25402;8
118406;-168226;48360;26349;8
111427;-169419;47924;26275;2
111490;-171133;47928;26168;2
123314;-166716;48667;26444;2
116910;-183797;48266;25376;8
106738;-173150;47631;26042;8
129281;-181063;49040;25547;8
115848;-177503;48200;25770;8
124247;-173475;48725;26021;2
110411;-167685;47860;26383;4
116167;-177812;48220;25750;4
109198;-165443;47784;26523;2
108779;-176010;47758;25863;8
120500;-168587;48491;26327;1
107240;-176433;47662;25836;4
117846;-182194;48325;25476;1
110936;-169979;47893;26240;2
110963;-170989;47895;26177;8
111574;-167505;47933;26394;1
111778;-170169;47946;26228;1
106008;-173403;47585;26026;4
106272;-174060;47602;25985;1
111082;-168287;47902;26346;4
108728;-168696;47755;26320;4
123698;-174641;48691;25948;1
120310;-182030;48479;25487;8
112101;-166847;47966;26436;2
112139;-169492;47968;26270;4
108951;-175342;47769;25905;8
120054;-181256;48463;25535;4
114530;-178628;48118;25699;4
111157;-167830;47907;26374;8
117209;-166304;48285;26470;8
125010;-173257;48773;26035;2
109890;-165689;47828;26508;8
126156;-172814;48844;26063;1
121630;-168560;48561;26329;4
114711;-179265;48129;25659;1
125780;-173162;48821;26041;2
109557;-174604;47807;25951;1
107684;-176299;47690;25845;1
121449;-188647;48550;25073;8
117111;-179587;48279;25639;4
110551;-168797;47869;26314;2
111953;-166427;47957;26462;8
111199;-170806;47909;26188;1
109216;-175821;47786;25875;1
107657;-172900;47688;26057;1
124698;-174204;48753;25976;1
116964;-183795;48270;25376;2
107963;-174093;47707;25983;8
119937;-168704;48456;26320;1
123293;-193990;48665;24739;8
116171;-178433;48220;25711;1
114943;-175905;48143;25869;1
121386;-188653;48546;25073;8
119250;-168136;48413;26355;2
111504;-167461;47929;26397;4
109021;-176598;47773;25826;4
110378;-169475;47858;26271;1
117072;-181070;48277;25547;2
107821;-172691;47698;26070;2
115262;-179901;48163;25620;2
108704;-174190;47754;25977;2
114895;-179535;48140;25643;4
110726;-168231;47880;26349;4
115924;-177978;48205;25740;8
124074;-181511;48714;25519;2
109617;-165147;47811;26542;4
105995;-173799;47584;26001;1
111205;-167906;47910;26369;2
109612;-165181;47810;26540;8
113715;-169153;48067;26291;2
118411;-171283;48360;26158;2
121354;-188318;48544;25094;4
125624;-173304;48811;26032;1
125869;-173080;48826;26046;8
120416;-182086;48486;25483;2
115821;-183888;48198;25371;1
114645;-178587;48125;25702;1
112200;-170619;47972;26200;2
108469;-174168;47739;25978;2
108636;-164904;47749;26557;2
106264;-174703;47601;25945;1
108078;-176533;47714;25830;1
121331;-168213;48543;26350;2
110966;-169414;47895;26275;2
117044;-182092;48275;25483;8
105785;-172729;47571;26068;2
109540;-165146;47806;26542;2
115212;-184171;48160;25353;2
107098;-172709;47653;26069;8
109690;-170033;47815;26236;2
125027;-173236;48774;26036;8
120983;-188928;48521;25056;1
117056;-179918;48276;25619;2
125630;-172371;48811;26090;1
114319;-178561;48104;25703;4
123796;-181594;48697;25514;8
113616;-170562;48061;26203;8
110374;-170714;47858;26194;8
108779;-169175;47758;26290;1
117399;-178839;48297;25686;4
111586;-167171;47934;26415;8
116337;-180226;48231;25599;2
111186;-168316;47909;26344;8
124067;-173531;48714;26018;1
110941;-168507;47893;26332;4
110412;-168039;47860;26361;8
113400;-171194;48047;26164;1
110906;-168085;47891;26358;1
115803;-183095;48197;25420;1
112746;-170315;48006;26219;1
111716;-166855;47942;26435;4
116087;-180915;48215;25556;2
111408;-166556;47923;26454;8
116080;-181077;48215;25546;1
117141;-181794;48281;25501;4
107832;-172281;47699;26096;8
106706;-175749;47629;25879;8
113401;-169954;48047;26241;1
111059;-170968;47901;26178;2
109821;-170139;47823;26230;2
124007;-181258;48710;25535;8
114708;-179626;48129;25637;4
115968;-177775;48208;25753;8
109133;-169624;47780;26262;1
106142;-172883;47593;26058;1
123797;-174434;48697;25961;1
117803;-182334;48322;25468;4
120635;-168198;48499;26351;4
114860;-176835;48138;25811;2
109668;-165133;47814;26543;2
125041;-173868;48775;25997;1
116328;-177918;48230;25744;8
116780;-166044;48258;26486;8
110672;-167417;47877;26400;1
117502;-180619;48303;25575;8
121180;-168247;48533;26348;4
108933;-175708;47768;25882;2
113041;-170774;48025;26190;4
116061;-178940;48213;25680;1
114870;-179350;48139;25654;8
115599;-177350;48184;25779;8
108547;-174455;47744;25960;2
123791;-181787;48696;25502;1
109140;-171021;47781;26175;1
119184;-182022;48409;25487;2
119230;-182050;48411;25485;2
106956;-173481;47644;26021;4
113899;-170854;48078;26185;1
116572;-184262;48245;25347;8
108460;-171499;47738;26145;2
123305;-175237;48666;25911;8
119518;-167036;48429;26424;4
106529;-175089;47618;25920;1
120767;-168402;48507;26338;1
109977;-170052;47833;26235;4
108969;-165238;47770;26536;1
123188;-192744;48659;24817;8
115714;-177652;48192;25760;2
114365;-178161;48107;25728;2
107446;-176259;47675;25847;8
108793;-167653;47759;26385;8
127490;-185797;48928;25251;1
117739;-182547;48318;25454;2
123259;-193082;48663;24796;8
116029;-181664;48211;25510;4
111125;-166721;47905;26443;4
113560;-171095;48057;26170;8
113811;-169506;48073;26269;1
115919;-177929;48204;25743;1
117257;-181283;48288;25533;4
123612;-174378;48685;25965;2
111529;-166405;47930;26463;4
111943;-170772;47956;26190;4
119279;-182235;48414;25474;2
108103;-174015;47716;25988;2
125477;-173411;48802;26025;1
108799;-170300;47759;26220;8
110710;-168994;47879;26301;2
113162;-170857;48032;26185;1
111859;-170274;47951;26221;4
109763;-169919;47820;26244;8
109544;-169974;47806;26240;8
116129;-178714;48218;25694;2
109313;-176981;47792;25802;8
110428;-170442;47861;26211;8
106954;-176511;47644;25832;8
109015;-165751;47773;26504;8
111471;-166636;47926;26449;2
112411;-170310;47985;26219;8
115485;-182151;48177;25479;2
111171;-167722;47908;26381;4
114797;-179308;48134;25657;8
113622;-170272;48061;26222;4
120294;-182172;48478;25478;4
121365;-188566;48545;25078;1
112402;-168950;47985;26304;4
118797;-168719;48384;26319;1
109459;-165687;47801;26508;8
116611;-194395;48248;24714;8
120080;-181800;48465;25501;2
109989;-170292;47834;26220;2
115893;-178642;48203;25698;8
116862;-183893;48263;25370;8
115944;-178831;48206;25687;1
123898;-181358;48703;25529;8
123888;-174755;48703;25941;2
116577;-175315;48246;25906;4
115786;-182955;48196;25429;8
116703;-183978;48253;25365;2
106779;-176013;47633;25863;4
113179;-169451;48033;26273;4
106493;-172976;47615;26053;2
109835;-174484;47824;25958;8
117742;-182490;48318;25458;2
116641;-184005;48250;25363;8
110644;-169771;47875;26253;4
114597;-177664;48122;25760;8
115897;-183550;48203;25392;2
116256;-181121;48226;25543;1
114806;-179270;48135;25659;1
108924;-164989;47767;26552;4
112147;-170406;47969;26213;2
115370;-176815;48170;25813;2
117292;-178621;48290;25700;4
117382;-182883;48296;25433;2
123828;-181635;48699;25511;4
117129;-181980;48280;25490;2
123499;-181254;48678;25535;2
109419;-174595;47798;25951;2
106450;-176871;47613;25809;8
120173;-181965;48470;25491;2
111306;-170122;47916;26231;1
113649;-170823;48063;26187;2
115074;-176812;48152;25813;4
111652;-167470;47938;26397;4
108939;-165433;47768;26524;4
115282;-182098;48165;25482;8
108436;-176543;47737;25830;2
108490;-173746;47740;26004;2
124372;-173997;48733;25989;1
108702;-170171;47753;26228;1
105581;-174891;47558;25933;2
124644;-174032;48750;25987;4
109678;-168897;47814;26307;1
108040;-164937;47712;26555;2
115418;-184159;48173;25354;8
124416;-173915;48736;25994;8
109065;-175850;47776;25873;4
109866;-171106;47826;26169;1
105905;-174046;47579;25986;1
115903;-171776;48203;26128;4
115890;-183160;48203;25416;8
115281;-182079;48165;25484;1
111797;-169917;47947;26244;4
109809;-169957;47823;26241;8
116978;-166136;48271;26480;8
108418;-176201;47736;25851;1
109495;-174645;47803;25948;4
112263;-169539;47976;26267;1
108557;-176496;47744;25833;4
115817;-177327;48198;25781;4
115665;-183300;48189;25407;8
109640;-174629;47812;25949;1
120620;-168682;48498;26321;8
115958;-181533;48207;25518;4
123924;-174283;48705;25971;1
109371;-169910;47795;26244;4
111061;-168132;47901;26355;4
116929;-183740;48268;25380;2
124318;-173627;48729;26012;2
106713;-175126;47629;25918;2
108049;-172777;47713;26065;2
116275;-179944;48227;25617;8
108701;-168068;47753;26359;1
114361;-178480;48107;25709;1
112484;-167854;47990;26373;4
112441;-170463;47987;26210;2
114701;-177721;48128;25756;1
112010;-169863;47960;26247;1
117771;-182288;48320;25471;2
118786;-168305;48384;26344;2
115857;-183880;48201;25371;1
123884;-182392;48702;25464;8
115628;-182274;48186;25471;4
107147;-172761;47656;26066;2
120776;-188220;48508;25100;8
107798;-172296;47697;26095;1
107190;-172715;47659;26069;2
128857;-194860;49013;24685;8
108116;-165663;47717;26510;8
124630;-173937;48749;25992;4
112275;-167018;47977;26425;1
109334;-176897;47793;25807;1
113042;-170701;48025;26195;4
111982;-170703;47958;26195;2
123490;-166427;48678;26462;2
125057;-173804;48776;26001;8
111426;-170767;47924;26191;4
111338;-166406;47918;26463;1
123988;-173775;48709;26003;4
113524;-170226;48055;26224;8
108678;-165430;47752;26524;1
110203;-169304;47847;26282;8
109386;-174742;47796;25942;8
119267;-168139;48414;26355;1
108687;-167721;47752;26381;4
105428;-172451;47549;26085;8
110092;-165502;47840;26520;8
126498;-172595;48866;26076;1
108034;-174073;47712;25984;1
108681;-168174;47752;26353;1
106337;-174922;47606;25931;2
112160;-171122;47970;26168;8
116203;-183501;48222;25395;2
114233;-178465;48099;25709;8
108948;-165166;47769;26541;1
108192;-176233;47722;25849;4
115953;-177899;48207;25745;1
115393;-182700;48172;25445;4
107129;-172844;47655;26061;2
112464;-168123;47989;26356;2
106112;-173966;47592;25991;1
105864;-173968;47576;25991;2
123156;-193732;48657;24755;8
110898;-168097;47891;26357;1
109908;-165215;47829;26538;4
116959;-179206;48269;25663;2
119883;-168418;48452;26337;4
121650;-168220;48563;26350;2
125184;-173024;48784;26050;4
113359;-169885;48044;26246;2
107849;-176666;47700;25822;8
109660;-165444;47813;26523;4
115552;-185090;48182;25295;2
111393;-166370;47922;26465;8
117259;-180445;48288;25586;8
123626;-174832;48686;25937;4
117208;-179930;48285;25618;1
116707;-183679;48254;25384;8
115894;-181718;48203;25506;2
109481;-165424;47802;26525;2
115741;-177375;48193;25778;4
116382;-177428;48233;25774;8
106281;-174027;47602;25987;2
112029;-167152;47961;26417;1
114604;-179328;48122;25656;4
108521;-165170;47742;26540;2
125398;-173545;48797;26017;2
106304;-172674;47604;26071;4
109739;-168857;47818;26310;8
110863;-168131;47888;26355;1
109107;-165391;47779;26527;1
116413;-177247;48235;25786;2
108772;-168077;47758;26359;4
106452;-173807;47613;26001;1
110943;-168337;47893;26342;1
112764;-169471;48007;26272;2
111725;-170344;47942;26217;8
117095;-183928;48278;25368;8
106672;-175493;47627;25895;2
125699;-173205;48816;26038;2
113408;-171220;48048;26162;8
117101;-180149;48278;25604;8
109743;-176853;47818;25810;8
106812;-173128;47635;26043;2
120494;-168384;48490;26340;2
115671;-183650;48189;25385;2
108711;-165133;47754;26543;4
111260;-168102;47913;26357;8
116420;-178673;48236;25696;4
110506;-167598;47866;26389;4
116273;-180003;48227;25613;4
106924;-173526;47642;26018;8
123825;-174429;48699;25962;1
115713;-183329;48192;25405;2
117416;-180097;48298;25607;8
116850;-183677;48263;25384;1
106282;-175049;47602;25923;4
115967;-177861;48207;25747;4
124217;-174303;48723;25970;8
110504;-167202;47866;26413;4
113220;-169408;48036;26276;4
107583;-172569;47683;26078;4
112353;-169421;47982;26275;4
117251;-181397;48288;25526;8
108026;-173866;47711;25997;1
108785;-169392;47759;26277;1
117235;-182575;48287;25453;8
113511;-171250;48054;26160;1
106843;-175776;47637;25878;8
111228;-168101;47911;26357;8
110772;-167259;47883;26410;8
107289;-172974;47665;26053;8
106297;-176643;47603;25823;2
116837;-184284;48262;25346;2
124313;-174295;48729;25970;8
118588;-168475;48371;26334;2
116924;-183928;48267;25368;1
108757;-169156;47757;26291;4
117363;-180325;48295;25593;8
110903;-170826;47891;26187;4
117105;-166299;48279;26470;1
116959;-178978;48269;25677;2
117104;-178972;48279;25678;2
123488;-166683;48678;26446;1
108724;-169387;47755;26277;1
106549;-175676;47619;25884;8
108571;-173887;47745;25996;4
121101;-168280;48528;26346;8
123204;-193368;48660;24778;8
118590;-168628;48371;26324;4
110927;-170943;47892;26180;4
116979;-166354;48271;26466;8
120773;-188376;48508;25090;1
114902;-180159;48141;25604;4
117353;-181413;48294;25525;4
109351;-169058;47794;26297;1
125369;-173563;48795;26016;8
124104;-181348;48716;25529;1
115676;-181040;48189;25549;1
106002;-176796;47585;25814;8
108156;-176734;47719;25818;1
109763;-165399;47820;26526;4
119333;-166969;48418;26428;1
123692;-181583;48690;25515;2
123885;-182047;48702;25486;8
114458;-178078;48113;25734;8
120620;-168306;48498;26344;8
113372;-169872;48045;26247;8
107349;-176004;47669;25863;4
105870;-173542;47576;26017;1
106306;-172575;47604;26078;4
123463;-181724;48676;25506;4
108284;-165103;47727;26545;2
109078;-175486;47777;25896;1
116909;-183468;48266;25397;4
107084;-173952;47652;25992;4
109837;-169146;47824;26292;4
109751;-170016;47819;26238;2
106552;-173209;47619;26038;4
108761;-170666;47757;26197;8
114610;-177272;48123;25784;2
110461;-169251;47863;26285;2
114639;-177768;48124;25753;4
112332;-169498;47980;26270;2
111700;-166206;47941;26476;2
108836;-171022;47762;26175;4
129686;-191022;49065;24925;8
111210;-167741;47910;26380;8
110679;-168723;47877;26318;8
119048;-168334;48400;26343;2
118882;-168112;48390;26357;8
125565;-173438;48807;26024;4
108626;-165417;47749;26525;4
111975;-169743;47958;26255;8
108579;-174225;47746;25974;1
113621;-170421;48061;26212;4
106447;-173100;47612;26045;8
109599;-176899;47809;25807;2
113324;-170095;48042;26233;8
120500;-168460;48491;26335;4
106082;-176821;47590;25812;2
105649;-174908;47563;25932;2
116649;-194135;48250;24730;1
106621;-175499;47623;25895;1
108752;-169687;47757;26258;1
109800;-174338;47822;25967;4
117241;-179176;48287;25665;8
116846;-166345;48262;26467;8
125722;-173189;48817;26039;4
110270;-169667;47851;26259;2
125072;-173328;48777;26031;2
108293;-176348;47728;25842;4
108400;-165159;47735;26541;8
111570;-170808;47933;26188;4
110235;-169333;47849;26280;8
123362;-175244;48670;25911;2
106292;-176665;47603;25822;1
109400;-176533;47797;25830;2
115902;-178394;48203;25714;8
108160;-174441;47720;25961;1
110148;-168381;47844;26340;4
105503;-175018;47553;25925;4
115014;-177529;48148;25768;4
108618;-165200;47748;26539;2
114957;-176862;48144;25810;8
117860;-182682;48326;25446;1
116860;-166332;48263;26468;8
114360;-178116;48107;25731;2
113337;-170763;48043;26191;8
106021;-174936;47586;25930;8
109342;-169225;47793;26287;1
117260;-180237;48288;25599;8
105887;-176711;47577;25819;1
120641;-168544;48500;26330;2
117653;-182155;48313;25479;2
108323;-174409;47730;25963;2
111882;-166574;47952;26453;1
106276;-174668;47602;25947;4
112658;-170479;48001;26209;1
107555;-177129;47682;25793;4
110694;-166948;47878;26429;4
117340;-181275;48293;25534;2
111771;-166889;47945;26433;1
108958;-176195;47769;25851;2
117347;-180064;48294;25610;2
105904;-173525;47579;26018;1
106976;-177271;47646;25784;4
124019;-173891;48711;25995;1
109109;-165199;47779;26539;4
114735;-178384;48130;25715;8
123136;-193117;48656;24794;8
107077;-172693;47652;26070;2
120605;-193448;48497;24773;1
110784;-170904;47884;26182;2
126081;-173054;48840;26048;2
124043;-181458;48712;25522;4
117128;-182853;48280;25435;2
116285;-178366;48227;25716;1
113310;-169984;48041;26240;1
109379;-165695;47796;26508;4
123818;-181191;48698;25539;1
116042;-180151;48212;25604;8
114837;-177164;48137;25791;4
108725;-169305;47755;26282;1
109802;-164922;47822;26556;1
121653;-192955;48563;24804;1
112772;-171122;48008;26168;8
115614;-183686;48185;25383;2
112750;-171017;48006;26175;8
109665;-174405;47814;25963;2
123224;-175008;48661;25926;8
107838;-177128;47699;25793;8
109940;-171037;47831;26174;4
109218;-169424;47786;26275;8
108866;-165186;47764;26539;4
118787;-168208;48384;26351;8
109309;-171014;47791;26175;1
117155;-181402;48282;25526;1
111368;-167497;47920;26395;4
114856;-176859;48138;25810;8
110367;-165034;47857;26549;1
118302;-171510;48353;26144;8
123236;-193285;48662;24783;2
116479;-177369;48239;25778;2
114777;-177687;48133;25758;1
119276;-168064;48414;26360;2
117380;-182978;48296;25427;2
108823;-176604;47761;25826;1
106654;-173090;47625;26045;1
109315;-164942;47792;26555;8
107859;-176900;47701;25807;8
108520;-171517;47742;26144;2
114252;-178543;48100;25705;4
112982;-171015;48021;26175;8
109529;-170010;47805;26238;2
119707;-181845;48441;25498;1
116251;-178221;48225;25725;8
111326;-169417;47917;26275;4
116331;-178690;48230;25695;2
117060;-183085;48276;25421;2
123425;-174737;48674;25942;4
119883;-181290;48452;25533;1
107566;-172549;47682;26079;8
109280;-175402;47790;25901;1
109532;-169860;47805;26247;4
108009;-176137;47710;25855;8
123866;-174555;48701;25954;2
106168;-175049;47595;25923;2
115268;-179941;48164;25617;8
110959;-167132;47894;26418;1
123824;-181362;48699;25528;4
111783;-167381;47946;26402;2
115601;-183101;48185;25420;1
117240;-179555;48287;25641;1
125578;-173241;48808;26036;2
123156;-175069;48657;25922;2
109465;-165131;47801;26543;2
108060;-172631;47713;26074;4
110159;-169373;47844;26278;2
114845;-175973;48137;25865;4
113904;-170565;48079;26203;1
115275;-184158;48164;25354;8
123283;-182281;48665;25471;4
109554;-165161;47807;26541;1
116896;-179043;48266;25673;4
117475;-180609;48302;25575;2
112259;-170493;47976;26208;4
115610;-183373;48185;25403;4
116168;-180213;48220;25600;4
115295;-182153;48165;25479;1
115474;-182114;48177;25481;1
110747;-167261;47881;26410;4
111040;-166417;47900;26462;8
106825;-173099;47636;26045;2
125797;-172634;48822;26074;8
115021;-180176;48148;25603;1
106492;-173770;47615;26003;8
129327;-181032;49042;25549;2
106916;-172697;47642;26070;1
117083;-180263;48277;25597;8
119173;-166823;48408;26437;4
107693;-176615;47690;25825;1
117129;-182031;48280;25487;1
106286;-174961;47602;25928;1
110179;-168226;47846;26349;4
115559;-177650;48182;25760;8
123542;-181235;48681;25536;2
113135;-170798;48030;26189;1
116013;-177799;48210;25751;8
112423;-170365;47986;26216;2
108522;-174542;47742;25955;4
107100;-176287;47653;25846;4
113517;-170911;48054;26182;2
116177;-180323;48221;25593;2
123184;-192768;48659;24816;8
115912;-178387;48204;25714;4
106017;-173952;47586;25992;1
105892;-172689;47578;26070;1
115685;-183685;48190;25383;1
109707;-165426;47816;26524;2
120364;-187497;48482;25145;2
121022;-168502;48523;26332;1
107830;-177197;47699;25789;4
107993;-164933;47709;26555;4
121239;-188671;48537;25072;4
115057;-179654;48151;25635;1
106896;-172541;47641;26080;8
109213;-169469;47785;26272;4
114538;-178320;48118;25719;1
109015;-175256;47773;25910;2
107795;-176415;47697;25838;2
111092;-170822;47903;26187;8
112911;-170667;48016;26197;2
124000;-173880;48710;25996;8
117105;-180740;48279;25567;1
124210;-173772;48723;26003;8
116209;-181664;48223;25510;2
119372;-168173;48420;26353;2
113190;-171036;48034;26174;1
115750;-182037;48194;25486;4
117301;-180689;48291;25570;1
116775;-178695;48258;25695;4
125754;-172192;48819;26102;2
110453;-169405;47863;26276;8
108190;-165321;47721;26531;8
123145;-175239;48656;25911;2
123851;-181462;48700;25522;4
107781;-172851;47696;26060;4
124550;-173877;48744;25996;8
111943;-166517;47956;26456;8
107090;-172915;47653;26056;2
111175;-166583;47908;26452;4
114185;-178538;48096;25705;2
112276;-166995;47977;26426;8
113030;-169107;48024;26294;4
114775;-179895;48133;25620;2
125185;-172914;48784;26056;4
116740;-178759;48256;25691;4
111559;-167670;47932;26384;2
106049;-176617;47588;25825;2
124214;-173853;48723;25998;8
106965;-176383;47645;25840;4
118623;-168457;48373;26335;4
106363;-172940;47607;26055;4
120201;-187289;48472;25158;4
106138;-175768;47593;25878;4
112215;-169454;47973;26273;8
118349;-171394;48356;26151;4
108445;-176763;47737;25816;4
124475;-173288;48739;26033;2
108696;-170979;47753;26177;4
123428;-181418;48674;25525;2
115844;-178325;48200;25718;4
106726;-173336;47630;26030;4
116958;-179319;48269;25656;1
124493;-174013;48740;25988;1
116186;-178476;48221;25709;1
116283;-178742;48227;25692;1
109164;-175584;47782;25890;8
117079;-183538;48277;25392;4
109950;-164961;47831;26553;8
115891;-178016;48203;25738;4
124773;-173067;48758;26047;2
117366;-181294;48295;25533;8
105767;-172772;47570;26065;4
120604;-193484;48497;24771;8
110811;-168904;47885;26307;8
106122;-175188;47592;25914;8
106558;-173724;47619;26006;4
111256;-170146;47913;26229;4
108791;-170692;47759;26195;2
110327;-167953;47855;26366;1
112997;-171135;48022;26168;1
119587;-168594;48434;26326;4
108490;-173955;47740;25991;1
120800;-193624;48510;24762;8
116004;-183351;48210;25404;2
117030;-179611;48274;25638;1
119204;-182110;48410;25482;8
111943;-170678;47956;26196;8
110549;-167612;47869;26388;2
114510;-177444;48116;25773;8
121046;-188546;48525;25079;8
119178;-166927;48408;26431;2
112090;-170743;47965;26192;2
123697;-174115;48691;25981;2
117095;-181226;48278;25537;8
109407;-175764;47797;25878;4
120092;-181804;48465;25501;8
109186;-175688;47784;25883;1
111189;-166336;47909;26468;2
106128;-176760;47593;25816;2
125456;-173099;48801;26045;2
123641;-174705;48687;25944;2
114790;-177206;48134;25788;1
109794;-168845;47822;26311;2
108900;-176100;47766;25857;4
112759;-170222;48007;26225;2
106411;-173514;47610;26019;8
106180;-175868;47596;25872;8
110377;-168943;47858;26305;8
111897;-166649;47953;26448;4
120319;-168672;48479;26322;4
108463;-176687;47738;25821;8
112469;-167196;47989;26414;2
111607;-170267;47935;26222;2
109410;-174724;47798;25943;2
125010;-173272;48773;26034;1
106183;-175196;47596;25914;2
121042;-188459;48525;25085;4
105911;-173915;47579;25994;4
119335;-168652;48418;26323;1
117778;-182583;48321;25452;8
124839;-173925;48762;25993;4
126290;-172820;48853;26062;8
109632;-169082;47812;26296;4
109427;-169014;47799;26300;8
114378;-178775;48108;25690;2
117358;-181399;48294;25526;1
108063;-174007;47713;25988;1
107556;-165437;47682;26524;4
108896;-173873;47766;25996;8
118285;-171378;48352;26152;8
107539;-172188;47681;26102;2
112638;-171066;47999;26172;8
121165;-188228;48532;25099;1
121082;-188632;48527;25074;4
112672;-171050;48002;26173;1
110497;-170436;47866;26211;8
110596;-166967;47872;26428;4
108763;-170365;47757;26216;4
105690;-175263;47565;25910;2
128833;-194842;49012;24686;1
117338;-180338;48293;25592;1
108349;-171406;47731;26151;1
119802;-168623;48447;26325;4
115348;-177371;48169;25778;8
117375;-180392;48295;25589;1
112792;-170393;48009;26214;4
126384;-172635;48859;26074;1
110964;-170771;47895;26190;1
106473;-173459;47614;26022;2
125376;-172463;48796;26085;4
107428;-165144;47674;26542;1
111728;-171051;47943;26173;8
112452;-175432;47988;25899;1
109808;-174599;47823;25951;2
116089;-180908;48215;25557;4
107363;-172947;47670;26054;8
115811;-180872;48198;25559;2
123205;-193092;48660;24795;4
111947;-171029;47956;26174;4
116599;-184168;48247;25353;2
107752;-171948;47694;26117;1
108720;-169257;47755;26285;8
106583;-175354;47621;25904;2
112990;-169439;48021;26274;4
110759;-168789;47882;26314;2
123993;-173630;48709;26012;8
108225;-174035;47724;25986;8
109669;-170183;47814;26227;4
109676;-175661;47814;25885;4
109393;-177012;47797;25800;4
115941;-180983;48206;25552;8
115595;-183124;48184;25418;2
109019;-171014;47773;26175;1
108766;-167651;47757;26385;4
117495;-179037;48303;25674;8
110003;-170466;47835;26209;1
114882;-177400;48140;25776;8
115918;-183849;48204;25373;2
117487;-181008;48302;25551;1
113689;-170626;48065;26199;2
115544;-177668;48181;25759;8
106707;-176992;47629;25802;1
121323;-168540;48542;26330;1
121168;-168280;48533;26346;2
111752;-166422;47944;26462;4
116835;-178690;48262;25695;8
108360;-171581;47732;26140;1
120600;-168390;48497;26339;1
111788;-169388;47946;26277;2
106573;-173504;47620;26020;2
114552;-174372;48119;25965;4
110870;-170720;47889;26194;4
117260;-181481;48288;25521;1
110338;-165207;47856;26538;8
109864;-165162;47826;26541;8
116252;-184172;48225;25353;4
123699;-182025;48691;25487;2
114620;-179269;48123;25659;8
117642;-182741;48312;25442;8
117200;-180666;48285;25572;2
109612;-174361;47810;25966;4
109028;-176244;47774;25848;1
109005;-176234;47772;25849;1
109340;-164875;47793;26559;4
106477;-175239;47614;25911;1
113466;-169210;48051;26288;1
111734;-166359;47943;26466;1
112897;-170814;48016;26188;8
108380;-164991;47733;26552;4
111133;-166827;47905;26437;2
114372;-178574;48108;25703;2
117167;-180067;48282;25609;4
121182;-188424;48533;25087;1
115910;-183057;48204;25422;2
106716;-175121;47629;25918;2
106829;-176963;47636;25803;8
114907;-177197;48141;25789;2
107837;-177191;47699;25789;1
112161;-169373;47970;26278;4
113864;-169228;48076;26287;2
110139;-169392;47843;26277;2
115966;-180241;48207;25598;4
105529;-173744;47555;26005;8
112463;-168422;47988;26337;8
107230;-176399;47661;25839;4
123488;-181681;48678;25508;2
116301;-178265;48228;25722;1
123971;-182142;48708;25480;1
106756;-173112;47632;26044;2
110246;-169617;47850;26262;4
105910;-175326;47579;25906;2
109684;-174692;47815;25945;1
109779;-170082;47821;26233;4
123685;-174678;48690;25946;1
116995;-179846;48272;25623;1
125325;-173091;48792;26045;4
120474;-188756;48489;25066;1
117335;-178952;48293;25679;2
106292;-175338;47603;25905;4
116124;-183691;48217;25383;1
105746;-174686;47569;25946;8
124212;-173528;48723;26018;2
115609;-181273;48185;25534;2
115054;-179741;48150;25630;2
112124;-167064;47967;26422;4
117251;-180398;48288;25589;2
110961;-168622;47895;26325;8
115892;-177404;48203;25776;8
124221;-174326;48723;25968;8
108932;-176689;47768;25820;4
107299;-172873;47666;26059;4
109800;-164909;47822;26557;2
110224;-164918;47849;26556;8
106298;-173160;47603;26041;8
108341;-174507;47731;25957;8
117235;-182740;48287;25442;2
108772;-169851;47758;26248;8
124700;-173678;48753;26009;2
112448;-169074;47988;26296;4
111157;-166508;47907;26457;8
124011;-174621;48710;25950;4
116593;-184378;48247;25340;2
117419;-181805;48298;25501;1
110151;-164988;47844;26552;4
114570;-180133;48120;25605;1
110776;-170993;47883;26176;2
129687;-190785;49065;24939;2
115561;-182340;48182;25467;8
110337;-168009;47856;26363;2
107923;-164963;47705;26553;4
106680;-175821;47627;25875;2
123750;-181387;48694;25527;4
110269;-167896;47851;26370;8
126527;-172571;48867;26078;2
130466;-193102;49114;24795;8
114851;-177554;48138;25766;2
108213;-165086;47723;26546;1
106190;-176813;47596;25813;4
115376;-182619;48171;25450;8
121118;-188562;48529;25078;2
116156;-181374;48219;25528;8
110910;-166858;47891;26435;8
124058;-182316;48713;25469;1
117102;-180778;48278;25565;1
113029;-169129;48024;26293;8
117482;-178876;48302;25684;8
119318;-167715;48417;26381;8
112393;-167989;47984;26364;4
123622;-175014;48686;25925;4
124849;-178083;48763;25733;2
115474;-183426;48177;25399;4
119312;-168688;48417;26321;1
115157;-176867;48157;25809;8
111321;-166522;47917;26456;8
106261;-172934;47601;26055;1
116348;-177403;48231;25776;4
114547;-178050;48119;25735;8
115488;-177722;48178;25756;1
115626;-181217;48186;25537;2
117474;-181203;48302;25538;4
108755;-168176;47757;26353;4
123196;-175386;48659;25902;8
117343;-179201;48293;25663;4
106681;-175515;47627;25894;8
116353;-184378;48232;25340;8
106569;-175533;47620;25893;2
105781;-172419;47571;26087;2
117642;-182589;48312;25452;2
120623;-168402;48498;26338;2
111755;-166510;47944;26457;2
106603;-173292;47622;26033;8
123093;-174785;48653;25939;2
114587;-180029;48121;25612;2
115888;-177979;48203;25740;8
113775;-170906;48070;26182;8
115136;-180179;48156;25602;1
114591;-179009;48121;25675;4
114821;-177660;48136;25760;8
116117;-180329;48217;25593;2
106182;-172948;47596;26054;2
117103;-181174;48278;25540;8
115568;-183430;48183;25399;8
115513;-177377;48179;25777;8
106110;-173902;47591;25995;1
119933;-181244;48455;25536;1
119426;-168175;48424;26353;2
106449;-173738;47613;26005;8
112431;-169402;47986;26276;2
106516;-175971;47617;25865;4
109099;-176873;47778;25809;2
120741;-188363;48506;25091;2
109313;-165660;47792;26510;4
109632;-176947;47812;25804;2
115347;-182327;48169;25468;2
125492;-172776;48803;26065;2
106568;-172831;47620;26062;2
108500;-176217;47741;25850;8
123737;-181618;48693;25512;8
115958;-177980;48207;25740;1
119176;-168102;48408;26357;1
109443;-174690;47800;25945;4
106325;-172964;47605;26053;1
123243;-174620;48662;25950;4
107061;-165212;47651;26538;2
113127;-169686;48030;26258;8
107766;-172607;47695;26076;4
108825;-173914;47761;25994;8
108628;-174227;47749;25974;8
115108;-179351;48154;25654;2
108559;-173886;47744;25996;4
109979;-170214;47833;26225;2
111026;-169372;47899;26278;1
107874;-165530;47702;26518;1
116181;-178252;48221;25723;1
106225;-176853;47599;25810;2
110604;-168809;47872;26313;8
116785;-183655;48259;25385;1
109711;-164929;47816;26555;1
108769;-165756;47758;26504;2
113621;-170742;48061;26192;1
112947;-169592;48019;26264;4
110998;-168197;47897;26351;4
117034;-182036;48274;25486;8
106183;-175013;47596;25925;4
113807;-170648;48072;26198;4
115764;-177292;48195;25783;4
106424;-173598;47611;26014;2
120732;-188478;48505;25084;4
125324;-173516;48792;26019;1
117116;-179627;48279;25637;2
106550;-177116;47619;25794;2
116090;-184907;48215;25307;2
111748;-169364;47944;26278;4
115684;-177365;48190;25778;2
108471;-174586;47739;25952;2
123351;-174895;48669;25933;1
110794;-168387;47884;26339;2
118416;-171371;48361;26153;1
113545;-170461;48056;26210;2
106122;-176753;47592;25816;8
116279;-178814;48227;25688;4
110256;-171092;47851;26170;4
123973;-173712;48708;26007;1
105925;-176679;47580;25821;4
123487;-181587;48677;25514;2
123188;-174803;48659;25938;8
120502;-188165;48491;25103;1
114792;-180203;48134;25601;1
113270;-169827;48039;26249;2
110230;-169430;47849;26274;8
107891;-172010;47703;26113;1
105935;-174455;47580;25960;1
121402;-188491;48547;25083;2
120770;-188218;48508;25100;4
124099;-181584;48716;25515;8
115770;-181708;48195;25507;2
114648;-177499;48125;25770;4
115664;-177304;48189;25782;1
113912;-169543;48079;26267;1
112004;-167258;47960;26410;1
112395;-170358;47984;26216;2
106340;-175025;47606;25924;4
108678;-174123;47752;25981;8
125636;-172771;48812;26065;4
108608;-165191;47748;26539;2
121137;-168255;48531;26348;2
106944;-174018;47644;25987;2
115953;-178498;48207;25707;1
106112;-172615;47592;26075;1
117164;-179196;48282;25664;4
109251;-169217;47788;26287;4
112526;-175278;47992;25909;1
116482;-184080;48240;25359;1
109377;-165484;47796;26521;2
111004;-170970;47897;26178;8
107131;-174016;47655;25988;2
115840;-178799;48200;25689;4
109469;-165480;47801;26521;1
116977;-180221;48271;25600;2
116479;-180182;48239;25602;2
108111;-174228;47716;25974;8
115423;-183017;48173;25425;2
111639;-171136;47937;26168;8
112900;-169538;48016;26267;2
111752;-171046;47944;26173;8
116662;-194347;48251;24717;1
110292;-168236;47853;26349;8
109627;-175731;47811;25880;4
110791;-168501;47884;26332;4
124126;-181454;48717;25523;8
106502;-173104;47616;26045;8
112515;-169186;47992;26289;8
113580;-170284;48058;26221;4
111871;-166517;47951;26456;1
117185;-179952;48284;25617;1
116354;-177153;48232;25791;1
123482;-182121;48677;25481;4
107823;-172447;47698;26086;1
109807;-165437;47822;26524;8
125619;-172348;48811;26092;8
108931;-175642;47768;25886;2
110668;-167067;47876;26422;2
116143;-183748;48218;25379;1
109575;-168932;47808;26305;8
123455;-174394;48675;25964;8
117874;-182634;48327;25449;4
110486;-169087;47865;26296;4
115977;-181261;48208;25535;2
108317;-176416;47729;25838;2
123513;-175192;48679;25914;1
120479;-168615;48489;26325;8
111751;-167232;47944;26412;1
118355;-171559;48357;26141;2
115186;-179278;48159;25659;4
112231;-167017;47974;26425;1
125846;-172366;48825;26091;1
125381;-172653;48796;26073;2
115935;-184930;48205;25305;2
113596;-169171;48059;26290;2
124610;-173133;48748;26043;8
112001;-169931;47960;26243;2
110137;-164915;47843;26556;4
114586;-179601;48121;25638;2
107661;-165094;47688;26545;2
113210;-169922;48035;26243;8
109801;-174571;47822;25953;8
117729;-182389;48318;25464;4
121196;-188233;48534;25099;1
117632;-182333;48312;25468;8
108747;-165651;47756;26510;4
105990;-176888;47584;25808;1
124848;-173540;48763;26017;8
106484;-175717;47615;25881;2
115028;-176798;48149;25814;4
117014;-180246;48273;25598;8
117199;-180828;48284;25562;4
116040;-183307;48212;25407;8
114506;-177412;48116;25775;2
106271;-174859;47601;25935;2
106500;-175480;47616;25896;8
106520;-173157;47617;26041;2
124046;-182302;48712;25470;2
117419;-182864;48298;25435;2
121705;-168205;48566;26351;2
124480;-174086;48740;25983;4
108387;-174440;47734;25961;1
106414;-172762;47610;26066;8
114889;-177467;48140;25772;4
117042;-166323;48275;26468;1
121186;-188226;48534;25099;4
111129;-167952;47905;26367;2
113533;-171203;48055;26163;4
119371;-168303;48420;26345;1
108122;-172648;47717;26073;2
107703;-165003;47691;26551;1
112225;-171105;47974;26169;2
108917;-175427;47767;25899;1
112791;-170433;48009;26211;4
125860;-172353;48826;26091;1
115661;-182630;48188;25449;1
114605;-178868;48122;25684;2
112665;-169394;48001;26276;1
124672;-173577;48752;26015;1
116044;-178319;48212;25719;8
124301;-174017;48728;25987;8
117363;-179417;48295;25650;8
113910;-169731;48079;26255;1
119189;-181989;48409;25489;1
110630;-167046;47874;26423;1
118649;-168632;48375;26324;1
124398;-173407;48734;26026;8
113631;-171047;48061;26173;4
113871;-170383;48076;26215;8
123855;-174028;48700;25987;1
107920;-164883;47705;26558;1
124270;-174291;48726;25970;4
121280;-168247;48540;26348;2
116313;-184256;48229;25348;4
107067;-174002;47651;25988;2
118466;-168515;48364;26331;8
107526;-177067;47680;25797;1
108268;-171544;47726;26142;2
105982;-174340;47583;25967;4
123944;-181463;48706;25522;4
106261;-172593;47601;26076;2
119282;-181926;48415;25493;2
119248;-182096;48413;25483;2
107879;-172479;47702;26084;4
117185;-180230;48284;25599;2
119676;-168214;48439;26350;2
119480;-167801;48427;26376;4
123336;-166718;48668;26444;4
116118;-178747;48217;25692;8
110848;-170643;47888;26198;4
117353;-181810;48294;25500;4
106312;-175622;47604;25887;2
110822;-169925;47886;26243;2
126238;-172678;48849;26071;4
117034;-184000;48274;25364;2
120767;-188168;48507;25103;2
115726;-181658;48192;25510;4
116436;-179981;48237;25615;2
116420;-177472;48236;25772;8
113167;-169471;48032;26272;2
118315;-173796;48354;26001;1
115588;-181037;48184;25549;1
114842;-177631;48137;25762;2
115927;-183109;48205;25419;2
117884;-182549;48327;25454;4
121164;-188593;48532;25076;4
111054;-170949;47900;26179;8
106101;-173780;47591;26002;2
116700;-183649;48253;25385;2
117414;-180249;48298;25598;8
129826;-190807;49074;24938;4
117036;-183488;48274;25396;1
106744;-175415;47631;25900;4
125813;-173277;48823;26034;4
110673;-167625;47877;26387;2
106272;-176550;47602;25829;8
110770;-169457;47883;26272;2
115948;-178775;48206;25690;2
108662;-174183;47751;25977;2
110573;-169153;47870;26291;1
108772;-176410;47758;25838;1
111245;-171122;47912;26168;4
110671;-169472;47876;26272;1
124552;-173747;48744;26004;1
107877;-176490;47702;25833;4
109290;-169284;47790;26283;4
116111;-183549;48216;25392;1
110092;-165161;47840;26541;8
116772;-166359;48258;26466;1
123374;-174652;48670;25948;2
112107;-169678;47966;26259;8
125790;-172350;48821;26092;2
121224;-168328;48536;26343;4
115245;-182879;48162;25434;8
110259;-169342;47851;26280;8
110159;-168205;47844;26351;1
110325;-170000;47855;26239;8
124155;-181655;48719;25510;8
113905;-169183;48079;26290;1
115868;-171771;48201;26128;8
115920;-177601;48205;25763;4
107437;-176063;47674;25860;1
115578;-183683;48183;25383;4
125927;-172762;48830;26066;1
117501;-181843;48303;25498;1
124020;-174246;48711;25973;8
111938;-166862;47956;26435;1
124614;-173101;48748;26045;4
124275;-174285;48727;25971;4
117442;-182336;48300;25468;1
115994;-178531;48209;25705;1
109445;-165505;47800;26519;8
124819;-178052;48761;25735;1
115924;-180381;48205;25590;2
109373;-174732;47795;25943;4
125276;-172725;48789;26068;8
110682;-167487;47877;26396;2
117223;-180013;48286;25613;2
123549;-174720;48681;25944;2
120650;-168286;48500;26346;2
114588;-177768;48121;25753;1
107295;-176172;47665;25853;8
113871;-169755;48076;26254;2
116742;-184111;48256;25357;8
124095;-181352;48715;25529;2
117077;-179163;48277;25666;1
121134;-168193;48530;26351;8
114696;-179874;48128;25621;2
109368;-169183;47795;26290;2
116274;-180228;48227;25599;4
108601;-165460;47747;26522;8
106003;-176679;47585;25821;4
109399;-169436;47797;26274;4
124090;-181469;48715;25522;8
108113;-172432;47717;26087;8
105814;-175290;47573;25908;8
107042;-173984;47650;25990;2
116696;-184175;48253;25353;2
123394;-181196;48672;25539;8
107210;-172604;47660;26076;1
117330;-179973;48293;25615;4
107813;-172050;47698;26110;1
111869;-171084;47951;26171;1
107939;-165606;47706;26513;2
124040;-181407;48712;25526;8
106713;-173356;47629;26029;1
119381;-166940;48421;26430;4
108667;-174203;47751;25976;2
116793;-178567;48259;25703;4
119309;-168465;48416;26334;2
113126;-169410;48030;26275;4
117248;-183115;48288;25419;1
120273;-168587;48477;26327;1
108678;-167990;47752;26364;4
112395;-171102;47984;26170;4
124449;-173906;48738;25994;1
123724;-182242;48692;25473;2
106075;-173924;47589;25993;2
106112;-173943;47592;25992;1
116635;-183961;48249;25366;8
116996;-179600;48272;25639;1
112893;-170437;48015;26211;2
124644;-174032;48750;25987;2
117099;-183871;48278;25372;2
106506;-175367;47616;25903;1
123383;-193928;48671;24743;4
123223;-174840;48661;25936;2
115215;-179855;48160;25623;4
110737;-170637;47881;26199;1
116110;-180233;48216;25599;8
116965;-179414;48270;25650;1
111911;-169902;47954;26245;1
112449;-171023;47988;26175;8
109729;-174452;47818;25960;8
115574;-185214;48183;25288;8
127503;-185527;48928;25268;4
105999;-173434;47584;26024;1
109336;-174593;47793;25951;4
109414;-176593;47798;25826;8
115789;-181745;48196;25504;8
106200;-173645;47597;26011;2
126311;-172674;48854;26071;1
108049;-176189;47713;25852;2
105818;-173567;47573;26016;8
115404;-182124;48172;25481;1
106300;-173491;47603;26020;4
123649;-181891;48688;25495;4
125582;-172576;48808;26078;1
119126;-167471;48405;26397;1
112210;-171049;47973;26173;8
105690;-173605;47565;26013;1
108391;-176596;47734;25826;8
121385;-188607;48546;25076;4
119306;-168250;48416;26348;2
115907;-183630;48204;25387;1
113967;-170533;48082;26205;8
120938;-188908;48518;25057;4
112484;-167561;47990;26391;8
108697;-170949;47753;26179;1
106340;-176777;47606;25815;2
106312;-174032;47604;25987;1
106311;-173372;47604;26028;1
120468;-168639;48489;26324;1
107557;-176695;47682;25820;8
123956;-182102;48707;25482;1
106217;-176524;47598;25831;8
121622;-192956;48561;24804;2
119232;-168010;48412;26363;2
123775;-181728;48695;25506;2
111936;-169831;47956;26249;4
117302;-179153;48291;25666;4
115589;-182532;48184;25455;2
111117;-170167;47904;26228;4
123413;-174927;48673;25931;1
123255;-193993;48663;24739;2
108756;-169727;47757;26256;4
110604;-168743;47872;26317;8
115940;-183041;48206;25423;1
108759;-169365;47757;26278;2
116436;-180049;48237;25610;4
123636;-174360;48687;25966;4
116312;-179968;48229;25616;4
125558;-173181;48807;26040;8
107665;-172145;47689;26104;4
110656;-169401;47876;26276;1
106925;-177314;47642;25781;8
107950;-165011;47706;26550;1
117200;-183387;48285;25402;4
115745;-183724;48194;25381;8
125376;-173534;48796;26018;4
124250;-174307;48725;25969;1
115040;-177314;48150;25781;4
109620;-174349;47811;25967;2
114702;-179667;48128;25634;2
112658;-171113;48001;26169;4
111603;-166496;47935;26458;2
115883;-183217;48202;25412;8
119551;-182190;48431;25477;2
111703;-167208;47941;26413;2
116287;-181228;48227;25537;8
117331;-179385;48293;25652;2
110467;-169185;47864;26289;1
106399;-174946;47609;25929;2
120970;-188428;48520;25087;1
108953;-176321;47769;25843;4
112666;-171122;48001;26168;2
113472;-171131;48052;26168;1
123598;-175079;48684;25921;1
114730;-179460;48130;25647;1
108945;-165458;47769;26522;1
109155;-175465;47782;25897;1
113257;-169955;48038;26241;1
106934;-176196;47643;25851;4
110623;-170668;47873;26197;4
111589;-167208;47934;26413;4
107141;-176506;47656;25832;8
119185;-182080;48409;25484;4
108681;-176342;47752;25842;2
110934;-166805;47893;26438;8
107928;-165007;47705;26551;1
119239;-181877;48412;25496;4
106382;-175998;47608;25864;8
109748;-165655;47819;26510;2
119184;-168029;48409;26362;4
111263;-168065;47913;26359;8
113822;-192342;48073;24842;2
112433;-168102;47987;26357;8
118922;-166856;48392;26435;4
125094;-173046;48778;26048;8
108070;-172449;47714;26085;4
111199;-166275;47909;26471;2
108781;-168329;47758;26343;2
115615;-183249;48185;25410;1
109400;-169371;47797;26278;2
118725;-168829;48380;26312;8
117206;-179652;48285;25635;8
115566;-179836;48182;25624;4
114470;-174353;48114;25966;4
110087;-169368;47840;26278;2
111994;-167066;47959;26422;8
108948;-175526;47769;25893;2
119132;-166933;48405;26430;1
106540;-172721;47618;26068;8
116047;-177598;48212;25764;8
114629;-177918;48124;25744;1
123337;-182372;48668;25465;2
117173;-180249;48283;25598;1
116291;-180058;48228;25610;1
109139;-175259;47781;25910;8
119383;-168285;48421;26346;4
119838;-168329;48449;26343;1
111972;-167086;47958;26421;1
108241;-176349;47725;25842;2
123987;-182019;48709;25487;8
106379;-174973;47608;25928;8
108720;-168418;47755;26337;8
116757;-178796;48257;25689;4
123424;-174378;48674;25965;2
114907;-175962;48141;25866;4
109018;-176336;47773;25843;4
106803;-172482;47635;26083;4
108204;-165246;47722;26536;2
115893;-181054;48203;25548;8
108650;-176049;47750;25860;2
111367;-170854;47920;26185;8
108720;-169785;47755;26252;2
114669;-177755;48126;25754;2
123754;-174914;48694;25931;8
117024;-178954;48274;25679;4
116608;-183480;48248;25396;4
123239;-192873;48662;24809;4
107835;-172901;47699;26057;4
109737;-165201;47818;26538;8
110140;-169414;47843;26275;2
110305;-169310;47854;26282;4
116960;-179574;48270;25640;2
130507;-193036;49116;24799;8
118658;-168468;48376;26334;1
124736;-173995;48756;25989;8
111568;-166497;47933;26457;1
115799;-182080;48197;25484;8
115955;-177606;48207;25763;8
106312;-176114;47604;25856;2
117304;-178577;48291;25702;1
121388;-188671;48546;25072;4
130056;-176809;49088;25813;1
124938;-173722;48768;26006;1
106532;-174971;47618;25928;4
116391;-179849;48234;25623;4
110824;-169787;47886;26252;4
125655;-172329;48813;26093;2
123858;-181767;48701;25503;4
111252;-170909;47913;26182;1
116335;-177176;48230;25790;4
106650;-175690;47625;25883;1
111447;-171130;47925;26168;8
110551;-169190;47869;26289;4
118749;-172092;48381;26108;4
114614;-177381;48123;25777;8
113285;-169933;48040;26243;1
119174;-167994;48408;26364;2
105730;-172755;47568;26066;8
123914;-181315;48704;25531;8
113895;-169927;48078;26243;2
109743;-168729;47818;26318;4
106105;-176677;47591;25821;4
108342;-165401;47731;26526;1
116373;-184150;48233;25354;2
119337;-167937;48418;26367;1
125471;-173364;48801;26028;2
106904;-177217;47641;25787;1
110581;-168842;47871;26311;4
121028;-168501;48524;26332;1
117466;-181496;48301;25520;2
121470;-168211;48551;26350;2
108148;-164946;47719;26554;4
123529;-166517;48680;26456;2
111686;-167066;47940;26422;2
120068;-168606;48464;26326;2
117802;-182442;48322;25461;2
108780;-169300;47758;26282;1
111809;-170184;47948;26227;4
124113;-182064;48717;25485;8
123019;-175154;48648;25916;1
115429;-177306;48174;25782;2
110321;-171097;47855;26170;1
116057;-181105;48213;25544;1
106620;-175199;47623;25914;1
123407;-181228;48672;25537;4
123928;-182017;48705;25487;2
125375;-173592;48795;26014;8
125267;-172934;48789;26055;8
113838;-169784;48074;26252;1
111288;-166588;47915;26452;1
115684;-177356;48190;25779;4
123905;-182051;48704;25485;1
114318;-178826;48104;25687;1
108235;-174399;47724;25964;2
123802;-174348;48697;25967;2
108133;-172555;47718;26079;2
124676;-173068;48752;26047;8
112005;-167235;47960;26411;4
117195;-181973;48284;25490;4
112043;-167256;47962;26410;1
112445;-170316;47987;26219;4
114477;-178613;48114;25700;1
107147;-165174;47656;26540;2
115567;-182455;48182;25460;1
109264;-175500;47789;25895;2
110389;-169098;47859;26295;2
123148;-174821;48656;25937;8
109807;-168752;47822;26317;2
106574;-173643;47620;26011;4
111743;-167112;47943;26419;1
106347;-173175;47606;26040;4
106428;-176693;47611;25820;8
113286;-169871;48040;26247;8
125419;-172826;48798;26062;1
117061;-179918;48276;25619;2
111059;-166594;47901;26451;8
125041;-173279;48775;26034;8
112215;-170414;47973;26213;8
107845;-172412;47700;26088;2
117138;-181135;48281;25543;2
110541;-169090;47868;26295;2
117126;-179582;48280;25640;8
119295;-166863;48415;26435;1
114665;-178895;48126;25683;8
107447;-172328;47675;26093;8
119930;-181143;48455;25542;4
124811;-178095;48760;25733;1
111555;-167331;47932;26405;1
112656;-170123;48001;26231;8
119017;-168724;48398;26318;4
108729;-173866;47755;25997;2
107779;-176488;47696;25833;1
127561;-185550;48932;25267;4
116567;-179998;48245;25614;8
107997;-172434;47709;26086;8
109954;-165539;47832;26517;4
116426;-184243;48236;25348;8
119384;-167001;48421;26426;2
116216;-177885;48223;25746;8
111562;-166446;47932;26461;2
108629;-165685;47749;26508;8
123633;-174302;48687;25970;8
116007;-180438;48210;25586;4
110546;-170396;47869;26214;1
111302;-167763;47916;26378;2
112665;-169125;48001;26293;4
112044;-167000;47962;26426;1
116936;-179343;48268;25655;8
113324;-169124;48042;26293;4
109221;-175595;47786;25889;8
117226;-180732;48286;25568;2
125635;-172607;48812;26076;4
109619;-165432;47811;26524;2
108783;-170710;47758;26194;4
107783;-174024;47696;25987;4
113075;-169660;48027;26260;8
126344;-172607;48856;26076;8
105816;-172745;47573;26067;8
118482;-168476;48365;26334;4
116141;-177917;48218;25744;4
110397;-167735;47859;26380;4
114848;-180160;48138;25604;1
111855;-167063;47950;26422;2
123504;-181377;48679;25527;4
113878;-169801;48077;26251;8
106154;-175004;47594;25926;4
116103;-183505;48216;25394;4
107313;-165469;47667;26522;8
117409;-178973;48298;25678;1
110786;-166788;47884;26439;4
112828;-169416;48011;26275;8
123805;-181451;48697;25523;2
111321;-169406;47917;26276;1
116326;-180290;48230;25595;4
106230;-173796;47599;26001;8
126363;-172720;48857;26069;8
110210;-165235;47848;26536;1
116952;-178746;48269;25692;8
123248;-193427;48663;24774;2
124136;-181730;48718;25505;1
105776;-173490;47571;26020;4
107376;-172852;47671;26060;4
123853;-181835;48700;25499;4
106533;-173718;47618;26006;4
123697;-174199;48691;25976;2
117013;-179542;48273;25642;8
119381;-181965;48421;25491;8
107869;-172863;47701;26060;1
117192;-179769;48284;25628;2
123237;-174511;48662;25957;4
118682;-168244;48377;26348;1
110111;-171127;47841;26168;8
116474;-184122;48239;25356;8
109237;-165214;47787;26538;2
108093;-176213;47715;25850;4
123710;-182323;48691;25468;4
120845;-187940;48512;25117;2
112397;-175430;47984;25899;2
110137;-164877;47843;26559;8
118227;-171484;48349;26146;1
113246;-169153;48037;26291;4
112421;-168467;47986;26334;2
108494;-174299;47740;25970;4
106564;-175843;47620;25873;1
115999;-180963;48209;25553;4
112482;-171019;47990;26175;8
120934;-188212;48518;25100;4
105514;-173649;47554;26010;8
123285;-174646;48665;25948;4
108286;-173873;47727;25996;4
110352;-168059;47857;26360;1
106183;-174997;47596;25926;2
108709;-165422;47754;26525;4
109418;-165443;47798;26523;2
117488;-181892;48303;25495;4
108062;-165721;47713;26506;4
124060;-181470;48713;25522;8
111167;-169444;47907;26273;1
111819;-169393;47948;26276;8
108683;-169237;47752;26286;8
115343;-182257;48168;25472;4
119484;-168258;48427;26347;4
105817;-173675;47573;26009;4
107028;-165402;47649;26526;1
116839;-183554;48262;25391;4
116754;-166129;48257;26480;8
119336;-168171;48418;26353;4
107170;-176218;47658;25850;8
112072;-170788;47964;26189;8
120846;-187934;48512;25118;8
107846;-165579;47700;26515;2
111758;-169394;47944;26276;8
114442;-178582;48112;25702;4
106419;-175539;47611;25892;1
108134;-165703;47718;26507;8
108539;-173589;47743;26014;1
106712;-175278;47629;25909;1
110419;-167743;47861;26380;1
121353;-168285;48544;26346;1
125408;-172554;48798;26079;1
108908;-176060;47766;25860;4
120393;-182106;48484;25482;4
115357;-184181;48169;25352;4
129099;-180906;49028;25557;8
124083;-182169;48715;25478;1
113884;-169111;48077;26294;4
124776;-172983;48758;26052;8
108764;-165157;47757;26541;4
108012;-172928;47710;26056;8
110464;-169832;47864;26249;8
106770;-176915;47633;25806;2
111843;-167279;47950;26409;4
114582;-179948;48121;25617;2
117724;-182778;48317;25440;4
111446;-167847;47925;26373;1
109857;-176814;47826;25813;1
121110;-168260;48529;26347;8
123795;-181742;48697;25505;2
127493;-185933;48928;25243;8
111413;-167867;47923;26372;2
110209;-168107;47848;26357;8
106305;-174285;47604;25971;4
123410;-174754;48673;25941;1
125253;-172981;48788;26052;8
110586;-170563;47871;26203;1
112351;-166988;47981;26427;1
115885;-181324;48202;25531;4
115256;-180012;48163;25613;8
116149;-181233;48219;25536;4
113875;-169350;48077;26279;4
113597;-170664;48059;26197;8
116130;-178757;48218;25691;2
112504;-168784;47991;26315;1
120581;-193436;48496;24774;2
116059;-181662;48213;25510;4
115767;-181750;48195;25504;4
124084;-181617;48715;25512;1
109092;-164971;47778;26553;8
107113;-165229;47654;26537;1
115251;-182218;48163;25475;1
116443;-177344;48237;25780;8
112488;-167306;47990;26407;4
130658;-193091;49126;24795;2
106605;-173718;47622;26006;8
108784;-169897;47759;26245;4
108353;-171518;47732;26144;1
108671;-176283;47751;25846;2
113737;-170530;48068;26205;4
108099;-172618;47716;26075;2
105829;-175029;47574;25924;2
123506;-166708;48679;26444;1
115319;-179968;48167;25616;2
110756;-167358;47882;26404;1
123501;-181529;48678;25518;1
110877;-168559;47889;26329;8
109020;-176556;47773;25829;8
107501;-165438;47678;26524;8
121431;-188462;48549;25085;2
123816;-181406;48698;25526;2
112225;-169376;47974;26278;1
106428;-175965;47611;25866;4
111058;-170073;47901;26234;8
116516;-184239;48242;25349;8
115836;-177476;48199;25771;4
112994;-170803;48022;26188;8
107767;-176489;47695;25833;1
116846;-178893;48262;25683;2
119384;-182236;48421;25474;4
107310;-172854;47666;26060;1
110551;-167085;47869;26421;1
123713;-166903;48692;26432;4
111035;-167886;47899;26371;2
108865;-176082;47764;25858;1
124557;-173493;48744;26020;4
111089;-170939;47903;26180;8
108551;-176412;47744;25838;4
105927;-175003;47580;25926;2
115608;-183555;48185;25391;1
108704;-168927;47754;26306;8
105991;-176666;47584;25822;8
110369;-168050;47858;26360;8
113383;-170786;48046;26189;2
108546;-165748;47744;26504;4
124086;-182302;48715;25470;1
110643;-167527;47875;26393;4
115360;-183183;48170;25415;1
111186;-171012;47909;26175;2
115608;-181642;48185;25511;4
106765;-177075;47632;25796;2
114548;-178902;48119;25682;4
123440;-174381;48675;25965;8
119622;-168674;48436;26321;4
105552;-175089;47557;25920;2
115489;-182539;48178;25455;4
107879;-172137;47702;26105;2
107618;-176408;47686;25838;4
111306;-166535;47916;26455;8
107197;-172860;47659;26060;4
106235;-175296;47599;25908;1
114675;-178062;48127;25735;4
106212;-172898;47598;26057;4
106044;-172878;47587;26059;8
110545;-169071;47869;26297;4
105733;-173573;47568;26015;1
124760;-174079;48757;25984;1
109584;-165461;47809;26522;2
107347;-176301;47669;25845;2
115378;-179789;48171;25627;2
106220;-175623;47598;25887;2
115618;-183433;48186;25399;1
123470;-174888;48676;25933;1
113736;-169158;48068;26291;1
112391;-169174;47984;26290;1
106474;-176646;47614;25823;1
106425;-173662;47611;26010;1
116449;-177634;48238;25761;4
118372;-173752;48358;26004;1
113173;-169451;48033;26273;4
106740;-175818;47631;25875;2
109582;-174835;47808;25936;8
116958;-179580;48269;25640;4
115075;-179351;48152;25654;8
120075;-181961;48464;25491;2
112619;-170464;47998;26210;4
107680;-172334;47690;26093;2
112733;-171084;48005;26171;2
126236;-172815;48849;26063;4
126335;-172595;48855;26076;2
110556;-170687;47869;26196;1
117159;-183504;48282;25395;4
108789;-169334;47759;26280;4
114964;-176767;48145;25816;2
109276;-169470;47789;26272;4
111238;-170198;47912;26226;2
125787;-173183;48821;26040;1
105787;-173512;47571;26019;2
125223;-172900;48786;26057;4
108039;-174289;47712;25970;2
107706;-165018;47691;26550;8
110327;-169445;47855;26273;8
116192;-183789;48222;25377;1
116459;-180021;48238;25612;1
109851;-165217;47825;26537;1
106375;-173806;47608;26001;1
111863;-166910;47951;26432;2
107763;-172068;47695;26109;2
129380;-181061;49046;25547;4
123471;-181199;48676;25539;4
110288;-170315;47853;26219;4
111188;-167960;47909;26366;8
119172;-182062;48408;25485;8
113666;-170970;48064;26178;1
110104;-165746;47841;26504;4
107464;-172115;47676;26106;8
123996;-173952;48709;25992;8
109483;-170046;47802;26236;2
110233;-167953;47849;26366;8
107122;-173903;47655;25995;8
111636;-166206;47937;26476;2
112823;-170436;48011;26211;8
130583;-193056;49121;24798;1
110711;-170708;47879;26194;2
120443;-168325;48487;26343;2
123648;-181395;48688;25526;2
124347;-173581;48731;26015;4
120445;-181823;48487;25500;1
108434;-176566;47737;25828;1
107877;-176407;47702;25838;4
106001;-175108;47585;25919;1
113357;-169404;48044;26276;2
108414;-164959;47735;26554;4
112138;-169571;47968;26265;4
119442;-168639;48425;26324;1
114877;-176680;48139;25821;2
115878;-183322;48202;25406;8
110820;-166976;47886;26428;4
106573;-175329;47620;25905;8
128893;-194703;49015;24695;4
116014;-181686;48210;25508;4
107739;-171927;47693;26118;4
109141;-175730;47781;25880;4
125738;-172850;48818;26060;2
118955;-168684;48394;26321;2
112230;-169476;47974;26271;2
123922;-182152;48705;25479;1
108344;-165164;47731;26541;2
110657;-168468;47876;26334;4
109065;-176726;47776;25818;4
106290;-173857;47603;25997;4
110253;-171053;47850;26173;2
107990;-172695;47709;26070;1
116359;-177458;48232;25772;2
116875;-183458;48264;25397;8
109749;-174604;47819;25951;2
120794;-187929;48509;25118;2
120283;-181859;48477;25497;8
123562;-166443;48682;26461;8
113074;-171059;48027;26172;1
121243;-196317;48537;24594;2
113918;-169878;48079;26246;8
115985;-178845;48209;25686;4
119546;-167070;48431;26422;8
108755;-168129;47757;26355;4
115832;-181713;48199;25506;2
106397;-175761;47609;25878;1
111953;-170847;47957;26186;8
110715;-167537;47879;26392;8
120268;-181716;48476;25506;8
118841;-168237;48387;26349;2
110639;-167384;47874;26402;1
120853;-188858;48513;25060;8
123472;-181792;48677;25502;4
108699;-168558;47753;26329;1
111772;-170857;47945;26185;1
114885;-176834;48140;25811;4
121438;-168409;48549;26338;4
116046;-178616;48212;25700;4
109796;-171042;47822;26173;4
125263;-172912;48788;26057;2
108342;-176331;47731;25843;1
112401;-168390;47985;26339;2
111378;-170298;47921;26220;1
124281;-174232;48727;25974;4
107967;-172311;47707;26094;2
108330;-176292;47730;25845;2
108251;-173708;47725;26007;1
106467;-174903;47614;25932;4
124140;-181400;48718;25526;2
109853;-168769;47825;26315;8
123706;-182339;48691;25467;2
109890;-164958;47828;26554;2
118671;-168534;48376;26330;4
106232;-174015;47599;25988;1
114850;-177633;48138;25761;1
106207;-174982;47597;25927;1
107984;-176241;47709;25848;8
123565;-175012;48682;25925;1
105397;-172647;47547;26073;2
115879;-183143;48202;25417;2
115926;-171757;48205;26129;8
111854;-170816;47950;26188;1
108033;-176329;47712;25843;8
121670;-168526;48564;26331;8
108425;-176230;47736;25849;8
124196;-173548;48722;26017;8
110662;-169410;47876;26275;1
108304;-176400;47729;25839;4
108151;-172755;47719;26066;8
128822;-194699;49011;24695;8
114868;-176671;48139;25822;1
109587;-174636;47809;25949;2
106350;-175028;47606;25924;4
108988;-165754;47771;26504;2
108151;-174317;47719;25969;1
114701;-179697;48128;25632;1
106131;-174991;47593;25927;8
110869;-168512;47889;26332;1
108687;-174087;47752;25983;1
107676;-172062;47689;26110;4
106913;-174141;47642;25980;4
123189;-193120;48659;24794;2
116241;-184113;48225;25356;4
116271;-177572;48226;25765;1
113376;-170056;48046;26235;1
113610;-170434;48060;26211;1
111244;-166198;47912;26476;1
116556;-184206;48244;25351;8
115926;-181528;48205;25518;4
123713;-182137;48692;25480;8
105965;-175339;47582;25905;1
110115;-169341;47842;26280;4
108274;-173899;47727;25995;4
117191;-180773;48284;25565;1
121665;-192898;48564;24807;4
115633;-181078;48187;25546;4
109135;-176328;47780;25843;8
114910;-177550;48141;25767;2
111398;-167494;47922;26395;4
105985;-175322;47584;25906;4
111636;-167674;47937;26384;2
116243;-177747;48225;25754;8
110820;-167170;47886;26415;2
117200;-180861;48285;25560;2
119941;-168388;48456;26339;2
124725;-173711;48755;26007;1
118992;-166813;48397;26438;8
108235;-164896;47724;26558;1
106352;-175031;47607;25924;2
119182;-181822;48408;25500;4
108237;-165175;47724;26540;2
125052;-173133;48775;26043;8
108684;-170750;47752;26192;8
109830;-168671;47824;26322;2
111659;-171007;47938;26176;8
125542;-172356;48806;26091;4
115355;-176792;48169;25814;4
114597;-179301;48122;25657;8
117471;-181026;48301;25549;1
106811;-173488;47635;26021;2
111105;-168159;47904;26354;8
110518;-168913;47867;26306;1
106858;-172913;47638;26056;8
112223;-166950;47973;26429;2
106600;-175846;47622;25873;8
106444;-175633;47612;25886;2
120496;-188577;48491;25077;2
114375;-179059;48108;25672;2
111589;-167716;47934;26381;4
124052;-182016;48713;25488;4
124053;-173645;48713;26011;2
116033;-180369;48212;25590;2
108715;-168424;47754;26337;4
115904;-181439;48204;25524;8
108992;-175709;47772;25882;8
112611;-170401;47998;26213;1
117240;-182676;48287;25446;1
106399;-172704;47609;26070;2
111518;-167608;47929;26388;8
115212;-182694;48160;25445;1
107648;-172319;47688;26094;1
109085;-169575;47777;26265;2
114562;-177300;48120;25782;1
118648;-168678;48375;26321;8
125709;-172900;48816;26057;2
123145;-193662;48656;24760;2
110877;-168261;47889;26347;4
111677;-166232;47939;26474;4
118968;-166812;48395;26438;1
111812;-166507;47948;26457;2
117376;-182709;48296;25444;4
106625;-173122;47624;26043;1
109189;-175545;47784;25892;4
128811;-194843;49010;24686;1
129736;-191022;49068;24925;1
106499;-174895;47616;25933;4
115915;-171739;48204;26130;1
107894;-172822;47703;26062;2
108433;-173963;47737;25991;8
112592;-169472;47997;26272;4
125714;-173070;48817;26047;8
105755;-173506;47569;26019;1
112889;-170457;48015;26210;8
117316;-195640;48292;24636;2
117071;-182061;48276;25485;1
107783;-176699;47696;25820;4
106657;-175446;47626;25898;4
121413;-188529;48548;25080;2
125274;-173026;48789;26049;8
118635;-168227;48374;26349;8
112085;-169389;47965;26277;8
109787;-164892;47821;26558;2
115696;-182368;48191;25466;1
107446;-176012;47675;25863;1
109340;-165436;47793;26524;1
106396;-175647;47609;25886;8
109215;-176858;47785;25810;1
125255;-173423;48788;26025;4
108448;-176679;47738;25821;8
129806;-190801;49072;24938;8
123877;-174546;48702;25954;2
115043;-176830;48150;25812;4
113312;-171216;48042;26163;2
107010;-177461;47648;25772;8
111994;-169856;47959;26248;2
110945;-168079;47894;26359;8
105999;-176823;47584;25812;1
117402;-180853;48297;25560;8
105631;-172417;47561;26087;2
110869;-168188;47889;26352;2
107648;-172710;47688;26069;8
113904;-170582;48079;26202;1
114930;-176796;48143;25814;1
107142;-173872;47656;25997;2
111669;-167611;47939;26388;2
109106;-176800;47779;25814;4
115764;-183912;48195;25369;1
121324;-168235;48542;26349;2
120345;-187482;48481;25146;2
123711;-166771;48691;26440;1
109937;-165130;47831;26543;4
110445;-169169;47862;26290;2
107892;-165560;47703;26516;4
106749;-175653;47631;25885;1
105838;-174706;47574;25944;1
115535;-182493;48180;25458;2
111489;-171037;47928;26174;2
106350;-174314;47606;25969;4
114007;-170536;48085;26205;8
112596;-175358;47997;25904;8
106231;-173866;47599;25997;4
124467;-173584;48739;26015;1
124654;-174020;48750;25987;8
107868;-172129;47701;26105;4
126100;-172462;48841;26085;8
107932;-174094;47705;25983;1
117085;-179507;48277;25644;2
106557;-175996;47619;25864;1
106166;-175659;47595;25885;8
109115;-176432;47779;25837;8
108985;-176767;47771;25816;1
108178;-165057;47721;26547;8
115899;-183790;48203;25377;4
113287;-170901;48040;26182;2
116588;-184355;48246;25341;2
124649;-173968;48750;25991;4
106138;-176717;47593;25819;1
105696;-172721;47566;26068;4
125124;-173380;48780;26027;8
111961;-166420;47957;26462;8
114913;-179484;48142;25646;4
106156;-176152;47594;25854;8
107122;-173829;47655;25999;4
109821;-170191;47823;26227;1
107586;-176552;47684;25829;1
108314;-176460;47729;25835;4
108616;-176472;47748;25834;8
115876;-181760;48202;25504;2
123867;-181427;48701;25524;2
109866;-174583;47826;25952;8
109841;-176860;47825;25810;8
120216;-182026;48473;25487;2
108238;-174413;47724;25963;8
110755;-168599;47882;26326;4
106343;-174862;47606;25935;8
116255;-177555;48225;25766;4
105712;-173577;47567;26015;2
117311;-166370;48291;26465;8
111344;-166484;47919;26458;8
124748;-173638;48756;26011;8
116553;-179980;48244;25615;8
117232;-181712;48287;25507;2
112830;-170501;48011;26207;2
125398;-173621;48797;26012;1
124398;-173590;48734;26014;8
115854;-171772;48200;26128;2
109152;-169588;47782;26264;4
115701;-181056;48191;25548;4
119391;-168523;48421;26331;2
111459;-170946;47926;26179;1
110444;-167790;47862;26377;1
106579;-175550;47621;25892;8
107129;-172704;47655;26070;4
110122;-168395;47842;26339;8
110222;-164918;47848;26556;1
123227;-174934;48661;25930;1
115430;-184135;48174;25355;4
109701;-176784;47816;25815;1
111073;-167037;47902;26424;2
111951;-169794;47956;26251;8
106434;-175581;47612;25890;1
117269;-180628;48289;25574;8
115394;-182854;48172;25435;1
107927;-172710;47705;26069;2
121531;-168487;48555;26333;1
110058;-170415;47838;26213;1
117357;-179270;48294;25659;1
111429;-170180;47924;26227;1
110573;-167082;47870;26421;1
108116;-164935;47717;26555;2
105558;-172426;47557;26087;4
114833;-179625;48137;25637;2
105583;-174911;47558;25932;4
115877;-181681;48202;25508;4
126153;-172888;48844;26058;1
106128;-172847;47593;26061;2
117353;-182743;48294;25442;8
105692;-173453;47565;26023;1
117139;-181629;48281;25512;8
121338;-188275;48543;25096;4
115567;-177774;48182;25753;4
117030;-179475;48274;25646;8
120092;-168366;48465;26341;8
123665;-181961;48689;25491;1
109774;-168818;47820;26312;1
112235;-169409;47974;26275;1
110142;-169398;47843;26276;2
117327;-183048;48292;25423;4
109403;-169116;47797;26294;1
120200;-168384;48472;26340;8
108392;-174201;47734;25976;4
118877;-168250;48389;26348;1
125810;-173282;48823;26033;8
114479;-178872;48114;25684;1
115317;-182051;48167;25485;8
112201;-170406;47972;26213;2
111228;-170789;47911;26189;8
124483;-173679;48740;26009;4
110753;-168418;47882;26337;2
106578;-172984;47621;26052;1
119034;-167310;48399;26407;1
126103;-172943;48841;26055;2
110872;-167063;47889;26422;1
108414;-173967;47735;25991;8
113670;-169174;48064;26290;4
108738;-169927;47756;26243;4
124665;-173820;48751;26000;2
105567;-172785;47557;26064;8
110385;-170464;47859;26210;4
123163;-193576;48657;24765;8
116417;-181064;48236;25547;1
111184;-171084;47909;26171;4
105772;-173533;47570;26018;1
116361;-177492;48232;25770;4
110812;-168206;47885;26351;2
113659;-170536;48063;26205;4
109660;-170007;47813;26238;2
105765;-174103;47570;25982;1
110551;-169197;47869;26289;8
110595;-170504;47872;26207;2
108093;-176525;47715;25831;8
110978;-167972;47896;26365;4
110765;-168319;47882;26344;2
130588;-193098;49121;24795;4
117357;-181794;48294;25501;1
109130;-175740;47780;25880;2
114629;-180144;48124;25605;2
105499;-172751;47553;26067;2
109802;-164913;47822;26556;1
121243;-196332;48537;24593;8
118791;-171786;48384;26127;4
115544;-183027;48181;25424;1
111205;-169398;47910;26276;8
112683;-170237;48002;26224;2
116255;-177241;48225;25786;1
115415;-182930;48173;25430;4
108741;-169705;47756;26257;1
117181;-183508;48283;25394;2
106052;-174968;47588;25928;4
115647;-181324;48187;25531;8
112976;-169126;48021;26293;2
108620;-174385;47748;25964;2
113775;-169419;48070;26275;2
116354;-177706;48232;25757;4
105916;-172907;47579;26057;4
123426;-181500;48674;25520;4
105789;-174489;47571;25958;1
107543;-165434;47681;26524;8
126041;-172786;48837;26064;4
118973;-168673;48395;26321;4
109360;-169744;47795;26255;8
123783;-181727;48696;25506;2
116025;-178741;48211;25692;4
117201;-183378;48285;25402;2
116884;-179298;48265;25657;1
108164;-165464;47720;26522;1
116266;-181159;48226;25541;4
111431;-167899;47924;26370;1
119545;-168444;48431;26336;8
124106;-181686;48716;25508;4
123748;-174140;48694;25980;4
125888;-172423;48828;26087;8
124642;-173494;48750;26020;1
115548;-177593;48181;25764;1
115698;-183274;48191;25409;1
115940;-180233;48206;25599;4
117234;-183738;48287;25380;1
120917;-188252;48517;25098;2
106109;-173640;47591;26011;4
105777;-173717;47571;26006;4
123172;-174672;48658;25947;4
109405;-169038;47797;26299;2
106486;-173845;47615;25998;2
123360;-166864;48670;26435;1
106242;-175069;47600;25922;1
111940;-170694;47956;26195;4
120359;-168353;48482;26341;1
117328;-179190;48293;25664;1
109379;-169443;47796;26273;2
107685;-172859;47690;26060;8
115979;-183892;48208;25370;4
109698;-165721;47816;26506;2
115295;-182724;48165;25443;8
105582;-173700;47558;26007;2
110028;-165525;47836;26518;8
110724;-167424;47880;26400;8
107294;-176344;47665;25842;4
111672;-167475;47939;26396;2
109345;-174651;47794;25948;8
110976;-168560;47896;26329;2
108003;-174072;47710;25984;8
115558;-182133;48182;25480;4
117047;-179270;48275;25659;8
115312;-176723;48167;25818;2
111277;-170867;47914;26184;4
124795;-174020;48759;25987;4
124623;-174078;48748;25984;8
123987;-181188;48709;25539;1
124920;-172969;48767;26053;8
107228;-174196;47661;25976;1
108196;-174363;47722;25966;8
106447;-175205;47612;25913;8
119911;-168409;48454;26338;4
108303;-174103;47728;25982;8
106982;-177328;47646;25781;2
110054;-171055;47838;26173;2
115915;-183303;48204;25407;1
115355;-182583;48169;25452;1
106608;-172849;47623;26060;4
112607;-170237;47997;26224;4
112017;-166970;47961;26428;2
118555;-168759;48369;26316;8
109021;-165435;47773;26524;8
105941;-175115;47581;25919;2
125746;-173199;48819;26039;8
107811;-176259;47698;25847;2
114923;-177341;48142;25780;4
120344;-168322;48481;26343;8
111157;-171127;47907;26168;8
123175;-193966;48658;24741;4
107619;-176414;47686;25838;1
117345;-180334;48294;25593;4
106807;-173025;47635;26049;2
109536;-170020;47806;26237;2
109197;-169456;47784;26273;4
115471;-183606;48176;25388;4
111751;-167042;47944;26423;1
109091;-175270;47778;25909;4
119144;-166882;48406;26433;8
121135;-188598;48530;25076;1
114231;-178670;48099;25697;8
126198;-172980;48847;26052;4
123135;-174802;48655;25938;8
111129;-170237;47905;26224;1
110801;-168417;47885;26337;4
111688;-166518;47940;26456;8
112814;-170414;48010;26213;2
107818;-177219;47698;25787;1
105840;-175326;47575;25906;2
117028;-179691;48274;25633;1
115535;-182153;48180;25479;8
119548;-181976;48431;25490;2
126309;-172496;48854;26083;8
113911;-170872;48079;26184;2
111729;-169347;47943;26279;8
107240;-172617;47662;26075;8
113743;-170541;48068;26205;1
111068;-170896;47901;26183;1
113527;-169100;48055;26295;4
124640;-173460;48750;26022;8
109325;-176629;47792;25824;4
109727;-174695;47817;25945;2
112428;-167985;47986;26364;2
123842;-181857;48700;25497;2
116931;-183843;48268;25373;4
120338;-181979;48481;25490;2
120116;-181732;48467;25505;4
121535;-168532;48555;26330;8
116056;-178190;48213;25727;1
119354;-168140;48419;26355;8
116149;-183693;48219;25383;8
109253;-169772;47788;26253;4
108972;-176301;47770;25845;4
110563;-168735;47870;26318;4
113288;-171223;48040;26162;2
109542;-165186;47806;26539;1
105982;-173487;47583;26021;4
123244;-194011;48662;24738;1
106532;-177212;47618;25788;4
121294;-168426;48540;26337;4
109064;-176449;47776;25835;4
107645;-172528;47687;26081;1
111799;-170248;47947;26223;8
106690;-173174;47628;26040;2
108216;-165731;47723;26505;4
111070;-171110;47901;26169;4
116985;-181117;48271;25544;2
125253;-172966;48788;26053;8
110842;-169893;47887;26245;2
114980;-177459;48146;25772;2
116288;-177465;48228;25772;8
109230;-175785;47786;25877;8
121260;-196334;48538;24593;2
109026;-175304;47774;25907;8
115624;-182492;48186;25458;4
105950;-173549;47581;26017;8
111142;-169453;47906;26273;8
118631;-168763;48374;26316;4
119474;-182231;48427;25474;1
109636;-165723;47812;26506;2
117562;-182865;48307;25434;8
116884;-166051;48265;26485;4
121122;-188207;48530;25101;8
123451;-181558;48675;25516;1
126222;-172719;48848;26069;2
115218;-184016;48161;25363;8
111825;-166773;47949;26440;4
117704;-182600;48316;25451;8
117140;-183014;48281;25425;8
115225;-179262;48161;25660;8
116796;-183648;48259;25386;4
123859;-181790;48701;25502;1
123253;-193216;48663;24788;2
125347;-173184;48794;26040;8
119937;-182100;48456;25482;4
116494;-184252;48240;25348;8
109683;-174554;47815;25954;2
119322;-167734;48417;26380;8
116415;-178485;48235;25708;4
123710;-174146;48691;25979;2
114786;-178073;48134;25734;8
125901;-172329;48828;26093;1
123357;-166873;48669;26434;2
130135;-176868;49093;25809;8
108824;-176060;47761;25860;1
116976;-183861;48271;25372;8
125055;-172702;48775;26070;4
116789;-178710;48259;25694;1
109252;-176460;47788;25835;8
108110;-174027;47716;25987;2
117192;-182980;48284;25427;4
113116;-169560;48029;26266;2
106263;-172780;47601;26065;1
125472;-173085;48802;26046;2
117465;-181929;48301;25493;8
109449;-175845;47800;25873;4
107711;-176691;47691;25820;1
105975;-174401;47583;25963;8
128875;-194841;49014;24686;8
106785;-175652;47634;25885;4
123196;-193720;48659;24756;8
107401;-165212;47672;26538;8
105629;-172481;47561;26083;2
123871;-181824;48701;25500;8
117368;-182016;48295;25488;1
109268;-169294;47789;26283;1
115222;-179318;48161;25656;2
120767;-168524;48507;26331;1
112227;-169600;47974;26264;4
125191;-173314;48784;26031;2
109897;-170312;47828;26219;1
108791;-174380;47759;25965;1
124192;-173520;48722;26019;1
106141;-176551;47593;25829;1
107034;-172644;47649;26073;1
115289;-184129;48165;25355;1
115784;-181592;48196;25514;8
125471;-172427;48801;26087;2
120759;-193542;48507;24767;2
113771;-170865;48070;26184;1
119451;-168399;48425;26339;1
108065;-172537;47714;26080;8
107567;-172670;47682;26072;4
116656;-183576;48251;25390;1
105634;-174946;47562;25929;8
113843;-170880;48075;26184;8
108600;-165639;47747;26511;8
108083;-176559;47715;25829;1
106090;-172631;47590;26074;1
114582;-177226;48121;25787;8
123168;-175269;48658;25909;1
108491;-173590;47740;26014;1
118717;-168561;48379;26328;8
117211;-182110;48285;25482;2
105617;-173915;47561;25994;1
115939;-180960;48206;25554;1
109627;-169047;47811;26298;2
114345;-178660;48106;25697;1
123805;-182195;48697;25476;8
120641;-188536;48500;25080;2
113850;-169627;48075;26262;4
125674;-173387;48814;26027;8
123098;-175226;48653;25912;2
117169;-179499;48283;25645;8
113472;-169436;48052;26274;4
116999;-179871;48272;25622;2
125625;-173027;48811;26049;2
109024;-171127;47774;26168;4
109582;-165421;47808;26525;4
111510;-170944;47929;26180;4
125655;-173207;48813;26038;1
108551;-173995;47744;25989;8
123853;-181306;48700;25532;1
124133;-173594;48718;26014;4
117263;-182879;48288;25434;2
108281;-165730;47727;26505;1
107239;-172891;47662;26058;2
110809;-170541;47885;26205;4
107223;-176211;47661;25850;4
108679;-169165;47752;26291;2
107123;-165145;47655;26542;4
124811;-173262;48760;26035;1
112055;-169966;47963;26241;4
113459;-171037;48051;26174;4
116471;-180125;48239;25606;4
129705;-191086;49066;24921;4
123741;-182253;48693;25473;8
115452;-179769;48175;25628;8
110966;-166825;47895;26437;2
121555;-168288;48557;26346;8
111864;-166505;47951;26457;4
108592;-176467;47747;25834;4
124964;-173271;48770;26034;8
117137;-181133;48281;25543;1
121391;-188581;48546;25077;8
113907;-170516;48079;26206;1
109335;-165743;47793;26505;1
113301;-169865;48041;26247;1
111120;-170821;47905;26187;2
113291;-171028;48040;26174;2
108147;-176710;47719;25819;8
108678;-169008;47752;26301;4
113458;-171046;48051;26173;2
113363;-170847;48045;26186;8
112063;-170498;47963;26207;2
121384;-188463;48546;25085;8
112441;-168421;47987;26337;4
110324;-171073;47855;26171;4
106862;-173034;47638;26049;1
115257;-182375;48163;25465;2
121269;-188211;48539;25100;2
112018;-167018;47961;26425;1
116451;-184101;48238;25357;4
116222;-183700;48223;25382;2
130170;-176802;49095;25813;2
112721;-170325;48005;26218;1
117776;-182387;48321;25464;4
109211;-165420;47785;26525;8
109742;-168806;47818;26313;4
108081;-176324;47715;25843;8
112421;-167164;47986;26416;4
108365;-171605;47732;26138;1
113231;-169152;48036;26292;2
127833;-195475;48949;24646;1
117483;-178959;48302;25679;1
106439;-173139;47612;26042;8
115636;-183378;48187;25402;8
110380;-169333;47858;26280;8
115777;-183795;48196;25376;1
110774;-168648;47883;26323;1
112458;-168333;47988;26343;4
106054;-173909;47588;25994;4
115577;-182189;48183;25477;2
110157;-168327;47844;26343;2
117451;-181153;48300;25541;8
125489;-173506;48803;26019;8
106338;-176567;47606;25828;4
116161;-181159;48220;25541;4
113903;-192277;48078;24846;2
107854;-172177;47700;26102;4
111826;-167407;47949;26401;8
123288;-193930;48665;24743;8
123646;-166523;48687;26456;1
109251;-169678;47788;26259;4
106281;-172590;47602;26077;2
129117;-180981;49029;25552;8
127607;-185541;48935;25267;1
130529;-193123;49118;24793;2
107511;-172408;47679;26088;4
112070;-167146;47964;26417;8
106502;-175210;47616;25913;8
105575;-175028;47558;25924;2
115536;-183400;48181;25401;2
114658;-178809;48126;25688;4
123218;-193132;48661;24793;2
111511;-170222;47929;26225;8
105990;-174949;47584;25929;1
112566;-170350;47995;26217;4
105628;-175323;47561;25906;8
115465;-177320;48176;25781;8
108821;-171133;47761;26168;2
108079;-174079;47714;25984;2
119246;-167814;48412;26375;4
106363;-174255;47607;25973;8
110619;-171082;47873;26171;2
109230;-176799;47786;25814;8
117746;-182606;48319;25451;2
115508;-182223;48179;25475;1
117330;-178661;48293;25697;1
117287;-179290;48290;25658;8
112754;-170141;48007;26230;4
108397;-173997;47734;25989;4
124306;-174035;48729;25986;4
116245;-177513;48225;25769;1
123795;-174636;48697;25949;1
123863;-174433;48701;25961;8
117207;-180740;48285;25567;1
106595;-173803;47622;26001;1
126131;-172557;48843;26079;2
115520;-182275;48180;25471;1
109062;-176296;47776;25845;8
115488;-182919;48178;25431;4
105676;-173554;47564;26016;2
117449;-180130;48300;25605;2
115956;-181363;48207;25528;4
107284;-176148;47665;25854;8
118371;-171286;48358;26158;8
117056;-183439;48276;25399;8
116441;-177759;48237;25754;2
119172;-168110;48408;26357;1
111149;-170776;47906;26190;4
106233;-172826;47599;26062;2
112711;-171102;48004;26170;2
116405;-184331;48235;25343;4
108385;-174535;47734;25955;8
116018;-178567;48211;25703;4
124620;-174104;48748;25982;2
120249;-168683;48475;26321;1
120619;-168485;48498;26333;1
111042;-167891;47900;26370;4
110694;-168526;47878;26331;4
107558;-172393;47682;26089;4
106490;-175971;47615;25865;4
125173;-172700;48783;26070;8
112398;-168498;47984;26332;2
109643;-176759;47812;25816;8
105950;-174040;47581;25986;8
106123;-175082;47592;25921;4
106490;-173283;47615;26033;1
116036;-177614;48212;25763;2
112125;-166730;47967;26443;8
111400;-167847;47922;26373;4
116713;-183560;48254;25391;2
106140;-175630;47593;25887;4
123817;-174021;48698;25987;1
109600;-176654;47810;25823;1
116064;-180870;48214;25559;8
117235;-166322;48287;26468;8
115284;-183987;48165;25364;2
108906;-165180;47766;26540;8
126162;-172926;48845;26056;4
107889;-177211;47703;25788;4
108824;-176119;47761;25856;8
112427;-168359;47986;26341;2
120416;-181775;48486;25503;4
111061;-171077;47901;26171;1
111187;-166824;47909;26437;2
108661;-164943;47751;26555;8
112119;-169754;47967;26254;2
124098;-181248;48716;25536;1
113494;-169996;48053;26239;1
123162;-174690;48657;25945;4
126113;-172481;48842;26083;4
117334;-182866;48293;25434;4
126059;-172990;48838;26052;4
108510;-173989;47741;25989;8
108763;-174017;47757;25987;2
119168;-182135;48408;25480;4
116155;-178299;48219;25720;1
114873;-179897;48139;25620;2
125346;-173573;48794;26015;1
126247;-172804;48850;26063;2
105956;-174439;47582;25961;2
117131;-183242;48280;25411;8
108631;-165430;47749;26524;1
117141;-179524;48281;25643;8
111918;-166743;47954;26442;4
116882;-178597;48265;25701;1
109165;-175481;47782;25896;4
119507;-168202;48429;26351;1
107428;-165182;47674;26540;4
111499;-166488;47928;26458;8
107017;-174158;47648;25979;2
114876;-180147;48139;25604;1
109194;-169474;47784;26271;4
108676;-170334;47752;26218;8
110894;-168559;47890;26329;8
117794;-182659;48322;25447;4
113861;-169919;48076;26244;1
117343;-183516;48293;25394;8
108781;-167756;47758;26379;2
114552;-178998;48119;25676;2
114470;-178315;48114;25719;8
123806;-182104;48697;25482;4
125793;-172580;48822;26077;4
116116;-178416;48217;25713;2
114647;-177550;48125;25767;8
109635;-164958;47812;26554;8
110805;-166936;47885;26430;1
108232;-176424;47724;25837;2
116937;-183727;48268;25381;1
116074;-184848;48214;25311;8
117085;-183849;48277;25373;8
116099;-181113;48216;25544;1
106768;-176954;47633;25804;4
108593;-174309;47747;25969;4
116514;-184127;48242;25356;2
110618;-169377;47873;26277;1
107800;-172301;47697;26095;1
115481;-183224;48177;25412;1
111499;-167255;47928;26410;8
108796;-169998;47759;26239;4
118779;-172100;48383;26107;1
119795;-181839;48447;25499;1
116082;-178453;48215;25710;1
107356;-176088;47669;25858;8
114974;-177315;48145;25781;2
112556;-170155;47994;26229;4
123281;-174601;48665;25951;2
116207;-181029;48222;25549;2
115748;-181666;48194;25509;8
123749;-181617;48694;25512;8
112690;-170181;48003;26227;4
124155;-181497;48719;25520;8
106010;-175001;47585;25926;8
115526;-182425;48180;25462;4
116945;-183790;48269;25377;4
123867;-182356;48701;25466;1
115852;-180425;48200;25587;1
117037;-179605;48274;25638;1
106243;-174630;47600;25949;1
109639;-169072;47812;26297;4
105934;-175012;47580;25925;8
115266;-182797;48164;25439;4
106790;-173555;47634;26016;1
114870;-176735;48139;25818;2
123501;-182232;48678;25474;8
110959;-170653;47894;26198;1
115429;-176773;48174;25815;8
111688;-171075;47940;26171;8
117409;-181031;48298;25549;4
109890;-165465;47828;26522;2
115959;-181376;48207;25528;1
109178;-176500;47783;25832;1
112965;-171014;48020;26175;4
113211;-169983;48035;26240;4
114400;-178349;48110;25717;1
117442;-181640;48300;25511;1
109009;-164925;47773;26556;2
110681;-168870;47877;26309;2
108428;-174492;47736;25958;2
123293;-174718;48665;25944;2
117497;-181394;48303;25526;2
109331;-175547;47793;25892;2
117212;-179757;48285;25629;1
109970;-165150;47833;26542;8
109225;-176781;47786;25815;2
111092;-168291;47903;26345;1
115282;-182754;48165;25441;2
117317;-181151;48292;25542;1
116086;-180351;48215;25592;8
106328;-173510;47605;26019;8
111646;-166536;47937;26455;1
116930;-180126;48268;25606;2
107504;-172342;47679;26092;2
129714;-190986;49067;24927;4
111151;-170164;47906;26228;4
112566;-175342;47995;25905;1
107886;-172848;47702;26061;4
109794;-171049;47822;26173;1
119309;-182034;48416;25486;2
113821;-170178;48073;26227;8
119316;-181942;48417;25492;2
107835;-176352;47699;25842;1
115598;-183793;48184;25376;1
126218;-172506;48848;26082;1
113757;-170949;48069;26179;4
115321;-184150;48167;25354;2
106410;-176050;47610;25860;4
114937;-179623;48143;25637;2
110377;-169282;47858;26283;8
125578;-172720;48808;26069;8
114954;-176789;48144;25814;2
107724;-172829;47692;26062;8
117182;-182551;48283;25454;2
117370;-166363;48295;26466;8
120878;-188145;48514;25104;4
109858;-165675;47826;26509;8
119892;-181361;48453;25528;4
123621;-181202;48686;25538;1
106700;-175994;47628;25864;4
114780;-177737;48133;25755;8
105685;-173901;47565;25995;1
113131;-170836;48030;26186;1
114845;-177331;48137;25780;4
108517;-174175;47742;25978;4
110966;-170630;47895;26199;4
113337;-171186;48043;26164;2
117076;-178797;48277;25689;4
116062;-183503;48213;25395;8
114970;-179815;48145;25625;8
118867;-168266;48389;26347;8
124624;-173997;48749;25989;4
128813;-194892;49010;24683;1
109683;-174509;47815;25957;4
110411;-167323;47860;26406;4
117351;-183093;48294;25420;8
106628;-174861;47624;25935;1
110507;-169612;47866;26263;4
117302;-183705;48291;25382;8
124959;-173544;48769;26017;1
125343;-173474;48793;26021;1
113915;-169515;48079;26269;1
124459;-174013;48738;25988;1
106096;-173891;47591;25995;2
110366;-169405;47857;26276;8
105858;-174900;47576;25932;2
123939;-181268;48706;25534;1
109376;-169915;47796;26244;4
108838;-165725;47762;26506;1
109934;-170234;47830;26224;8
110387;-167745;47859;26379;8
106817;-172979;47636;26052;2
111746;-170085;47944;26233;4
117738;-182165;48318;25478;1
115842;-177309;48200;25782;8
117236;-183795;48287;25376;4
109178;-176820;47783;25812;8
124138;-182219;48718;25475;2
125658;-173359;48813;26029;1
125664;-173438;48814;26024;1
111796;-169873;47947;26246;1
107652;-172779;47688;26065;4
114563;-180129;48120;25605;2
106616;-173398;47623;26026;2
106508;-177226;47616;25787;8
124405;-173669;48735;26009;4
110488;-169073;47865;26296;1
116291;-184301;48228;25345;4
107442;-176870;47675;25809;4
117192;-181213;48284;25538;4
113801;-169202;48072;26288;4
124741;-174002;48756;25988;4
116127;-181321;48217;25531;4
106115;-173911;47592;25994;4
110419;-165052;47861;26548;4
130109;-176862;49091;25810;1
110508;-167173;47866;26415;2
108456;-173624;47738;26012;2
116127;-181150;48217;25542;4
107354;-165430;47669;26524;8
108954;-176280;47769;25846;8
125127;-173063;48780;26047;4
124112;-181327;48717;25531;4
106204;-176243;47597;25848;8
125335;-173088;48793;26046;2
112840;-169516;48012;26269;8
115882;-178445;48202;25711;8
110774;-168544;47883;26330;4
108692;-170911;47753;26182;8
117465;-181804;48301;25501;8
113444;-169185;48050;26289;2
115974;-178678;48208;25696;8
106721;-173411;47630;26025;4
111971;-166908;47958;26432;8
123362;-166943;48670;26430;8
125844;-172464;48825;26085;4
111418;-170826;47923;26187;2
113138;-169096;48031;26295;4
110218;-170066;47848;26234;2
114741;-179358;48131;25654;1
123539;-166477;48681;26459;8
115897;-180265;48203;25597;4
109448;-176960;47800;25804;2
113768;-169405;48070;26276;8
123988;-174762;48709;25941;8
112417;-169128;47986;26293;8
110573;-168744;47870;26317;8
105714;-173541;47567;26017;8
108157;-173927;47719;25993;1
124905;-172892;48766;26058;2
108048;-172446;47713;26086;1
106316;-172758;47604;26066;2
106770;-175749;47633;25879;4
113910;-170843;48079;26186;2
108488;-164874;47740;26559;8
112928;-169346;48018;26279;2
110680;-169021;47877;26300;8
111996;-166540;47959;26455;4
125295;-172878;48790;26059;2
126560;-172646;48870;26073;1
109768;-168912;47820;26307;8
108112;-164975;47717;26553;1
115913;-178320;48204;25719;1
115648;-182374;48188;25465;4
117404;-181699;48297;25507;1
109452;-176919;47800;25806;2
117845;-182500;48325;25457;4
123732;-174512;48693;25957;2
126968;-176333;48895;25843;4
116283;-177216;48227;25788;8
110153;-165432;47844;26524;2
108161;-165069;47720;26547;8
120865;-168302;48514;26345;8
109583;-169004;47808;26301;8
106417;-173716;47611;26006;8
108005;-172737;47710;26067;8
113699;-170626;48066;26199;2
106274;-172942;47602;26055;1
112429;-167495;47986;26395;8
116949;-180117;48269;25606;1
110432;-169514;47862;26269;8
108739;-174277;47756;25971;1
106453;-175913;47613;25869;2
113176;-169947;48033;26242;4
109268;-175698;47789;25882;1
109922;-176847;47830;25811;1
106180;-173742;47596;26005;2
124773;-173792;48758;26002;4
117382;-181812;48296;25500;1
123355;-182337;48669;25467;4
116715;-183619;48254;25387;8
109589;-170015;47809;26238;2
114744;-177310;48131;25782;8
109026;-164866;47774;26559;4
110475;-167747;47864;26379;2
112829;-170516;48011;26206;8
110178;-170274;47846;26221;4
110502;-169425;47866;26274;1
106299;-173502;47603;26020;1
119726;-182121;48442;25481;2
111269;-170312;47914;26219;8
112991;-169135;48021;26293;4
121363;-168324;48545;26343;1
105970;-173932;47583;25993;1
115291;-183977;48165;25365;2
111620;-166537;47936;26455;1
116293;-178386;48228;25714;8
107968;-165034;47708;26549;1
115494;-177399;48178;25776;8
114709;-178118;48129;25731;4
125725;-172203;48817;26101;1
109466;-176700;47801;25820;4
118529;-168629;48368;26324;4
112549;-174818;47994;25937;1
108964;-175305;47770;25907;2
109582;-169995;47808;26239;8
119782;-181764;48446;25503;8
110911;-170709;47891;26194;8
110074;-170028;47839;26237;4
114737;-179807;48131;25626;4
117295;-180088;48290;25608;4
115941;-181630;48206;25512;8
113071;-169603;48026;26263;4
114749;-178991;48131;25677;8
111717;-166946;47942;26429;1
108275;-176698;47727;25820;8
117331;-183156;48293;25416;4
111242;-166184;47912;26477;8
115870;-177852;48201;25748;1
116385;-184311;48234;25344;2
107139;-174070;47656;25984;2
120948;-188103;48519;25107;8
107368;-176212;47670;25850;8
109345;-165412;47794;26525;2
123258;-193919;48663;24744;1
106194;-173399;47597;26026;8
106453;-173792;47613;26002;4
111184;-166560;47909;26454;2
128938;-194845;49018;24686;2
115768;-181508;48195;25519;8
126326;-172854;48855;26060;8
106308;-174088;47604;25983;1
112284;-169448;47977;26273;2
116843;-178598;48262;25701;2
109751;-165413;47819;26525;8
112910;-169477;48016;26271;1
110648;-167114;47875;26419;4
120220;-168358;48473;26341;4
124110;-181369;48716;25528;1
120617;-168599;48498;26326;1
117748;-182482;48319;25458;2
117792;-182623;48322;25450;8
110685;-167494;47877;26395;2
111822;-166896;47948;26433;4
113913;-169733;48079;26255;8
107739;-176457;47693;25835;4
106603;-175610;47622;25888;8
115683;-182370;48190;25465;2
111730;-167674;47943;26384;8
110814;-170789;47885;26189;4
109673;-168872;47814;26309;8
109719;-177093;47817;25795;2
115813;-182070;48198;25484;8
106648;-173785;47625;26002;1
116630;-194068;48249;24734;8
111330;-170357;47918;26216;4
116885;-179022;48265;25675;2
111014;-166801;47898;26438;2
113403;-171099;48047;26170;8
119778;-168687;48446;26321;1
107492;-176347;47678;25842;4
125563;-172956;48807;26054;8
124287;-173351;48727;26029;8
107668;-172472;47689;26084;2
106521;-175073;47617;25921;8
110291;-169231;47853;26287;8
115713;-183900;48192;25370;1
116125;-183419;48217;25400;1
116021;-181630;48211;25512;1
120178;-168623;48471;26325;4
116950;-183781;48269;25377;4
117204;-179929;48285;25618;1
113382;-171207;48046;26163;2
108346;-165720;47731;26506;8
119837;-181786;48449;25502;8
120814;-193586;48510;24764;8
112490;-168501;47990;26332;4
112734;-170228;48005;26224;8
113643;-171065;48062;26172;2
115935;-184861;48205;25310;1
113371;-169134;48045;26293;2
115936;-178509;48206;25707;4
107868;-177048;47701;25798;4
119385;-167773;48421;26378;2
107183;-165136;47658;26543;8
107472;-176112;47677;25857;1
110435;-167316;47862;26406;1
116212;-180952;48223;25554;4
106064;-176781;47589;25815;4
111898;-169943;47953;26242;1
115890;-178403;48203;25713;8
109445;-174648;47800;25948;2
110170;-165415;47845;26525;4
123815;-174411;48698;25963;8
116256;-181024;48226;25550;2
107229;-176432;47661;25837;2
123921;-182321;48705;25468;4
120854;-168298;48513;26345;1
124025;-174438;48711;25961;4
116473;-178621;48239;25700;8
111783;-166485;47946;26458;8
114436;-177610;48112;25763;4
112504;-167755;47991;26379;4
117483;-181922;48302;25493;2
108308;-171495;47729;26145;4
124762;-173751;48757;26004;8
107392;-176936;47672;25805;4
111327;-168144;47917;26355;4
117396;-181900;48297;25495;4
114598;-179928;48122;25618;8
121696;-168333;48566;26343;1
109781;-169947;47821;26242;1
114890;-179688;48140;25633;1
115053;-179918;48150;25619;1
124843;-173222;48762;26037;8
115896;-184918;48203;25306;4
113634;-170924;48062;26181;4
109667;-174956;47814;25929;8
106184;-176776;47596;25815;8
107896;-172206;47703;26101;2
114931;-176791;48143;25814;2
105661;-172504;47563;26082;8
120686;-188088;48502;25108;2
117449;-182398;48300;25464;8
106684;-175887;47627;25871;8
112459;-167981;47988;26365;2
116901;-178698;48266;25695;4
114616;-177463;48123;25772;4
106833;-173143;47637;26042;4
109430;-169798;47799;26251;4
111127;-171100;47905;26170;8
119006;-168348;48397;26342;1
120876;-193451;48514;24773;8
106446;-173803;47612;26001;1
108504;-165171;47741;26540;1
112610;-169421;47998;26275;1
107478;-165462;47677;26522;2
110388;-165190;47859;26539;4
116335;-178428;48230;25712;1
110130;-169384;47843;26277;8
118811;-168538;48385;26330;4
123508;-174443;48679;25961;2
124290;-173748;48728;26004;8
120480;-168678;48490;26321;1
123139;-193338;48656;24780;8
106647;-176899;47625;25807;2
107426;-172381;47674;26090;2
117035;-179832;48274;25624;4
108710;-168595;47754;26326;1
120234;-182169;48474;25478;8
111105;-171105;47904;26169;4
107694;-165246;47690;26536;4
107975;-176208;47708;25851;8
109353;-165643;47794;26511;8
116422;-178579;48236;25702;8
117457;-183069;48301;25422;2
106100;-173925;47591;25993;4
117223;-183838;48286;25374;4
111293;-166579;47915;26452;4
117468;-181667;48301;25509;8
117297;-178814;48291;25688;2
117658;-182154;48313;25479;8
110401;-168840;47860;26311;4
113742;-170621;48068;26200;2
126169;-172474;48845;26084;8
106916;-176506;47642;25832;8
118960;-167081;48395;26421;2
106534;-175790;47618;25877;8
112415;-175010;47985;25925;1
109025;-165158;47774;26541;4
108756;-168470;47757;26334;8
124495;-173655;48740;26010;8
107999;-172521;47709;26081;4
123163;-175235;48657;25911;1
107824;-177008;47699;25801;2
108175;-174413;47720;25963;2
106258;-175866;47601;25872;2
115978;-177429;48208;25774;4
109949;-170221;47831;26225;1
105879;-173972;47577;25990;2
117386;-181216;48296;25538;8
110548;-170729;47869;26193;2
123301;-166840;48666;26436;8
123339;-174588;48668;25952;2
124586;-173859;48746;25997;2
108881;-176191;47765;25852;1
108988;-165473;47771;26521;4
106487;-173882;47615;25996;4
116423;-180048;48236;25611;2
110843;-167295;47887;26408;4
115073;-179898;48152;25620;8
120427;-187454;48486;25148;4
107027;-172807;47649;26063;8
123755;-181234;48694;25536;1
114689;-179712;48128;25632;8
107459;-165437;47676;26524;4
127850;-195550;48950;24642;8
115305;-182629;48166;25449;2
108584;-173902;47746;25995;8
107646;-172181;47687;26102;1
123667;-182305;48689;25469;8
108797;-174198;47759;25976;4
123365;-175305;48670;25907;1
114497;-177508;48116;25769;1
117297;-183502;48291;25395;8
109379;-175842;47796;25873;2
125158;-172782;48782;26065;2
106908;-173362;47641;26028;2
107347;-176325;47669;25843;8
112066;-166574;47964;26453;8
114467;-177519;48114;25769;4
113472;-169102;48052;26295;2
111643;-170937;47937;26180;2
110028;-168359;47836;26341;4
116566;-180050;48245;25610;4
113564;-170148;48057;26229;2
117697;-182447;48316;25461;4
105593;-173643;47559;26011;2
123154;-175456;48657;25898;1
108246;-164905;47725;26557;8
106985;-172425;47646;26087;4
119936;-168590;48456;26327;4
108523;-174383;47742;25965;4
116765;-178627;48257;25699;4
120495;-188569;48490;25078;8
123613;-166509;48685;26457;2
110649;-169764;47875;26253;1
106543;-177077;47618;25796;4
109605;-164926;47810;26556;4
114895;-176715;48140;25819;8
105963;-175329;47582;25905;1
112489;-167857;47990;26372;4
109969;-165565;47833;26516;2
119163;-166896;48407;26433;1
123165;-192776;48657;24815;2
105971;-172928;47583;26056;8
106641;-177001;47625;25801;4
110646;-167419;47875;26400;8
121080;-188289;48527;25095;8
119347;-167770;48419;26378;4
124172;-173918;48720;25994;8
108727;-165679;47755;26509;2
111176;-166847;47908;26436;2
111975;-167255;47958;26410;4
108542;-176583;47743;25827;8
124639;-173509;48749;26019;2
109810;-164944;47823;26555;4
110869;-168469;47889;26334;8
108059;-176456;47713;25835;4
126310;-172451;48854;26085;1
109245;-169243;47787;26286;1
105927;-174802;47580;25938;1
115728;-181677;48193;25509;1
123742;-174094;48693;25983;2
113852;-170336;48075;26218;4
111087;-170174;47902;26228;8
123509;-166748;48679;26442;1
109044;-176592;47775;25827;2
113833;-169439;48074;26274;2
109635;-174646;47812;25948;8
121012;-168522;48523;26331;1
105767;-174408;47570;25963;8
108404;-176560;47735;25829;1
112044;-167205;47962;26413;4
120221;-181885;48473;25496;4
110829;-169452;47886;26273;2
115587;-185328;48184;25281;2
110454;-169088;47863;26296;4
121244;-188649;48537;25073;4
115357;-182709;48169;25444;1
117414;-181015;48298;25550;2
112355;-169477;47982;26271;4
118536;-168724;48368;26318;4
110141;-169416;47843;26275;1
117439;-182341;48299;25467;2
106881;-177205;47640;25788;1
108733;-168073;47755;26359;2
112075;-170516;47964;26206;1
110322;-170460;47855;26210;1
107933;-176310;47705;25844;1
110739;-168940;47881;26305;2
106345;-175323;47606;25906;2
109586;-174668;47809;25947;1
116337;-181227;48231;25537;4
108772;-165666;47758;26509;2
125435;-173309;48799;26032;8
108155;-164924;47719;26556;8
110877;-168380;47889;26340;4
124801;-173503;48760;26020;1
117299;-179513;48291;25644;2
121615;-168563;48560;26328;1
107440;-177022;47675;25800;8
113573;-170951;48058;26179;1
111769;-166694;47945;26445;4
119817;-181148;48448;25542;8
113956;-170629;48082;26199;8
108846;-174012;47762;25988;2
113901;-169450;48078;26273;2
109180;-165481;47783;26521;1
115285;-179869;48165;25622;8
111872;-169963;47952;26241;2
120803;-168513;48510;26331;2
109589;-175701;47809;25882;1
108786;-168804;47759;26313;1
109369;-169472;47795;26272;1
124441;-173684;48737;26008;1
123762;-174601;48695;25951;8
111997;-166787;47959;26439;8
117381;-181984;48296;25490;4
106722;-173248;47630;26036;4
119866;-181780;48451;25502;4
113581;-170963;48058;26178;1
129064;-180901;49026;25557;2
106848;-177044;47638;25798;4
118656;-171952;48376;26117;2
117169;-183778;48283;25377;1
108296;-174345;47728;25967;4
114872;-179851;48139;25623;4
109607;-177069;47810;25797;2
110146;-165632;47844;26512;1
128823;-194697;49011;24695;1
108734;-170248;47755;26223;2
108169;-165108;47720;26544;2
120966;-188613;48520;25075;8
108739;-176006;47756;25863;4
112418;-168296;47986;26345;4
119389;-182159;48421;25479;1
118387;-171877;48359;26121;1
118948;-167382;48394;26402;8
123460;-174834;48676;25936;1
111352;-166412;47919;26463;8
112110;-170879;47966;26184;8
108261;-164916;47726;26556;2
106813;-177372;47635;25778;8
106101;-173431;47591;26024;8
115922;-178776;48205;25690;4
108976;-176231;47771;25849;4
111699;-166932;47941;26430;2
123859;-181333;48701;25530;8
123017;-174735;48648;25943;2
109778;-170004;47821;26238;1
117167;-181918;48282;25494;2
106753;-172520;47632;26081;1
110819;-171053;47886;26173;2
112935;-170866;48018;26184;4
113265;-171033;48039;26174;2
106523;-175296;47617;25908;2
112590;-170198;47996;26226;1
125142;-173343;48781;26030;2
111262;-167968;47913;26366;4
108159;-174086;47719;25983;8
118756;-168739;48382;26317;2
115890;-180893;48203;25558;8
120877;-193494;48514;24770;8
106510;-175296;47616;25908;8
114415;-178612;48110;25700;1
111595;-170813;47934;26188;1
117129;-179689;48280;25633;2
116008;-183356;48210;25404;4
111765;-171082;47945;26171;1
116189;-177164;48221;25791;2
107635;-176692;47687;25820;2
109228;-175850;47786;25873;1
111871;-166499;47951;26457;8
106251;-172968;47600;26053;4
106684;-175662;47627;25885;1
114385;-178179;48109;25727;8
109552;-165202;47807;26538;2
118861;-168158;48388;26354;8
113840;-169896;48075;26245;4
118655;-168719;48375;26319;8
107814;-174017;47698;25987;8
111351;-166148;47919;26479;8
106758;-173735;47632;26005;8
116324;-178373;48230;25715;4
106162;-176060;47595;25860;1
124045;-182285;48712;25471;1
106900;-174188;47641;25977;4
119600;-168386;48435;26339;1
125317;-172650;48792;26073;1
111777;-170812;47946;26188;4
110394;-168917;47859;26306;4
115030;-177391;48149;25777;4
110479;-169196;47864;26289;1
110051;-171067;47838;26172;8
110200;-165758;47847;26504;1
110869;-166755;47889;26441;8
112462;-168853;47988;26310;8
117758;-182472;48319;25459;8
124159;-173585;48719;26014;4
115477;-182408;48177;25463;4
123343;-174734;48668;25943;1
109455;-174811;47800;25938;4
109259;-165196;47788;26539;1
115325;-182366;48167;25466;2
114471;-179045;48114;25673;4
123799;-181340;48697;25530;1
112491;-175416;47990;25900;4
106257;-172687;47601;26071;4
105801;-175002;47572;25926;1
125709;-172888;48816;26058;2
109792;-165132;47822;26543;1
108340;-176542;47731;25830;8
115579;-183515;48183;25394;1
118411;-171286;48360;26158;1
109725;-165747;47817;26504;4
116352;-177441;48232;25773;1
110937;-168573;47893;26328;4
107048;-174102;47650;25982;1
115674;-181265;48189;25534;1
121590;-168456;48559;26335;4
108689;-175905;47753;25869;1
108781;-171087;47758;26171;2
115652;-185336;48188;25280;8
119200;-182188;48410;25477;8
115846;-183313;48200;25406;4
124301;-173576;48728;26015;2
111918;-169410;47954;26275;8
107654;-164996;47688;26551;4
116142;-181144;48218;25542;1
114385;-178710;48109;25694;1
121249;-168342;48538;26342;8
117014;-180129;48273;25605;4
114789;-179671;48134;25634;2
116294;-177801;48228;25751;1
123724;-174505;48692;25957;1
107235;-176389;47662;25839;8
116736;-183564;48256;25391;1
129699;-190745;49066;24942;4
120351;-181766;48481;25503;8
109735;-176781;47818;25815;2
109186;-175756;47784;25879;4
106045;-172909;47587;26057;2
115344;-177346;48169;25779;4
123441;-181839;48675;25499;1
111366;-167869;47920;26372;4
109561;-168980;47807;26302;8
116138;-181221;48218;25537;1
117166;-181412;48282;25525;2
108790;-176085;47759;25858;8
121250;-188224;48538;25100;8
114593;-177506;48122;25769;1
116712;-183528;48254;25393;8
121678;-192924;48564;24806;4
113662;-170516;48063;26206;8
114729;-177746;48130;25754;8
109709;-170238;47816;26224;4
112300;-166941;47978;26430;2
108609;-165162;47748;26541;1
111394;-170991;47922;26177;2
120136;-182168;48468;25478;4
124125;-174210;48717;25975;2
105595;-172743;47559;26067;4
109484;-174908;47802;25932;8
110736;-168338;47881;26342;2
109720;-170108;47817;26232;1
111965;-166787;47957;26439;2
116265;-178487;48226;25708;8
116962;-183978;48270;25365;2
113896;-169880;48078;26246;8
108036;-176436;47712;25836;2
105905;-175140;47579;25917;4
115868;-183574;48201;25390;8
107906;-172328;47704;26093;1
111958;-169935;47957;26243;1
120885;-188104;48515;25107;1
115682;-183463;48190;25397;1
107493;-176355;47678;25841;4
109316;-175571;47792;25890;4
126213;-172811;48848;26063;2
113329;-169383;48043;26277;2
112101;-171061;47966;26172;4
106688;-177101;47628;25795;1
125048;-173451;48775;26023;2
118960;-168355;48395;26341;8
118631;-168747;48374;26317;2
111462;-169432;47926;26274;1
115213;-184076;48160;25359;2
106944;-174207;47644;25976;8
115561;-183209;48182;25413;8
123468;-182126;48676;25481;1
117481;-180194;48302;25601;2
111114;-170794;47904;26189;8
109312;-176557;47792;25829;1
118831;-168500;48386;26332;8
109184;-175741;47784;25880;2
111025;-166474;47899;26459;8
121350;-188637;48544;25074;8
116854;-183770;48263;25378;4
106582;-173041;47621;26048;1
107736;-176598;47693;25826;2
108058;-172768;47713;26066;1
115383;-183028;48171;25424;1
121045;-168496;48525;26333;1
116215;-178185;48223;25727;4
106643;-172927;47625;26056;2
108399;-165151;47734;26542;8
112262;-170455;47976;26210;4
110898;-167065;47891;26422;2
105830;-174875;47574;25934;4
111965;-169459;47957;26272;8
108538;-176189;47743;25852;1
119871;-181233;48451;25536;2
120783;-193458;48508;24772;8
112996;-170660;48022;26197;2
107899;-171983;47703;26115;1
115906;-177440;48204;25774;1
107826;-165395;47699;26526;4
112007;-167275;47960;26409;1
120938;-188090;48518;25108;2
119474;-167740;48427;26380;4
116357;-180176;48232;25603;4
111385;-170865;47921;26184;2
113756;-169121;48069;26293;8
110334;-170554;47855;26204;8
117053;-179170;48275;25665;8
106443;-176780;47612;25815;2
116137;-178466;48218;25709;8
111503;-167539;47928;26392;8
125284;-173680;48790;26009;2
117142;-180653;48281;25573;4
113231;-169973;48036;26240;4
121700;-168227;48566;26349;1
119303;-181842;48416;25498;2
106391;-173466;47609;26022;2
107840;-172511;47700;26082;2
105759;-174488;47569;25958;1
123675;-181679;48689;25509;1
108690;-174364;47753;25966;2
108479;-173813;47739;26000;1
113832;-169490;48074;26270;1
108128;-176158;47718;25854;2
105845;-174294;47575;25970;8
117352;-179100;48294;25670;2
105351;-172546;47544;26079;2
128898;-194927;49016;24681;1
109528;-171040;47805;26174;4
115913;-183559;48204;25391;4
112927;-169490;48017;26270;8
106652;-175621;47625;25887;8
117162;-180198;48282;25601;4
123340;-174938;48668;25930;8
125540;-173538;48806;26017;1
109154;-165667;47782;26509;4
126238;-172673;48849;26071;2
107643;-176381;47687;25840;1
106393;-173988;47609;25989;8
113603;-171219;48060;26162;2
118508;-171345;48366;26154;2
115942;-183901;48206;25370;4
105366;-172628;47545;26074;4
108781;-171041;47758;26173;1
111778;-166691;47946;26445;8
107130;-172661;47655;26072;8
117241;-166380;48287;26465;4
106689;-175542;47628;25892;2
109871;-168602;47826;26326;2
126259;-172507;48851;26082;8
105761;-173873;47570;25996;4
115745;-181117;48194;25544;4
108777;-169861;47758;26247;1
125648;-173390;48813;26027;1
124499;-173650;48741;26010;4
108468;-165757;47739;26504;2
121673;-168296;48564;26345;1
108434;-165416;47737;26525;4
115968;-183803;48208;25376;8
109114;-175320;47779;25906;4
106126;-175788;47592;25877;4
106512;-173332;47617;26030;4
116431;-179933;48236;25618;8
116540;-184342;48243;25342;2
125490;-173078;48803;26046;4
120513;-188627;48492;25074;8
111373;-166385;47920;26464;4
123863;-182156;48701;25479;4
114673;-179343;48127;25655;1
113576;-169418;48058;26275;8
111176;-168115;47908;26356;4
109325;-176635;47792;25824;2
123356;-166890;48669;26433;4
115212;-182745;48160;25442;2
107792;-165017;47697;26550;2
123909;-182207;48704;25476;8
123488;-174740;48678;25942;8
109823;-174470;47823;25959;1
110881;-168458;47890;26335;1
109757;-168709;47819;26319;4
120416;-182115;48486;25481;8
114633;-179065;48124;25672;8
106672;-175559;47627;25891;8
115921;-181366;48205;25528;2
120805;-187918;48510;25119;2
123935;-182311;48705;25469;8
108527;-176476;47742;25834;4
126156;-172583;48844;26077;4
109847;-165671;47825;26509;1
123199;-193801;48659;24751;4
116191;-181460;48221;25522;4
121185;-168221;48534;26350;4
124840;-173379;48762;26027;4
120231;-181721;48474;25506;2
120821;-193419;48511;24775;8
115446;-182584;48175;25452;2
116916;-179071;48267;25672;2
117703;-182294;48316;25470;2
114789;-179292;48134;25658;8
125357;-172565;48794;26078;8
118709;-168153;48379;26354;8
109986;-170297;47834;26220;4
108271;-176650;47726;25823;1
111366;-170807;47920;26188;2
110854;-168334;47888;26343;1
106611;-175632;47623;25887;4
107568;-172242;47683;26098;1
114327;-178287;48105;25721;1
111272;-166319;47914;26469;1
111069;-168498;47901;26332;2
120272;-187294;48477;25158;8
110992;-168052;47897;26360;2
105623;-173566;47561;26016;8
108929;-165470;47768;26522;4
114657;-179844;48126;25623;2
108485;-171460;47740;26147;8
115997;-177680;48209;25759;8
109909;-170105;47829;26232;2
107375;-172846;47670;26061;8
130572;-193085;49120;24796;8
112403;-167428;47985;26399;1
106634;-175327;47624;25906;8
115450;-182109;48175;25482;2
121257;-168248;48538;26348;4
124607;-174068;48747;25984;2
115366;-177293;48170;25783;1
117284;-178589;48290;25702;2
109043;-176140;47775;25855;4
110984;-170024;47896;26237;8
118058;-171671;48338;26134;8
110409;-165145;47860;26542;1
109905;-170355;47829;26216;4
117012;-179846;48273;25623;2
123774;-182126;48695;25481;1
105639;-175030;47562;25924;8
125337;-172576;48793;26078;1
121043;-188296;48525;25095;8
115911;-177358;48204;25779;8
106563;-173284;47620;26033;8
115669;-185217;48189;25287;8
107517;-176096;47679;25858;8
109139;-165729;47781;26505;8
123744;-174579;48694;25952;1
107014;-177340;47648;25780;8
111932;-167129;47955;26418;2
113711;-169152;48066;26292;1
110513;-168992;47867;26302;2
116070;-181603;48214;25513;1
111103;-168504;47903;26332;8
120818;-168447;48511;26336;1
114961;-177534;48145;25768;2
114586;-178904;48121;25682;8
124324;-174252;48730;25973;2
117389;-182659;48296;25447;2
106115;-172649;47592;26073;2
116107;-177240;48216;25786;1
111566;-170794;47932;26189;4
110782;-168384;47883;26340;2
108500;-176505;47741;25832;8
107181;-165137;47658;26542;8
119756;-168633;48444;26324;2
117178;-183832;48283;25374;1
119454;-167000;48425;26426;2
113874;-170302;48077;26220;4
108691;-174266;47753;25972;2
119319;-167711;48417;26382;2
120363;-181937;48482;25492;1
107580;-172650;47683;26073;1
107799;-172902;47697;26057;4
112270;-170278;47976;26221;2
109316;-169141;47792;26292;4
125704;-172236;48816;26099;1
125320;-173115;48792;26044;2
107253;-173828;47663;25999;4
111873;-169773;47952;26253;4
107055;-173917;47650;25994;1
124164;-173329;48720;26030;8
108752;-174191;47757;25977;8
124306;-174254;48729;25973;2
113840;-170269;48075;26222;4
117256;-179394;48288;25651;2
114888;-178108;48140;25732;2
117081;-180850;48277;25560;8
113609;-169118;48060;26294;4
109391;-169051;47796;26298;8
106629;-175083;47624;25921;4
108926;-176159;47767;25854;2
119803;-182072;48447;25484;8
123520;-174282;48680;25971;4
115886;-178004;48202;25738;4
116996;-180788;48272;25564;1
114590;-178051;48121;25735;4
124876;-172860;48764;26060;1
109189;-169475;47784;26271;8
105824;-174905;47574;25932;2
123517;-174797;48679;25939;8
125238;-173002;48787;26051;8
108682;-170695;47752;26195;1
110069;-165751;47839;26504;1
111922;-170676;47955;26196;8
124850;-173431;48763;26024;8
115992;-177688;48209;25758;4
106892;-177298;47640;25782;4
113083;-170811;48027;26188;8
112006;-166532;47960;26455;4
109721;-174676;47817;25946;8
123474;-166780;48677;26440;2
113496;-171043;48053;26173;4
115223;-182368;48161;25466;2
115425;-176697;48174;25820;4
117500;-181182;48303;25540;2
109251;-176819;47788;25812;1
109935;-168729;47830;26318;1
115451;-183032;48175;25424;4
108356;-176186;47732;25852;8
116461;-177579;48238;25765;1
120454;-188112;48488;25107;2
107582;-165407;47683;26526;8
108188;-165671;47721;26509;8
114562;-179047;48120;25673;4
123247;-193964;48662;24741;4
117175;-179114;48283;25669;8
120542;-168466;48493;26334;1
110411;-168891;47860;26308;4
115755;-183633;48194;25386;8
106508;-175155;47616;25916;8
118395;-171519;48359;26144;8
110064;-165555;47839;26516;8
111007;-168422;47897;26337;2
111891;-166541;47953;26455;8
110807;-168570;47885;26328;2
116057;-183789;48213;25377;8
116052;-184843;48213;25311;2
110317;-169994;47854;26239;2
108044;-176443;47712;25836;1
108691;-167996;47753;26364;4
115829;-183398;48199;25401;4
115312;-179328;48167;25656;1
114677;-179650;48127;25635;2
119315;-168065;48417;26359;1
113893;-169163;48078;26291;2
112649;-169369;48000;26278;8
124157;-182337;48719;25467;2
110308;-171131;47854;26168;4
110331;-170270;47855;26222;1
116666;-184107;48251;25357;4
120602;-188041;48497;25111;4
107734;-172500;47693;26082;2
111289;-166333;47915;26468;4
111021;-166471;47898;26459;4
105721;-172753;47567;26066;4
108406;-164909;47735;26557;1
117250;-181451;48288;25523;4
125487;-173480;48802;26021;8
121057;-188353;48526;25091;2
118672;-168119;48377;26356;8
108167;-164955;47720;26554;2
119358;-168254;48419;26348;2
124790;-172946;48759;26054;2
117116;-179949;48279;25617;8
116449;-177777;48238;25752;2
105755;-173463;47569;26022;1
111853;-167177;47950;26415;8
106429;-173828;47611;25999;2
117087;-180934;48277;25555;2
115492;-177678;48178;25759;2
108736;-169548;47756;26267;4
115529;-183619;48180;25387;8
108786;-167994;47759;26364;2
112968;-169391;48020;26277;4
114410;-178909;48110;25682;2
123427;-174424;48674;25962;1
113697;-169355;48066;26279;8
114862;-179047;48138;25673;2
109425;-175773;47799;25878;2
111715;-166248;47942;26473;2
111905;-166820;47954;26437;8
109485;-164981;47802;26552;2
111535;-166376;47930;26465;2
106497;-173250;47616;26035;8
120999;-188722;48522;25068;4
117385;-181209;48296;25538;2
110396;-170618;47859;26200;8
115928;-183714;48205;25381;4
108496;-173880;47741;25996;4
106934;-172330;47643;26093;1
119548;-181920;48431;25494;2
107692;-165492;47690;26520;1
123674;-166866;48689;26434;4
115951;-183121;48206;25418;1
107349;-165473;47669;26521;8
106063;-173899;47588;25995;2
108749;-170026;47756;26237;1
124405;-173377;48735;26027;8
108079;-176287;47714;25846;8
123473;-181944;48677;25492;4
115641;-182363;48187;25466;1
113591;-170251;48059;26223;1
119822;-168644;48448;26323;1
111730;-167208;47943;26413;4
115433;-182041;48174;25486;4
123297;-166838;48666;26436;4
121287;-196257;48540;24597;2
111635;-167570;47937;26390;2
108291;-174581;47728;25952;4
110359;-169728;47857;26256;8
109410;-177010;47798;25800;4
120179;-168646;48471;26323;4
106672;-173250;47627;26035;2
120235;-187324;48474;25156;4
112072;-166905;47964;26432;1
112478;-167543;47989;26392;8
115461;-177705;48176;25757;1
115646;-183395;48187;25401;2
116961;-183983;48270;25365;4
119326;-166933;48417;26430;8
109080;-165686;47777;26508;4
106211;-173800;47598;26001;1
120453;-188051;48488;25110;8
117315;-178802;48292;25688;4
121253;-168296;48538;26345;1
113778;-170517;48071;26206;8
106033;-172576;47587;26078;1
119354;-182157;48419;25479;4
108725;-167587;47755;26389;8
115625;-182573;48186;25453;1
106450;-175739;47613;25880;4
106463;-172996;47613;26051;1
109792;-174681;47822;25946;1
110684;-169811;47877;26250;2
118408;-168543;48360;26330;2
123317;-166780;48667;26440;1
117347;-178740;48294;25692;2
111383;-167902;47921;26370;1
106918;-172350;47642;26092;8
115204;-182819;48160;25437;2
116253;-177519;48225;25769;8
108282;-176186;47727;25852;8
106968;-173448;47645;26023;4
108770;-169376;47758;26278;4
109849;-165168;47825;26541;4
105529;-172706;47555;26069;8
110094;-170482;47840;26208;4
112553;-170198;47994;26226;4
106311;-176889;47604;25808;4
120807;-193650;48510;24760;4
114637;-178852;48124;25685;1
106428;-176693;47611;25820;2
108095;-176507;47715;25832;4
108775;-170005;47758;26238;4
115795;-181065;48197;25547;1
120871;-193443;48514;24773;4
115684;-185194;48190;25289;8
124071;-182111;48714;25482;4
107303;-172826;47666;26062;4
108154;-176439;47719;25836;4
114624;-179909;48124;25619;2
109013;-175534;47773;25893;2
120976;-188303;48521;25095;1
117079;-179573;48277;25640;2
107882;-165056;47702;26548;4
106023;-175762;47586;25878;1
108561;-174281;47745;25971;2
112012;-166569;47960;26453;8
113086;-169395;48027;26276;4
123594;-174453;48684;25960;1
113128;-170831;48030;26187;2
115435;-179755;48174;25629;1
106483;-173288;47615;26033;1
124287;-174256;48727;25973;2
119343;-168354;48418;26341;2
114767;-179335;48132;25655;1
111281;-167658;47915;26385;4
117277;-182707;48289;25444;8
123724;-181488;48692;25521;2
115590;-181043;48184;25548;8
105781;-175003;47571;25926;2
116416;-177305;48236;25782;1
112455;-168827;47988;26312;1
106832;-175791;47637;25877;2
109224;-176588;47786;25827;8
129665;-190743;49064;24942;1
123650;-181467;48688;25522;2
108727;-168590;47755;26327;8
114943;-179779;48143;25627;4
112776;-171056;48008;26173;2
111459;-170261;47926;26222;1
120717;-168349;48504;26342;1
114538;-178861;48118;25685;2
123399;-181649;48672;25510;2
108638;-176261;47749;25847;8
115784;-182134;48196;25480;2
116057;-178880;48213;25684;2
119308;-168664;48416;26322;8
124142;-181236;48718;25536;2
114336;-178267;48106;25722;8
108235;-165058;47724;26547;4
114894;-180214;48140;25600;1
120214;-181852;48473;25498;8
117272;-181395;48289;25526;8
111644;-171136;47937;26168;8
120840;-188854;48512;25060;1
124793;-173812;48759;26000;1
106717;-176946;47629;25804;1
109385;-169220;47796;26287;8
106561;-175640;47620;25886;8
118417;-171345;48361;26154;2
113700;-170820;48066;26187;8
123827;-174840;48699;25936;4
121279;-168240;48539;26349;4
105775;-173668;47570;26009;1
107985;-172489;47709;26083;4
112503;-167167;47991;26416;1
123820;-182366;48698;25466;2
115877;-183410;48202;25400;1
109100;-169713;47778;26256;1
109324;-176677;47792;25821;1
113595;-170288;48059;26221;4
106358;-174151;47607;25979;1
109945;-176894;47831;25808;2
115933;-180314;48205;25594;8
123989;-174395;48709;25964;8
108517;-165688;47742;26508;4
116060;-177289;48213;25783;1
116755;-183982;48257;25365;1
108764;-170889;47757;26183;4
112065;-171103;47964;26170;1
108412;-165399;47735;26526;1
110361;-169017;47857;26300;1
125748;-172864;48819;26060;8
109721;-165414;47817;26525;8
118368;-173815;48358;26000;1
120616;-187928;48498;25118;8
117059;-179774;48276;25628;1
110274;-168242;47852;26348;4
120447;-181783;48487;25502;1
130621;-193114;49123;24794;1
109302;-171014;47791;26175;8
115427;-182745;48174;25442;1
109874;-170302;47827;26220;2
109989;-164943;47834;26555;4
119913;-181212;48454;25538;4
111528;-170348;47930;26217;4
105867;-173661;47576;26010;2
106231;-176122;47599;25856;4
106253;-176705;47600;25819;2
110663;-168957;47876;26304;1
106767;-173427;47632;26024;2
112680;-170417;48002;26212;8
109066;-175734;47776;25880;8
116219;-178556;48223;25704;2
115588;-185095;48184;25295;1
113777;-170625;48071;26199;2
106435;-175588;47612;25889;8
110632;-167390;47874;26402;1
116701;-194376;48253;24715;2
116195;-180957;48222;25554;1
108770;-170265;47758;26222;4
125573;-172372;48808;26090;8
112378;-171077;47983;26171;1
105982;-173651;47583;26010;4
125406;-172534;48797;26080;2
106547;-173466;47619;26022;4
110670;-169866;47876;26247;2
116083;-180193;48215;25601;2
108536;-176151;47743;25854;8
124078;-182382;48714;25465;1
120898;-168228;48516;26349;4
115471;-182355;48176;25466;2
117191;-179769;48284;25628;2
114026;-170571;48086;26203;1
106313;-176013;47604;25863;2
113113;-170842;48029;26186;4
123420;-181233;48673;25536;1
112513;-170118;47992;26231;1
117278;-181897;48289;25495;1
121370;-168467;48545;26334;1
115947;-183906;48206;25369;8
112486;-168818;47990;26312;2
113302;-169468;48041;26272;1
116758;-183689;48257;25383;1
110243;-170008;47850;26238;8
126895;-175632;48890;25887;2
110160;-164893;47845;26558;8
118336;-171435;48356;26149;8
114842;-176839;48137;25811;8
106931;-174032;47643;25987;2
114871;-177252;48139;25785;2
109008;-176662;47773;25822;1
123840;-182137;48700;25480;2
111365;-170271;47920;26222;2
107787;-165502;47696;26520;1
110624;-168940;47874;26305;1
121577;-168472;48558;26334;4
110858;-169905;47888;26244;4
117301;-178971;48291;25678;1
124265;-173534;48726;26018;4
121175;-188657;48533;25072;4
107471;-176878;47676;25809;2
115859;-177881;48201;25746;2
113721;-169104;48067;26295;2
107968;-176203;47708;25851;1
114466;-178170;48114;25728;2
110349;-164883;47856;26558;1
107857;-177112;47701;25794;2
106133;-175807;47593;25876;2
120828;-168344;48511;26342;8
116308;-181197;48229;25539;2
106083;-176838;47590;25811;8
126167;-172466;48845;26084;1
105913;-172914;47579;26056;1
117141;-182568;48281;25453;8
110834;-171039;47887;26174;2
106339;-173978;47606;25990;1
110884;-168129;47890;26355;1
110282;-169203;47852;26288;8
108439;-176622;47737;25825;1
124393;-174006;48734;25988;1
107113;-174124;47654;25981;8
116905;-183947;48266;25367;1
109923;-176825;47830;25812;8
109632;-170055;47812;26235;4
110170;-165445;47845;26523;1
116943;-179536;48268;25643;4
112442;-167153;47987;26416;4
107487;-172369;47677;26090;1
108391;-171507;47734;26144;4
114340;-178978;48106;25677;8
108779;-171056;47758;26173;1
112475;-167798;47989;26376;4
124629;-173169;48749;26040;2
105934;-174344;47580;25967;4
106765;-173804;47632;26001;1
125519;-173041;48804;26048;4
110471;-168919;47864;26306;8
125342;-173521;48793;26018;8
107754;-172912;47694;26057;2
115646;-182328;48187;25468;1
106167;-176133;47595;25855;4
123358;-174699;48669;25945;4
118470;-171363;48364;26153;4
105829;-173781;47574;26002;4
106738;-173765;47631;26003;2
124956;-172728;48769;26068;8
109033;-165417;47774;26525;8
120173;-181969;48470;25490;1
121396;-188346;48547;25092;1
107849;-176291;47700;25845;1
116403;-184156;48235;25354;4
106268;-174968;47601;25928;1
106683;-175138;47627;25917;4
108778;-167964;47758;26366;4
109443;-176711;47800;25819;4
106138;-175810;47593;25875;1
107201;-176285;47660;25846;8
115728;-177313;48193;25781;8
109259;-169372;47788;26278;4
116422;-180071;48236;25609;8
116015;-178007;48210;25738;2
108652;-176259;47750;25847;1
124486;-174309;48740;25969;4
129442;-194154;49050;24729;8
110589;-170547;47871;26204;4
123905;-174325;48704;25968;8
115141;-179863;48156;25622;8
108950;-175739;47769;25880;4
119722;-168585;48442;26327;8
125455;-173445;48800;26023;1
113899;-169542;48078;26267;2
115217;-182592;48161;25452;8
119160;-166932;48407;26430;8
120928;-188257;48518;25097;1
107059;-165316;47651;26531;4
109091;-176871;47778;25809;8
123451;-181614;48675;25513;2
119820;-168661;48448;26322;4
113609;-170302;48060;26220;1
121702;-168346;48566;26342;4
119216;-167003;48411;26426;1
108734;-169578;47755;26265;8
110755;-168281;47882;26346;4
128923;-194905;49017;24682;4
107551;-172512;47681;26082;1
113899;-170185;48078;26227;8
112998;-169116;48022;26294;4
115609;-180871;48185;25559;8
117060;-166254;48276;26473;1
105874;-172908;47577;26057;8
115495;-182473;48178;25459;1
109370;-175733;47795;25880;1
111826;-169354;47949;26279;4
123991;-174451;48709;25960;2
124041;-181136;48712;25543;8
114524;-178736;48117;25693;1
108749;-174356;47756;25966;1
113539;-171057;48056;26172;8
119328;-182088;48418;25483;8
116828;-166320;48261;26469;8
106874;-173125;47639;26043;1
111872;-170814;47952;26188;8
107900;-172419;47703;26087;1
109490;-165149;47803;26542;2
105824;-173465;47574;26022;8
108442;-176761;47737;25816;1
106448;-173700;47613;26007;4
123791;-181553;48696;25516;1
105883;-174755;47577;25941;4
123957;-173944;48707;25992;2
109629;-176709;47811;25819;8
113397;-171207;48047;26163;1
113127;-169432;48030;26274;8
111260;-171128;47913;26168;4
108901;-175619;47766;25887;4
106546;-173613;47619;26013;1
106053;-174866;47588;25934;2
123909;-174666;48704;25947;4
114482;-178694;48115;25695;4
109911;-165237;47829;26536;8
107235;-172820;47662;26062;1
115973;-180322;48208;25593;8
108805;-176089;47760;25858;8
109340;-169265;47793;26284;4
110286;-169373;47852;26278;8
113914;-192282;48079;24846;4
125539;-173164;48806;26041;4
117495;-181534;48303;25518;8
114781;-179721;48133;25631;4
116349;-177629;48231;25762;2
123712;-166817;48692;26437;1
115315;-176734;48167;25818;1
110387;-165152;47859;26542;2
106034;-173964;47587;25991;1
123624;-174596;48686;25951;8
107793;-176666;47697;25822;8
123782;-182312;48696;25469;2
115721;-181539;48192;25517;2
109455;-165683;47800;26508;1
117222;-179788;48286;25627;1
110754;-168395;47882;26339;4
111644;-167116;47937;26419;1
106714;-176976;47629;25803;2
109633;-171038;47812;26174;8
125119;-173026;48779;26049;2
110552;-170477;47869;26209;2
114586;-177386;48121;25777;4
121258;-188574;48538;25078;2
113824;-170213;48074;26225;2
116903;-181066;48266;25547;2
117292;-182791;48290;25439;1
105692;-173669;47565;26009;8
116998;-183096;48272;25420;8
118932;-168796;48393;26314;2
112018;-166995;47961;26426;4
121207;-188627;48535;25074;8
116966;-166245;48270;26473;1
112381;-169490;47983;26270;2
115399;-182383;48172;25465;8
106679;-172857;47627;26060;2
108353;-176314;47732;25844;1
120535;-188782;48493;25065;8
110045;-164957;47837;26554;4
112547;-170385;47994;26214;1
109273;-169585;47789;26264;2
112856;-170455;48013;26210;2
115964;-180926;48207;25556;8
109636;-170191;47812;26227;8
109790;-176832;47821;25812;1
109019;-176148;47773;25854;4
110637;-167100;47874;26420;4
108067;-176460;47714;25835;2
116315;-181638;48229;25511;2
117472;-180110;48302;25607;2
108955;-176290;47769;25845;1
115911;-177993;48204;25739;1
115929;-180189;48205;25602;2
106170;-174008;47595;25988;1
105981;-173605;47583;26013;4
114877;-179639;48139;25636;2
108715;-167948;47754;26367;2
124382;-174079;48733;25984;1
116710;-184208;48254;25351;8
108800;-171070;47760;26172;1
125686;-173238;48815;26036;4
109801;-168943;47822;26305;1
109973;-164884;47833;26558;1
116037;-177550;48212;25767;2
109325;-171093;47792;26170;8
127827;-195482;48949;24646;2
112982;-171089;48021;26170;2
117450;-182926;48300;25431;4
110303;-168161;47853;26353;8
123895;-181962;48703;25491;4
110407;-170480;47860;26209;4
124905;-173376;48766;26028;1
110448;-164878;47863;26559;8
113421;-171132;48048;26168;2
111484;-170135;47927;26230;1
106736;-173756;47631;26004;8
110514;-169098;47867;26295;1
117659;-182679;48313;25446;8
111338;-168067;47918;26359;4
129149;-180876;49031;25559;1
109616;-171076;47811;26171;8
120267;-182144;48476;25480;4
106338;-174096;47606;25983;1
110487;-170386;47865;26214;2
117166;-183771;48282;25378;4
109168;-165174;47783;26540;4
117451;-180259;48300;25597;4
109042;-171063;47775;26172;4
120533;-168454;48493;26335;8
113388;-169866;48046;26247;1
106016;-172645;47586;26073;1
121272;-168485;48539;26333;4
123497;-181211;48678;25538;4
110618;-169837;47873;26249;1
110953;-170052;47894;26235;1
109376;-175383;47796;25902;2
129987;-176890;49084;25808;2
114606;-178196;48122;25726;8
110399;-169222;47859;26287;8
117375;-178906;48295;25682;8
116239;-177682;48224;25758;2
124448;-174325;48738;25968;8
111954;-167057;47957;26422;8
110674;-171121;47877;26168;2
110551;-170747;47869;26192;8
113385;-170988;48046;26177;1
115426;-184163;48174;25353;8
120021;-182132;48461;25480;1
116082;-178034;48215;25736;2
124007;-181372;48710;25528;4
115396;-184332;48172;25343;1
106239;-172934;47599;26055;2
111730;-170252;47943;26223;2
108591;-165726;47746;26506;4
113204;-169100;48035;26295;4
117215;-166312;48285;26469;4
114794;-179915;48134;25619;1
117644;-182286;48312;25471;1
115965;-182058;48207;25485;8
110793;-168792;47884;26314;1
106622;-173759;47623;26004;8
114994;-179967;48147;25616;4
110918;-166775;47892;26440;4
123978;-173841;48708;25998;8
107526;-176488;47680;25833;1
121071;-188611;48526;25075;4
119275;-166833;48414;26436;1
111033;-168310;47899;26344;1
109570;-169899;47808;26245;8
115730;-182058;48193;25485;4
113217;-169092;48036;26295;2
110027;-165245;47836;26536;8
105758;-174421;47569;25962;4
108707;-171057;47754;26172;8
106794;-176051;47634;25860;2
106773;-177010;47633;25800;1
108417;-173650;47736;26010;1
105967;-173598;47582;26014;4
117355;-179793;48294;25626;8
106597;-173721;47622;26006;8
105350;-172452;47544;26085;2
115981;-178263;48208;25722;8
116119;-183743;48217;25380;1
112102;-167198;47966;26414;4
115839;-183825;48199;25374;2
114699;-179261;48128;25660;4
117294;-178843;48290;25686;8
107823;-176306;47698;25844;8
106054;-174071;47588;25984;2
124607;-173957;48747;25991;8
120890;-188316;48515;25094;1
110188;-164950;47846;26554;4
114607;-177254;48122;25785;4
123376;-166709;48671;26444;4
107454;-165410;47675;26525;1
108546;-165733;47744;26505;4
117162;-182859;48282;25435;8
115562;-182614;48182;25450;2
109683;-165712;47815;26507;8
117251;-178995;48288;25676;4
107904;-172563;47704;26078;2
120736;-193663;48506;24760;2
109539;-174934;47806;25930;1
112035;-170680;47962;26196;8
129722;-190991;49067;24927;8
118622;-168685;48373;26321;4
120555;-188786;48494;25064;8
110827;-166814;47886;26438;1
105828;-174990;47574;25927;8
112840;-169129;48012;26293;8
116164;-180903;48220;25557;8
111542;-166419;47931;26462;2
108745;-168718;47756;26319;4
111565;-169381;47932;26277;8
110213;-170527;47848;26206;8
105465;-172555;47551;26079;2
113050;-169389;48025;26277;4
121026;-188692;48524;25070;2
117308;-179021;48291;25675;2
111235;-170244;47912;26223;8
123381;-194039;48671;24736;8
108715;-170575;47754;26203;8
120610;-168654;48498;26323;8
117308;-179775;48291;25628;8
120854;-188889;48513;25058;2
123531;-174458;48680;25960;2
124935;-172813;48768;26063;8
116242;-184130;48225;25355;4
110762;-169383;47882;26277;1
106739;-175595;47631;25889;4
123246;-174735;48662;25943;4
109548;-174614;47806;25950;8
109408;-165385;47798;26527;2
108713;-167580;47754;26390;1
114799;-178646;48134;25698;2
106776;-176979;47633;25802;4
123373;-174615;48670;25950;8
110591;-167042;47871;26423;2
109993;-170329;47834;26218;8
115403;-184371;48172;25340;2
115318;-182435;48167;25461;2
117260;-179503;48288;25645;1
124023;-181470;48711;25522;8
110486;-170431;47865;26212;1
115385;-182717;48171;25444;2
124461;-173310;48738;26032;1
117208;-179687;48285;25633;2
117207;-181192;48285;25539;8
111671;-167507;47939;26394;2
121128;-188580;48530;25077;4
108216;-173925;47723;25993;4
108071;-176133;47714;25855;1
108885;-165150;47765;26542;8
117489;-181621;48303;25512;8
109869;-165407;47826;26526;8
109672;-176747;47814;25817;2
117030;-179813;48274;25625;4
107911;-172450;47704;26085;2
109806;-170032;47822;26237;1
123132;-175076;48655;25921;2
112907;-171110;48016;26169;4
116452;-178589;48238;25702;4
106506;-175435;47616;25899;8
115594;-177194;48184;25789;1
106449;-175176;47613;25915;8
110594;-170556;47872;26204;1
117262;-183365;48288;25403;1
117220;-183464;48286;25397;1
108266;-174397;47726;25964;1
107249;-176339;47663;25842;1
116161;-178723;48220;25693;2
116188;-183361;48221;25403;8
115352;-184149;48169;25354;8
110544;-169635;47869;26261;2
108209;-165671;47723;26509;2
111140;-166878;47906;26434;2
110450;-167730;47863;26380;2
108756;-167918;47757;26369;4
108682;-168392;47752;26339;8
119636;-168337;48437;26342;2
115932;-185139;48205;25292;1
117335;-183393;48293;25401;1
108810;-174049;47760;25985;1
124646;-174178;48750;25977;1
111047;-167952;47900;26367;4
107098;-174124;47653;25981;4
110009;-170361;47835;26216;4
115030;-179939;48149;25617;8
106011;-174877;47585;25934;8
109272;-175630;47789;25887;2
115995;-177317;48209;25781;4
107599;-176466;47684;25834;2
106675;-175640;47627;25886;2
108099;-176479;47716;25834;8
120664;-188193;48501;25101;1
108783;-174226;47758;25974;1
110051;-165198;47838;26539;4
114573;-179348;48120;25654;4
112616;-170230;47998;26224;2
110798;-170603;47884;26201;1
117072;-184050;48277;25360;1
123308;-175327;48666;25906;2
106767;-173092;47632;26045;4
110271;-167866;47851;26372;2
117331;-183167;48293;25416;4
110993;-168290;47897;26345;8
111875;-170750;47952;26192;8
115115;-179451;48154;25648;8
114694;-179647;48128;25636;1
110961;-168586;47895;26327;8
111198;-168020;47909;26362;2
112432;-168783;47987;26315;1
109675;-170185;47814;26227;1
123952;-182289;48707;25470;4
119870;-182143;48451;25480;2
115824;-183222;48199;25412;8
119400;-168410;48422;26338;8
111531;-166455;47930;26460;4
117725;-182773;48317;25440;2
124140;-181422;48718;25525;8
123975;-174696;48708;25945;1
108962;-165710;47770;26507;1
112445;-170303;47987;26220;1
113470;-171263;48051;26160;2
119576;-181777;48433;25502;8
113594;-169409;48059;26275;4
116891;-179067;48265;25672;2
114402;-179002;48110;25676;8
106225;-176011;47599;25863;8
112081;-169931;47965;26243;4
116919;-183681;48267;25383;2
107440;-176005;47675;25863;2
109163;-176738;47782;25817;4
106285;-174262;47602;25972;2
113069;-171068;48026;26172;4
105736;-175303;47568;25907;1
119796;-168433;48447;26336;4
123897;-174564;48703;25953;1
105760;-174626;47570;25949;1
123430;-181287;48674;25533;2
125105;-173426;48779;26024;2
107508;-165222;47679;26537;4
111184;-167910;47909;26369;4
115311;-182681;48166;25446;1
106755;-173670;47632;26009;4
111630;-170306;47936;26219;2
119008;-167072;48398;26422;2
123978;-181455;48708;25523;1
120172;-181638;48470;25511;1
127498;-185954;48928;25241;8
111411;-167538;47923;26392;1
117264;-183535;48289;25393;1
111478;-167884;47927;26371;4
119642;-168085;48437;26358;4
115646;-183707;48187;25382;8
115962;-184830;48207;25312;4
105850;-175348;47575;25904;1
116887;-179402;48265;25651;2
120642;-188183;48500;25102;8
111756;-166725;47944;26443;1
106690;-173206;47628;26038;1
107813;-165406;47698;26526;4
124034;-173592;48712;26014;8
113448;-169149;48050;26292;2
130627;-193093;49124;24795;4
117461;-179721;48301;25631;4
108453;-173959;47738;25991;2
119359;-181951;48419;25492;8
121336;-168505;48543;26332;4
108088;-176349;47715;25842;4
123695;-181994;48690;25489;2
108780;-167994;47758;26364;8
110445;-165235;47862;26536;8
121084;-188667;48527;25072;4
111129;-166553;47905;26454;1
112413;-167828;47985;26374;4
107892;-177081;47703;25796;1
117377;-181487;48296;25521;8
108433;-165500;47737;26520;1
126208;-172696;48848;26070;8
115602;-177513;48185;25769;1
112107;-166628;47966;26449;2
110607;-167168;47872;26416;8
110982;-166865;47896;26434;2
116485;-175287;48240;25908;1
106780;-172460;47633;26085;8
107566;-172254;47682;26098;2
113426;-169204;48049;26288;8
114240;-178527;48100;25706;8
108187;-176325;47721;25843;1
113402;-170102;48047;26232;2
121455;-168357;48550;26341;1
120922;-168532;48517;26330;1
113071;-170776;48026;26190;1
123944;-174217;48706;25975;4
126037;-173037;48837;26049;4
115988;-183425;48209;25399;2
107681;-176741;47690;25817;1
110615;-171011;47873;26175;1
111009;-170067;47898;26234;4
109278;-175602;47789;25888;1
111732;-166368;47943;26466;8
110870;-168421;47889;26337;8
124040;-173657;48712;26010;8
110403;-167837;47860;26374;4
119376;-167748;48421;26379;2
111673;-167112;47939;26419;1
126391;-172659;48859;26072;2
108188;-176588;47721;25827;4
116025;-180936;48211;25555;8
109239;-175615;47787;25888;4
116095;-177324;48215;25781;4
107838;-165436;47699;26524;8
107899;-165008;47703;26551;8
105932;-176642;47580;25823;1
109395;-176570;47797;25828;1
120990;-168563;48521;26328;8
108300;-171602;47728;26138;4
123761;-182206;48695;25476;2
108281;-165192;47727;26539;4
120540;-188770;48493;25065;4
112215;-170618;47973;26200;2
110215;-170306;47848;26219;4
123707;-181961;48691;25491;4
106679;-175880;47627;25871;4
125684;-172646;48815;26073;1
107375;-176472;47670;25834;2
111937;-166555;47956;26454;1
124453;-173845;48738;25998;4
123616;-174607;48686;25951;1
109512;-174722;47804;25943;8
109991;-171057;47834;26172;2
123697;-182136;48691;25480;8
124940;-173312;48768;26032;2
108672;-169070;47752;26297;2
110317;-168033;47854;26361;8
110239;-170481;47849;26208;4
109901;-171068;47828;26172;2
110704;-167124;47879;26418;1
116149;-180131;48219;25605;8
107599;-176600;47684;25826;2
123490;-181337;48678;25530;4
117417;-180804;48298;25563;2
105693;-174946;47565;25929;4
118686;-168091;48377;26358;8
116348;-184281;48231;25346;8
112489;-167345;47990;26404;2
119160;-167516;48407;26394;1
114651;-180174;48125;25603;1
107948;-165543;47706;26517;8
112547;-170482;47994;26208;2
109126;-175346;47780;25904;4
112855;-169523;48013;26268;2
120391;-182012;48484;25488;4
121528;-168512;48555;26332;2
108699;-171070;47753;26172;2
111004;-166861;47897;26435;1
111241;-170193;47912;26226;1
125434;-172430;48799;26087;1
116054;-178210;48213;25725;4
119867;-181837;48451;25499;8
108382;-165405;47733;26526;1
105751;-173572;47569;26015;1
112505;-168651;47991;26323;2
113079;-169151;48027;26292;2
114842;-176675;48137;25821;2
123693;-166742;48690;26442;2
120645;-168645;48500;26323;4
107048;-172564;47650;26078;1
107634;-176989;47687;25802;1
115939;-180928;48206;25556;4
119504;-167089;48429;26420;4
106759;-176233;47632;25849;4
124867;-178175;48764;25728;8
108510;-165181;47741;26540;8
110334;-169352;47855;26279;1
106396;-173421;47609;26025;8
117195;-180145;48284;25604;1
118925;-167098;48392;26420;1
116020;-178458;48211;25710;8
109639;-174886;47812;25933;4
108186;-165092;47721;26545;8
112521;-169137;47992;26292;4
117190;-182124;48284;25481;8
111629;-170312;47936;26219;2
119374;-168209;48420;26350;2
116737;-184086;48256;25358;1
114484;-178695;48115;25695;1
108839;-176424;47762;25837;8
113092;-169468;48028;26272;4
115698;-182529;48191;25455;8
123836;-174207;48699;25976;1
111049;-168048;47900;26361;2
124854;-173596;48763;26014;4
117169;-182753;48283;25441;8
112618;-171127;47998;26168;8
107541;-172390;47681;26089;2
107625;-177061;47686;25797;8
109517;-177011;47804;25800;1
114854;-177369;48138;25778;8
106540;-173353;47618;26029;4
115290;-179265;48165;25659;8
111606;-167540;47935;26392;1
114247;-178324;48100;25718;2
123808;-174726;48698;25943;1
116554;-180092;48244;25608;2
115271;-182459;48164;25460;4
114757;-177311;48132;25782;8
120886;-188343;48515;25092;1
113687;-171033;48065;26174;2
115708;-181120;48191;25544;2
110430;-170740;47861;26192;8
123980;-182187;48708;25477;8
116909;-166313;48266;26469;2
109118;-176725;47779;25818;1
115908;-178011;48204;25738;8
113723;-170895;48067;26183;8
120304;-181815;48479;25500;1
108729;-169544;47755;26267;2
112623;-170446;47998;26211;4
112124;-166922;47967;26431;2
108662;-165677;47751;26509;4
106799;-175786;47634;25877;2
124044;-173464;48712;26022;1
107514;-165493;47679;26520;2
115204;-179247;48160;25661;1
116315;-177705;48229;25757;2
118910;-168199;48391;26351;1
123928;-174289;48705;25970;2
110151;-170235;47844;26224;8
108496;-176475;47741;25834;1
109313;-169140;47792;26292;4
109749;-177056;47819;25798;8
117284;-182830;48290;25437;1
125985;-172580;48834;26077;8
125246;-173679;48787;26009;8
115849;-183190;48200;25414;4
108958;-164904;47769;26557;2
119388;-168129;48421;26355;2
115253;-182181;48163;25477;8
124831;-173608;48761;26013;8
123759;-182101;48694;25482;2
125291;-173323;48790;26031;8
114634;-178202;48124;25726;8
109903;-170189;47828;26227;2
113567;-171252;48057;26160;8
111096;-167897;47903;26370;2
115647;-183204;48187;25413;4
112008;-171121;47960;26168;1
106339;-173799;47606;26001;2
108705;-169505;47754;26269;4
109459;-174831;47801;25937;1
111247;-167557;47912;26391;4
107526;-176550;47680;25829;4
114353;-178375;48107;25715;8
112881;-169569;48015;26265;8
109524;-175522;47805;25893;2
106130;-174932;47593;25930;8
107586;-172317;47684;26094;2
119049;-167015;48400;26425;4
109565;-176655;47807;25823;1
109336;-169718;47793;26256;8
119037;-168728;48399;26318;4
106831;-172942;47636;26055;1
120033;-168608;48462;26326;8
113316;-171149;48042;26167;8
111268;-166261;47914;26472;1
111609;-167290;47935;26408;2
115558;-182083;48182;25483;4
123787;-181211;48696;25538;8
117053;-183964;48275;25366;1
117150;-180309;48281;25594;8
107038;-172567;47649;26078;4
123245;-174957;48662;25929;8
108423;-174156;47736;25979;1
106210;-176003;47598;25863;1
116384;-180153;48234;25604;8
110346;-169104;47856;26295;4
115432;-183024;48174;25425;8
112452;-168263;47988;26347;8
108205;-165365;47722;26528;2
106590;-173203;47621;26038;8
120518;-188546;48492;25079;4
113276;-169785;48039;26252;2
115887;-184754;48202;25316;1
117058;-179014;48276;25675;8
106352;-173462;47607;26022;8
114932;-177525;48143;25768;4
112104;-170818;47966;26187;8
111905;-171051;47954;26173;8
118768;-192415;48383;24838;1
117139;-182062;48281;25485;8
110857;-168676;47888;26321;2
114318;-178840;48104;25686;8
107584;-172163;47684;26103;8
109744;-176935;47819;25805;2
118507;-168487;48366;26333;4
119352;-168272;48419;26347;2
116155;-185298;48219;25282;8
110209;-169259;47848;26285;2
117036;-179535;48274;25643;4
109004;-175351;47772;25904;4
108787;-174326;47759;25968;1
105448;-172635;47550;26074;1
108779;-174226;47758;25974;1
118695;-192478;48378;24834;8
113137;-171119;48031;26169;8
106332;-176556;47605;25829;2
106314;-174176;47604;25978;2
117333;-179459;48293;25647;1
126094;-172923;48840;26056;4
109541;-176913;47806;25806;2
110423;-167707;47861;26382;2
107781;-172811;47696;26063;4
116764;-178568;48257;25703;1
117284;-181979;48290;25490;4
105767;-174902;47570;25932;4
105846;-174125;47575;25981;8
111800;-166638;47947;26449;1
123740;-181232;48693;25537;4
123894;-182214;48703;25475;1
115045;-179723;48150;25631;1
120926;-168503;48517;26332;2
106738;-173171;47631;26040;4
108923;-175436;47767;25899;1
114767;-179497;48132;25645;4
109478;-165525;47802;26518;8
111482;-167578;47927;26390;1
120887;-182393;48515;25464;4
107631;-176267;47686;25847;1
112667;-170243;48001;26223;1
117339;-183082;48293;25421;4
108769;-170789;47758;26189;2
116454;-177777;48238;25752;4
115288;-179964;48165;25616;8
117325;-180225;48292;25599;4
117075;-180806;48277;25563;4
123998;-174320;48709;25969;8
108105;-164904;47716;26557;4
111301;-167721;47916;26381;4
110532;-169002;47868;26301;4
121478;-168205;48552;26351;8
107781;-176967;47696;25803;4
119625;-182149;48436;25479;2
117209;-180835;48285;25561;2
116460;-180137;48238;25605;1
109641;-165384;47812;26527;2
123928;-174786;48705;25939;2
110182;-169282;47846;26283;1
123720;-181505;48692;25519;2
113776;-169185;48071;26289;2
115770;-183043;48195;25423;4
107968;-172261;47708;26097;1
113863;-170836;48076;26186;4
105656;-175237;47563;25911;4
111907;-170690;47954;26195;1
117489;-182348;48303;25467;4
114764;-177179;48132;25790;8
115742;-183111;48193;25419;4
112475;-168298;47989;26345;2
108728;-169904;47755;26245;8
108508;-165232;47741;26537;8
116173;-183772;48220;25378;4
113606;-170980;48060;26177;8
110058;-171030;47838;26174;2
115919;-184805;48204;25313;4
124851;-173882;48763;25996;8
108767;-168584;47757;26327;2
113452;-169390;48050;26277;2
111647;-169448;47937;26273;4
117302;-182014;48291;25488;8
124417;-173909;48736;25994;1
107997;-164972;47709;26553;1
116144;-178539;48219;25705;2
109123;-175443;47780;25898;2
113855;-170708;48075;26194;1
114725;-179543;48130;25642;1
123752;-174092;48694;25983;1
105793;-174851;47572;25935;8
112646;-170292;48000;26220;2
105991;-173858;47584;25997;2
120782;-188257;48508;25097;2
117460;-180689;48301;25570;2
115683;-177500;48190;25770;2
108212;-165748;47723;26504;1
123740;-181463;48693;25522;4
125287;-173692;48790;26008;8
115037;-180102;48149;25607;2
120797;-188468;48509;25084;2
129531;-194265;49055;24722;2
110613;-170852;47873;26185;1
108818;-173996;47761;25989;2
117161;-179800;48282;25626;2
112461;-168027;47988;26362;8
113375;-170894;48045;26183;1
123854;-181921;48700;25493;2
123246;-193035;48662;24799;2
105588;-172470;47559;26084;1
113408;-169458;48048;26272;4
121425;-168329;48549;26343;1
107096;-177299;47653;25782;8
116129;-178309;48218;25719;4
120900;-188092;48516;25108;4
111472;-170166;47927;26228;2
123539;-182368;48681;25466;1
110212;-168146;47848;26354;1
106840;-175778;47637;25877;4
117488;-183077;48303;25421;2
107213;-165488;47660;26521;8
116724;-194313;48255;24719;8
116556;-184124;48244;25356;4
114843;-179682;48137;25633;2
112437;-168083;47987;26358;4
107600;-176444;47685;25836;2
113463;-169172;48051;26290;1
111461;-167888;47926;26371;1
124228;-173730;48724;26005;1
108380;-174541;47733;25955;1
107084;-177360;47652;25779;8
117728;-182749;48318;25442;1
107254;-172574;47663;26078;2
119420;-167938;48423;26367;1
110384;-169634;47859;26261;2
125605;-173047;48810;26048;8
121225;-168352;48536;26342;2
108734;-170144;47755;26230;1
111625;-170190;47936;26227;8
116041;-183745;48212;25379;4
107996;-173923;47709;25993;2
114946;-176753;48144;25816;4
108975;-175676;47770;25884;4
116016;-185213;48211;25288;1
124361;-173743;48732;26005;4
110770;-168512;47883;26332;1
110880;-170106;47890;26232;4
110887;-168158;47890;26354;2
110378;-165047;47858;26548;4
106581;-177069;47621;25797;4
108766;-173920;47757;25994;4
107783;-165105;47696;26544;2
107859;-172125;47701;26106;1
123858;-174043;48701;25986;2
113008;-169726;48023;26256;1
114859;-177180;48138;25790;2
113648;-170573;48063;26203;2
110351;-167898;47856;26370;1
114380;-178984;48108;25677;8
109212;-165703;47785;26507;1
123976;-182388;48708;25464;1
112785;-169492;48009;26270;8
114870;-179009;48139;25675;4
115469;-183798;48176;25376;2
110614;-170714;47873;26194;1
121381;-168240;48546;26349;4
116949;-195453;48269;24648;2
106679;-173123;47627;26043;1
106307;-174131;47604;25980;8
111341;-170988;47918;26177;4
115661;-181667;48188;25509;8
125778;-172221;48821;26100;4
115870;-177405;48201;25776;4
106160;-172566;47595;26078;8
117107;-183091;48279;25420;2
119780;-182072;48446;25484;2
120592;-187962;48497;25116;4
108347;-171520;47731;26144;1
106606;-175961;47622;25866;1
108135;-174318;47718;25969;2
120827;-168208;48511;26351;2
110100;-165684;47841;26508;1
106120;-173708;47592;26007;4
123500;-181402;48678;25526;1
115100;-179421;48153;25650;1
107481;-172258;47677;26097;2
107476;-176809;47677;25813;1
113799;-170657;48072;26197;1
120626;-168226;48499;26349;2
109834;-165211;47824;26538;2
110263;-170420;47851;26212;1
110815;-169752;47885;26254;1
111845;-171110;47950;26169;8
121628;-168269;48561;26347;1
111731;-166577;47943;26452;1
106947;-172467;47644;26084;8
108367;-174422;47732;25962;2
109990;-164918;47834;26556;4
118316;-173759;48354;26004;2
123920;-181291;48705;25533;8
117132;-181683;48280;25508;4
118300;-171361;48353;26153;4
115991;-181059;48209;25547;8
118233;-171445;48349;26148;4
109618;-165650;47811;26510;2
116780;-166092;48258;26483;4
107200;-165133;47660;26543;4
109412;-169284;47798;26283;2
116713;-184267;48254;25347;2
118700;-171951;48378;26117;4
125613;-173041;48810;26048;2
109565;-176974;47807;25803;4
109928;-165231;47830;26537;1
110937;-166884;47893;26433;4
115656;-177343;48188;25780;1
109260;-175486;47788;25896;2
119533;-168235;48430;26349;1
110369;-170490;47858;26208;2
108799;-167660;47759;26385;1
119129;-166854;48405;26435;4
109527;-164947;47805;26554;2
110794;-166838;47884;26436;4
120274;-181785;48477;25502;8
109396;-175528;47797;25893;4
117311;-178576;48291;25703;2
109323;-169011;47792;26300;4
111925;-169431;47955;26274;2
117454;-178875;48300;25684;2
125426;-172455;48799;26085;2
116590;-180040;48246;25611;2
116110;-180141;48216;25605;1
124893;-178160;48765;25729;4
120689;-188474;48503;25084;1
115897;-183741;48203;25380;4
116342;-178390;48231;25714;1
107436;-176285;47674;25846;1
106038;-173885;47587;25996;2
106571;-175524;47620;25893;1
107932;-172568;47705;26078;4
115974;-181095;48208;25545;4
116666;-183955;48251;25366;4
106629;-175256;47624;25910;1
114879;-176746;48139;25817;4
115166;-179930;48157;25618;2
119068;-166945;48401;26429;1
108893;-165503;47765;26520;1
105847;-173618;47575;26012;2
120098;-181656;48466;25510;2
109450;-175855;47800;25873;4
109801;-164887;47822;26558;1
111456;-166438;47926;26461;2
113270;-169165;48039;26291;2
109178;-175334;47783;25905;1
124286;-173929;48727;25993;8
115582;-177384;48183;25777;2
116005;-180443;48210;25586;4
111069;-166873;47901;26434;4
118315;-171371;48354;26153;1
108144;-172475;47719;26084;4
116156;-181096;48219;25545;8
106574;-177168;47620;25791;2
108565;-165652;47745;26510;4
109740;-176854;47818;25810;4
106341;-174877;47606;25934;8
108507;-174435;47741;25961;8
110295;-170342;47853;26217;1
115871;-180190;48201;25602;2
110329;-171112;47855;26169;8
116105;-185203;48216;25288;1
124707;-173591;48754;26014;2
124863;-178141;48763;25730;2
114236;-178577;48099;25702;1
106769;-177137;47633;25792;2
105780;-175084;47571;25921;8
115747;-181734;48194;25505;8
110775;-167368;47883;26403;4
124853;-173485;48763;26021;1
112416;-169046;47986;26298;1
108708;-175956;47754;25866;4
117317;-183324;48292;25406;8
112646;-170132;48000;26230;4
114504;-178680;48116;25696;8
125286;-172811;48790;26063;8
106466;-172966;47614;26053;1
117165;-183507;48282;25394;4
123174;-193172;48658;24790;8
111294;-168109;47915;26357;1
124888;-178072;48765;25734;4
114587;-177289;48121;25783;2
116024;-180135;48211;25605;2
111607;-171106;47935;26169;8
111959;-171087;47957;26171;2
106894;-172439;47640;26086;1
106214;-175007;47598;25926;1
123141;-174683;48656;25946;8
124452;-174047;48738;25986;2
115433;-182304;48174;25470;4
110009;-168523;47835;26331;1
126379;-172784;48858;26065;8
120501;-168332;48491;26343;8
112050;-170551;47963;26204;1
123763;-174592;48695;25952;4
111162;-167863;47907;26372;1
105465;-172435;47551;26086;8
117281;-182752;48290;25442;8
117304;-181430;48291;25524;4
124036;-182194;48712;25476;1
127767;-195490;48945;24645;8
117399;-179027;48297;25674;8
120207;-187290;48472;25158;4
117388;-182400;48296;25464;2
123836;-182175;48699;25478;2
116328;-180022;48230;25612;1
119455;-182005;48425;25488;2
108286;-174406;47727;25963;2
107722;-172836;47692;26061;8
111860;-166767;47951;26441;1
119393;-168322;48422;26343;8
123908;-182059;48704;25485;8
120914;-188803;48517;25063;1
115606;-183589;48185;25389;1
116443;-184253;48237;25348;2
117228;-179740;48286;25630;4
112636;-171042;47999;26173;8
125787;-173255;48821;26035;8
121067;-188500;48526;25082;2
124757;-174142;48757;25980;8
105814;-174354;47573;25966;4
111686;-166811;47940;26438;8
112946;-170823;48019;26187;2
106316;-173155;47604;26041;2
108417;-176730;47736;25818;8
123405;-181883;48672;25496;2
116179;-181029;48221;25549;2
120348;-168393;48481;26339;2
119913;-181829;48454;25499;1
113174;-169668;48033;26259;8
113773;-170750;48070;26192;4
105597;-172455;47559;26085;8
126035;-172655;48837;26073;2
109100;-175699;47778;25882;2
120692;-188260;48503;25097;4
113299;-169199;48041;26289;2
110315;-168012;47854;26363;2
106115;-173790;47592;26002;8
107797;-176876;47697;25809;4
111141;-167953;47906;26366;8
106728;-175679;47630;25884;1
116521;-180088;48242;25608;1
116914;-178611;48267;25700;4
107755;-172312;47694;26094;2
116933;-178631;48268;25699;4
117294;-180412;48290;25588;1
105691;-172537;47565;26080;4
117296;-180366;48291;25591;4
123220;-193975;48661;24740;2
111527;-166357;47930;26466;1
109133;-176824;47780;25812;8
109436;-164916;47799;26556;1
106779;-176229;47633;25849;8
116377;-184436;48233;25336;1
113885;-170267;48077;26222;2
115928;-177794;48205;25751;2
119357;-168521;48419;26331;1
123684;-181944;48690;25492;2
117031;-182126;48274;25481;2
109522;-174607;47805;25951;2
119812;-181869;48448;25497;4
114209;-194751;48098;24692;4
123665;-166659;48689;26447;1
106827;-173086;47636;26046;8
106360;-174306;47607;25969;4
112388;-167716;47984;26381;2
126251;-172702;48850;26070;2
112131;-170586;47968;26202;2
113702;-169403;48066;26276;8
112626;-175177;47999;25915;2
108912;-165471;47767;26522;8
121152;-188656;48532;25073;4
129739;-191101;49068;24920;8
108768;-170073;47758;26234;2
106849;-177309;47638;25782;1
111501;-171136;47928;26168;1
124665;-174117;48751;25981;1
114747;-180102;48131;25607;2
115588;-183415;48184;25400;2
117876;-182380;48327;25465;2
109072;-165714;47777;26506;1
115052;-179936;48150;25618;8
115429;-183350;48174;25404;2
124924;-173994;48767;25989;8
115788;-177512;48196;25769;2
121174;-168274;48533;26346;2
112950;-169469;48019;26272;2
119431;-168173;48424;26353;4
110023;-170167;47836;26228;4
115734;-180910;48193;25557;1
119635;-181781;48437;25502;4
106937;-176185;47643;25852;8
110486;-169208;47865;26288;1
110541;-169027;47868;26299;2
113679;-170722;48064;26193;1
124205;-173807;48722;26001;2
108217;-164987;47723;26552;2
110703;-168844;47878;26311;8
108342;-171514;47731;26144;1
109262;-175577;47788;25890;4
129732;-190775;49068;24940;4
110648;-170701;47875;26195;8
109746;-174463;47819;25960;8
113218;-169353;48036;26279;8
116165;-181395;48220;25526;1
117328;-180637;48293;25574;8
106827;-176151;47636;25854;8
108182;-174004;47721;25988;2
107120;-174127;47655;25981;2
117378;-183152;48296;25417;8
117441;-182375;48300;25465;8
124186;-173458;48721;26022;2
124412;-174254;48735;25973;8
123866;-174525;48701;25956;1
123979;-182165;48708;25478;8
109438;-169279;47799;26284;2
115297;-179881;48166;25621;8
128881;-194806;49015;24688;8
115299;-176642;48166;25823;4
110751;-168577;47881;26327;8
106852;-173761;47638;26003;8
120130;-181854;48468;25498;1
113830;-169191;48074;26289;4
125657;-173049;48813;26048;4
113994;-170594;48084;26201;1
109266;-176848;47789;25811;8
120315;-168590;48479;26327;8
124141;-173687;48718;26008;4
117063;-179522;48276;25643;2
107703;-176741;47691;25817;2
109533;-165729;47805;26505;8
111960;-171121;47957;26168;4
118646;-168238;48375;26349;8
110274;-168136;47852;26355;4
115335;-182130;48168;25480;4
116969;-183919;48270;25369;8
115576;-182347;48183;25467;1
108966;-176688;47770;25821;2
118339;-171480;48356;26146;1
120613;-193534;48498;24768;8
109434;-168986;47799;26302;8
107830;-171920;47699;26119;2
117374;-181407;48295;25526;4
112769;-169600;48008;26264;1
123198;-192815;48659;24813;4
114728;-179646;48130;25636;1
110609;-168464;47873;26335;4
111781;-171133;47946;26168;2
105793;-172775;47572;26065;1
108037;-176667;47712;25822;2
116603;-175280;48247;25909;4
106373;-175575;47608;25890;4
108780;-174313;47758;25969;1
106236;-175070;47599;25922;4
120650;-193529;48500;24768;1
106182;-176532;47596;25830;2
107471;-177004;47676;25801;4
111629;-171070;47936;26172;1
108086;-174149;47715;25979;8
114655;-179048;48125;25673;4
112240;-171048;47975;26173;1
111712;-170248;47942;26223;2
120305;-168640;48479;26324;4
116787;-178882;48259;25683;4
124809;-173679;48760;26009;1
115685;-183158;48190;25416;8
108158;-164885;47719;26558;2
112657;-170444;48001;26211;2
107541;-172653;47681;26073;4
121081;-188340;48527;25092;4
107734;-172330;47693;26093;1
117355;-179411;48294;25650;2
110234;-169208;47849;26288;2
114935;-175970;48143;25865;8
110052;-171120;47838;26169;1
106087;-176637;47590;25824;4
108125;-174192;47717;25977;4
115282;-182887;48165;25433;1
115124;-176756;48155;25816;2
114410;-178795;48110;25689;2
123700;-181690;48691;25508;1
117241;-182823;48287;25437;4
111127;-169398;47905;26276;4
120498;-188590;48491;25077;2
116321;-181020;48230;25550;8
124576;-174065;48746;25984;8
126274;-172698;48852;26070;8
108701;-169011;47753;26300;1
108689;-169695;47753;26258;2
110277;-169251;47852;26285;2
115988;-181558;48209;25516;1
115355;-176644;48169;25823;8
112061;-169779;47963;26252;4
105934;-173889;47580;25995;8
114708;-177325;48129;25781;4
105962;-174411;47582;25963;8
106229;-176805;47599;25813;1
107574;-176529;47683;25830;2
114905;-180158;48141;25604;1
129763;-191065;49070;24922;8
117245;-181213;48287;25538;1
108784;-174155;47759;25979;8
106368;-174877;47608;25934;8
119403;-168640;48422;26324;8
105473;-173571;47552;26015;2
123502;-181762;48678;25503;4
120120;-182086;48467;25483;2
126218;-172612;48848;26075;2
123233;-174491;48662;25958;4
115964;-183159;48207;25416;4
109551;-165697;47806;26507;2
109388;-169213;47796;26288;8
116295;-178226;48228;25724;8
115774;-183733;48195;25380;4
117443;-181156;48300;25541;2
107845;-176851;47700;25810;2
112417;-167313;47986;26406;8
107600;-172206;47685;26101;2
105661;-173679;47563;26009;1
109680;-169005;47815;26301;1
116905;-184054;48266;25360;1
111362;-170284;47920;26221;1
124372;-174335;48733;25968;2
117271;-180289;48289;25595;2
114667;-180083;48126;25608;4
115324;-179246;48167;25661;4
125303;-173367;48791;26028;4
115077;-179335;48152;25655;4
110444;-168038;47862;26361;4
125435;-172471;48799;26084;8
120686;-168589;48502;26327;1
118347;-171287;48356;26158;4
111654;-170126;47938;26231;8
110849;-168212;47888;26350;1
109082;-171104;47777;26170;8
108871;-165693;47764;26508;1
110739;-168631;47881;26324;1
107974;-176378;47708;25840;8
115858;-177831;48201;25749;4
124986;-172888;48771;26058;4
111829;-170100;47949;26232;4
115416;-176811;48173;25813;4
106170;-173412;47595;26025;8
123207;-167028;48660;26424;2
109580;-176976;47808;25803;4
115922;-183796;48205;25376;4
110429;-165082;47861;26546;2
116104;-180881;48216;25558;4
123402;-175170;48672;25915;2
108991;-176360;47771;25841;2
110598;-170564;47872;26203;2
117080;-179623;48277;25637;1
110698;-168531;47878;26330;8
109612;-177023;47810;25800;1
108356;-176262;47732;25847;1
117351;-180313;48294;25594;1
117469;-182292;48301;25470;8
108457;-165393;47738;26526;8
115645;-183513;48187;25394;4
112545;-175114;47994;25919;2
107733;-172597;47693;26076;8
109117;-164901;47779;26557;8
123518;-181432;48679;25524;4
112415;-169414;47985;26275;2
107517;-176328;47679;25843;1
119229;-181930;48411;25493;2
118451;-168214;48363;26350;1
109367;-165733;47795;26505;2
120679;-188283;48502;25096;4
106447;-173463;47612;26022;8
116301;-178281;48228;25721;2
129054;-180974;49025;25553;8
127986;-195413;48959;24650;4
110839;-170912;47887;26182;1
117435;-182945;48299;25429;4
116206;-185288;48222;25283;8
109573;-170149;47808;26229;8
111644;-167619;47937;26387;2
106579;-175151;47621;25917;4
117412;-181232;48298;25537;8
110460;-164990;47863;26552;1
119294;-168680;48415;26321;4
109490;-170046;47803;26236;2
110384;-168068;47859;26359;1
108405;-164866;47735;26559;8
111647;-166467;47937;26459;4
114579;-179983;48121;25615;8
107664;-176384;47689;25840;1
125000;-173144;48772;26042;4
109038;-176231;47774;25849;2
115631;-183279;48186;25409;4
109370;-169283;47795;26283;8
112452;-168935;47988;26305;2
117437;-182990;48299;25427;4
112085;-169681;47965;26258;4
117480;-183138;48302;25417;8
125423;-172613;48798;26075;8
109077;-165408;47777;26526;1
106305;-176800;47604;25814;1
125007;-173857;48772;25997;2
117353;-180354;48294;25591;8
106816;-176219;47636;25850;4
114511;-178577;48116;25702;8
116014;-180983;48210;25552;4
111039;-167822;47899;26375;1
124891;-172823;48765;26062;2
124813;-172995;48760;26051;1
107933;-172515;47705;26081;4
119063;-168360;48401;26341;2
127936;-195355;48956;24654;1
109889;-168672;47828;26322;4
108065;-165657;47714;26510;2
111043;-171117;47900;26169;8
116222;-180267;48223;25597;1
124162;-174225;48720;25974;2
117435;-178957;48299;25679;2
108730;-167729;47755;26380;4
120512;-188281;48492;25096;1
117478;-180754;48302;25566;4
116031;-178023;48211;25737;8
109402;-169798;47797;26251;4
111159;-166289;47907;26470;1
109866;-174579;47826;25952;1
108603;-164978;47747;26552;1
113680;-170828;48065;26187;1
118772;-172009;48383;26113;1
112142;-169378;47968;26277;1
115547;-185136;48181;25293;4
120284;-181731;48477;25505;8
125717;-172368;48817;26091;4
116570;-180043;48245;25611;4
108343;-165760;47731;26504;8
111312;-169454;47917;26273;1
112938;-169583;48018;26265;4
109385;-177024;47796;25800;2
111291;-166387;47915;26464;2
119301;-166914;48416;26431;1
115991;-183807;48209;25376;4
120587;-188669;48496;25072;2
106516;-173298;47617;26032;1
107546;-176970;47681;25803;8
114327;-178378;48105;25715;8
108423;-174030;47736;25987;1
112413;-168651;47985;26323;1
119008;-168629;48398;26324;1
112990;-170832;48021;26187;4
116820;-184230;48261;25349;2
125590;-172960;48809;26054;4
106966;-173484;47645;26021;2
125697;-172256;48816;26098;8
114479;-174350;48114;25967;8
120595;-188535;48497;25080;8
109584;-174821;47809;25937;1
111688;-169417;47940;26275;2
116161;-178637;48220;25699;2
124143;-181223;48718;25537;2
114816;-179389;48136;25652;8
127802;-195478;48947;24646;1
109262;-169779;47788;26252;4
109222;-175842;47786;25873;2
108489;-173647;47740;26011;4
113057;-169194;48026;26289;1
109738;-174600;47818;25951;1
121518;-168530;48554;26330;8
116839;-183856;48262;25373;1
108305;-171540;47729;26142;8
120670;-168484;48501;26333;2
113106;-169534;48029;26268;2
110120;-165576;47842;26515;2
116693;-183503;48253;25395;2
106576;-175731;47621;25880;8
108314;-176416;47729;25838;2
114724;-179033;48130;25674;1
108788;-175989;47759;25864;4
110134;-165443;47843;26523;8
119903;-182071;48453;25484;8
117497;-181198;48303;25539;8
120737;-193651;48506;24760;8
106157;-176683;47594;25821;4
107122;-172643;47655;26073;4
116815;-183986;48260;25364;2
112614;-170328;47998;26218;8
115618;-183089;48186;25420;8
105969;-174016;47583;25988;1
114835;-179813;48137;25625;1
125193;-173373;48784;26028;1
106981;-172352;47646;26092;8
109069;-175793;47776;25876;8
107800;-176920;47697;25806;1
115912;-180438;48204;25586;2
117168;-181433;48283;25524;8
124994;-173165;48772;26041;2
120088;-168582;48465;26327;4
108984;-176306;47771;25844;2
123745;-182004;48694;25488;2
117164;-180197;48282;25601;4
115678;-183499;48189;25395;8
110593;-168615;47872;26325;8
117227;-181632;48286;25512;2
109383;-176564;47796;25828;4
106148;-176745;47594;25817;1
108656;-174140;47751;25980;8
108259;-173947;47726;25992;2
108442;-165388;47737;26527;8
106349;-173021;47606;26050;1
112861;-169574;48013;26265;1
113902;-169656;48078;26260;4
109934;-174469;47830;25959;8
107697;-172521;47691;26081;8
123165;-193682;48657;24758;4
123235;-174688;48662;25946;1
109855;-176973;47825;25803;2
121139;-168293;48531;26345;1
119024;-168682;48399;26321;2
108493;-176557;47740;25829;4
110628;-166923;47874;26431;1
124840;-173213;48762;26038;4
109117;-171054;47779;26173;4
116017;-177360;48211;25779;4
123786;-181587;48696;25514;2
114401;-178758;48110;25691;8
108796;-170086;47759;26233;8
110436;-170683;47862;26196;1
111394;-166448;47922;26461;2
113876;-170610;48077;26200;4
108198;-165033;47722;26549;8
111438;-169443;47924;26273;1
110381;-171086;47858;26171;4
109720;-165651;47817;26510;4
105785;-173751;47571;26004;2
109647;-174528;47812;25956;8
106109;-174851;47591;25935;8
120171;-168636;48470;26324;1
108675;-176424;47752;25837;4
113871;-170905;48076;26182;8
120995;-188396;48522;25089;8
116666;-194359;48251;24716;8
120464;-188099;48489;25107;8
107872;-171940;47702;26117;4
118364;-173738;48357;26005;8
117177;-182745;48283;25442;1
107141;-172924;47656;26056;4
119050;-168411;48400;26338;8
116474;-184439;48239;25336;8
116709;-194072;48254;24734;2
123243;-192701;48662;24820;1
109032;-164926;47774;26556;1
111841;-170011;47950;26238;2
126053;-173037;48838;26049;4
109938;-168659;47831;26322;4
110487;-168887;47865;26308;4
123561;-174697;48682;25945;4
117093;-180786;48278;25564;4
106285;-174306;47602;25969;4
111502;-170206;47928;26226;4
120002;-181344;48460;25530;4
124826;-178068;48761;25734;8
117662;-182457;48313;25460;1
109551;-174902;47806;25932;4
120821;-168356;48511;26341;2
115415;-179761;48173;25628;2
111895;-166415;47953;26463;2
107088;-173931;47653;25993;2
106158;-173927;47594;25993;4
120784;-188399;48509;25089;4
113107;-171024;48029;26175;8
107098;-174173;47653;25978;4
119437;-181941;48424;25492;8
115086;-179387;48152;25652;1
115911;-181694;48204;25508;1
117301;-181787;48291;25502;8
116706;-184113;48254;25356;4
111516;-167372;47929;26403;2
115643;-181203;48187;25538;8
107543;-172527;47681;26081;1
124897;-173029;48766;26049;1
121226;-188242;48536;25098;4
107833;-176693;47699;25820;1
106407;-173780;47610;26002;4
117372;-180285;48295;25596;2
106548;-177145;47619;25792;1
110574;-168780;47870;26315;1
111723;-170969;47942;26178;1
126115;-172652;48842;26073;8
108581;-165469;47746;26522;2
115101;-180182;48153;25602;4
117241;-180639;48287;25574;4
106082;-173317;47590;26031;4
116332;-184304;48230;25345;1
118932;-167140;48393;26417;4
116048;-178693;48213;25695;8
127530;-185964;48930;25241;1
110983;-170849;47896;26185;4
105693;-173876;47565;25996;8
108433;-164877;47737;26559;8
106044;-176846;47587;25811;1
111051;-170882;47900;26183;8
129076;-180959;49027;25554;8
115253;-176851;48163;25810;8
115704;-183349;48191;25404;1
115802;-183368;48197;25403;2
113630;-171156;48061;26166;1
115493;-182811;48178;25438;1
107365;-176281;47670;25846;4
113844;-169151;48075;26292;4
110649;-167109;47875;26419;8
105985;-175295;47584;25908;4
109254;-176498;47788;25832;2
107578;-172435;47683;26086;1
115416;-182545;48173;25454;2
115597;-183468;48184;25397;4
127891;-195412;48953;24650;1
108219;-165448;47723;26523;8
116536;-179976;48243;25615;8
116746;-184158;48256;25354;8
116206;-180923;48222;25556;2
119303;-168455;48416;26335;2
115743;-182141;48193;25480;8
118805;-171860;48385;26122;8
105810;-174564;47573;25953;2
110838;-168298;47887;26345;1
111690;-169387;47940;26277;4
108469;-176228;47739;25849;8
110657;-170760;47876;26191;8
107768;-172807;47695;26063;8
117320;-183239;48292;25411;2
117184;-180035;48284;25611;4
106467;-173632;47614;26012;8
115398;-182863;48172;25435;1
115961;-183347;48207;25404;2
129681;-190805;49065;24938;1
124899;-172986;48766;26052;2
123975;-181317;48708;25531;1
106073;-173376;47589;26028;4
109641;-164877;47812;26559;8
113891;-169711;48078;26257;2
117100;-179768;48278;25628;8
110714;-167370;47879;26403;2
106822;-175688;47636;25883;1
107888;-177273;47703;25784;8
105799;-173839;47572;25999;1
125227;-173216;48786;26038;2
120559;-168353;48494;26341;2
118644;-168078;48375;26359;2
109240;-175835;47787;25874;4
108412;-176274;47735;25846;8
115585;-180950;48184;25554;4
108545;-174293;47744;25970;8
124181;-173765;48721;26003;2
109739;-165675;47818;26509;2
114607;-179621;48122;25637;2
111835;-166920;47949;26431;4
125601;-172300;48810;26095;2
111736;-166489;47943;26458;2
125590;-172783;48809;26065;8
116342;-177856;48231;25748;2
107667;-176343;47689;25842;8
119139;-166841;48406;26436;1
109139;-164944;47781;26555;2
111744;-170222;47944;26225;2
123529;-182277;48680;25471;8
119227;-167893;48411;26370;2
111506;-167476;47929;26396;2
110740;-170882;47881;26183;8
108291;-164923;47728;26556;4
115357;-182919;48169;25431;8
115202;-182472;48160;25459;4
117022;-180034;48273;25611;8
113512;-170151;48054;26229;8
109642;-174397;47812;25964;2
106500;-177250;47616;25785;8
107273;-176138;47664;25855;2
116097;-178496;48216;25708;2
117271;-181459;48289;25522;4
106271;-175118;47601;25919;4
125267;-172776;48789;26065;8
117293;-182672;48290;25447;2
111705;-167278;47941;26409;1
109798;-174681;47822;25946;8
116779;-183609;48258;25388;4
108679;-176276;47752;25846;1
107899;-177154;47703;25791;4
118863;-168110;48388;26357;1
111101;-167024;47903;26425;1
116133;-181016;48218;25550;2
119438;-181977;48424;25490;1
109469;-171111;47801;26169;4
107376;-176194;47671;25851;4
116191;-183408;48221;25401;1
108315;-176364;47729;25841;2
121560;-168246;48557;26348;2
117297;-176580;48291;25827;2
117373;-178711;48295;25694;2
119328;-181851;48418;25498;1
119421;-168624;48423;26325;2
106035;-173822;47587;26000;4
111527;-166341;47930;26467;2
111575;-167674;47933;26384;2
113063;-169479;48026;26271;8
109475;-174716;47802;25944;2
106996;-176153;47647;25854;4
106976;-174019;47646;25987;4
106579;-173755;47621;26004;1
117837;-182272;48324;25472;1
117090;-179207;48278;25663;1
106696;-173705;47628;26007;4
105873;-174943;47577;25930;8
120136;-181880;48468;25496;2
109143;-176315;47781;25844;4
110624;-170773;47874;26190;4
111105;-170803;47904;26188;4
107955;-176167;47707;25853;8
117063;-184001;48276;25363;2
107474;-176334;47677;25843;4
108524;-164885;47742;26558;4
105391;-172431;47546;26087;8
116681;-183539;48252;25392;8
127544;-185873;48931;25246;4
114722;-178946;48130;25679;1
110160;-170326;47845;26218;4
125336;-172630;48793;26074;8
118527;-168455;48367;26335;2
107930;-165112;47705;26544;2
123464;-181384;48676;25527;4
111628;-167289;47936;26408;1
110938;-169873;47893;26246;1
105522;-173797;47555;26001;4
123771;-174912;48695;25932;4
111872;-169943;47952;26242;1
113913;-169956;48079;26241;1
117082;-182112;48277;25482;1
108782;-173993;47758;25989;1
123234;-174501;48662;25957;2
125104;-173080;48779;26046;2
115230;-179841;48161;25623;4
118826;-168136;48386;26355;1
123082;-175303;48652;25907;8
105380;-172591;47546;26077;4
108311;-174471;47729;25959;1
123455;-181333;48675;25530;4
123889;-181467;48703;25522;1
116816;-178943;48261;25680;8
116091;-180374;48215;25590;1
114874;-176885;48139;25808;1
123528;-174450;48680;25960;8
123374;-193949;48670;24742;1
108286;-165384;47727;26527;8
123192;-193108;48659;24794;8
117198;-183490;48284;25395;4
123493;-174425;48678;25962;8
107652;-172496;47688;26083;8
106394;-175749;47609;25879;1
124890;-173406;48765;26026;8
110083;-164866;47840;26559;2
109234;-175433;47787;25899;1
123642;-175039;48687;25924;4
112430;-167243;47986;26411;8
106668;-177388;47626;25777;4
111228;-166555;47911;26454;2
125335;-173674;48793;26009;8
106678;-175662;47627;25885;4
107365;-176264;47670;25847;1
125104;-172755;48779;26066;8
109240;-169462;47787;26272;2
112089;-169899;47965;26245;2
124893;-173848;48765;25998;2
115058;-179896;48151;25620;1
117246;-181769;48287;25503;4
109606;-174799;47810;25939;1
108729;-174064;47755;25985;8
108381;-176197;47733;25851;4
108359;-174469;47732;25959;1
117283;-180222;48290;25600;8
107152;-174191;47657;25977;4
117349;-183369;48294;25403;1
112391;-167198;47984;26414;8
113412;-171027;48048;26174;2
108879;-176505;47764;25832;1
129466;-194258;49051;24722;8
105517;-174933;47554;25930;8
118858;-168741;48388;26317;1
105998;-175157;47584;25916;4
115886;-178848;48202;25686;2
106371;-174949;47608;25929;1
117137;-182050;48281;25485;2
117161;-181781;48282;25502;1
106904;-177143;47641;25792;2
116948;-180144;48269;25605;4
106344;-174896;47606;25933;2
116892;-179468;48265;25647;4
108813;-164888;47760;26558;8
112547;-174784;47994;25940;1
106357;-174146;47607;25979;4
117006;-180767;48272;25566;4
120307;-168385;48479;26339;8
124025;-182332;48711;25468;8
106131;-172960;47593;26054;1
118479;-168467;48364;26334;8
113770;-171051;48070;26173;8
111106;-168171;47904;26353;2
107675;-172536;47689;26080;2
117272;-178625;48289;25699;8
123262;-193240;48663;24786;1
108837;-176055;47762;25860;2
113865;-170622;48076;26200;8
110429;-165183;47861;26540;8
112074;-166740;47964;26442;4
124951;-173074;48769;26046;8
123452;-182143;48675;25480;8
125778;-173149;48821;26042;1
116234;-179967;48224;25616;8
120480;-188582;48490;25077;8
114789;-179486;48134;25646;1
110935;-168091;47893;26358;1
106359;-176003;47607;25863;4
106981;-174165;47646;25978;1
108677;-168943;47752;26305;1
109495;-176710;47803;25819;8
112230;-171066;47974;26172;1
109845;-168680;47825;26321;4
117216;-180290;48286;25595;4
112048;-166803;47963;26438;4
114930;-179622;48143;25637;1
109256;-165226;47788;26537;2
114379;-178808;48108;25688;4
107939;-172735;47706;26068;1
111004;-169471;47897;26272;8
108397;-173700;47734;26007;4
111353;-168075;47919;26359;2
107225;-172833;47661;26061;1
116446;-181081;48237;25546;2
126287;-172650;48852;26073;1
121023;-188685;48523;25071;2
109412;-174792;47798;25939;4
107990;-172276;47709;26096;4
111362;-169389;47920;26277;4
124072;-182267;48714;25472;1
117239;-179968;48287;25616;4
120898;-188346;48516;25092;4
107818;-172851;47698;26060;4
111581;-170247;47933;26223;8
106435;-176725;47612;25818;2
123766;-181402;48695;25526;2
125282;-172722;48790;26068;8
123687;-181436;48690;25524;8
106899;-173390;47641;26027;8
125017;-172673;48773;26071;8
108817;-176239;47761;25849;4
124097;-173546;48716;26017;8
112401;-169062;47985;26297;2
109584;-170222;47809;26225;1
116463;-177256;48238;25785;8
121365;-188395;48545;25089;8
123504;-181803;48679;25501;2
119843;-182122;48450;25481;2
119409;-181933;48423;25493;1
114616;-177395;48123;25776;8
121394;-188431;48547;25087;4
121631;-168454;48561;26335;8
112242;-170735;47975;26193;2
108446;-173796;47737;26001;8
113006;-169175;48022;26290;2
123370;-166927;48670;26431;2
120268;-182161;48476;25478;1
125175;-172747;48783;26067;1
115737;-183023;48193;25425;2
107893;-172046;47703;26111;1
112984;-171014;48021;26175;2
112510;-169055;47991;26298;8
118846;-171815;48387;26125;2
106368;-174022;47608;25987;1
105977;-175191;47583;25914;8
109026;-175562;47774;25891;8
115937;-183362;48206;25403;2
109557;-175551;47807;25892;2
114386;-178378;48109;25715;4
116519;-184151;48242;25354;1
120778;-168358;48508;26341;2
112025;-166811;47961;26438;1
124069;-181365;48714;25528;8
117315;-180703;48292;25570;4
110613;-169421;47873;26275;1
110903;-166768;47891;26441;4
119435;-168545;48424;26329;1
115947;-181475;48206;25521;1
106332;-172948;47605;26054;1
110101;-165228;47841;26537;1
107654;-171990;47688;26114;2
117059;-182032;48276;25487;4
119131;-166916;48405;26431;2
111835;-167037;47949;26424;8
123565;-182320;48682;25469;8
113489;-170906;48053;26182;2
116355;-177314;48232;25781;4
111525;-167618;47930;26387;4
108211;-165009;47723;26550;2
117043;-182093;48275;25483;4
110538;-168993;47868;26301;1
115314;-182283;48167;25471;1
107674;-172577;47689;26077;2
111181;-167887;47908;26371;4
111138;-169402;47906;26276;1
113316;-170840;48042;26186;1
108404;-174468;47735;25959;1
126096;-172917;48841;26056;2
115523;-182266;48180;25472;4
116411;-177361;48235;25778;1
112326;-170321;47980;26218;1
123784;-182117;48696;25481;2
121131;-188534;48530;25080;8
107318;-165405;47667;26526;8
115530;-183192;48180;25414;2
107057;-174093;47651;25983;4
117164;-183738;48282;25380;2
118349;-171277;48356;26159;4
111302;-170291;47916;26220;2
119751;-182098;48444;25482;4
105391;-172686;47546;26071;8
116884;-178622;48265;25700;4
116376;-177471;48233;25772;4
111293;-171062;47915;26172;1
111390;-170833;47921;26186;1
109932;-170310;47830;26219;8
114342;-178257;48106;25722;4
119573;-168370;48433;26340;4
117066;-181240;48276;25536;2
119611;-168660;48435;26322;4
123174;-167040;48658;26424;1
114622;-177244;48123;25786;1
115974;-178548;48208;25704;2
110452;-164969;47863;26553;4
107104;-172815;47654;26063;4
116496;-179956;48241;25616;8
113491;-170915;48053;26181;8
108448;-165191;47738;26539;1
111838;-166655;47949;26448;8
118117;-171764;48342;26128;1
107501;-176911;47678;25807;2
123951;-174399;48706;25964;2
112506;-171135;47991;26168;1
116999;-166392;48272;26464;1
109760;-174565;47820;25953;2
129031;-180928;49024;25556;1
107481;-172095;47677;26108;4
111777;-166743;47946;26442;2
121057;-188734;48526;25068;2
123925;-173677;48705;26009;2
108392;-176147;47734;25854;1
106445;-173002;47612;26051;1
117275;-179178;48289;25665;8
123167;-192815;48657;24813;4
123255;-193924;48663;24743;1
115249;-183983;48163;25365;8
113653;-171126;48063;26168;8
106893;-177401;47640;25776;2
118708;-168251;48379;26348;1
108025;-172849;47711;26060;8
124672;-173153;48752;26041;2
110124;-171105;47842;26169;2
123712;-181723;48692;25506;2
109578;-171010;47808;26175;1
120567;-168653;48495;26323;2
118637;-168709;48374;26319;4
123806;-173937;48697;25992;1
119301;-166992;48416;26427;8
120249;-181857;48475;25497;1
116901;-179064;48266;25672;2
113757;-171076;48069;26171;2
108475;-165134;47739;26543;1
109309;-169323;47791;26281;1
125254;-173185;48788;26039;8
108962;-175699;47770;25882;4
120865;-168456;48514;26335;1
114624;-179674;48124;25634;8
126349;-172789;48856;26064;8
117279;-181931;48289;25493;2
120375;-168688;48483;26321;2
111867;-169362;47951;26278;2
106486;-175985;47615;25864;4
114242;-178663;48100;25697;2
106968;-172418;47645;26087;4
106334;-173787;47605;26002;2
113570;-169426;48058;26274;8
123893;-174592;48703;25952;4
116165;-180169;48220;25603;4
106057;-175149;47588;25917;2
126101;-173007;48841;26051;4
105745;-173633;47569;26011;4
123321;-174551;48667;25954;4
110598;-166972;47872;26428;8
106887;-172348;47640;26092;4
115473;-183793;48177;25376;8
115230;-176896;48161;25808;2
109434;-169847;47799;26248;4
115383;-182054;48171;25485;8
106159;-173365;47594;26028;4
110357;-164913;47857;26556;1
123779;-173968;48696;25991;2
114337;-178687;48106;25696;4
115899;-177427;48203;25774;4
111641;-167012;47937;26425;8
120850;-187919;48513;25119;2
111835;-166734;47949;26443;1
108525;-176759;47742;25816;8
118630;-168831;48374;26312;1
107069;-165368;47651;26528;8
117411;-181832;48298;25499;8
109897;-168821;47828;26312;4
108103;-174313;47716;25969;4
116305;-177558;48229;25766;8
120075;-182083;48464;25483;2
118356;-171343;48357;26155;1
127543;-185742;48931;25255;4
107218;-165141;47661;26542;2
108090;-172702;47715;26070;4
117399;-181962;48297;25491;1
105466;-172712;47551;26069;4
106897;-177116;47641;25794;4
110652;-168960;47875;26304;8
117729;-182193;48318;25476;2
108245;-165707;47725;26507;2
115840;-183494;48200;25395;4
110336;-170400;47856;26214;8
117677;-182376;48314;25465;8
115928;-181035;48205;25549;4
116249;-179975;48225;25615;1
116115;-178750;48217;25692;1
110823;-168810;47886;26313;2
123423;-174943;48673;25930;1
111507;-166360;47929;26466;1
109467;-177018;47801;25800;8
112477;-167112;47989;26419;2
108371;-173980;47733;25990;4
116072;-183814;48214;25375;1
109025;-165462;47774;26522;4
109415;-174679;47798;25946;1
114318;-178150;48104;25729;8
107666;-165417;47689;26525;2
119257;-168332;48413;26343;4
123671;-175091;48689;25920;2
112059;-166793;47963;26439;1
109276;-169507;47789;26269;4
108838;-176165;47762;25853;1
106026;-175044;47586;25923;4
107848;-176482;47700;25833;4
115916;-183664;48204;25385;2
111336;-170336;47918;26218;1
108643;-176346;47750;25842;4
115925;-178038;48205;25736;8
111200;-166697;47910;26445;2
110433;-165084;47862;26546;1
117049;-179305;48275;25657;8
117218;-181998;48286;25489;2
111598;-166434;47934;26461;8
119120;-166822;48405;26437;2
117089;-182134;48278;25480;2
115269;-179880;48164;25621;1
109162;-175800;47782;25876;4
111756;-167075;47944;26421;2
124046;-181501;48712;25520;1
121627;-168401;48561;26338;2
115000;-180169;48147;25603;8
115473;-183707;48177;25382;2
115959;-180866;48207;25559;4
111745;-167349;47944;26404;4
109089;-175582;47778;25890;8
111093;-168439;47903;26336;8
115766;-177569;48195;25765;2
107224;-165400;47661;26526;4
124013;-174649;48710;25948;8
120120;-181656;48467;25510;4
105956;-173851;47582;25998;2
111864;-170878;47951;26184;8
115547;-182446;48181;25461;1
110505;-169182;47866;26290;4
110774;-166915;47883;26431;8
105907;-174749;47579;25942;1
110968;-168251;47895;26348;2
115937;-177648;48206;25761;4
127885;-195348;48952;24654;2
126325;-172624;48855;26075;1
115871;-185105;48201;25294;2
119930;-182084;48455;25483;1
105752;-174468;47569;25959;8
107677;-172367;47689;26091;4
114327;-178926;48105;25681;8
111616;-166218;47936;26475;4
114607;-178142;48122;25730;4
108916;-176498;47767;25832;4
106624;-173095;47624;26045;2
106493;-172692;47615;26070;8
123902;-181356;48703;25529;8
117266;-176540;48289;25830;2
123153;-193648;48657;24761;2
107070;-165298;47651;26532;4
106034;-174054;47587;25985;2
118702;-171860;48378;26122;8
117161;-183077;48282;25421;8
115353;-182858;48169;25435;4
118951;-167520;48394;26394;1
115985;-180406;48209;25588;1
108717;-175932;47754;25868;1
106480;-175737;47615;25880;4
110388;-167929;47859;26368;4
109936;-164894;47831;26558;1
116085;-178628;48215;25699;4
117187;-166349;48284;26467;8
110064;-165621;47839;26512;8
115199;-179294;48159;25658;8
123164;-175039;48657;25924;1
107079;-165294;47652;26533;4
119036;-167049;48399;26423;8
107158;-174172;47657;25978;4
121258;-196270;48538;24597;4
109772;-177013;47820;25800;8
107536;-176883;47681;25808;8
116158;-180096;48219;25608;4
115927;-177559;48205;25766;8
108721;-168915;47755;26306;2
119314;-181870;48417;25497;8
123666;-174288;48689;25971;1
117772;-182726;48320;25443;2
113373;-170945;48045;26179;1
115693;-182441;48190;25461;2
108379;-176553;47733;25829;2
119187;-182025;48409;25487;1
125259;-173377;48788;26027;2
116790;-183919;48259;25369;2
110580;-169087;47871;26296;8
106551;-172788;47619;26064;2
110404;-169197;47860;26289;4
106575;-175583;47620;25890;1
108046;-173961;47712;25991;1
118822;-168779;48386;26315;8
106257;-176828;47601;25812;1
111046;-166883;47900;26433;2
118294;-171484;48353;26146;2
114477;-178854;48114;25685;1
111943;-167254;47956;26410;8
107192;-172731;47659;26068;2
109857;-171097;47826;26170;2
116923;-179033;48267;25674;8
114756;-178946;48132;25679;2
124041;-173460;48712;26022;4
108611;-165206;47748;26538;1
110679;-167513;47877;26394;8
116769;-178673;48258;25696;2
108676;-173892;47752;25995;8
116948;-183517;48269;25394;1
121674;-168323;48564;26343;2
114844;-177573;48137;25765;1
108261;-176360;47726;25841;1
125027;-173511;48774;26019;1
120867;-188918;48514;25056;2
111265;-166449;47914;26460;8
107494;-176980;47678;25802;4
112484;-175091;47990;25920;4
117108;-180242;48279;25598;2
117216;-183084;48286;25421;8
108234;-174368;47724;25966;1
108152;-176534;47719;25830;8
119350;-168483;48419;26333;2
110568;-167589;47870;26389;4
113233;-169978;48037;26240;1
115325;-182620;48167;25450;8
105836;-174595;47574;25951;8
123574;-174457;48683;25960;4
117645;-182424;48312;25462;8
120504;-188734;48491;25068;4
105968;-174779;47583;25940;8
117676;-182226;48314;25474;2
126893;-175648;48890;25886;8
115964;-183620;48207;25387;2
119286;-168356;48415;26341;4
118687;-172069;48377;26109;2
113202;-169670;48035;26259;8
109625;-169882;47811;26246;8
106624;-177104;47624;25795;1
115623;-181202;48186;25538;2
115604;-180989;48185;25552;8
109084;-176436;47777;25836;2
120466;-188638;48489;25074;2
114662;-178152;48126;25729;4
124698;-174159;48753;25979;1
116290;-177399;48228;25776;4
105828;-175250;47574;25910;8
113562;-171073;48057;26171;4
110253;-167911;47850;26369;8
113598;-169443;48059;26273;4
109502;-176978;47803;25802;8
116648;-194309;48250;24719;4
118886;-168071;48390;26359;4
106933;-177038;47643;25799;2
114977;-176863;48146;25810;1
110593;-167461;47872;26397;2
116269;-178200;48226;25726;1
110458;-165054;47863;26548;4
108336;-165748;47731;26504;1
115956;-183531;48207;25393;4
107546;-177091;47681;25795;1
109347;-175788;47794;25877;4
110792;-171130;47884;26168;4
109611;-170149;47810;26229;4
115311;-184069;48166;25359;8
123399;-181566;48672;25516;4
115144;-179449;48156;25648;4
107639;-176771;47687;25815;8
106044;-172863;47587;26060;8
110184;-165197;47846;26539;1
115097;-179235;48153;25661;4
105798;-174966;47572;25928;8
106498;-175638;47616;25886;2
123617;-174373;48686;25965;8
117285;-179086;48290;25671;2
111056;-169420;47901;26275;1
106248;-173140;47600;26042;2
115296;-182682;48166;25446;1
106469;-175150;47614;25917;1
115308;-176696;48166;25820;4
123871;-182044;48701;25486;4
118762;-171992;48382;26114;2
117181;-180243;48283;25598;2
116042;-178553;48212;25704;1
125326;-173396;48792;26026;1
110429;-169405;47861;26276;4
121388;-168441;48546;26336;1
113888;-170692;48078;26195;4
112096;-170761;47966;26191;8
118489;-171291;48365;26158;2
105734;-173444;47568;26023;8
117408;-181675;48298;25509;2
109375;-168968;47795;26303;2
112531;-170377;47993;26215;1
106543;-175525;47618;25893;4
111912;-170024;47954;26237;1
113087;-170820;48027;26187;2
114725;-180104;48130;25607;8
110425;-167873;47861;26371;1
109997;-165606;47834;26513;2
113076;-170632;48027;26199;8
119829;-168394;48449;26339;8
116086;-181104;48215;25545;8
115341;-182583;48168;25452;1
109751;-170003;47819;26238;1
112950;-169538;48019;26267;2
119975;-182034;48458;25486;1
112807;-170581;48010;26202;1
115581;-183577;48183;25390;4
115283;-182798;48165;25439;2
111081;-166457;47902;26460;4
105940;-173831;47581;25999;1
123731;-182302;48693;25470;1
107568;-172500;47683;26082;1
116942;-178929;48268;25680;8
105368;-172419;47545;26087;4
123871;-174425;48701;25962;4
114477;-178431;48114;25712;2
110729;-168861;47880;26310;1
115823;-177369;48198;25778;2
106433;-172730;47612;26068;8
110962;-168388;47895;26339;8
117200;-179098;48285;25670;2
106583;-173426;47621;26024;1
114547;-178999;48119;25676;1
106754;-176044;47632;25861;8
126438;-172665;48862;26072;8
123300;-174644;48666;25948;8
110490;-168883;47865;26308;4
120761;-188497;48507;25082;2
119304;-182011;48416;25488;2
123601;-181140;48685;25542;4
116871;-184055;48264;25360;8
108743;-176068;47756;25859;1
116468;-177663;48239;25760;1
115904;-177944;48204;25742;1
110402;-165036;47860;26549;2
117779;-182737;48321;25442;2
115820;-177474;48198;25771;8
123250;-166938;48663;26430;1
117370;-182828;48295;25437;4
111259;-166348;47913;26467;2
106918;-172449;47642;26085;8
111729;-170319;47943;26219;2
124740;-173056;48756;26048;2
115137;-179348;48156;25654;8
121507;-168576;48554;26328;4
123678;-181728;48689;25506;2
112600;-174832;47997;25937;8
106156;-175748;47594;25879;8
112468;-167155;47989;26416;8
115375;-176827;48170;25812;4
112493;-167653;47990;26385;4
115518;-177592;48179;25764;4
109087;-175623;47777;25887;1
123917;-173570;48704;26015;2
117003;-178807;48272;25688;2
125310;-173393;48791;26026;1
115730;-177357;48193;25779;8
115709;-183325;48191;25406;8
110956;-168253;47894;26348;8
109438;-175588;47799;25889;8
123868;-174880;48701;25934;2
114635;-177683;48124;25758;8
106195;-174912;47597;25932;1
123787;-173856;48696;25998;2
107857;-165594;47701;26514;2
110610;-168994;47873;26301;4
111071;-167939;47901;26367;1
110867;-166881;47889;26433;4
105609;-172777;47560;26065;2
109669;-164950;47814;26554;4
117237;-181494;48287;25520;2
107042;-173873;47650;25996;2
116731;-194137;48255;24730;4
120437;-181823;48487;25500;2
108915;-165479;47767;26521;4
106470;-175559;47614;25891;2
106809;-172993;47635;26051;8
120434;-168359;48487;26341;4
115854;-182058;48200;25485;1
125390;-173170;48796;26040;1
123723;-166760;48692;26441;4
115719;-181749;48192;25504;2
117159;-181699;48282;25507;4
119472;-168420;48427;26337;2
113637;-169143;48062;26292;1
106507;-175984;47616;25865;2
116918;-166214;48267;26475;2
116344;-178724;48231;25693;8
106644;-175309;47625;25907;4
111742;-166921;47943;26431;8
108235;-176403;47724;25838;4
111731;-170338;47943;26217;8
114665;-177324;48126;25781;4
113816;-170098;48073;26232;2
117147;-180413;48281;25588;4
125241;-172994;48787;26051;1
117275;-181123;48289;25543;2
124123;-173564;48717;26016;4
120753;-188245;48507;25098;2
109844;-170031;47825;26237;4
115369;-183332;48170;25405;4
129827;-190831;49074;24937;4
110185;-170143;47846;26230;1
111532;-167705;47930;26382;8
110631;-169088;47874;26296;8
117192;-181743;48284;25505;4
105983;-174390;47583;25964;8
110808;-168788;47885;26314;1
115720;-183583;48192;25390;4
108352;-173631;47732;26012;4
123798;-181344;48697;25530;2
119269;-168398;48414;26339;8
113092;-170701;48028;26195;1
117233;-166373;48287;26465;2
106286;-175617;47602;25887;2
116098;-180915;48216;25556;1
111683;-171048;47940;26173;4
117460;-181093;48301;25545;1
112444;-168739;47987;26317;1
114959;-179897;48144;25620;1
118435;-171366;48362;26153;2
123291;-174535;48665;25955;8
117381;-182833;48296;25436;4
111407;-167490;47922;26395;2
106234;-176246;47599;25848;1
106045;-173389;47587;26027;2
109067;-175746;47776;25879;2
117009;-179594;48273;25639;2
125537;-173438;48806;26024;2
126316;-172865;48854;26059;4
114730;-178100;48130;25732;2
110151;-164869;47844;26559;8
112962;-169476;48020;26271;4
127515;-185501;48929;25270;8
110320;-170391;47855;26214;8
110389;-164972;47859;26553;2
107914;-164982;47704;26552;1
120474;-168551;48489;26329;4
110177;-165571;47846;26515;8
124116;-174331;48717;25968;2
109308;-165667;47791;26509;8
108102;-174124;47716;25981;2
107064;-165405;47651;26526;4
123975;-182373;48708;25465;2
111053;-168039;47900;26361;2
120521;-168464;48492;26335;8
125252;-172919;48788;26056;2
105820;-173933;47573;25993;1
123178;-192651;48658;24823;2
117410;-181995;48298;25489;1
120099;-181697;48466;25507;4
126145;-172513;48844;26081;2
106258;-172581;47601;26077;1
124686;-173025;48752;26049;8
108131;-172780;47718;26065;2
117195;-183914;48284;25369;1
111188;-166310;47909;26469;1
106640;-175193;47625;25914;2
118873;-168713;48389;26319;2
116335;-177366;48230;25778;8
110163;-168314;47845;26344;8
116404;-178437;48235;25711;8
107108;-174127;47654;25981;1
125391;-172631;48796;26074;1
116994;-181139;48272;25542;2
116787;-183661;48259;25385;4
113298;-171088;48041;26171;1
119094;-166891;48403;26433;8
109250;-165689;47788;26508;4
112485;-167086;47990;26421;4
113744;-170713;48069;26194;1
125259;-172717;48788;26069;8
118951;-166876;48394;26434;8
115699;-177274;48191;25784;8
108719;-169233;47754;26286;2
107881;-176797;47702;25814;8
123993;-182173;48709;25478;2
124427;-173196;48736;26039;8
115317;-176786;48167;25814;1
108779;-168078;47758;26359;4
117246;-166316;48287;26469;2
117147;-181248;48281;25536;1
115838;-181106;48199;25544;8
117232;-181959;48287;25491;4
106076;-173872;47589;25997;2
114668;-179386;48126;25652;4
120198;-181930;48472;25493;2
107519;-172355;47679;26091;8
110497;-169078;47866;26296;8
111434;-166465;47924;26459;8
115328;-176887;48168;25808;2
115911;-177640;48204;25761;1
110457;-170397;47863;26214;2
121017;-188456;48523;25085;8
117458;-181479;48301;25521;8
106410;-174057;47610;25985;1
115352;-176649;48169;25823;8
109371;-175585;47795;25889;1
110252;-170478;47850;26209;8
111067;-169441;47901;26273;1
111776;-169380;47946;26277;2
114254;-178661;48100;25697;4
116240;-177693;48225;25758;4
125824;-172787;48824;26064;1
111082;-166503;47902;26457;1
120078;-168429;48464;26337;4
123698;-181975;48691;25490;4
118377;-171891;48358;26120;1
114931;-179335;48143;25655;4
108602;-174052;47747;25985;1
113022;-171048;48023;26173;8
119428;-168640;48424;26324;8
119930;-168626;48455;26324;4
117294;-180382;48290;25590;8
109415;-165126;47798;26543;8
107886;-172866;47702;26059;1
110841;-170866;47887;26184;8
111983;-171126;47958;26168;1
110024;-165544;47836;26517;1
112458;-171043;47988;26173;1
125826;-173065;48824;26047;1
116269;-184188;48226;25352;8
117047;-179572;48275;25640;2
109339;-165575;47793;26515;8
109377;-169333;47796;26280;8
123460;-181290;48676;25533;1
111128;-168176;47905;26353;2
106620;-175065;47623;25922;2
107948;-174151;47706;25979;4
118638;-168183;48374;26352;8
113433;-171065;48049;26172;4
112142;-170556;47968;26204;4
106400;-172996;47610;26051;1
125303;-173687;48791;26008;4
116398;-184318;48234;25344;4
107011;-165469;47648;26522;8
125233;-172752;48787;26067;1
110784;-169803;47884;26251;2
110904;-170687;47891;26196;8
123274;-167003;48664;26426;1
116427;-179982;48236;25615;2
112442;-175051;47987;25923;2
109350;-169656;47794;26260;4
106940;-174057;47643;25985;2
115867;-182140;48201;25480;4
115999;-178200;48209;25726;2
108782;-176480;47758;25834;4
117782;-182248;48321;25473;1
120776;-168306;48508;26344;1
114292;-178395;48103;25714;4
108747;-170254;47756;26223;2
123688;-182093;48690;25483;2
106412;-175688;47610;25883;2
113329;-169874;48043;26246;4
115244;-176844;48162;25811;1
124006;-174401;48710;25963;4
116330;-178798;48230;25689;1
110263;-165197;47851;26539;1
123184;-193524;48659;24768;1
107647;-177015;47687;25800;4
117218;-183533;48286;25393;8
117446;-183129;48300;25418;8
111804;-166785;47947;26439;4
116922;-179337;48267;25655;1
119919;-181373;48454;25528;2
120909;-168320;48516;26344;4
110265;-168113;47851;26356;8
111058;-168292;47901;26345;1
115465;-177742;48176;25755;1
110873;-170677;47889;26196;4
108741;-170438;47756;26211;2
112156;-170529;47969;26205;8
110652;-170768;47875;26191;2
108859;-173992;47763;25989;8
113874;-169867;48077;26247;4
106470;-175741;47614;25880;8
125566;-172720;48807;26069;1
113816;-170783;48073;26190;2
107869;-165109;47701;26544;4
119880;-181272;48452;25534;8
120617;-187993;48498;25114;8
109324;-165743;47792;26505;4
116894;-166235;48265;26474;2
106095;-173940;47590;25992;8
117345;-180665;48294;25572;8
112104;-167011;47966;26425;1
110562;-167781;47870;26377;1
123471;-181592;48676;25514;2
115861;-178752;48201;25692;8
123256;-174573;48663;25953;4
111581;-170222;47933;26225;1
113648;-170350;48063;26217;1
123649;-174564;48688;25953;2
112848;-171035;48013;26174;2
110286;-167830;47852;26374;4
109659;-168897;47813;26307;2
118755;-172134;48382;26105;2
114613;-178530;48123;25705;8
114828;-177620;48136;25762;8
107633;-176260;47687;25847;4
113300;-169422;48041;26275;4
113207;-170789;48035;26189;1
106203;-175640;47597;25886;1
116462;-177547;48238;25767;2
125762;-172242;48820;26098;8
107115;-172766;47654;26066;8
128881;-194693;49015;24695;4
107885;-176578;47702;25827;1
113802;-170579;48072;26202;1
111840;-166925;47950;26431;4
123499;-181268;48678;25534;8
108453;-174167;47738;25978;4
113355;-171185;48044;26164;1
106484;-173846;47615;25998;2
124824;-172849;48761;26060;1
123652;-174597;48688;25951;1
107066;-177292;47651;25783;2
121303;-168290;48541;26345;1
117174;-181222;48283;25537;8
113294;-169393;48040;26276;2
106784;-173677;47634;26009;2
126258;-172885;48851;26058;2
106156;-173046;47594;26048;8
112474;-167507;47989;26394;2
113159;-169155;48032;26291;2
115714;-183902;48192;25370;1
124265;-173733;48726;26005;1
108603;-165694;47747;26508;1
123918;-174681;48704;25946;2
114665;-178470;48126;25709;4
106543;-175453;47618;25898;8
120168;-181836;48470;25499;8
123079;-175234;48652;25911;1
119026;-168442;48399;26336;1
109147;-165688;47781;26508;1
116598;-179900;48247;25620;1
114735;-178381;48130;25715;8
110501;-167180;47866;26415;8
114761;-178630;48132;25699;1
112060;-171068;47963;26172;1
113146;-171063;48031;26172;4
108698;-167507;47753;26394;2
120594;-188501;48497;25082;1
107481;-176057;47677;25860;4
111390;-167441;47921;26398;4
115310;-183980;48166;25365;8
110803;-170894;47885;26183;2
110407;-171115;47860;26169;2
123229;-193907;48661;24744;2
112998;-170783;48022;26190;4
111620;-170273;47936;26221;1
108686;-168989;47752;26302;8
115831;-182066;48199;25484;2
107252;-165444;47663;26523;1
123405;-181240;48672;25536;2
107810;-172920;47698;26056;1
115654;-182423;48188;25462;8
124622;-173934;48748;25993;8
112145;-171082;47969;26171;8
123781;-174737;48696;25942;8
123476;-174753;48677;25941;8
108199;-176567;47722;25828;4
111613;-171063;47935;26172;2
108040;-174312;47712;25969;2
111112;-168102;47904;26357;4
112475;-167125;47989;26418;8
123338;-174732;48668;25943;8
118952;-167495;48394;26395;1
114489;-178692;48115;25695;1
106265;-174714;47601;25944;8
113437;-169454;48049;26273;8
107754;-172354;47694;26091;1
109664;-174605;47814;25951;4
124747;-174026;48756;25987;1
109557;-175588;47807;25889;4
107884;-165098;47702;26545;4
121355;-168270;48544;26347;1
111787;-170795;47946;26189;2
124823;-173274;48761;26034;1
109030;-176691;47774;25820;4
113561;-170903;48057;26182;2
116836;-166294;48262;26470;4
123711;-174911;48691;25932;2
110564;-169736;47870;26255;2
114481;-178623;48115;25700;2
113076;-169480;48027;26271;8
123960;-173793;48707;26001;1
109961;-165535;47832;26518;2
121203;-188272;48535;25097;4
111951;-171073;47956;26171;2
108759;-173934;47757;25993;4
114860;-180129;48138;25605;8
110420;-169225;47861;26287;1
113268;-169876;48039;26246;1
116325;-177393;48230;25776;4
111556;-167303;47932;26407;2
109205;-165748;47785;26504;8
114672;-178521;48127;25706;8
112514;-174817;47992;25937;1
106479;-174063;47614;25985;4
115739;-177562;48193;25766;2
113186;-169091;48034;26295;1
111381;-167907;47921;26369;2
112095;-166831;47965;26437;4
115419;-184354;48173;25341;8
110187;-170406;47846;26213;2
108881;-171116;47765;26169;8
114738;-177350;48131;25779;1
124072;-181308;48714;25532;2
124632;-173970;48749;25990;2
116870;-179236;48264;25661;4
110793;-168346;47884;26342;2
109947;-165733;47831;26505;1
111702;-169414;47941;26275;2
114395;-178121;48109;25731;8
121033;-188460;48524;25085;8
127916;-195413;48954;24650;2
120215;-182061;48473;25485;8
121258;-168252;48538;26348;4
123182;-174765;48658;25941;1
117163;-183921;48282;25368;4
123352;-182395;48669;25464;4
117499;-181899;48303;25495;8
106269;-174605;47601;25951;1
113663;-170130;48063;26230;4
117338;-181182;48293;25540;4
110932;-169976;47893;26240;4
111555;-170831;47932;26187;8
112469;-168597;47989;26326;8
110208;-168057;47848;26360;1
113997;-170575;48084;26203;4
111010;-168280;47898;26346;8
115587;-177235;48184;25786;1
119346;-168286;48419;26346;4
109450;-174686;47800;25946;2
106492;-175122;47615;25918;8
118984;-167102;48396;26420;8
116883;-178968;48265;25678;8
119607;-182170;48435;25478;4
109346;-175575;47794;25890;2
116196;-178376;48222;25715;8
124911;-173330;48766;26030;8
117175;-179723;48283;25631;2
107200;-165457;47660;26522;1
123157;-192894;48657;24808;2
116045;-178275;48212;25721;2
114783;-179911;48133;25619;8
115816;-183060;48198;25422;2
111075;-166651;47902;26448;8
112033;-166860;47962;26435;1
118332;-171822;48355;26125;4
118620;-168738;48373;26317;1
120267;-181806;48476;25501;1
125633;-172192;48812;26102;1
112576;-170358;47996;26216;2
113717;-171045;48067;26173;8
123284;-175240;48665;25911;8
121201;-168309;48535;26344;2
115851;-184722;48200;25318;2
116976;-180101;48271;25607;4
117219;-181516;48286;25519;2
120810;-168293;48510;26345;4
125269;-173609;48789;26013;1
118628;-168593;48374;26326;4
112481;-170263;47990;26222;8
108195;-165104;47722;26545;4
123992;-174227;48709;25974;1
106624;-173298;47624;26032;2
108907;-164923;47766;26556;2
108450;-173633;47738;26011;4
110247;-168007;47850;26363;1
115620;-183744;48186;25380;2
125743;-172814;48818;26063;8
108015;-164906;47710;26557;2
112026;-166724;47961;26443;4
114573;-178464;48120;25710;8
116991;-178709;48271;25694;4
117101;-180847;48278;25561;4
116887;-166195;48265;26476;2
125783;-173201;48821;26038;4
113908;-170678;48079;26196;1
115411;-183282;48173;25408;2
119586;-168228;48434;26349;1
117424;-182007;48299;25488;2
111216;-166538;47911;26455;4
106241;-175831;47600;25874;1
124151;-182275;48719;25471;1
115493;-182322;48178;25468;2
105913;-174372;47579;25965;8
107252;-173911;47663;25994;2
110743;-169837;47881;26249;1
108924;-176120;47767;25856;2
115544;-183249;48181;25410;8
108811;-165169;47760;26540;8
123832;-174961;48699;25928;2
116264;-177701;48226;25757;1
105970;-173907;47583;25994;8
109170;-165503;47783;26520;8
116268;-181176;48226;25540;2
119511;-168243;48429;26348;2
123979;-181379;48708;25527;1
108509;-165233;47741;26536;4
107850;-172225;47700;26099;8
117262;-183542;48288;25392;8
105783;-174112;47571;25982;4
108867;-176568;47764;25828;4
107066;-172656;47651;26073;2
108802;-176168;47760;25853;1
117336;-183519;48293;25394;4
109842;-164927;47825;26556;4
111439;-170342;47924;26217;8
120986;-188823;48521;25062;2
109190;-176545;47784;25829;4
115673;-181162;48189;25541;1
123631;-174360;48686;25966;1
108045;-172693;47712;26070;2
114900;-175924;48141;25868;8
118940;-168454;48393;26335;4
115658;-183776;48188;25378;2
123188;-174475;48659;25959;1
125620;-173248;48811;26036;8
107812;-172764;47698;26066;1
106131;-176564;47593;25828;2
121437;-188463;48549;25085;1
119479;-167783;48427;26377;4
111745;-170162;47944;26228;1
117143;-179622;48281;25637;1
115724;-183780;48192;25377;4
120874;-188250;48514;25098;1
109329;-169641;47793;26261;4
107873;-176549;47702;25829;2
106549;-173311;47619;26032;2
115572;-182888;48183;25433;8
108685;-169258;47752;26285;4
114695;-178425;48128;25712;4
109461;-175512;47801;25894;8
114830;-177493;48136;25770;8
125322;-173274;48792;26034;4
124160;-173766;48720;26003;2
112429;-167515;47986;26394;2
115683;-182451;48190;25460;2
107510;-176807;47679;25813;4
116165;-181268;48220;25534;2
117298;-183080;48291;25421;1
115370;-182181;48170;25477;2
123943;-174663;48706;25947;4
118872;-168285;48389;26346;8
112316;-169483;47979;26271;1
107137;-174069;47656;25984;2
106999;-176312;47647;25844;8
111313;-166520;47917;26456;8
119109;-166828;48404;26437;8
112451;-175413;47988;25900;8
113801;-170368;48072;26216;2
114820;-177324;48136;25781;2
115968;-177379;48208;25777;1
115637;-181126;48187;25543;8
118598;-168522;48372;26331;8
116178;-181468;48221;25522;2
112465;-175479;47989;25896;1
116935;-183719;48268;25381;4
114958;-177295;48144;25783;1
108126;-164888;47717;26558;1
124520;-173308;48742;26032;2
108198;-165382;47722;26527;2
106614;-173254;47623;26035;8
124874;-173006;48764;26051;1
108847;-176513;47762;25831;8
115901;-178433;48203;25711;1
111624;-170339;47936;26217;2
115528;-177699;48180;25757;8
113410;-170130;48048;26230;1
123934;-182089;48705;25483;4
106215;-175181;47598;25915;2
115690;-183489;48190;25395;4
121521;-180556;48555;25579;1
110782;-170943;47883;26180;4
125585;-172674;48809;26071;4
108852;-171128;47763;26168;8
109607;-165740;47810;26505;1
119155;-167468;48407;26397;2
119820;-182141;48448;25480;4
124252;-173833;48725;25999;4
120986;-168217;48521;26350;2
124000;-174329;48710;25968;1
125955;-172612;48832;26075;8
108773;-169532;47758;26268;4
114397;-178801;48109;25688;4
107187;-176371;47659;25840;1
119732;-181837;48443;25499;4
118681;-168302;48377;26345;1
105894;-172723;47578;26068;1
110975;-170889;47895;26183;4
117223;-181781;48286;25502;1
106893;-172458;47640;26085;2
119931;-168620;48455;26325;1
111609;-167389;47935;26402;1
106304;-176516;47604;25831;2
126430;-172756;48861;26066;4
106526;-173380;47617;26027;4
123512;-166737;48679;26442;8
124191;-173935;48721;25993;4
116145;-183382;48219;25402;4
117248;-176520;48288;25831;4
116346;-178314;48231;25719;8
114982;-176644;48146;25823;2
118659;-192485;48376;24833;4
110914;-167134;47892;26418;8
108723;-169408;47755;26276;8
107628;-176316;47686;25844;1
109161;-169510;47782;26269;4
115861;-177990;48201;25739;2
112109;-166580;47966;26452;2
106291;-175057;47603;25922;4
109446;-176744;47800;25817;8
111424;-169418;47924;26275;2
110534;-168825;47868;26312;4
106807;-177382;47635;25777;8
117273;-183118;48289;25419;1
117065;-179965;48276;25616;8
120503;-188725;48491;25068;4
116695;-184004;48253;25363;8
107883;-172748;47702;26067;4
116333;-184075;48230;25359;8
124088;-174319;48715;25969;1
117165;-182902;48282;25432;4
121232;-188421;48537;25087;4
108205;-165740;47722;26505;8
110873;-168310;47889;26344;4
109325;-175852;47792;25873;4
116793;-166393;48259;26464;1
115581;-182220;48183;25475;1
120938;-182319;48518;25469;4
110004;-168337;47835;26342;4
115289;-180011;48165;25613;2
121029;-188604;48524;25076;2
118734;-168712;48380;26319;8
106601;-175947;47622;25867;2
125532;-172530;48805;26080;8
115421;-176733;48173;25818;4
116101;-178227;48216;25724;8
114179;-194786;48096;24689;4
115908;-183566;48204;25391;2
117171;-182140;48283;25480;4
106246;-173001;47600;26051;1
116906;-183906;48266;25369;8
112124;-167263;47967;26410;8
105759;-174162;47569;25978;2
114762;-178951;48132;25679;1
114938;-179736;48143;25630;8
110494;-168760;47865;26316;2
110078;-168404;47839;26338;8
111473;-166389;47927;26464;4
110011;-164924;47835;26556;1
112515;-171063;47992;26172;2
117264;-183203;48289;25413;8
117045;-181152;48275;25542;2
108938;-171087;47768;26171;8
107257;-172898;47663;26057;2
113064;-169589;48026;26264;4
125802;-172517;48822;26081;2
115243;-182178;48162;25477;8
105737;-174214;47568;25975;1
124750;-174064;48756;25985;2
113359;-169955;48044;26241;4
111734;-167494;47943;26395;1
109727;-164956;47817;26554;8
123419;-181466;48673;25522;8
108564;-173934;47745;25993;1
114780;-179904;48133;25620;1
109435;-165177;47799;26540;1
123664;-174546;48689;25954;1
109232;-176597;47787;25826;2
117042;-181247;48275;25536;4
106762;-172983;47632;26052;4
119248;-166798;48413;26439;2
117114;-182116;48279;25481;2
115701;-182540;48191;25455;4
107272;-176295;47664;25845;8
115462;-182812;48176;25438;1
119342;-168345;48418;26342;2
106699;-175140;47628;25917;2
115753;-183920;48194;25369;1
115035;-176813;48149;25813;8
110870;-166682;47889;26446;4
124334;-173805;48730;26001;1
106959;-174151;47644;25979;4
109044;-176317;47775;25844;1
108781;-169212;47758;26288;1
115824;-177403;48199;25776;2
115462;-182462;48176;25460;1
106605;-174912;47622;25932;4
117472;-182771;48302;25440;8
109747;-174626;47819;25949;4
116351;-177644;48231;25761;4
110177;-170261;47846;26222;1
117667;-182187;48314;25477;2
109437;-165455;47799;26523;4
109591;-169087;47809;26296;1
114201;-194765;48097;24691;2
107989;-173886;47709;25996;1
107002;-176497;47647;25832;4
106150;-172946;47594;26054;8
124662;-174038;48751;25986;1
112555;-169371;47994;26278;8
113191;-169893;48034;26245;4
115527;-177755;48180;25754;4
124047;-182268;48712;25472;8
109193;-176425;47784;25837;1
109195;-169515;47784;26269;1
119322;-168558;48417;26329;2
110645;-169439;47875;26274;8
107797;-174041;47697;25986;1
117500;-180758;48303;25566;8
107165;-176215;47657;25850;2
106548;-175308;47619;25907;1
109581;-165498;47808;26520;8
124113;-182321;48717;25468;2
115726;-183114;48192;25419;4
111082;-170146;47902;26229;4
116675;-183512;48252;25394;2
113451;-169995;48050;26239;4
110116;-170412;47842;26213;1
119349;-168295;48419;26345;4
115720;-183016;48192;25425;4
129436;-194302;49049;24720;4
116017;-183932;48211;25368;1
116128;-178309;48218;25719;8
106648;-176930;47625;25805;8
108227;-174053;47724;25985;1
112297;-169468;47978;26272;2
107120;-174123;47655;25981;1
110977;-169999;47896;26239;1
129673;-190842;49064;24936;4
105490;-175035;47553;25924;8
125326;-172622;48792;26075;2
116470;-177476;48239;25771;4
123188;-193582;48659;24765;4
106552;-177033;47619;25799;8
109411;-169914;47798;26244;8
117163;-183530;48282;25393;8
124138;-181736;48718;25505;8
114850;-179346;48138;25654;2
113854;-169615;48075;26263;1
114346;-179050;48106;25673;4
109809;-165723;47823;26506;8
127599;-185545;48934;25267;2
123521;-174220;48680;25975;2
108240;-176549;47725;25829;4
119458;-182180;48426;25477;2
109136;-165696;47781;26508;8
119989;-182075;48459;25484;4
113230;-169465;48036;26272;2
107825;-176324;47699;25843;1
109220;-169730;47786;26255;4
110333;-167884;47855;26371;8
108694;-169832;47753;26249;8
116441;-177428;48237;25774;1
115742;-181588;48193;25514;2
106117;-176067;47592;25859;4
109089;-165677;47778;26509;8
110872;-170841;47889;26186;1
106511;-175386;47616;25902;4
117023;-183466;48273;25397;1
124084;-181559;48715;25516;8
110717;-169932;47879;26243;2
110344;-168907;47856;26307;4
123895;-174115;48703;25981;1
118984;-168676;48396;26321;2
114511;-174366;48116;25966;1
120213;-168383;48473;26340;2
110823;-168624;47886;26325;8
115665;-177316;48189;25781;1
108176;-176842;47721;25811;1
116074;-181025;48214;25549;4
114823;-178978;48136;25677;2
108403;-165717;47735;26506;8
116600;-184265;48247;25347;8
109011;-165434;47773;26524;4
108495;-164946;47740;26554;2
107253;-176236;47663;25849;4
111109;-168083;47904;26358;4
123410;-174732;48673;25943;2
117470;-181153;48301;25541;1
107658;-176525;47688;25831;2
110953;-168466;47894;26334;4
111201;-167706;47910;26382;4
110611;-170798;47873;26189;4
106587;-175080;47621;25921;1
123874;-173967;48702;25991;8
115326;-182216;48167;25475;4
116247;-180117;48225;25606;8
108760;-165501;47757;26520;1
110952;-171121;47894;26168;1
106679;-173664;47627;26010;4
130653;-193145;49125;24792;2
112619;-174743;47998;25942;8
108683;-168337;47752;26342;1
106304;-173979;47604;25990;8
115863;-183591;48201;25389;4
106806;-175622;47635;25887;2
112250;-169626;47975;26262;2
106075;-173596;47589;26014;4
125459;-172293;48801;26095;1
125319;-173442;48792;26023;2
113441;-169378;48050;26277;2
124137;-173538;48718;26017;8
121132;-168279;48530;26346;2
106804;-173103;47635;26045;1
108799;-170408;47759;26213;1
123232;-193640;48662;24761;1
109174;-175829;47783;25874;8
106434;-176874;47612;25809;1
125250;-173594;48788;26014;4
112475;-171134;47989;26168;1
111020;-170985;47898;26177;4
119252;-182018;48413;25487;4
123429;-166424;48674;26462;4
110511;-170720;47866;26194;2
110599;-169362;47872;26278;8
117287;-176599;48290;25826;2
106302;-176739;47603;25817;4
111129;-166295;47905;26470;1
111293;-168025;47915;26362;8
106504;-173716;47616;26006;1
117444;-178966;48300;25678;1
114593;-178209;48122;25725;8
112397;-175382;47984;25902;1
108719;-170944;47754;26180;4
111306;-167653;47916;26385;8
124471;-174232;48739;25974;8
115911;-183127;48204;25418;1
111640;-166445;47937;26461;2
118772;-172048;48383;26111;8
107827;-172503;47699;26082;8
126354;-172782;48857;26065;4
108170;-165107;47720;26544;8
115871;-177401;48201;25776;1
107378;-172771;47671;26065;4
107051;-165447;47650;26523;2
106744;-175644;47631;25886;2
108554;-176424;47744;25837;4
107020;-165456;47648;26523;2
113317;-169105;48042;26294;2
111740;-170193;47943;26226;1
116237;-178497;48224;25707;4
115569;-177632;48183;25762;4
116603;-180007;48247;25613;4
106839;-177132;47637;25793;1
119013;-168622;48398;26325;1
109008;-165659;47773;26510;8
110218;-169379;47848;26277;2
124644;-173892;48750;25995;1
124366;-174232;48732;25974;1
124130;-181275;48718;25534;4
107011;-165211;47648;26538;2
106443;-174005;47612;25988;2
116716;-183501;48254;25395;4
109971;-170481;47833;26208;1
108786;-168589;47759;26327;1
106274;-173843;47602;25998;2
126184;-172620;48846;26075;2
123884;-174426;48702;25962;1
116281;-181722;48227;25506;1
115840;-183653;48200;25385;8
116080;-183893;48215;25370;2
105810;-172761;47573;26066;2
123331;-166765;48668;26441;2
106320;-175618;47605;25887;1
106773;-173174;47633;26040;1
117071;-166346;48276;26467;4
119778;-181851;48446;25498;8
108767;-169878;47757;26246;1
110700;-169734;47878;26255;1
106986;-174140;47646;25980;4
106017;-176517;47586;25831;8
114187;-194714;48096;24694;4
107908;-172200;47704;26101;8
115247;-182458;48162;25460;8
112004;-171084;47960;26171;2
111736;-167032;47943;26424;1
106382;-176767;47608;25816;2
112535;-171035;47993;26174;8
118985;-168340;48396;26342;1
112584;-170269;47996;26222;2
105508;-172750;47554;26067;1
108282;-164979;47727;26552;1
107216;-172774;47661;26065;2
119406;-181919;48422;25494;1
112877;-170482;48014;26208;8
117121;-183102;48280;25420;4
107783;-172829;47696;26062;1
114256;-178424;48101;25712;4
109537;-174629;47806;25949;2
123086;-175267;48652;25909;2
107942;-172744;47706;26067;8
111290;-169469;47915;26272;8
112642;-169146;48000;26292;4
124809;-178134;48760;25730;2
125606;-172297;48810;26095;4
108774;-173942;47758;25992;8
108561;-176061;47745;25860;2
108256;-165495;47726;26520;8
118939;-168591;48393;26327;8
123304;-174688;48666;25946;1
120876;-182395;48514;25464;8
123304;-182286;48666;25471;1
115355;-183012;48169;25425;8
118908;-168287;48391;26346;4
110361;-171095;47857;26170;1
120358;-181822;48482;25500;8
113810;-192328;48073;24843;2
124589;-173805;48746;26001;8
116820;-178785;48261;25689;1
116427;-177166;48236;25791;2
106088;-176536;47590;25830;8
111966;-167088;47957;26421;4
109521;-175521;47805;25893;8
107667;-176485;47689;25833;2
110938;-169922;47893;26243;4
109838;-174560;47824;25954;2
109069;-175266;47776;25909;4
113300;-169409;48041;26275;8
119646;-168085;48437;26358;4
108170;-171636;47720;26136;1
121314;-188207;48542;25101;8
120549;-188170;48494;25103;8
110951;-166903;47894;26432;2
119863;-182114;48451;25481;8
107068;-172840;47651;26061;8
107508;-176833;47679;25811;2
120864;-188389;48514;25089;2
112405;-167441;47985;26398;2
108054;-172752;47713;26067;8
117211;-179981;48285;25615;1
126853;-176355;48888;25841;1
115601;-183728;48185;25381;8
117598;-182831;48309;25437;1
120784;-188485;48509;25083;8
124934;-173454;48768;26023;1
105413;-172620;47548;26075;1
119436;-166986;48424;26427;4
106019;-174026;47586;25987;8
117029;-182021;48274;25487;1
123734;-174245;48693;25973;8
130656;-193136;49126;24793;8
106486;-174953;47615;25929;4
118979;-168393;48396;26339;2
116319;-181693;48229;25508;4
117833;-182692;48324;25445;1
109763;-165241;47820;26536;8
113023;-169669;48023;26259;8
105853;-173490;47575;26020;2
113402;-171141;48047;26167;8
107516;-172062;47679;26110;4
107431;-172148;47674;26104;2
108257;-176829;47726;25812;2
123712;-174947;48692;25929;2
110374;-171043;47858;26173;4
111689;-166602;47940;26451;1
117836;-182198;48324;25476;4
105845;-174992;47575;25927;4
106477;-173103;47614;26045;8
125391;-173546;48796;26017;1
108848;-165444;47763;26523;8
105907;-173694;47579;26008;2
127910;-195447;48954;24648;2
108386;-171424;47734;26150;8
124048;-181843;48713;25498;4
111675;-170789;47939;26189;4
125994;-172546;48834;26079;2
116454;-178560;48238;25704;1
114697;-177389;48128;25777;8
113314;-171211;48042;26163;8
115635;-177486;48187;25771;8
121690;-192928;48565;24806;4
123609;-166487;48685;26458;1
108684;-176434;47752;25836;4
111972;-166476;47958;26459;2
123766;-166764;48695;26441;1
124201;-173894;48722;25995;1
108887;-174031;47765;25987;2
115880;-177918;48202;25744;2
108047;-176744;47712;25817;4
113268;-169216;48039;26288;4
111364;-167885;47920;26371;2
109345;-165672;47794;26509;8
115440;-183271;48175;25409;8
121450;-168277;48550;26346;8
116439;-178466;48237;25709;1
109695;-171091;47815;26170;4
125784;-172663;48821;26072;2
117297;-183771;48291;25378;8
117239;-179185;48287;25664;2
114478;-178675;48114;25696;4
116834;-184316;48262;25344;8
108795;-164957;47759;26554;1
110057;-171127;47838;26168;8
106277;-173818;47602;26000;8
115977;-177599;48208;25764;2
115079;-179202;48152;25663;2
108772;-170748;47758;26192;2
109210;-175447;47785;25898;1
119320;-167932;48417;26368;8
115978;-177918;48208;25744;4
115109;-179393;48154;25651;8
118315;-171350;48354;26154;8
108695;-174208;47753;25976;8
115938;-180177;48206;25602;4
114690;-179876;48128;25621;8
117263;-178594;48288;25701;1
117143;-179680;48281;25634;1
105591;-172470;47559;26084;4
105885;-174875;47577;25934;8
116056;-177265;48213;25784;1
111001;-167834;47897;26374;1
116285;-177168;48227;25791;8
112871;-170388;48014;26214;2
117347;-183197;48294;25414;8
118646;-168285;48375;26346;4
127495;-185903;48928;25245;1
111280;-170262;47915;26222;2
110380;-168838;47858;26311;1
109066;-164916;47776;26556;2
115575;-177712;48183;25757;8
106342;-172992;47606;26052;4
115741;-183143;48193;25417;8
108826;-173960;47761;25991;4
108786;-169837;47759;26249;2
120874;-187913;48514;25119;2
106678;-175590;47627;25889;1
123110;-174765;48654;25941;2
109073;-175437;47777;25899;4
106436;-176078;47612;25859;2
123149;-193257;48656;24785;8
105752;-174299;47569;25970;4
120186;-168358;48471;26341;1
111674;-167296;47939;26408;8
107745;-165151;47694;26542;1
111324;-167622;47917;26387;8
112853;-171071;48013;26172;1
110629;-167383;47874;26402;4
108790;-164960;47759;26554;4
119934;-181148;48455;25542;4
118853;-168284;48388;26346;1
119393;-167976;48422;26365;4
107625;-177046;47686;25798;4
112864;-169518;48014;26269;1
117231;-180638;48286;25574;8
109252;-169360;47788;26279;8
106814;-173161;47635;26041;1
116851;-178880;48263;25684;2
117131;-181494;48280;25520;2
108786;-169152;47759;26292;8
108712;-176105;47754;25857;2
107297;-172884;47666;26058;4
123609;-166481;48685;26458;4
116097;-178247;48216;25723;8
107286;-176117;47665;25856;2
116055;-178434;48213;25711;8
123811;-181943;48698;25492;2
115703;-183106;48191;25419;1
114938;-180102;48143;25607;8
120824;-193434;48511;24774;1
115852;-182929;48200;25430;1
109403;-169873;47797;26246;8
119897;-182137;48453;25480;1
111790;-166449;47946;26460;2
106419;-173840;47611;25999;2
111326;-170926;47917;26181;1
110564;-167270;47870;26409;4
121539;-168195;48556;26351;4
118758;-168542;48382;26330;2
107718;-176458;47692;25835;1
124517;-174295;48742;25970;8
107835;-172847;47699;26061;2
114941;-179722;48143;25631;1
109991;-170351;47834;26217;4
107820;-174062;47698;25985;8
124198;-173365;48722;26028;1
120425;-187475;48486;25146;2
118351;-171808;48356;26126;2
119730;-168366;48443;26341;2
109409;-175456;47798;25898;4
113905;-169927;48079;26243;8
109717;-168729;47817;26318;2
113753;-170701;48069;26195;8
123244;-193615;48662;24763;1
123747;-175025;48694;25924;2
111962;-169897;47957;26245;2
123319;-174665;48667;25947;4
109647;-174843;47812;25936;4
117503;-180122;48303;25606;8
107879;-174073;47702;25984;8
116965;-179028;48270;25674;2
126162;-172526;48845;26081;8
123442;-174366;48675;25966;2
115852;-178584;48200;25702;1
116938;-179522;48268;25643;4
119870;-181258;48451;25535;8
109069;-176856;47776;25810;1
121023;-188482;48523;25083;8
109962;-164938;47832;26555;4
112277;-167144;47977;26417;4
124008;-181245;48710;25536;1
105681;-172718;47565;26069;2
123988;-174328;48709;25968;4
111323;-167774;47917;26378;4
109551;-168985;47806;26302;4
108768;-167756;47758;26379;8
111169;-166508;47908;26457;1
108952;-164915;47769;26556;1
125376;-173062;48796;26047;4
123296;-175273;48666;25909;1
117474;-181987;48302;25489;2
116027;-185141;48211;25292;4
109427;-165651;47799;26510;8
118943;-168246;48393;26348;1
113919;-170669;48079;26197;8
124613;-174138;48748;25980;8
109574;-174582;47808;25952;1
119257;-168436;48413;26336;8
114849;-179535;48138;25643;4
115655;-185226;48188;25287;1
108309;-174076;47729;25984;4
110688;-168829;47878;26312;1
109716;-169943;47817;26242;1
115936;-178375;48206;25715;1
107842;-177189;47700;25789;8
117260;-178776;48288;25690;1
123935;-173938;48705;25992;1
111965;-166435;47957;26461;2
119299;-168323;48416;26343;2
120109;-182106;48466;25482;1
112068;-167201;47964;26413;1
119057;-166882;48401;26433;8
108501;-173820;47741;26000;4
116798;-183902;48259;25370;4
106028;-175220;47586;25912;4
111182;-169360;47908;26279;1
123830;-174016;48699;25988;4
107014;-172753;47648;26066;4
116204;-180171;48222;25603;2
113559;-170777;48057;26190;8
108097;-173893;47716;25995;2
123879;-182064;48702;25485;8
107661;-172025;47688;26112;4
107599;-172486;47684;26083;8
115937;-182032;48206;25487;2
120527;-188133;48492;25105;4
109289;-169741;47790;26255;1
112058;-166718;47963;26444;2
120413;-168604;48485;26326;4
117052;-179774;48275;25628;1
112828;-169149;48011;26292;8
110229;-168112;47849;26357;2
113826;-170370;48074;26215;8
121255;-188435;48538;25086;2
113459;-170070;48051;26234;4
123432;-182193;48674;25476;2
129051;-180914;49025;25556;2
124606;-173962;48747;25991;1
123499;-181139;48678;25542;2
106498;-175262;47616;25910;2
121080;-188735;48527;25068;8
117483;-179783;48302;25627;1
119369;-181993;48420;25489;8
108306;-176230;47729;25849;1
111400;-167645;47922;26386;2
114751;-177381;48131;25777;4
115323;-182029;48167;25487;2
108410;-174528;47735;25956;8
113834;-170886;48074;26183;8
112362;-171055;47982;26173;8
110066;-168529;47839;26330;2
110348;-168005;47856;26363;8
114322;-178344;48105;25717;2
115980;-177751;48208;25754;1
117141;-183138;48281;25417;4
126134;-172476;48843;26084;4
114631;-177310;48124;25782;4
107104;-176338;47654;25842;2
111325;-167582;47917;26390;4
116998;-179863;48272;25622;2
106341;-176763;47606;25816;1
114690;-178418;48128;25712;4
109024;-175380;47774;25902;2
110850;-170057;47888;26235;1
107412;-165149;47673;26542;4
115851;-178769;48200;25690;1
110090;-165641;47840;26511;8
107080;-172895;47652;26058;4
106256;-174940;47601;25930;8
109529;-165634;47805;26511;4
113819;-170344;48073;26217;1
115313;-180071;48167;25609;1
108597;-164887;47747;26558;2
117002;-181167;48272;25541;4
109669;-177118;47814;25794;2
109416;-175520;47798;25894;1
106118;-175263;47592;25910;4
113460;-170158;48051;26229;4
117084;-166291;48277;26470;4
111464;-170178;47926;26227;8
116747;-184025;48256;25362;1
126865;-176282;48889;25846;1
115854;-181475;48200;25521;2
108384;-164901;47734;26557;8
119800;-168668;48447;26322;1
120211;-182178;48473;25477;1
124077;-181601;48714;25513;1
112445;-167582;47987;26390;1
110786;-167253;47884;26410;2
113736;-170621;48068;26200;2
109641;-165644;47812;26511;1
107225;-172654;47661;26073;4
106906;-177241;47641;25786;1
108629;-165696;47749;26508;4
105577;-173803;47558;26001;4
117020;-178754;48273;25691;8
118897;-168485;48391;26333;2
107868;-177007;47701;25801;2
115649;-183690;48188;25383;4
111711;-167110;47941;26419;4
116113;-181142;48217;25542;8
111543;-166284;47931;26471;8
112914;-169456;48017;26273;4
105837;-173927;47574;25993;2
113820;-169702;48073;26257;1
118016;-171710;48336;26132;8
108439;-165716;47737;26506;8
121239;-168268;48537;26347;1
114631;-177580;48124;25765;8
113345;-171073;48044;26171;2
116018;-178864;48211;25685;8
115498;-179814;48178;25625;8
106578;-172906;47621;26057;1
123313;-166855;48667;26435;4
121296;-196261;48541;24597;2
114898;-179361;48141;25653;8
115499;-182570;48178;25453;1
108701;-168190;47753;26352;8
126332;-172717;48855;26069;1
105920;-175137;47580;25917;8
120197;-182096;48472;25483;1
109412;-176643;47798;25823;1
109236;-169505;47787;26269;4
115044;-179952;48150;25617;2
114547;-174345;48119;25967;2
109578;-169936;47808;26243;2
107982;-176165;47708;25853;2
121198;-168545;48534;26329;4
110799;-168748;47884;26317;4
117721;-182204;48317;25476;8
123469;-174897;48676;25932;8
110736;-168699;47881;26320;2
124000;-182189;48710;25477;4
117368;-179316;48295;25656;1
124134;-173482;48718;26021;4
123516;-174966;48679;25928;4
119960;-182060;48457;25485;4
108776;-174292;47758;25970;8
117372;-183206;48295;25413;8
117256;-182881;48288;25433;4
115835;-177352;48199;25779;8
118622;-168512;48373;26332;4
106069;-173910;47589;25994;2
120544;-188243;48494;25098;8
119746;-181799;48444;25501;8
116884;-166282;48265;26471;2
108570;-174464;47745;25960;1
105725;-172703;47567;26070;4
117863;-182663;48326;25447;2
123479;-181182;48677;25540;4
107522;-177091;47680;25795;4
105822;-173755;47573;26004;2
107671;-172099;47689;26107;2
121640;-168276;48562;26346;8
110217;-170585;47848;26202;4
120678;-188496;48502;25083;2
106851;-172470;47638;26084;1
108729;-165760;47755;26504;4
115945;-177471;48206;25772;1
117328;-181318;48293;25531;8
108750;-174074;47756;25984;2
129726;-190798;49067;24939;4
123163;-192794;48657;24814;4
125251;-173625;48788;26012;4
118328;-173718;48355;26006;1
114666;-180073;48126;25609;1
126148;-172422;48844;26087;8
115835;-181527;48199;25518;1
110385;-170394;47859;26214;4
109451;-176670;47800;25822;4
115893;-177433;48203;25774;8
119212;-181998;48410;25489;1
124069;-182382;48714;25465;2
116068;-181335;48214;25530;1
109933;-170187;47830;26227;4
107295;-176497;47665;25832;2
111688;-166319;47940;26469;4
119303;-181931;48416;25493;1
124547;-173454;48744;26023;1
125774;-173168;48820;26041;8
111557;-169426;47932;26274;2
108694;-165457;47753;26522;2
116566;-184217;48245;25350;1
120287;-182222;48477;25475;2
111117;-167979;47904;26365;4
115863;-177904;48201;25745;1
124972;-173058;48770;26047;8
107118;-172824;47654;26062;4
106760;-172933;47632;26055;8
123395;-181121;48672;25543;1
125263;-172669;48788;26072;1
124600;-173788;48747;26002;8
106395;-175615;47609;25888;1
108724;-175980;47755;25865;2
106299;-175667;47603;25884;2
109773;-177089;47820;25795;4
118984;-167433;48396;26399;2
115477;-183245;48177;25411;8
110240;-168043;47850;26361;2
114534;-177476;48118;25771;4
117218;-181520;48286;25519;2
106144;-176645;47594;25823;8
116667;-183606;48251;25388;8
123048;-175135;48650;25918;4
108757;-170367;47757;26216;2
110492;-171022;47865;26175;8
106106;-174970;47591;25928;2
109325;-168969;47792;26303;1
117056;-178967;48276;25678;1
111620;-170161;47936;26228;4
107537;-172527;47681;26081;2
119209;-168145;48410;26354;8
109114;-175581;47779;25890;1
124649;-173122;48750;26043;1
114498;-178721;48116;25693;8
109596;-169076;47809;26296;1
114648;-179705;48125;25632;2
112563;-169434;47995;26274;2
118382;-173741;48358;26005;2
109814;-165693;47823;26508;8
119340;-182023;48418;25487;8
107895;-176314;47703;25844;1
113829;-170965;48074;26178;8
113875;-170294;48077;26220;8
110425;-168087;47861;26358;4
119386;-167994;48421;26364;2
113074;-169795;48027;26251;1
120782;-188375;48508;25090;2
107896;-176832;47703;25812;4
124028;-174736;48711;25943;4
121450;-168231;48550;26349;1
109346;-175736;47794;25880;4
123168;-175077;48658;25921;8
108072;-172642;47714;26073;1
115895;-180923;48203;25556;4
114656;-179058;48126;25672;4
107113;-172702;47654;26070;2
108526;-174053;47742;25985;1
117040;-179533;48275;25643;4
108563;-165183;47745;26540;1
114362;-178680;48107;25696;2
120659;-168200;48501;26351;4
111628;-167251;47936;26410;4
117322;-179532;48292;25643;2
109390;-175371;47796;25903;1
123795;-174827;48697;25937;8
119424;-182226;48424;25474;8
110446;-167815;47862;26375;2
116316;-177669;48229;25759;1
114843;-175939;48137;25867;1
124031;-173842;48711;25998;1
108723;-167665;47755;26384;8
109339;-169795;47793;26251;4
109146;-175861;47781;25872;4
110769;-168235;47883;26349;4
124636;-173698;48749;26007;8
106776;-175499;47633;25895;8
108315;-176569;47729;25828;2
123631;-166444;48686;26461;2
123750;-175104;48694;25920;8
108782;-168258;47758;26347;8
114346;-178721;48106;25693;2
107556;-165484;47682;26521;4
123841;-182000;48700;25489;8
109146;-175471;47781;25897;2
115242;-182302;48162;25470;8
107817;-177192;47698;25789;1
108793;-169459;47759;26272;1
111846;-167166;47950;26416;1
120527;-168509;48492;26332;4
108311;-176147;47729;25854;8
125436;-172613;48799;26075;2
120206;-182078;48472;25484;1
115593;-181180;48184;25540;1
109271;-176547;47789;25829;1
107488;-172159;47678;26104;2
110143;-168427;47843;26337;1
106674;-173147;47627;26042;8
115462;-177721;48176;25756;4
111099;-170847;47903;26186;8
124681;-172939;48752;26055;2
115633;-182586;48187;25452;1
124756;-173698;48757;26007;4
107311;-176484;47666;25833;8
114687;-178276;48127;25721;2
109605;-174844;47810;25936;8
120886;-187958;48515;25116;1
115801;-183102;48197;25420;8
108019;-165011;47711;26550;1
107847;-172232;47700;26099;2
110587;-169601;47871;26263;1
112912;-170808;48017;26188;1
110510;-169730;47866;26255;2
123786;-181381;48696;25527;4
108748;-167499;47756;26395;4
106960;-174027;47645;25987;8
123458;-181176;48676;25540;4
115887;-183002;48202;25426;1
110274;-168221;47852;26350;2
114509;-179023;48116;25675;1
112490;-175095;47990;25920;2
111683;-169460;47940;26272;2
113029;-170777;48024;26190;4
115828;-181579;48199;25515;8
126076;-172738;48839;26067;1
115527;-183206;48180;25413;8
123987;-174328;48709;25968;2
111143;-167779;47906;26377;4
123848;-181745;48700;25504;1
106438;-173549;47612;26017;2
107480;-176967;47677;25803;4
123163;-175338;48657;25905;4
110176;-171092;47846;26170;1
105613;-172503;47560;26082;1
111334;-168143;47918;26355;2
120930;-182317;48518;25469;8
111806;-167227;47947;26412;1
125643;-172186;48812;26102;8
117061;-184004;48276;25363;2
116319;-180215;48229;25600;2
117039;-179231;48274;25662;4
107833;-172135;47699;26105;4
111815;-167234;47948;26411;1
124628;-173851;48749;25998;2
123794;-173961;48697;25991;4
109276;-169261;47789;26285;4
113058;-169547;48026;26267;2
116054;-177366;48213;25778;8
117278;-183681;48289;25383;8
110328;-169128;47855;26293;4
110374;-169175;47858;26290;8
111971;-170033;47958;26236;4
105746;-173529;47569;26018;2
120693;-193431;48503;24774;1
109334;-174789;47793;25939;4
117421;-181630;48298;25512;4
120775;-187921;48508;25118;4
112418;-170296;47986;26220;2
115999;-178220;48209;25725;8
109049;-175499;47775;25895;8
112601;-170283;47997;26221;8
119243;-167983;48412;26365;2
120162;-168448;48470;26336;1
124795;-173364;48759;26028;1
107637;-165415;47687;26525;4
106624;-175572;47624;25890;2
109128;-176700;47780;25820;4
106635;-175563;47624;25891;2
117144;-183306;48281;25407;4
123501;-166531;48678;26455;8
106526;-175222;47617;25912;8
106041;-174882;47587;25933;4
109242;-169766;47787;26253;1
110194;-165672;47847;26509;1
121478;-168305;48552;26344;2
106483;-173236;47615;26036;2
124327;-173357;48730;26029;8
125765;-173141;48820;26042;4
110867;-170789;47889;26189;2
120271;-181901;48476;25495;4
116954;-179232;48269;25662;4
112412;-168000;47985;26364;8
112623;-169407;47998;26276;2
107983;-165579;47708;26515;8
107854;-171927;47700;26118;2
110757;-170962;47882;26178;1
123597;-166519;48684;26456;2
106947;-177351;47644;25779;4
110969;-170850;47895;26185;8
118969;-167116;48395;26419;2
124174;-174277;48720;25971;4
110263;-167911;47851;26369;2
124546;-173504;48744;26020;2
114870;-175889;48139;25870;1
107837;-172327;47699;26093;2
123587;-181169;48684;25540;4
116117;-178181;48217;25727;8
114642;-177506;48125;25769;1
123674;-181806;48689;25501;4
114913;-179026;48142;25674;8
115641;-183455;48187;25398;2
112952;-169437;48019;26274;8
110451;-170399;47863;26214;4
126026;-172785;48836;26064;4
113584;-170253;48059;26223;4
112877;-171045;48014;26173;2
111499;-170198;47928;26226;4
106119;-175059;47592;25922;1
116377;-181024;48233;25550;8
115774;-183665;48195;25384;4
121222;-168519;48536;26331;8
109672;-165213;47814;26538;2
125720;-172463;48817;26085;1
115500;-182102;48178;25482;4
125646;-172556;48812;26079;4
111022;-166977;47898;26427;8
123244;-193045;48662;24798;2
107439;-176997;47674;25801;8
111530;-170313;47930;26219;4
115611;-185205;48185;25288;1
124080;-173562;48715;26016;8
108057;-172527;47713;26081;1
111769;-167136;47945;26418;8
107094;-172742;47653;26067;2
123312;-174886;48667;25933;1
119892;-168415;48453;26338;8
115230;-179918;48161;25619;2
111960;-171016;47957;26175;4
111397;-166444;47922;26461;1
111619;-166502;47936;26457;4
119187;-167929;48409;26368;2
114514;-178333;48117;25718;1
111799;-169445;47947;26273;1
108759;-170447;47757;26211;4
108427;-173881;47736;25996;1
108712;-176297;47754;25845;2
124599;-173827;48747;25999;1
114566;-179916;48120;25619;1
117063;-179836;48276;25624;1
119038;-167136;48399;26418;8
110479;-170557;47864;26204;8
110851;-168469;47888;26334;4
106441;-176868;47612;25809;1
116871;-179499;48264;25645;8
112423;-168142;47986;26355;4
124057;-173582;48713;26015;8
117356;-166336;48294;26468;4
110706;-167679;47879;26384;4
116898;-166206;48266;26476;8
108803;-164903;47760;26557;1
112654;-170344;48000;26217;8
117809;-182320;48323;25469;8
109033;-176550;47774;25829;1
115541;-182138;48181;25480;8
110382;-170371;47858;26215;8
107890;-171998;47703;26114;1
106177;-175787;47596;25877;8
121345;-168337;48544;26342;8
105828;-173614;47574;26013;1
125002;-173457;48772;26022;2
116327;-178728;48230;25693;1
114810;-179263;48135;25660;4
105966;-173551;47582;26017;8
109469;-169016;47801;26300;8
117494;-182657;48303;25447;8
113234;-191741;48037;24880;4
111391;-171084;47921;26171;8
130432;-193034;49112;24799;4
108765;-168186;47757;26352;4
112401;-168619;47985;26325;4
123998;-174292;48709;25970;8
120056;-181347;48463;25529;4
124330;-174303;48730;25970;4
130559;-193149;49119;24792;4
112445;-170403;47987;26213;4
109611;-174782;47810;25940;4
110892;-167022;47890;26425;8
116807;-184229;48260;25349;2
106420;-175324;47611;25906;8
117229;-181708;48286;25507;2
113907;-169359;48079;26279;8
106911;-173556;47641;26016;8
117296;-180658;48291;25572;8
109009;-176574;47773;25828;1
111773;-170887;47945;26183;1
106725;-173104;47630;26045;1
124161;-173496;48720;26020;2
117041;-182083;48275;25483;8
106532;-177227;47618;25787;1
115880;-180881;48202;25558;4
123153;-192680;48657;24821;4
120511;-188040;48491;25111;8
123355;-166831;48669;26437;8
109470;-169927;47801;26243;2
123293;-166998;48665;26426;4
119148;-168446;48406;26336;2
105687;-172688;47565;26071;1
108052;-176223;47713;25850;8
114874;-175982;48139;25865;4
105835;-174616;47574;25950;4
118730;-168796;48380;26314;8
114593;-178790;48122;25689;2
114705;-178152;48129;25729;1
113193;-171089;48034;26170;2
110955;-170794;47894;26189;8
107427;-176263;47674;25847;8
112331;-167058;47980;26422;4
117181;-182659;48283;25447;4
117155;-166301;48282;26470;2
106507;-175436;47616;25899;1
129513;-194081;49054;24733;2
112448;-169144;47988;26292;8
123897;-181177;48703;25540;8
113087;-169738;48027;26255;4
114939;-176686;48143;25821;8
115848;-180871;48200;25559;2
115959;-183486;48207;25396;1
123768;-174103;48695;25982;1
107574;-172445;47683;26086;8
108279;-165341;47727;26530;8
129329;-181116;49043;25544;2
109430;-176924;47799;25806;1
123162;-192761;48657;24816;1
107815;-176776;47698;25815;8
111551;-169438;47931;26274;8
112492;-168040;47990;26361;4
124624;-173467;48749;26022;8
128864;-194743;49014;24692;2
123562;-174420;48682;25962;2
113515;-171011;48054;26175;1
120562;-188044;48495;25111;1
121057;-188914;48526;25056;1
113583;-170870;48058;26184;8
108579;-165472;47746;26522;2
112043;-167264;47962;26410;8
114231;-194740;48099;24692;8
107026;-174139;47649;25980;1
106370;-174001;47608;25988;1
115875;-184794;48202;25314;8
107846;-172217;47700;26100;1
119348;-168107;48419;26357;4
112944;-169653;48019;26260;8
113632;-169202;48062;26288;4
116288;-184225;48228;25349;8
108773;-164990;47758;26552;4
118462;-168494;48363;26333;4
109175;-175781;47783;25877;8
106513;-173664;47617;26010;4
125592;-173430;48809;26024;8
108746;-167897;47756;26370;2
109432;-165200;47799;26539;4
106335;-174322;47605;25968;8
107010;-165268;47648;26534;8
116801;-184187;48260;25352;2
125558;-172457;48807;26085;4
116005;-178661;48210;25697;8
115904;-178326;48204;25718;1
120972;-188857;48520;25060;8
114559;-177626;48119;25762;8
109678;-170040;47814;26236;2
109483;-165554;47802;26516;2
110372;-169605;47858;26263;1
113817;-170575;48073;26203;1
106428;-175263;47611;25910;8
124012;-174426;48710;25962;8
107581;-177009;47683;25800;2
123440;-174837;48675;25936;4
123500;-181353;48678;25529;1
117502;-179067;48303;25672;2
112944;-171105;48019;26169;2
117346;-183154;48294;25416;2
117803;-182449;48322;25460;8
108745;-169265;47756;26284;4
123772;-181581;48695;25515;8
105909;-174731;47579;25943;2
109723;-165400;47817;26526;8
106290;-174161;47603;25978;1
111009;-168009;47898;26363;1
110352;-169346;47857;26279;1
113590;-170121;48059;26231;1
117122;-181160;48280;25541;2
108492;-165669;47740;26509;2
117340;-183441;48293;25398;8
116766;-183911;48257;25369;2
123179;-166994;48658;26426;8
116029;-177487;48211;25771;8
110185;-170226;47846;26224;1
120843;-188824;48512;25062;1
109689;-170197;47815;26226;2
118968;-167520;48395;26394;2
109996;-165406;47834;26526;8
113463;-170111;48051;26232;2
105555;-173666;47557;26009;1
108324;-173783;47730;26002;8
110037;-164899;47837;26557;1
123919;-182068;48704;25484;1
108708;-168707;47754;26319;2
106010;-173699;47585;26007;1
119542;-181970;48431;25490;2
109965;-165408;47832;26526;2
114854;-175948;48138;25867;8
117178;-179757;48283;25629;2
120619;-187967;48498;25116;2
108295;-173722;47728;26006;1
117415;-181110;48298;25544;8
115961;-184888;48207;25308;2
106865;-176123;47639;25856;4
115959;-178610;48207;25700;2
115881;-181291;48202;25533;8
123493;-181952;48678;25492;2
125435;-172430;48799;26087;4
115406;-179823;48172;25625;1
115378;-184078;48171;25359;2
115617;-181755;48186;25504;4
110956;-168404;47894;26338;2
107895;-172239;47703;26099;2
106130;-175255;47593;25910;4
113325;-169994;48042;26239;4
112764;-170310;48007;26219;4
111778;-166427;47946;26462;1
110463;-169071;47863;26297;2
116394;-184276;48234;25346;8
113516;-169098;48054;26295;1
114431;-178775;48111;25690;1
110613;-169894;47873;26245;2
125364;-173327;48795;26031;4
113350;-169415;48044;26275;8
111720;-170235;47942;26224;2
124103;-181429;48716;25524;1
117114;-178778;48279;25690;4
113681;-170810;48065;26188;2
117343;-181880;48293;25496;4
111781;-166532;47946;26455;1
112556;-170360;47994;26216;4
106233;-176059;47599;25860;2
123249;-174883;48663;25933;1
123962;-174820;48707;25937;8
124095;-181518;48715;25519;8
114612;-180018;48123;25612;2
112100;-170588;47966;26202;8
125345;-173396;48794;26026;4
108515;-173991;47742;25989;2
109590;-169077;47809;26296;4
106253;-176059;47600;25860;1
109717;-168844;47817;26311;2
110354;-167946;47857;26367;1
123819;-182161;48698;25478;2
117336;-180415;48293;25588;2
108869;-165145;47764;26542;8
107552;-165469;47682;26522;1
124721;-173621;48755;26012;8
115180;-180103;48158;25607;1
110705;-166975;47879;26428;1
125514;-172416;48804;26088;2
115880;-183456;48202;25398;4
116357;-181088;48232;25546;8
108303;-176615;47728;25825;2
114183;-178626;48096;25699;2
108048;-172743;47713;26067;2
108966;-165756;47770;26504;8
124428;-173679;48736;26009;4
121058;-188152;48526;25104;1
117061;-179270;48276;25659;1
108540;-165639;47743;26511;1
106740;-175881;47631;25871;8
116710;-184183;48254;25352;8
116059;-183556;48213;25391;2
106717;-173108;47629;26044;8
124066;-182166;48714;25478;1
115334;-182051;48168;25485;4
117682;-182460;48315;25460;2
113114;-171050;48029;26173;8
107632;-176693;47687;25820;2
115965;-178585;48207;25702;1
107703;-172530;47691;26080;1
115436;-179828;48174;25624;1
123207;-193267;48660;24784;1
123235;-193539;48662;24767;2
113335;-170818;48043;26187;1
115549;-182765;48181;25441;2
116989;-179377;48271;25652;8
107852;-171916;47700;26119;4
109328;-169869;47793;26247;1
106339;-175793;47606;25876;8
111046;-168496;47900;26333;8
106229;-175156;47599;25916;8
123543;-174730;48681;25943;2
116419;-184230;48236;25349;4
117236;-181770;48287;25503;2
120965;-188361;48520;25091;2
116337;-180196;48231;25601;8
124631;-173499;48749;26020;8
117488;-181915;48303;25494;1
116863;-178919;48263;25681;1
126108;-172516;48841;26081;8
109414;-175584;47798;25890;1
110449;-164975;47863;26553;4
117091;-179934;48278;25618;4
116539;-179948;48243;25617;8
111627;-166270;47936;26472;8
105372;-172560;47545;26079;8
109017;-175423;47773;25900;4
115463;-183754;48176;25379;1
113433;-171173;48049;26165;2
108598;-176511;47747;25832;4
109183;-175521;47783;25893;4
116394;-184223;48234;25350;4
111571;-167543;47933;26392;4
110848;-167136;47888;26418;4
112856;-171020;48013;26175;8
124214;-174331;48723;25968;1
108626;-174200;47749;25976;2
110106;-169383;47841;26277;8
117502;-183038;48303;25424;4
123025;-175188;48649;25914;4
116331;-178452;48230;25710;8
117168;-179605;48283;25638;1
108840;-165492;47762;26520;4
109572;-176675;47808;25821;8
126243;-172561;48850;26078;1
111498;-170294;47928;26220;1
113916;-169231;48079;26287;2
108923;-176077;47767;25859;1
110664;-169964;47876;26241;8
113104;-169537;48029;26267;2
113046;-169625;48025;26262;4
112148;-169587;47969;26264;4
117450;-180895;48300;25558;1
109276;-169526;47789;26268;4
106784;-175858;47634;25872;4
111250;-167571;47913;26390;8
120124;-182043;48467;25486;1
106804;-173792;47635;26002;4
107602;-177249;47685;25785;8
111850;-166482;47950;26458;8
125366;-173437;48795;26024;4
114469;-178382;48114;25715;1
112468;-167226;47989;26412;4
106080;-175200;47590;25914;4
109813;-169917;47823;26244;8
107214;-165389;47660;26527;2
113364;-170082;48045;26233;8
107385;-176457;47671;25835;2
107098;-172897;47653;26057;4
108404;-171437;47735;26149;8
110144;-170439;47844;26211;8
125179;-173317;48783;26031;4
107882;-176979;47702;25802;1
107008;-165471;47648;26522;8
120600;-188476;48497;25084;4
108379;-164871;47733;26559;2
119857;-168625;48451;26324;2
108697;-165200;47753;26539;1
120226;-181995;48474;25489;8
112324;-171076;47980;26171;2
128873;-194938;49014;24680;2
116004;-180871;48210;25559;4
125411;-173203;48798;26038;2
121306;-168529;48541;26330;4
116394;-184443;48234;25336;4
109166;-175426;47782;25899;1
109642;-174812;47812;25938;4
111443;-167673;47925;26384;8
105521;-174984;47555;25927;8
108697;-167774;47753;26378;4
111843;-170818;47950;26187;8
109493;-174631;47803;25949;4
117682;-182319;48315;25469;2
116166;-185198;48220;25289;2
113240;-169910;48037;26244;8
114737;-179367;48131;25653;2
125268;-172664;48789;26072;1
105832;-174619;47574;25950;8
107357;-172707;47669;26069;1
110698;-168676;47878;26321;8
111749;-171088;47944;26171;1
117349;-179458;48294;25647;2
110436;-170519;47862;26206;4
111365;-166312;47920;26469;2
110936;-166814;47893;26438;4
113299;-170927;48041;26181;4
111335;-169415;47918;26275;2
115906;-177296;48204;25783;1
117317;-179806;48292;25626;4
109505;-169048;47804;26298;4
105363;-172718;47545;26069;4
107382;-172750;47671;26067;1
110321;-169222;47855;26287;4
114633;-177616;48124;25763;2
108786;-169088;47759;26296;4
126219;-172774;48848;26065;2
119206;-166911;48410;26432;1
120075;-182137;48464;25480;1
115002;-179661;48147;25635;4
109307;-164986;47791;26552;1
117054;-179127;48275;25668;4
109018;-176285;47773;25846;4
120513;-188049;48492;25110;1
109435;-169255;47799;26285;4
121125;-188287;48530;25096;2
111185;-167966;47909;26366;8
120440;-181896;48487;25495;4
107684;-172102;47690;26107;4
125344;-173123;48794;26043;4
106811;-176232;47635;25849;8
116107;-178738;48216;25692;2
105820;-174949;47573;25929;1
117108;-179816;48279;25625;8
115273;-182906;48164;25432;1
110874;-171011;47889;26175;1
113368;-170787;48045;26189;2
115760;-183254;48195;25410;1
111651;-167092;47938;26420;4
113146;-169741;48031;26255;4
129680;-191097;49065;24920;1
111588;-167387;47934;26402;8
115970;-183516;48208;25394;1
111000;-171058;47897;26172;4
124068;-182286;48714;25471;4
119954;-181801;48457;25501;2
106014;-175839;47585;25874;8
115970;-180463;48208;25585;1
112452;-168392;47988;26339;2
119265;-166979;48414;26427;2
123677;-174228;48689;25974;2
113764;-169151;48070;26292;2
117387;-182886;48296;25433;4
110283;-170067;47852;26234;4
110800;-168233;47885;26349;4
112592;-169206;47997;26288;2
115554;-185131;48182;25293;8
105771;-174394;47570;25964;1
121030;-188770;48524;25065;2
110587;-169389;47871;26277;2
111957;-169445;47957;26273;1
117202;-179942;48285;25617;4
111757;-170254;47944;26223;1
120799;-188373;48509;25090;8
123322;-174541;48667;25955;8
109320;-169638;47792;26261;4
111658;-170298;47938;26220;1
108174;-176657;47720;25822;8
117090;-180287;48278;25596;8
107735;-172686;47693;26071;8
110543;-169779;47868;26252;8
116830;-184248;48261;25348;4
112686;-169170;48002;26290;2
117121;-182659;48280;25447;2
114696;-179476;48128;25646;1
107021;-172622;47648;26075;1
106549;-172884;47619;26058;4
117446;-181608;48300;25513;8
112593;-170423;47997;26212;4
105974;-174394;47583;25964;8
110949;-170945;47894;26179;4
108555;-174200;47744;25976;1
115287;-184164;48165;25353;2
126012;-172557;48835;26079;4
126462;-172742;48863;26067;2
108050;-176701;47713;25820;4
108118;-174048;47717;25986;4
107550;-172632;47681;26074;2
110353;-169348;47857;26279;8
109153;-165386;47782;26527;1
106182;-176126;47596;25856;4
108682;-170639;47752;26199;2
109105;-175844;47779;25873;2
114587;-178737;48121;25692;4
126191;-172839;48846;26061;4
106805;-175788;47635;25877;8
109042;-171091;47775;26170;1
113750;-170594;48069;26201;8
111628;-166811;47936;26438;1
110435;-167988;47862;26364;8
123747;-182252;48694;25473;2
112438;-167647;47987;26386;4
116856;-183790;48263;25377;2
106146;-173577;47594;26015;8
125188;-172752;48784;26067;8
106311;-173101;47604;26045;2
126318;-172547;48854;26079;1
127942;-195421;48956;24650;4
115060;-179410;48151;25650;1
120741;-188472;48506;25084;1
110964;-170883;47895;26183;2
120132;-182229;48468;25474;4
110455;-165030;47863;26549;8
123454;-175166;48675;25916;1
123803;-181409;48697;25525;8
119101;-168384;48403;26340;1
109485;-164963;47802;26553;1
109565;-165413;47807;26525;8
124707;-173109;48754;26044;8
112330;-167125;47980;26418;1
108111;-176171;47716;25853;4
124575;-174018;48745;25987;8
116054;-178919;48213;25681;2
107594;-176577;47684;25827;2
106093;-176888;47590;25808;4
124152;-181903;48719;25495;8
110464;-170574;47864;26203;4
108330;-176575;47730;25828;4
106849;-172424;47638;26087;8
107071;-174012;47651;25988;1
112445;-168821;47987;26312;1
111151;-171096;47906;26170;8
118753;-168530;48382;26330;8
106873;-175858;47639;25872;2
112397;-167197;47984;26414;4
128865;-194692;49014;24695;2
106385;-174854;47609;25935;4
107334;-172840;47668;26061;4
110868;-168527;47889;26331;2
116729;-194113;48255;24731;2
106702;-177053;47628;25798;1
115502;-182920;48178;25431;1
120304;-187281;48479;25158;8
124339;-174326;48731;25968;8
116099;-181477;48216;25521;4
109944;-174587;47831;25952;8
111217;-168070;47911;26359;1
108590;-174305;47746;25969;2
111322;-166451;47917;26460;8
110960;-168362;47895;26341;4
109403;-175422;47797;25900;2
116502;-179977;48241;25615;8
106839;-175636;47637;25886;1
124248;-174315;48725;25969;8
129455;-194151;49050;24729;1
111380;-170868;47921;26184;1
110727;-168472;47880;26334;8
117305;-182691;48291;25445;2
123832;-173907;48699;25994;1
110462;-168986;47863;26302;1
119385;-167782;48421;26377;2
116204;-180017;48222;25612;1
108677;-165421;47752;26525;4
113421;-170215;48048;26225;8
112991;-170536;48021;26205;2
115935;-178784;48205;25690;4
120687;-188017;48502;25112;8
120435;-187495;48487;25145;1
115940;-178608;48206;25701;8
112591;-171116;47996;26169;1
111100;-170896;47903;26183;2
120960;-188124;48520;25106;2
110565;-170535;47870;26205;4
109305;-165654;47791;26510;2
106074;-176890;47589;25808;8
123090;-174790;48653;25939;4
117369;-178749;48295;25692;4
108374;-176337;47733;25842;8
125739;-173161;48818;26041;1
123846;-182102;48700;25482;4
111678;-166413;47939;26463;2
106410;-173671;47610;26009;1
116169;-181443;48220;25523;4
114963;-177336;48145;25780;2
106378;-172774;47608;26065;8
113179;-171039;48033;26174;2
113624;-170163;48061;26228;8
109398;-175548;47797;25892;1
113340;-170813;48043;26188;4
109565;-174818;47807;25937;1
109529;-164865;47805;26559;1
108209;-165314;47723;26531;1
107075;-176279;47652;25846;8
108500;-174210;47741;25975;1
109765;-174602;47820;25951;1
123798;-182397;48697;25464;4
110375;-168157;47858;26354;8
115398;-182937;48172;25430;1
113551;-170458;48056;26210;1
125122;-173080;48780;26046;1
108325;-176636;47730;25824;8
106136;-176227;47593;25849;4
115315;-182680;48167;25446;8
112615;-175155;47998;25916;4
126109;-172572;48841;26078;2
110330;-169994;47855;26239;1
124335;-173187;48730;26039;8
109237;-176891;47787;25808;2
106235;-176782;47599;25815;1
115596;-177388;48184;25777;1
108235;-174015;47724;25988;4
125553;-173058;48807;26047;4
121390;-188334;48546;25093;4
112515;-175359;47992;25904;4
112230;-170610;47974;26200;4
111637;-167114;47937;26419;4
110083;-168222;47840;26350;4
116249;-178219;48225;25725;1
116316;-177166;48229;25791;2
111768;-166694;47945;26445;1
111761;-166701;47945;26445;2
109918;-165127;47829;26543;4
115580;-179827;48183;25624;8
110754;-168598;47882;26326;2
116665;-183555;48251;25391;4
117407;-181233;48297;25536;2
106806;-173490;47635;26020;4
112592;-175199;47997;25914;1
121293;-196247;48540;24598;4
110570;-169782;47870;26252;1
123152;-194127;48657;24731;8
117281;-178656;48290;25698;2
111828;-170866;47949;26184;4
121623;-192969;48561;24803;4
112029;-169399;47961;26276;2
116416;-178570;48236;25703;2
108222;-165221;47723;26537;4
114581;-177751;48121;25754;8
125681;-173224;48815;26037;8
108034;-172617;47712;26075;1
116223;-185342;48223;25280;1
106319;-176723;47604;25818;4
108682;-164901;47752;26557;2
120817;-188456;48511;25085;8
106328;-172669;47605;26072;2
105924;-174049;47580;25985;1
119587;-182210;48434;25475;8
115937;-183468;48206;25397;4
124919;-172942;48767;26055;8
116431;-180004;48236;25613;4
124751;-173095;48756;26045;2
109597;-165682;47809;26508;8
116058;-183785;48213;25377;8
118766;-168131;48382;26355;4
126211;-172485;48848;26083;4
108109;-164873;47716;26559;2
107070;-174107;47651;25982;8
114378;-178285;48108;25721;2
117335;-179102;48293;25670;2
106096;-176858;47591;25810;8
121318;-196293;48542;24595;1
105508;-173765;47554;26003;4
109869;-164938;47826;26555;1
116787;-178667;48259;25697;8
107391;-176050;47671;25860;1
110037;-165205;47837;26538;2
106072;-173853;47589;25998;1
116039;-178679;48212;25696;8
114698;-179802;48128;25626;4
123194;-193217;48659;24787;1
108864;-165474;47764;26521;8
110238;-167982;47849;26365;1
108198;-164913;47722;26556;8
116749;-184268;48256;25347;2
110684;-170666;47877;26197;4
109176;-175819;47783;25875;4
126088;-172809;48840;26063;2
105539;-173589;47556;26014;8
116517;-180009;48242;25613;8
111797;-169441;47947;26273;8
113869;-192373;48076;24840;2
108775;-168936;47758;26305;4
124045;-173591;48712;26014;1
113007;-170656;48022;26198;2
110216;-169259;47848;26285;2
120300;-182091;48478;25483;8
106189;-176784;47596;25815;1
108021;-176353;47711;25841;1
115046;-179809;48150;25625;1
108628;-176066;47749;25859;2
115238;-179844;48162;25623;4
116746;-183964;48256;25366;4
116021;-180446;48211;25586;1
105972;-172875;47583;26059;4
116657;-194083;48251;24733;4
114613;-177301;48123;25782;1
111442;-170314;47925;26219;1
116022;-177614;48211;25763;4
107514;-172137;47679;26105;4
106541;-172738;47618;26067;8
115852;-183773;48200;25378;4
115724;-181689;48192;25508;4
111259;-166390;47913;26464;4
118924;-167110;48392;26419;8
120181;-182211;48471;25475;1
108704;-169006;47754;26301;8
108222;-173963;47723;25991;2
118847;-168727;48387;26318;4
117029;-183512;48274;25394;8
106205;-176674;47597;25821;4
111727;-166558;47942;26454;2
108302;-174116;47728;25981;1
112860;-169361;48013;26278;8
120542;-188175;48493;25103;2
113004;-170784;48022;26190;2
116394;-184170;48234;25353;1
112692;-171057;48003;26172;1
124083;-181711;48715;25507;1
107569;-165202;47683;26538;4
113323;-171116;48042;26169;8
112444;-168431;47987;26337;2
106835;-176181;47637;25852;8
105818;-175022;47573;25925;1
120192;-187297;48472;25157;4
105877;-174858;47577;25935;8
107551;-176702;47681;25820;4
124867;-173404;48764;26026;2
114882;-177777;48140;25752;4
109789;-170013;47821;26238;2
107662;-172674;47688;26071;4
110083;-170338;47840;26217;2
125693;-172704;48815;26070;4
117066;-180903;48276;25557;1
118551;-168667;48369;26322;2
112631;-169402;47999;26276;2
124872;-173514;48764;26019;4
109687;-176942;47815;25805;1
111679;-167680;47939;26384;8
120934;-188303;48518;25095;4
123357;-174572;48669;25953;1
106770;-173422;47633;26025;2
123660;-181696;48688;25508;2
112523;-169460;47992;26272;1
110928;-166956;47893;26429;1
109174;-171095;47783;26170;8
110521;-170652;47867;26198;1
110037;-168380;47837;26340;1
106585;-175489;47621;25895;4
110299;-169705;47853;26257;8
106115;-172666;47592;26072;8
113870;-169576;48076;26265;2
120070;-182272;48464;25472;4
106660;-177381;47626;25777;2
106163;-176627;47595;25824;4
106760;-177366;47632;25778;4
124628;-173958;48749;25991;8
114901;-177287;48141;25783;1
108462;-174427;47738;25962;1
116890;-179207;48265;25663;4
116062;-183775;48213;25378;8
108639;-176319;47749;25844;4
115828;-183884;48199;25371;2
111262;-170319;47913;26219;1
111545;-170342;47931;26217;1
123845;-182264;48700;25472;2
123599;-174317;48684;25969;2
120248;-182216;48475;25475;2
117838;-182467;48324;25459;4
115136;-179929;48156;25618;8
106090;-176549;47590;25829;2
125340;-172437;48793;26086;4
125035;-173752;48774;26004;8
115591;-181721;48184;25506;2
115335;-183304;48168;25407;4
115490;-185113;48178;25294;1
125397;-173533;48797;26018;8
118512;-168463;48367;26335;8
109768;-169996;47820;26239;1
116961;-166121;48270;26481;8
106275;-174274;47602;25971;2
115274;-179306;48164;25657;1
107210;-176391;47660;25839;8
112234;-170734;47974;26193;8
126169;-173024;48845;26050;1
111423;-170841;47923;26186;8
123649;-166813;48688;26438;4
105818;-174659;47573;25947;4
124450;-173245;48738;26036;8
108817;-176554;47761;25829;8
117000;-183937;48272;25367;1
109175;-165666;47783;26509;4
106102;-175349;47591;25904;4
123759;-181727;48694;25506;8
108709;-169992;47754;26239;1
116320;-178518;48230;25706;2
113583;-170503;48058;26207;1
107776;-165567;47696;26516;4
114234;-194782;48099;24690;8
112929;-170711;48018;26194;1
115421;-182346;48173;25467;4
116935;-183813;48268;25375;4
110693;-168937;47878;26305;8
120477;-188724;48489;25068;2
113643;-170598;48062;26201;4
111026;-170926;47899;26181;2
123880;-181487;48702;25521;2
123519;-182061;48679;25485;4
117315;-179294;48292;25658;4
117398;-181584;48297;25515;2
110031;-171094;47836;26170;8
116351;-180180;48231;25602;8
108238;-173744;47724;26005;8
107702;-172621;47691;26075;2
125819;-173064;48823;26047;2
124236;-173534;48724;26018;1
113673;-170728;48064;26193;1
107008;-173928;47648;25993;4
114598;-177904;48122;25745;4
108452;-176644;47738;25823;2
110342;-165215;47856;26538;1
118790;-168719;48384;26319;1
109152;-175459;47782;25897;1
129872;-190779;49077;24940;1
111711;-166614;47941;26450;8
123040;-174828;48650;25937;8
105836;-174956;47574;25929;4
109205;-175415;47785;25900;1
107210;-176396;47660;25839;8
105945;-175250;47581;25910;4
107630;-165123;47686;26543;2
118834;-171821;48387;26125;1
117214;-183772;48285;25378;4
113634;-170667;48062;26197;4
108562;-176094;47745;25858;4
106759;-173802;47632;26001;4
125605;-173221;48810;26037;2
114677;-178983;48127;25677;8
106008;-176885;47585;25808;1
109207;-169384;47785;26277;2
117130;-183274;48280;25409;1
106157;-173630;47594;26012;1
107843;-172128;47700;26106;8
117634;-182594;48312;25451;2
108235;-176391;47724;25839;8
121420;-168207;48548;26351;2
106390;-175292;47609;25908;8
110807;-169919;47885;26244;2
115316;-176677;48167;25821;8
116787;-166360;48259;26466;8
126541;-172546;48868;26079;8
123079;-175235;48652;25911;1
117218;-179140;48286;25667;8
111494;-170964;47928;26178;2
111729;-166564;47943;26453;8
107183;-165194;47658;26539;4
121325;-168330;48542;26343;4
123923;-174829;48705;25937;4
111440;-166348;47925;26467;2
106921;-174166;47642;25978;2
110224;-167893;47849;26370;8
114682;-177279;48127;25784;2
125523;-173497;48805;26020;1
125070;-172986;48776;26052;4
109517;-169969;47804;26240;2
126493;-172663;48865;26072;4
123887;-181475;48702;25521;1
115654;-183323;48188;25406;4
105963;-175228;47582;25912;2
111856;-167349;47951;26404;2
117088;-166341;48278;26467;1
108705;-170592;47754;26202;1
115990;-177507;48209;25769;1
126165;-172832;48845;26062;2
106562;-177042;47620;25798;2
111843;-170952;47950;26179;4
114622;-178708;48123;25694;4
114752;-180208;48132;25601;1
108038;-176739;47712;25817;4
107208;-165186;47660;26539;4
105771;-175246;47570;25911;4
108308;-176153;47729;25854;2
108651;-174171;47750;25978;8
115507;-183378;48179;25402;8
106943;-173388;47643;26027;8
105557;-172481;47557;26083;8
117249;-166324;48288;26468;4
115053;-176728;48150;25818;2
123956;-173579;48707;26015;4
123958;-174841;48707;25936;2
127546;-185549;48931;25267;8
109424;-176751;47799;25817;1
115548;-183452;48181;25398;2
114693;-177768;48128;25753;4
106394;-176867;47609;25809;2
121305;-168220;48541;26350;8
111684;-170343;47940;26217;8
108127;-172620;47717;26075;8
108373;-165737;47733;26505;8
115810;-183005;48198;25426;4
106608;-175498;47623;25895;1
109041;-175665;47775;25884;8
110168;-170211;47845;26225;1
117346;-182897;48294;25432;1
108408;-174010;47735;25988;8
115932;-184797;48205;25314;8
123706;-181378;48691;25527;4
107977;-172521;47708;26081;1
111643;-169419;47937;26275;2
125079;-173360;48777;26029;8
117131;-183736;48280;25380;4
111846;-169973;47950;26240;2
124636;-174149;48749;25979;4
116954;-179069;48269;25672;2
118956;-167354;48394;26404;4
116876;-178779;48264;25690;8
125360;-173333;48795;26030;4
116750;-178921;48256;25681;8
111794;-167088;47947;26421;1
105581;-172712;47558;26069;2
110518;-170628;47867;26199;2
123193;-174797;48659;25939;1
108282;-176643;47727;25823;8
125379;-173355;48796;26029;8
116991;-180099;48271;25607;2
116035;-180281;48212;25596;1
124036;-173534;48712;26018;2
111740;-170771;47943;26190;1
113747;-170827;48069;26187;4
106604;-172913;47622;26056;4
117081;-179162;48277;25666;2
107955;-172901;47707;26057;1
123799;-174966;48697;25928;4
115953;-178694;48207;25695;4
113773;-170768;48070;26191;2
109989;-170183;47834;26227;2
114642;-177368;48125;25778;2
119079;-167544;48402;26392;1
109930;-164865;47830;26559;2
117239;-181746;48287;25504;1
123080;-175204;48652;25913;8
107883;-172076;47702;26109;8
123192;-192834;48659;24811;1
115409;-184079;48173;25359;4
109076;-175251;47777;25910;4
109314;-169049;47792;26298;8
123716;-174964;48692;25928;2
113075;-169150;48027;26292;8
116029;-181448;48211;25523;2
105909;-175073;47579;25921;2
106539;-175988;47618;25864;1
124126;-181511;48717;25519;4
108240;-176421;47725;25837;4
108533;-165446;47743;26523;4
109208;-169228;47785;26287;8
117840;-182403;48325;25463;8
117183;-182094;48283;25483;4
115744;-182988;48194;25427;2
123034;-175255;48649;25910;1
111952;-170041;47957;26236;1
116982;-179345;48271;25654;4
121403;-168561;48547;26328;2
111273;-166172;47914;26478;8
115366;-184204;48170;25351;4
121585;-168207;48559;26351;4
123780;-174428;48696;25962;2
123667;-174565;48689;25953;8
113865;-169240;48076;26286;2
106262;-172768;47601;26066;2
105517;-174934;47554;25930;1
111939;-166487;47956;26458;1
111342;-166226;47918;26474;2
108789;-167827;47759;26374;1
111442;-166572;47925;26453;4
114628;-177580;48124;25765;1
120941;-188351;48518;25092;4
117377;-181968;48296;25491;8
113323;-169179;48042;26290;1
107473;-176832;47677;25812;2
115861;-178489;48201;25708;4
117403;-180950;48297;25554;8
121139;-188597;48531;25076;8
117305;-181479;48291;25521;1
123267;-166880;48664;26434;1
106925;-173357;47642;26029;1
124576;-173558;48746;26016;1
107164;-174163;47657;25978;2
114925;-178988;48142;25677;8
112461;-167542;47988;26392;4
113824;-192268;48074;24847;1
123666;-174286;48689;25971;2
109371;-168987;47795;26302;2
119395;-168508;48422;26332;1
109166;-165130;47782;26543;4
107254;-172772;47663;26065;2
116117;-180107;48217;25607;4
108075;-165703;47714;26507;4
115577;-185110;48183;25294;1
112443;-170473;47987;26209;2
115904;-181655;48204;25510;4
113102;-171018;48028;26175;1
106593;-172995;47622;26051;4
129768;-191007;49070;24926;2
109937;-165708;47831;26507;2
109744;-174341;47819;25967;8
112471;-168258;47989;26347;2
124623;-173894;48748;25995;1
117264;-179440;48289;25649;2
116397;-179967;48234;25616;2
116803;-183883;48260;25371;4
109622;-174619;47811;25950;2
111350;-169424;47919;26275;8
113021;-170664;48023;26197;1
107150;-176196;47656;25851;1
106128;-173899;47593;25995;8
117122;-180005;48280;25613;1
106761;-173779;47632;26002;8
118763;-168542;48382;26330;2
115629;-181079;48186;25546;4
107101;-177345;47653;25779;8
109077;-176682;47777;25821;4
109573;-165219;47808;26537;4
120695;-188455;48503;25085;1
109580;-165450;47808;26523;1
112487;-167670;47990;26384;4
118756;-171797;48382;26126;8
106180;-176136;47596;25855;2
105720;-174991;47567;25927;4
109596;-177006;47809;25801;8
123143;-194054;48656;24735;2
110933;-170652;47893;26198;2
113482;-169392;48052;26277;8
108225;-176650;47724;25823;2
109528;-165125;47805;26543;1
117006;-181017;48272;25550;4
115232;-182559;48162;25454;8
118645;-168630;48375;26324;1
125815;-172822;48823;26062;1
125620;-172737;48811;26067;2
108153;-176322;47719;25843;4
111092;-168427;47903;26337;1
106410;-176654;47610;25823;4
107779;-177277;47696;25784;4
106715;-175669;47629;25884;8
107762;-172516;47695;26081;4
123363;-166666;48670;26447;8
111416;-170319;47923;26219;2
107078;-165388;47652;26527;2
108749;-169567;47756;26266;8
123816;-174065;48698;25984;1
111764;-166433;47945;26461;2
107375;-165401;47670;26526;1
107466;-172301;47676;26095;1
110339;-170501;47856;26207;1
107915;-164987;47704;26552;4
116164;-181047;48220;25548;2
109323;-164865;47792;26559;1
113487;-170089;48052;26233;8
106730;-173407;47630;26026;2
114945;-179872;48144;25622;1
107251;-172887;47663;26058;2
115922;-178888;48205;25683;1
108513;-173910;47742;25994;8
115868;-181120;48201;25544;8
123651;-174087;48688;25983;1
124674;-174193;48752;25976;2
123971;-181158;48708;25541;1
110057;-171016;47838;26175;2
113653;-171244;48063;26161;2
116264;-178279;48226;25721;8
110929;-170694;47893;26195;2
114727;-177196;48130;25789;2
112120;-166821;47967;26437;8
123046;-175023;48650;25925;8
123147;-174698;48656;25945;4
109075;-175303;47777;25907;4
106186;-173758;47596;26004;1
117330;-166296;48293;26470;8
113461;-169439;48051;26274;2
115556;-183497;48182;25395;4
108797;-168022;47759;26362;2
119943;-181314;48456;25531;4
123237;-192748;48662;24817;1
115567;-182279;48182;25471;1
109478;-170008;47802;26238;4
107565;-176836;47682;25811;4
110933;-168506;47893;26332;1
114619;-177555;48123;25766;2
107712;-172599;47692;26076;4
115984;-180230;48209;25599;2
108329;-173932;47730;25993;2
115106;-176872;48154;25809;2
114677;-179669;48127;25634;8
116868;-179066;48264;25672;2
113870;-169608;48076;26263;4
115936;-178016;48206;25738;4
116967;-178906;48270;25682;1
106209;-173004;47598;26051;4
120514;-168665;48492;26322;4
110200;-168236;47847;26349;2
113472;-171049;48052;26173;8
123862;-181308;48701;25532;8
123501;-182078;48678;25484;1
106443;-173189;47612;26039;4
110703;-170869;47878;26184;1
117084;-179183;48277;25665;1
109115;-175571;47779;25890;2
108737;-175990;47756;25864;2
118475;-168559;48364;26329;2
123138;-175235;48656;25911;1
109631;-165151;47811;26542;1
116081;-183839;48215;25374;4
121003;-188808;48522;25063;2
111746;-166955;47944;26429;4
117870;-182214;48326;25475;1
106582;-172788;47621;26064;8
111595;-170316;47934;26219;8
123505;-181432;48679;25524;1
119304;-168167;48416;26353;1
113392;-170863;48047;26185;8
113647;-170976;48062;26178;4
110112;-164870;47842;26559;8
115902;-182930;48203;25430;2
106154;-174851;47594;25935;4
110740;-170631;47881;26199;2
108699;-165417;47753;26525;4
112035;-169926;47962;26243;4
108748;-173911;47756;25994;8
112242;-169716;47975;26256;4
106212;-175621;47598;25887;4
112042;-171016;47962;26175;8
112489;-169006;47990;26301;4
109647;-176665;47812;25822;2
109073;-175727;47777;25881;2
106681;-173634;47627;26011;8
123984;-181167;48709;25541;1
115580;-182538;48183;25455;1
117284;-179465;48290;25647;4
119297;-168012;48416;26363;4
107865;-177123;47701;25793;8
123735;-174143;48693;25980;2
120975;-188595;48520;25076;4
121458;-188350;48551;25092;8
111128;-168150;47905;26354;4
123886;-173979;48702;25990;4
112591;-171127;47996;26168;1
117282;-178601;48290;25701;8
125007;-173930;48772;25993;8
120605;-193418;48497;24775;8
114626;-178270;48124;25722;8
105441;-172575;47550;26078;1
106665;-172806;47626;26063;8
126941;-176292;48893;25845;4
120370;-181935;48483;25493;1
121282;-168272;48540;26347;8
108842;-173899;47762;25995;4
127956;-195446;48957;24648;1
111632;-166796;47937;26439;1
108565;-176309;47745;25844;8
116183;-179990;48221;25614;1
108163;-174431;47720;25962;2
115351;-182206;48169;25476;4
123817;-174737;48698;25942;1
117464;-181791;48301;25502;4
120327;-181784;48480;25502;1
106418;-173257;47611;26035;2
114881;-179428;48140;25649;2
110583;-167784;47871;26377;4
116073;-177681;48214;25758;1
117147;-182863;48281;25435;4
115910;-184926;48204;25306;2
107999;-176197;47709;25851;8
115859;-171662;48201;26135;2
112428;-167738;47986;26380;8
116142;-178255;48218;25723;2
109609;-177046;47810;25798;1
108266;-165391;47726;26527;8
111065;-170183;47901;26227;1
115846;-183142;48200;25417;4
111342;-170349;47918;26217;2
115422;-184234;48173;25349;8
109363;-174771;47795;25940;4
110918;-170812;47892;26188;2
118518;-168198;48367;26351;4
109657;-170152;47813;26229;4
110243;-164941;47850;26555;1
115425;-182352;48174;25467;1
115469;-185116;48176;25294;4
106903;-177213;47641;25788;4
108755;-169671;47757;26259;8
119237;-168097;48412;26357;1
108271;-176156;47726;25854;1
112940;-169169;48018;26290;2
119092;-168426;48403;26337;8
112269;-167088;47976;26421;1
111860;-170967;47951;26178;4
117224;-182579;48286;25452;4
112019;-166649;47961;26448;4
116266;-177399;48226;25776;1
117200;-181918;48285;25494;4
108363;-165715;47732;26506;4
119672;-168655;48439;26323;1
119304;-168300;48416;26345;4
111001;-166417;47897;26462;4
108738;-169252;47756;26285;8
109951;-170358;47831;26216;4
123219;-194134;48661;24730;4
109299;-165422;47791;26525;8
123829;-181298;48699;25532;8
120988;-188660;48521;25072;8
109142;-169694;47781;26258;1
108173;-165115;47720;26544;8
121315;-188437;48542;25086;2
109278;-171016;47789;26175;4
109544;-170074;47806;26234;4
108677;-167757;47752;26379;8
125347;-173571;48794;26015;8
123262;-193825;48663;24749;2
106772;-173606;47633;26013;1
123321;-174609;48667;25950;4
116002;-177482;48210;25771;8
110411;-169093;47860;26295;2
118996;-168320;48397;26344;1
114867;-179562;48139;25641;2
106733;-177040;47630;25799;4
105985;-172816;47584;26063;8
118580;-168168;48371;26353;8
111218;-171130;47911;26168;8
106743;-175571;47631;25890;2
114290;-178427;48103;25712;1
108281;-176840;47727;25811;8
120402;-168695;48485;26320;4
123173;-193628;48658;24762;2
117145;-183636;48281;25386;8
113217;-169386;48036;26277;4
107850;-174061;47700;25985;1
107836;-165004;47699;26551;1
106999;-172724;47647;26068;4
121230;-188258;48536;25097;1
115950;-181446;48206;25523;8
113812;-169122;48073;26293;2
115666;-183730;48189;25380;8
108470;-176718;47739;25819;2
109321;-171048;47792;26173;8
115866;-181739;48201;25505;1
108718;-169354;47754;26279;1
111566;-171054;47932;26173;8
114586;-179315;48121;25656;4
108674;-170946;47752;26179;4
116253;-178598;48225;25701;1
110353;-171009;47857;26175;4
113088;-169423;48028;26275;2
117292;-182663;48290;25447;4
117679;-182546;48314;25454;4
116103;-180035;48216;25611;2
112906;-169158;48016;26291;2
111779;-170010;47946;26238;2
119293;-167853;48415;26373;4
116890;-179232;48265;25662;4
124392;-174043;48734;25986;4
120567;-188041;48495;25111;2
117806;-182479;48322;25459;8
117319;-166296;48292;26470;1
110861;-168638;47888;26324;2
108578;-176012;47746;25863;8
108694;-169566;47753;26266;4
108720;-170006;47755;26238;1
110244;-168283;47850;26346;8
108309;-176403;47729;25838;1
108046;-173972;47712;25990;8
117308;-179774;48291;25628;2
120689;-168685;48503;26321;4
107787;-176889;47696;25808;1
110758;-168950;47882;26304;2
106320;-174860;47605;25935;8
116981;-178668;48271;25697;8
123764;-181442;48695;25523;4
116071;-177701;48214;25757;8
113790;-170537;48071;26205;8
106449;-173105;47613;26044;4
108566;-165478;47745;26521;4
111784;-167213;47946;26413;2
115524;-177330;48180;25780;1
110622;-169365;47873;26278;2
116083;-184872;48215;25309;8
107176;-176316;47658;25844;2
109046;-164876;47775;26559;4
109925;-171079;47830;26171;2
114601;-179956;48122;25616;1
111823;-169929;47948;26243;1
116060;-177229;48213;25787;1
115663;-181661;48188;25510;8
114711;-179525;48129;25643;8
112041;-169972;47962;26240;2
109106;-169603;47779;26263;8
120822;-193465;48511;24772;4
107965;-164901;47707;26557;2
114733;-179251;48130;25660;1
113422;-170110;48048;26232;8
110249;-168224;47850;26350;4
108912;-173874;47767;25996;4
109834;-165131;47824;26543;8
115998;-178233;48209;25724;2
112573;-170201;47995;26226;2
113339;-169907;48043;26244;1
110219;-170514;47848;26206;1
113417;-171095;48048;26170;1
125815;-173303;48823;26032;2
111368;-169360;47920;26279;4
107821;-176499;47698;25832;8
117237;-180768;48287;25566;2
115286;-182753;48165;25441;1
117075;-179882;48277;25621;2
110700;-168483;47878;26333;8
116788;-166085;48259;26483;8
113135;-169128;48030;26293;4
123355;-175304;48669;25907;4
113359;-170004;48044;26238;2
109967;-165158;47832;26541;2
114718;-179719;48129;25631;8
106306;-173713;47604;26006;4
129710;-191074;49066;24921;4
108002;-164903;47710;26557;2
106572;-175526;47620;25893;4
110884;-166839;47890;26436;2
106783;-176921;47633;25806;1
123017;-175045;48648;25923;4
112419;-167332;47986;26405;4
111313;-170964;47917;26178;4
116382;-177718;48233;25756;8
124210;-173781;48723;26002;1
108791;-169738;47759;26255;4
108276;-176686;47727;25821;8
109660;-174755;47813;25941;1
107717;-171987;47692;26114;2
109908;-168610;47829;26325;4
106946;-177177;47644;25790;8
106233;-174907;47599;25932;2
124028;-182024;48711;25487;2
108750;-176008;47756;25863;1
116021;-177858;48211;25747;1
114315;-178899;48104;25682;8
108580;-165195;47746;26539;2
113549;-170505;48056;26207;2
121096;-168213;48528;26350;2
108191;-176305;47721;25844;1
109980;-170189;47833;26227;2
110883;-170088;47890;26233;2
109740;-165156;47818;26541;8
123230;-193291;48661;24783;8
111091;-168500;47903;26332;1
105917;-172851;47579;26060;2
108283;-176687;47727;25821;4
109117;-171048;47779;26173;8
120432;-168630;48487;26324;4
111958;-169398;47957;26276;2
110730;-168525;47880;26331;8
106176;-173943;47596;25992;4
114791;-177406;48134;25776;1
116009;-183335;48210;25405;4
109319;-165243;47792;26536;1
123999;-173716;48709;26006;1
116206;-178770;48222;25690;8
110772;-170684;47883;26196;4
116071;-184860;48214;25310;1
114656;-177263;48126;25785;2
118678;-168193;48377;26351;8
108686;-170602;47752;26201;8
113165;-191697;48032;24882;1
105883;-172850;47577;26060;4
106784;-177221;47634;25787;1
111447;-167758;47925;26379;2
107792;-172203;47697;26101;4
110548;-167134;47869;26418;4
107114;-165254;47654;26535;2
106572;-173416;47620;26025;4
110403;-168009;47860;26363;1
117197;-179777;48284;25627;2
120969;-188869;48520;25059;2
110633;-167068;47874;26422;1
111035;-169399;47899;26276;8
123033;-174781;48649;25940;1
113586;-171239;48059;26161;2
114203;-178680;48097;25696;2
107085;-173998;47652;25989;2
119868;-182109;48451;25482;4
114226;-178377;48099;25715;8
117503;-182872;48303;25434;8
106613;-175207;47623;25913;8
115235;-184114;48162;25356;1
110771;-167237;47883;26411;4
107343;-176006;47668;25863;8
108215;-176427;47723;25837;4
107845;-172239;47700;26099;2
106606;-172721;47622;26068;8
108601;-174313;47747;25969;1
107115;-165412;47654;26525;8
129851;-190778;49075;24940;4
106490;-173165;47615;26041;8
108335;-165649;47730;26510;1
123939;-174693;48706;25945;2
106858;-175719;47638;25881;4
109985;-164918;47834;26556;2
109124;-175382;47780;25902;8
125414;-173165;48798;26041;2
113974;-170570;48083;26203;1
117068;-166355;48276;26466;8
124837;-173461;48762;26022;2
111243;-167698;47912;26382;4
114522;-179044;48117;25673;4
105392;-172716;47547;26069;4
106737;-174969;47631;25928;8
109287;-175629;47790;25887;2
105710;-174940;47566;25930;1
105478;-172765;47552;26066;8
123230;-193569;48661;24765;1
121396;-168410;48547;26338;4
117292;-181890;48290;25495;2
124106;-181177;48716;25540;1
108791;-174342;47759;25967;2
119901;-182116;48453;25481;1
117775;-182571;48320;25453;1
117081;-179853;48277;25623;8
121672;-168223;48564;26350;2
105883;-174918;47577;25931;2
108395;-174491;47734;25958;1
110482;-167585;47865;26389;1
108335;-174160;47730;25979;8
111171;-167979;47908;26365;1
111217;-166579;47911;26452;4
108919;-176583;47767;25827;4
114281;-194796;48102;24689;2
126130;-172653;48843;26073;2
106944;-176228;47644;25849;8
121638;-168549;48562;26329;1
127522;-185978;48930;25240;1
114255;-178466;48100;25709;4
124217;-174233;48723;25974;1
108206;-165230;47722;26537;4
109694;-174735;47815;25943;1
116146;-177912;48219;25744;8
125630;-172659;48811;26072;2
108627;-174266;47749;25972;8
114581;-178301;48121;25720;8
116911;-178602;48266;25701;8
120526;-168696;48492;26320;4
115595;-183319;48184;25406;4
116109;-183798;48216;25376;1
118278;-171567;48352;26141;2
121448;-168432;48550;26337;2
115504;-179821;48179;25625;1
106140;-176575;47593;25828;2
115303;-184007;48166;25363;8
106193;-176617;47597;25825;8
107776;-176787;47696;25814;1
123289;-175294;48665;25908;2
115433;-183316;48174;25406;4
108465;-176454;47739;25835;2
117349;-166340;48294;26467;1
108794;-165464;47759;26522;1
106860;-173789;47638;26002;8
114638;-178133;48124;25730;4
107521;-176858;47680;25810;4
111082;-170164;47902;26228;8
119244;-182027;48412;25487;8
108714;-170430;47754;26212;1
124155;-173664;48719;26010;8
111273;-170941;47914;26180;4
108348;-176627;47731;25824;1
114214;-178357;48098;25716;1
112419;-167717;47986;26381;8
120579;-187997;48496;25114;4
105923;-175045;47580;25923;4
118757;-171935;48382;26118;4
120666;-188157;48501;25104;1
105501;-173666;47553;26009;8
125073;-173344;48777;26030;2
106790;-173116;47634;26044;8
115961;-181706;48207;25507;8
106073;-172653;47589;26073;2
106502;-177250;47616;25785;8
107388;-176077;47671;25859;2
106508;-175069;47616;25922;8
110269;-170094;47851;26233;2
109195;-165486;47784;26521;2
110343;-169713;47856;26256;2
113168;-171069;48033;26172;2
109915;-170238;47829;26224;8
115916;-178809;48204;25688;4
106125;-173846;47592;25998;2
120166;-182250;48470;25473;1
115917;-183536;48204;25393;4
124091;-181897;48715;25495;4
110635;-170725;47874;26193;4
119674;-168086;48439;26358;1
105841;-175065;47575;25922;4
123877;-181801;48702;25501;8
112005;-166935;47960;26430;8
109581;-169960;47808;26241;8
111530;-171084;47930;26171;8
106257;-172676;47601;26071;2
116718;-183989;48254;25364;4
106095;-175226;47590;25912;1
124361;-174040;48732;25986;1
112605;-174824;47997;25937;8
114524;-178875;48117;25684;8
106156;-174043;47594;25986;2
109631;-176733;47811;25818;4
113454;-171023;48050;26175;2
112479;-168876;47989;26309;2
114764;-180168;48132;25603;1
120067;-168661;48464;26322;1
112580;-170172;47996;26228;1
108920;-165678;47767;26509;4
106585;-173797;47621;26001;8
116902;-180159;48266;25604;2
112190;-166975;47971;26428;8
109616;-176978;47811;25802;4
114957;-177523;48144;25768;2
119041;-166933;48400;26430;1
115603;-183154;48185;25416;1
115044;-179385;48150;25652;1
124875;-173830;48764;25999;4
110012;-168387;47835;26339;4
106410;-175831;47610;25874;2
124045;-182319;48712;25469;2
117183;-181957;48283;25491;8
111880;-166564;47952;26453;8
119355;-166929;48419;26430;1
124479;-174113;48739;25981;1
114693;-178419;48128;25712;4
111786;-166713;47946;26444;4
118742;-172156;48381;26104;1
124526;-173222;48742;26037;8
116876;-178957;48264;25679;4
111521;-167557;47930;26391;4
123142;-174989;48656;25927;8
117343;-179328;48293;25656;1
109246;-165154;47787;26541;8
113765;-171028;48070;26174;2
106116;-176784;47592;25815;8
111275;-166217;47914;26475;8
109470;-169982;47801;26240;8
116302;-178636;48228;25699;8
120819;-168539;48511;26330;1
110722;-166889;47880;26433;8
106643;-175613;47625;25888;2
108361;-164980;47732;26552;1
113883;-169296;48077;26283;8
107522;-165158;47680;26541;8
106381;-172936;47608;26055;2
111237;-167665;47912;26384;8
108853;-175685;47763;25883;2
106591;-172975;47621;26053;2
117181;-179928;48283;25618;1
113889;-169197;48078;26289;4
105763;-174969;47570;25928;1
112065;-169419;47964;26275;8
118967;-168214;48395;26350;4
109176;-175512;47783;25894;1
118848;-168209;48388;26350;4
124129;-181705;48718;25507;2
111066;-168539;47901;26330;2
106164;-173315;47595;26031;2
109578;-170122;47808;26231;2
108455;-174158;47738;25979;1
106645;-177372;47625;25778;8
109002;-165488;47772;26521;1
121403;-188413;48547;25088;1
117216;-179606;48286;25638;2
130173;-176788;49095;25814;8
124697;-174095;48753;25983;8
108783;-167837;47758;26374;1
105902;-176750;47578;25817;4
112571;-169105;47995;26294;8
118968;-168476;48395;26334;8
120239;-168369;48474;26340;4
109305;-169364;47791;26278;4
111253;-166544;47913;26455;8
117242;-180009;48287;25613;1
111315;-166645;47917;26448;1
112039;-167272;47962;26409;4
113182;-169719;48033;26256;8
116384;-184074;48234;25359;1
113625;-169099;48061;26295;4
116871;-183982;48264;25365;2
123700;-181963;48691;25491;8
116473;-177637;48239;25761;8
110541;-169346;47868;26279;2
106905;-177192;47641;25789;1
116330;-178688;48230;25696;2
106313;-173461;47604;26022;1
108239;-165453;47724;26523;1
115787;-183380;48196;25402;1
110336;-165098;47856;26545;4
108730;-167488;47755;26396;1
119882;-168446;48452;26336;2
114181;-178492;48096;25708;1
107804;-176643;47697;25823;1
109815;-177051;47823;25798;2
107368;-165166;47670;26541;1
112395;-175017;47984;25925;4
114935;-175888;48143;25871;8
108440;-176197;47737;25851;1
109081;-176444;47777;25836;8
119478;-168275;48427;26346;8
109452;-175752;47800;25879;4
114876;-179805;48139;25626;8
115752;-183799;48194;25376;1
110355;-167694;47857;26383;8
121611;-168448;48560;26336;2
107216;-172559;47661;26079;8
111016;-169466;47898;26272;8
112044;-167194;47962;26414;4
108103;-164867;47716;26559;4
116381;-177558;48233;25766;8
107144;-176191;47656;25852;2
106642;-176997;47625;25801;2
114849;-179511;48138;25644;8
117109;-179981;48279;25615;2
113540;-171189;48056;26164;2
123501;-181493;48678;25520;1
113724;-169445;48067;26273;8
117333;-180294;48293;25595;1
116003;-177283;48210;25783;8
108531;-176462;47743;25835;8
107693;-165073;47690;26546;4
108791;-169538;47759;26267;2
115916;-183418;48204;25400;8
111118;-166721;47904;26443;4
125369;-172801;48795;26063;4
106256;-173961;47601;25991;8
109658;-174704;47813;25945;8
107526;-172284;47680;26096;2
107874;-174051;47702;25985;4
120675;-187975;48502;25115;1
125484;-173317;48802;26031;4
123789;-181587;48696;25514;8
123714;-182215;48692;25475;4
109672;-165147;47814;26542;2
116279;-177891;48227;25745;8
120220;-181684;48473;25508;1
113724;-171057;48067;26172;4
109125;-176747;47780;25817;4
114973;-179446;48145;25648;1
109589;-176760;47809;25816;8
111568;-167650;47933;26385;4
106008;-173369;47585;26028;2
121269;-168449;48539;26335;1
115642;-183201;48187;25413;2
115705;-177436;48191;25774;1
118890;-168542;48390;26330;4
125164;-172776;48782;26065;4
115663;-177512;48188;25769;4
105516;-173632;47554;26012;1
108996;-176318;47772;25844;8
111152;-170811;47907;26188;1
121159;-188510;48532;25082;1
107833;-172764;47699;26066;2
113410;-169137;48048;26292;1
116989;-195454;48271;24648;1
106150;-173952;47594;25992;2
114835;-177523;48137;25768;8
109134;-176764;47780;25816;2
123969;-173725;48708;26006;4
120461;-188685;48488;25071;4
110398;-170667;47859;26197;4
111050;-168164;47900;26353;2
107440;-176942;47675;25805;2
109182;-164868;47783;26559;2
110347;-167335;47856;26405;2
112862;-169511;48013;26269;8
115726;-183888;48192;25371;2
111716;-166271;47942;26472;4
112172;-170643;47970;26198;4
107693;-165503;47690;26520;4
113682;-170789;48065;26189;2
116213;-178459;48223;25710;4
119957;-181800;48457;25501;4
109915;-170244;47829;26223;1
111132;-166413;47905;26463;4
116788;-178614;48259;25700;8
108676;-164883;47752;26558;4
110964;-169375;47895;26278;4
109800;-174458;47822;25960;4
107884;-165017;47702;26550;8
120578;-168468;48496;26334;2
123653;-182359;48688;25466;2
107614;-176993;47685;25801;2
116959;-166358;48269;26466;8
110397;-167329;47859;26405;8
121048;-188613;48525;25075;4
116039;-180150;48212;25604;8
111472;-167602;47927;26388;4
115770;-183305;48195;25407;8
111411;-167489;47923;26395;2
107016;-165258;47648;26535;1
111514;-170252;47929;26223;1
107352;-165216;47669;26538;1
121456;-188591;48551;25077;2
111864;-171046;47951;26173;1
105697;-173779;47566;26002;1
121035;-188033;48524;25111;2
115551;-177325;48181;25781;8
117236;-179196;48287;25664;1
107232;-172709;47662;26069;4
125871;-172685;48826;26071;4
106032;-173756;47587;26004;1
115822;-183607;48198;25388;8
113899;-169944;48078;26242;8
110123;-164984;47842;26552;4
110588;-170625;47871;26199;8
124399;-173302;48734;26032;4
113442;-171132;48050;26168;8
106437;-175262;47612;25910;4
120874;-188201;48514;25101;4
116900;-183979;48266;25365;4
106306;-172677;47604;26071;1
111340;-166428;47918;26462;2
114662;-178984;48126;25677;8
116869;-178744;48264;25692;1
124010;-173932;48710;25993;4
112954;-169473;48019;26271;2
114632;-177842;48124;25748;8
107797;-176633;47697;25824;1
110201;-169365;47847;26278;2
115915;-183060;48204;25422;2
112472;-168156;47989;26354;1
119537;-167727;48431;26381;8
106063;-175008;47588;25926;1
114547;-178050;48119;25735;1
115981;-178809;48208;25688;1
112234;-170478;47974;26209;1
108699;-173891;47753;25995;8
115712;-181085;48192;25546;1
109316;-169112;47792;26294;8
113795;-170759;48072;26191;8
110152;-169421;47844;26275;2
110408;-169662;47860;26260;8
111048;-170939;47900;26180;4
111213;-167914;47910;26369;2
107733;-165420;47693;26525;4
110234;-164902;47849;26557;8
111244;-170937;47912;26180;4
116988;-179062;48271;25672;4
115965;-183378;48207;25402;1
107131;-172857;47655;26060;8
106340;-174077;47606;25984;2
110677;-170507;47877;26207;8
111844;-166530;47950;26455;1
108296;-165735;47728;26505;2
112789;-169389;48009;26277;4
111726;-167274;47942;26409;8
115854;-177346;48200;25779;2
123600;-181144;48685;25542;4
109898;-170080;47828;26234;4
119920;-168653;48455;26323;8
120605;-168393;48497;26339;1
109458;-175505;47801;25894;2
121410;-168342;48548;26342;4
113888;-169947;48078;26242;4
105816;-173659;47573;26010;4
115488;-185091;48178;25295;4
116096;-178460;48216;25710;8
110704;-169916;47879;26244;4
119732;-168349;48443;26342;1
111313;-166606;47917;26451;4
117476;-181066;48302;25547;4
106103;-173326;47591;26031;8
123542;-166406;48681;26463;8
116167;-181067;48220;25547;1
117339;-183339;48293;25405;4
109091;-175578;47778;25890;8
112747;-170453;48006;26210;1
123148;-193817;48656;24750;8
112094;-167099;47965;26420;8
125297;-172804;48791;26063;1
112147;-169572;47969;26265;1
119779;-182111;48446;25482;4
107525;-177096;47680;25795;4
111105;-166456;47904;26460;4
110250;-165175;47850;26540;2
126316;-172866;48854;26059;1
107422;-176312;47673;25844;4
106493;-174053;47615;25985;1
106135;-175180;47593;25915;8
120668;-168518;48501;26331;4
108794;-169533;47759;26268;8
105836;-175045;47574;25923;4
111492;-166494;47928;26458;1
106256;-172622;47601;26075;1
106512;-172858;47617;26060;4
116730;-183995;48255;25364;2
117411;-180773;48298;25565;4
110877;-168674;47889;26321;1
124282;-174256;48727;25973;8
108593;-165201;47747;26538;1
109027;-176210;47774;25850;2
118561;-168630;48370;26324;8
106236;-175161;47599;25916;2
111841;-166889;47950;26433;2
111339;-166595;47918;26451;2
107482;-172105;47677;26107;2
109597;-168998;47809;26301;2
115217;-182066;48161;25484;4
106240;-172736;47600;26068;2
119313;-168221;48417;26350;8
113538;-170123;48056;26231;8
115498;-182826;48178;25437;4
123728;-175018;48693;25925;4
107402;-172361;47672;26091;1
106431;-173430;47611;26024;1
107609;-165466;47685;26522;2
117424;-181029;48299;25549;4
115361;-182775;48170;25440;1
123244;-192706;48662;24819;2
115914;-181434;48204;25524;1
125243;-173438;48787;26024;2
123149;-193905;48656;24744;8
113008;-170866;48023;26184;2
119022;-167426;48398;26399;4
110105;-170353;47841;26216;2
124049;-182326;48713;25468;4
117352;-180629;48294;25574;1
117224;-182722;48286;25443;4
121418;-188543;48548;25080;8
106593;-175393;47622;25901;4
107100;-165308;47653;26532;1
114626;-179887;48124;25621;1
106186;-172611;47596;26075;1
128818;-194884;49011;24683;1
108810;-165198;47760;26539;8
110637;-168523;47874;26331;2
120665;-193433;48501;24774;2
115393;-182959;48172;25429;2
108753;-169532;47757;26268;1
123860;-181541;48701;25517;8
106546;-172870;47619;26059;2
112073;-166938;47964;26430;1
106812;-173059;47635;26047;1
116730;-194061;48255;24735;2
107163;-174016;47657;25988;4
119997;-168670;48459;26322;2
128794;-194885;49009;24683;8
118824;-168713;48386;26319;4
115258;-180024;48163;25612;2
106167;-175316;47595;25906;4
115832;-177383;48199;25777;2
115361;-182827;48170;25437;8
111045;-171099;47900;26170;2
116787;-183895;48259;25370;1
115638;-183218;48187;25412;8
117723;-182336;48317;25468;4
106319;-174851;47604;25935;8
109493;-164954;47803;26554;2
108124;-176563;47717;25828;2
116674;-194419;48252;24712;2
115724;-180905;48192;25557;2
108964;-175713;47770;25881;2
108292;-173801;47728;26001;8
115440;-182221;48175;25475;8
114817;-179352;48136;25654;1
107647;-165379;47687;26527;4
125804;-172413;48822;26088;4
121360;-168553;48545;26329;1
118767;-168278;48382;26346;4
117061;-179310;48276;25657;1
110795;-168698;47884;26320;4
123755;-174246;48694;25973;4
116886;-178970;48265;25678;8
106583;-173801;47621;26001;2
109347;-175716;47794;25881;1
107257;-165239;47663;26536;4
115424;-182375;48174;25465;2
115239;-180043;48162;25611;4
117123;-183739;48280;25380;2
108504;-165437;47741;26524;2
108709;-165384;47754;26527;2
108157;-174044;47719;25986;2
111976;-166552;47958;26454;1
107894;-171913;47703;26119;4
109630;-170064;47811;26235;1
106894;-173506;47640;26019;2
116379;-178664;48233;25697;4
108296;-173879;47728;25996;1
112608;-170146;47998;26229;8
112461;-174981;47988;25927;1
111031;-166455;47899;26460;4
119917;-181326;48454;25531;2
108502;-173839;47741;25999;4
109855;-165192;47825;26539;8
125534;-172966;48805;26053;2
106648;-176964;47625;25803;2
116109;-178650;48216;25698;1
124816;-173353;48761;26029;4
116865;-179460;48264;25647;2
115383;-182257;48171;25472;2
108532;-174529;47743;25955;4
106672;-175929;47627;25868;4
114926;-175893;48142;25870;4
107419;-172322;47673;26093;8
123803;-182236;48697;25474;2
111288;-168131;47915;26355;1
110156;-165743;47844;26505;8
105897;-175346;47578;25904;1
117285;-178610;48290;25700;1
118494;-168549;48365;26329;8
123665;-174646;48689;25948;4
117447;-178889;48300;25683;2
106182;-176110;47596;25857;1
113364;-171133;48045;26168;4
120718;-188531;48504;25080;4
116207;-177833;48222;25749;8
106131;-175285;47593;25908;1
113184;-171102;48034;26170;8
106028;-175231;47586;25912;2
118545;-168303;48369;26345;8
112317;-171010;47979;26175;8
109266;-175769;47789;25878;1
117408;-182700;48298;25445;1
110067;-170101;47839;26232;8
106402;-176072;47610;25859;2
108550;-174283;47744;25971;2
107299;-176180;47666;25852;4
114792;-179805;48134;25626;2
115775;-181506;48195;25519;2
115993;-181053;48209;25548;8
113815;-169851;48073;26248;1
115352;-176714;48169;25819;1
110753;-167357;47882;26404;4
110144;-165742;47844;26505;2
124590;-173541;48746;26017;4
123208;-174985;48660;25927;8
120905;-182331;48516;25468;1
115033;-179678;48149;25634;1
123369;-175280;48670;25909;2
109373;-175574;47795;25890;4
117144;-181961;48281;25491;2
107911;-172395;47704;26089;8
116219;-178613;48223;25700;2
109130;-165216;47780;26538;2
116209;-177198;48223;25789;8
117397;-180289;48297;25595;1
107535;-165384;47680;26527;8
111776;-170362;47946;26216;8
112631;-170417;47999;26212;2
110847;-171082;47887;26171;1
123557;-174369;48682;25965;1
116269;-177673;48226;25759;2
115948;-177585;48206;25764;2
106098;-174884;47591;25933;8
117372;-178847;48295;25686;4
114602;-179430;48122;25649;8
119115;-166878;48404;26434;1
108211;-176381;47723;25840;8
107450;-172404;47675;26088;1
121050;-188672;48525;25072;1
115875;-178419;48202;25712;1
111095;-166987;47903;26427;2
120475;-188109;48489;25107;4
115698;-182430;48191;25462;4
111998;-166712;47959;26444;2
106666;-176921;47626;25806;4
117449;-179832;48300;25624;4
108790;-169860;47759;26247;8
106531;-175407;47618;25901;2
109456;-174605;47801;25951;4
124602;-173769;48747;26003;2
107614;-172176;47685;26103;8
112215;-170712;47973;26194;4
108110;-172672;47716;26072;4
110699;-170759;47878;26191;4
113527;-171075;48055;26171;2
121176;-188189;48533;25102;1
110972;-167146;47895;26417;4
128862;-194939;49013;24680;1
115819;-181096;48198;25545;4
107519;-172052;47679;26110;2
110103;-165720;47841;26506;1
109973;-170340;47833;26217;2
110433;-169700;47862;26257;4
116354;-180023;48232;25612;2
120315;-181734;48479;25505;1
109522;-169018;47805;26300;2
117703;-182598;48316;25451;4
108749;-165705;47756;26507;8
117128;-179786;48280;25627;1
113622;-169378;48061;26277;4
107865;-176284;47701;25846;2
117296;-179796;48291;25626;1
124419;-174171;48736;25978;2
110430;-170540;47861;26205;4
124737;-173776;48756;26003;4
106771;-176014;47633;25863;2
125055;-173227;48775;26037;8
109146;-169596;47781;26264;4
119413;-168701;48423;26320;4
105353;-172434;47544;26086;1
121236;-168515;48537;26331;4
117451;-181198;48300;25539;4
108267;-165089;47726;26545;8
106690;-177228;47628;25787;2
110360;-167949;47857;26367;4
123786;-174376;48696;25965;2
108232;-165149;47724;26542;4
115780;-183423;48196;25400;4
109118;-175442;47779;25898;1
110668;-169745;47876;26254;2
117320;-179767;48292;25628;2
115632;-185267;48187;25284;2
125724;-172457;48817;26085;8
114593;-179226;48122;25662;8
107730;-172673;47693;26071;1
108684;-170257;47752;26222;1
109189;-175496;47784;25895;4
105533;-172749;47555;26067;1
107992;-176179;47709;25852;2
125818;-172352;48823;26092;4
111557;-171052;47932;26173;1
123681;-181725;48690;25506;4
124156;-181681;48719;25508;4
116652;-194411;48250;24713;8
123185;-193977;48659;24740;1
124122;-174269;48717;25972;2
119294;-168175;48415;26353;8
109712;-177044;47817;25798;1
111788;-167220;47946;26412;1
105755;-173577;47569;26015;4
116309;-180180;48229;25602;4
112119;-167050;47967;26423;4
106877;-175595;47639;25889;4
109519;-175818;47804;25875;1
126939;-176334;48893;25843;4
114881;-179526;48140;25643;4
124958;-173105;48769;26044;4
113876;-169630;48077;26262;1
115656;-183487;48188;25396;8
115730;-181098;48193;25545;1
109917;-168793;47829;26314;2
124248;-173764;48725;26003;8
114983;-179337;48146;25655;1
124336;-173328;48731;26031;4
110162;-168445;47845;26336;8
117379;-181563;48296;25516;8
115359;-184217;48169;25350;4
126881;-175639;48890;25886;1
114679;-179607;48127;25638;1
119181;-181920;48408;25494;2
119887;-182032;48452;25487;1
114794;-179434;48134;25649;8
123788;-181564;48696;25516;4
110448;-170461;47863;26210;1
105678;-172543;47564;26080;4
121466;-168381;48551;26340;1
110665;-168831;47876;26312;8
116990;-181022;48271;25550;1
117236;-183808;48287;25376;8
105580;-172757;47558;26066;2
118517;-168505;48367;26332;4
106565;-175556;47620;25891;4
116376;-184216;48233;25350;4
129751;-191095;49069;24920;4
123346;-166791;48669;26439;2
115614;-177403;48185;25776;1
113712;-170678;48067;26196;8
109028;-176729;47774;25818;4
108908;-175467;47766;25897;1
124026;-174271;48711;25972;1
112949;-170866;48019;26184;4
107224;-172627;47661;26074;4
108431;-174121;47736;25981;8
110851;-169410;47888;26275;1
106090;-175074;47590;25921;4
123628;-181183;48686;25540;8
107534;-172379;47680;26090;8
108672;-169565;47752;26266;2
110174;-170446;47845;26211;1
111059;-166498;47901;26457;4
109700;-176776;47816;25815;8
115936;-184815;48206;25313;8
105739;-175043;47568;25923;4
114763;-179282;48132;25658;4
119736;-168360;48443;26341;2
106539;-175869;47618;25872;8
114379;-178859;48108;25685;2
113688;-171039;48065;26174;8
124081;-181710;48715;25507;2
120895;-182334;48515;25468;8
108673;-167628;47752;26387;4
115908;-178048;48204;25736;1
109122;-169595;47780;26264;1
106760;-173036;47632;26049;2
117420;-181725;48298;25506;4
125088;-172764;48778;26066;1
117376;-181177;48296;25540;8
116832;-184211;48262;25350;8
127822;-195490;48948;24645;4
123263;-194168;48663;24728;2
123999;-173765;48709;26003;1
108861;-173842;47763;25998;4
118992;-168776;48397;26315;2
114564;-178766;48120;25691;8
115697;-183787;48191;25377;4
115966;-183747;48207;25379;1
110551;-168818;47869;26312;1
107114;-173826;47654;25999;2
109809;-171107;47823;26169;8
110937;-170708;47893;26194;1
114810;-177775;48135;25753;1
107588;-172254;47684;26098;1
106343;-176789;47606;25814;8
116041;-181595;48212;25514;8
110666;-167085;47876;26421;8
108447;-176716;47737;25819;8
110844;-170748;47887;26192;1
107063;-172603;47651;26076;4
116161;-180912;48220;25557;8
130471;-193058;49114;24797;8
120377;-168614;48483;26325;4
106034;-176800;47587;25814;2
116038;-183679;48212;25384;1
108365;-176629;47732;25824;4
120511;-168669;48491;26322;4
117031;-179154;48274;25666;2
124112;-173561;48717;26016;8
119596;-181856;48434;25498;1
117334;-181840;48293;25499;8
108186;-165337;47721;26530;2
116407;-179953;48235;25616;2
117274;-182743;48289;25442;2
106543;-175380;47618;25902;8
112278;-169418;47977;26275;4
116261;-181138;48226;25542;8
125786;-172451;48821;26085;1
121313;-168400;48542;26339;4
109876;-164912;47827;26557;4
117121;-180385;48280;25589;4
112638;-169457;47999;26272;4
125302;-173283;48791;26033;1
109916;-165444;47829;26523;1
113377;-169182;48046;26290;1
120778;-187922;48508;25118;8
110792;-167251;47884;26410;4
110571;-170394;47870;26214;1
127581;-185737;48933;25255;1
113867;-192373;48076;24840;1
117320;-180057;48292;25610;1
112951;-170739;48019;26192;2
108533;-171461;47743;26147;1
116237;-184147;48224;25354;8
115695;-177240;48190;25786;4
120016;-182056;48461;25485;4
125939;-172544;48831;26080;1
107386;-173049;47671;26048;8
121232;-168379;48537;26340;2
105988;-175297;47584;25907;8
117183;-183752;48283;25379;1
106554;-173441;47619;26023;1
108039;-176282;47712;25846;1
115655;-177397;48188;25776;2
109175;-165400;47783;26526;4
106135;-176513;47593;25831;4
116053;-177341;48213;25780;1
114424;-178712;48111;25694;1
113250;-169411;48038;26275;1
107468;-172221;47676;26100;2
123173;-194105;48658;24732;2
116306;-179842;48229;25623;1
115571;-183169;48183;25415;8
114559;-174354;48119;25966;8
106514;-175450;47617;25898;1
111563;-167521;47932;26393;1
108795;-174346;47759;25967;1
116785;-184242;48259;25348;2
127838;-195540;48949;24642;4
106515;-175162;47617;25916;8
116011;-180994;48210;25551;1
117655;-182213;48313;25475;4
115900;-183644;48203;25386;2
120972;-188589;48520;25077;1
108752;-174037;47757;25986;8
118976;-168211;48396;26350;2
108748;-165639;47756;26511;2
108996;-171065;47772;26172;4
113250;-169197;48038;26289;8
116303;-177583;48228;25765;1
125446;-173390;48800;26027;4
115997;-178481;48209;25708;4
117061;-178956;48276;25679;8
108725;-170259;47755;26222;1
111057;-170901;47901;26182;1
107373;-176284;47670;25846;4
105527;-172682;47555;26071;8
109633;-165666;47812;26509;1
115319;-176652;48167;25823;1
115909;-184833;48204;25311;1
123758;-182324;48694;25468;8
107276;-165477;47664;26521;2
123260;-175327;48663;25906;2
111663;-171095;47938;26170;4
115334;-176855;48168;25810;2
111570;-167682;47933;26383;8
109117;-175625;47779;25887;2
126384;-172553;48859;26079;2
109680;-169081;47815;26296;1
117029;-178738;48274;25692;2
110465;-168852;47864;26310;4
115827;-183570;48199;25390;8
123178;-174962;48658;25928;1
123197;-174840;48659;25936;8
117369;-166330;48295;26468;8
105918;-175068;47579;25922;8
123352;-166761;48669;26441;4
107296;-173018;47666;26050;4
108734;-169266;47755;26284;8
120760;-188323;48507;25093;2
111447;-169405;47925;26276;4
107927;-176362;47705;25841;8
117141;-179582;48281;25640;4
110043;-170029;47837;26237;1
118832;-168302;48387;26345;8
109654;-164909;47813;26557;2
109412;-165757;47798;26504;2
117848;-182537;48325;25455;4
119311;-168016;48416;26363;8
106567;-177278;47620;25784;8
117298;-181132;48291;25543;4
116324;-180263;48230;25597;1
111097;-168280;47903;26346;2
111697;-170879;47941;26184;1
107401;-176305;47672;25844;8
116432;-180149;48237;25604;8
116089;-183455;48215;25398;2
112165;-170592;47970;26202;2
115597;-177250;48184;25785;4
125626;-173377;48811;26027;2
109407;-176624;47797;25825;1
118823;-168737;48386;26317;8
111906;-170015;47954;26238;2
109726;-174663;47817;25947;4
106376;-174023;47608;25987;8
115532;-183667;48180;25384;8
108775;-169138;47758;26292;8
117158;-183466;48282;25397;1
106580;-177258;47621;25785;1
110075;-164954;47839;26554;2
114379;-178071;48108;25734;1
113259;-169623;48038;26262;8
119395;-182252;48422;25473;8
105892;-176723;47578;25818;4
106126;-176693;47592;25820;8
107776;-172697;47696;26070;2
120350;-181842;48481;25498;8
110791;-170664;47884;26197;8
111875;-169983;47952;26240;2
115876;-185138;48202;25292;8
105939;-175070;47581;25922;8
111457;-170889;47926;26183;4
118960;-167456;48395;26398;1
117106;-180183;48279;25602;4
107883;-172212;47702;26100;8
117417;-179826;48298;25624;1
109097;-169637;47778;26261;8
112492;-168798;47990;26314;8
116776;-183880;48258;25371;4
107077;-177399;47652;25776;4
108890;-165490;47765;26520;4
120179;-181634;48471;25511;1
117501;-181415;48303;25525;8
106942;-177177;47643;25790;2
105980;-174348;47583;25967;8
108965;-164968;47770;26553;2
109734;-168833;47818;26311;1
110348;-167366;47856;26403;1
115768;-181508;48195;25519;2
120785;-168568;48509;26328;4
120603;-188566;48497;25078;8
108455;-174244;47738;25973;8
114787;-178407;48134;25713;4
106159;-174908;47594;25932;4
124045;-173514;48712;26019;8
106582;-175765;47621;25878;1
123187;-193227;48659;24787;8
107459;-172107;47676;26107;1
108873;-165168;47764;26541;1
129323;-181051;49042;25548;4
126244;-172469;48850;26084;1
120990;-188880;48521;25059;2
106404;-173650;47610;26010;1
109682;-176761;47815;25816;1
123186;-175480;48659;25896;2
111740;-169414;47943;26275;1
117086;-166292;48277;26470;8
114989;-179735;48146;25630;2
126223;-172548;48848;26079;2
123849;-181294;48700;25533;8
112167;-170535;47970;26205;1
109944;-170305;47831;26219;1
107661;-165101;47688;26545;4
117097;-179641;48278;25636;1
116324;-177784;48230;25752;4
118086;-171726;48340;26131;8
116966;-183559;48270;25391;1
111965;-170845;47957;26186;2