164788;163629;51259;47090;2
165172;163707;51283;47095;8
164084;163651;51215;47092;8
165130;163590;51280;47088;2
164420;163672;51236;47093;4
165338;163639;51293;47091;4
164295;163680;51228;47094;2
165320;163627;51292;47090;1
164114;163602;51217;47089;2
164080;163635;51215;47091;4
165052;163605;51275;47089;2
164437;163700;51237;47095;8
164748;163626;51256;47090;2
163858;163640;51201;47091;4
165041;163708;51275;47095;2
165085;163613;51277;47089;8
165236;163631;51287;47090;4
163877;163685;51202;47094;4
165140;163585;51281;47088;4
165129;163664;51280;47093;4
165115;163696;51279;47095;2
163878;163689;51202;47094;4
164270;163632;51226;47091;1
163997;163679;51209;47093;2
164711;163591;51254;47088;8
165111;163600;51279;47089;4
164855;163690;51263;47094;1
163903;163590;51203;47088;2
163909;163588;51204;47088;1
165138;163704;51281;47095;2
165389;163596;51296;47088;2
164991;163659;51271;47092;2
163998;163687;51209;47094;8
165535;163614;51305;47089;2
165502;163673;51303;47093;2
164098;163667;51216;47093;4
163911;163677;51204;47093;8
164854;163682;51263;47094;1
164333;163679;51230;47093;4
164991;163618;51271;47090;8
165220;163623;51286;47090;2
163955;163666;51207;47093;2
164574;163691;51245;47094;1
164212;163666;51223;47093;2
163948;163631;51206;47090;4
164966;163615;51270;47089;4
164628;163664;51249;47093;2
165517;163674;51304;47093;2
165210;163670;51285;47093;8
165153;163653;51282;47092;8
164894;163660;51265;47092;2
164532;163650;51243;47092;4
163924;163612;51205;47089;8
164777;163645;51258;47091;8
164252;163634;51225;47091;4
163911;163628;51204;47090;8
165192;163679;51284;47093;1
165322;163638;51292;47091;8
164033;163651;51212;47092;8
164600;163642;51247;47091;8
165138;163614;51281;47089;8
163947;163689;51206;47094;2
165017;163598;51273;47088;1
163880;163657;51202;47092;2
165230;163606;51286;47089;8
165078;163611;51277;47089;8
164826;163658;51261;47092;4
164020;163656;51211;47092;1
164993;163596;51272;47088;1
164390;163631;51234;47090;8
165455;163701;51300;47095;4
164729;163623;51255;47090;4
164947;163658;51269;47092;1
165590;163698;51309;47095;8
164587;163682;51246;47094;2
164490;163602;51240;47089;1
164373;163676;51233;47093;4
165289;163589;51290;47088;4
164451;163634;51238;47091;4
165610;163591;51310;47088;4
164202;163648;51222;47092;2
164322;163699;51230;47095;2
164679;163590;51252;47088;2
164735;163681;51255;47094;1
164857;163618;51263;47090;4
164927;163618;51267;47090;1
164392;163709;51234;47095;8
164372;163588;51233;47088;1
165226;163684;51286;47094;1
164926;163671;51267;47093;2
164476;163625;51239;47090;1
165016;163657;51273;47092;1
163997;163639;51209;47091;8
164775;163622;51258;47090;8
164926;163697;51267;47095;4
164174;163689;51220;47094;4
164263;163709;51226;47095;4
165520;163587;51305;47088;1
164045;163675;51212;47093;8
164354;163587;51232;47088;4
165149;163625;51281;47090;2
163889;163627;51203;47090;2
164508;163669;51241;47093;2
164698;163709;51253;47095;1
165039;163603;51274;47089;8
164679;163644;51252;47091;8
164084;163611;51215;47089;4
165391;163646;51296;47091;2
165483;163645;51302;47091;4
164845;163693;51262;47094;1
164930;163635;51268;47091;4
165512;163597;51304;47088;4
164232;163635;51224;47091;8
164495;163653;51240;47092;1
164870;163637;51264;47091;8
165539;163677;51306;47093;2
164421;163611;51236;47089;2
165528;163629;51305;47090;4
164377;163644;51233;47091;1
165059;163625;51276;47090;2
165101;163698;51278;47095;4
165373;163682;51295;47094;2
165482;163699;51302;47095;2
165394;163640;51297;47091;8
165379;163670;51296;47093;4
164898;163702;51266;47095;4
165221;163593;51286;47088;4
165020;163633;51273;47091;1
165034;163622;51274;47090;8
164517;163667;51242;47093;4
165175;163650;51283;47092;2
165515;163649;51304;47092;8
164953;163591;51269;47088;2
165110;163667;51279;47093;8
164832;163618;51262;47090;1
163870;163679;51201;47093;8
164416;163661;51236;47092;1
164612;163616;51248;47090;2
165292;163709;51290;47095;8
165617;163627;51311;47090;1
165385;163644;51296;47091;2
164626;163685;51249;47094;8
164502;163659;51241;47092;4
165428;163596;51299;47088;8
164102;163627;51216;47090;8
164530;163591;51243;47088;8
165585;163692;51309;47094;4
165216;163602;51286;47089;2
165219;163645;51286;47091;8
164555;163701;51244;47095;2
165344;163618;51294;47090;4
164612;163638;51248;47091;4
164932;163595;51268;47088;2
164510;163665;51241;47093;2
165470;163589;51301;47088;4
165474;163590;51302;47088;2
164078;163678;51214;47093;1
163902;163683;51203;47094;2
163889;163643;51203;47091;4
165414;163689;51298;47094;8
164860;163679;51263;47093;4
164143;163644;51218;47091;1
164690;163620;51253;47090;4
165224;163703;51286;47095;8
163895;163625;51203;47090;1
164255;163682;51225;47094;1
164289;163702;51228;47095;1
163961;163700;51207;47095;1
164583;163606;51246;47089;4
165129;163662;51280;47092;1
164375;163661;51233;47092;2
165066;163637;51276;47091;1
164533;163606;51243;47089;4
164200;163640;51222;47091;2
163887;163626;51202;47090;2
163990;163594;51209;47088;8
165285;163591;51290;47088;2
165077;163648;51277;47092;4
165222;163604;51286;47089;4
165213;163629;51285;47090;2
164607;163589;51247;47088;8
164520;163702;51242;47095;4
164541;163690;51243;47094;4
165016;163695;51273;47094;2
164525;163588;51242;47088;1
164587;163632;51246;47091;4
165190;163608;51284;47089;8
164058;163704;51213;47095;1
165333;163640;51293;47091;8
165075;163612;51277;47089;4
164015;163616;51210;47090;8
164422;163674;51236;47093;4
164463;163629;51238;47090;4
165210;163637;51285;47091;1
164316;163662;51229;47092;1
164521;163676;51242;47093;4
164763;163667;51257;47093;8
165175;163646;51283;47091;1
164802;163599;51260;47088;4
165615;163591;51310;47088;8
164628;163610;51249;47089;1
165318;163638;51292;47091;1
163869;163676;51201;47093;4
163946;163622;51206;47090;4
164836;163633;51262;47091;8
164593;163684;51247;47094;8
164743;163689;51256;47094;1
165614;163702;51310;47095;2
164981;163643;51271;47091;2
165494;163638;51303;47091;2
164024;163628;51211;47090;4
164812;163707;51260;47095;2
165291;163585;51290;47088;1
164244;163607;51225;47089;8
164642;163620;51250;47090;1
163910;163640;51204;47091;4
164062;163670;51213;47093;4
164249;163585;51225;47088;8
164616;163685;51248;47094;8
164828;163620;51261;47090;1
164221;163688;51223;47094;8
165619;163668;51311;47093;8
164635;163608;51249;47089;4
165134;163711;51280;47095;1
165249;163650;51288;47092;8
164112;163656;51217;47092;4
165139;163686;51281;47094;2
164251;163631;51225;47090;2
164791;163637;51259;47091;1
165334;163607;51293;47089;8
165307;163673;51291;47093;2
165331;163597;51293;47088;8
165199;163624;51284;47090;8
163896;163657;51203;47092;2
164535;163637;51243;47091;4
165430;163590;51299;47088;8
164022;163596;51211;47088;4
164667;163661;51251;47092;4
164814;163608;51260;47089;4
164073;163711;51214;47095;8
164904;163677;51266;47093;1
165130;163652;51280;47092;1
164703;163586;51253;47088;2
164767;163661;51257;47092;8
164603;163589;51247;47088;4
165354;163699;51294;47095;1
164645;163682;51250;47094;2
164126;163624;51217;47090;8
165083;163679;51277;47093;4
165277;163592;51289;47088;8
164599;163684;51247;47094;4
164912;163672;51267;47093;2
164066;163610;51214;47089;2
165017;163689;51273;47094;2
164698;163707;51253;47095;4
164682;163698;51252;47095;1
164464;163696;51239;47095;2
165358;163668;51294;47093;8
164271;163633;51226;47091;2
165157;163694;51282;47094;2
165020;163646;51273;47091;1
165147;163643;51281;47091;1
164917;163634;51267;47091;2
164867;163597;51264;47088;4
164182;163687;51221;47094;4
164524;163590;51242;47088;4
164979;163615;51271;47089;8
165219;163709;51286;47095;4
164958;163657;51269;47092;2
165431;163702;51299;47095;8
165055;163585;51275;47088;4
164643;163623;51250;47090;1
164581;163668;51246;47093;2
165611;163661;51310;47092;8
164200;163589;51222;47088;2
164122;163657;51217;47092;1
165203;163702;51285;47095;2
164028;163613;51211;47089;1
164788;163678;51259;47093;1
164849;163630;51263;47090;2
165290;163701;51290;47095;2
164031;163656;51211;47092;2
163951;163699;51206;47095;2
165013;163630;51273;47090;4
164636;163646;51249;47091;4
164553;163670;51244;47093;2
164589;163683;51246;47094;8
164397;163661;51234;47092;2
164771;163650;51258;47092;4
165227;163596;51286;47088;2
165347;163612;51294;47089;4
165176;163676;51283;47093;2
164831;163645;51261;47091;1
164012;163680;51210;47094;8
165042;163604;51275;47089;2
164151;163595;51219;47088;8
165171;163651;51283;47092;4
165220;163672;51286;47093;4
164829;163613;51261;47089;4
164976;163693;51271;47094;4
163960;163608;51207;47089;8
164978;163706;51271;47095;1
163849;163660;51200;47092;4
164116;163701;51217;47095;8
165605;163621;51310;47090;8
164427;163599;51236;47088;8
164643;163599;51250;47088;1
165479;163688;51302;47094;2
165440;163696;51300;47095;1
164932;163638;51268;47091;2
164595;163626;51247;47090;2
163916;163601;51204;47089;1
164669;163666;51251;47093;4
164590;163687;51246;47094;8
164396;163681;51234;47094;4
165307;163623;51291;47090;8
164246;163615;51225;47089;1
164968;163640;51270;47091;2
164532;163598;51243;47088;1
165227;163688;51286;47094;4
165252;163597;51288;47088;8
164042;163649;51212;47092;2
164737;163685;51256;47094;8
164860;163587;51263;47088;1
164942;163668;51268;47093;8
164029;163677;51211;47093;4
165252;163650;51288;47092;8
165531;163673;51305;47093;1
164085;163609;51215;47089;1
165354;163672;51294;47093;8
164686;163710;51252;47095;4
165477;163651;51302;47092;1
164221;163646;51223;47091;4
165062;163685;51276;47094;2
165317;163612;51292;47089;1
164298;163710;51228;47095;2
164225;163627;51224;47090;1
164647;163590;51250;47088;2
165069;163600;51276;47089;8
165276;163691;51289;47094;4
164940;163612;51268;47089;2
164230;163685;51224;47094;4
164427;163707;51236;47095;4
165517;163619;51304;47090;2
164937;163625;51268;47090;1
165299;163629;51291;47090;1
164552;163703;51244;47095;1
164275;163587;51227;47088;2
164597;163600;51247;47089;2
165477;163661;51302;47092;8
165248;163665;51288;47093;4
165030;163648;51274;47092;8
164256;163710;51226;47095;4
164981;163645;51271;47091;1
163869;163708;51201;47095;8
164544;163622;51244;47090;2
164594;163655;51247;47092;1
164089;163673;51215;47093;2
163955;163654;51207;47092;4
165404;163618;51297;47090;8
165037;163686;51274;47094;4
164854;163607;51263;47089;2
165474;163650;51302;47092;8
163945;163637;51206;47091;8
164325;163604;51230;47089;8
164938;163701;51268;47095;4
164197;163666;51222;47093;4
164083;163589;51215;47088;1
165084;163688;51277;47094;4
165419;163629;51298;47090;2
164407;163678;51235;47093;4
164033;163593;51212;47088;2
164280;163593;51227;47088;8
164695;163631;51253;47090;4
164709;163631;51254;47090;8
164843;163686;51262;47094;1
164087;163642;51215;47091;2
164611;163590;51248;47088;8
165436;163708;51299;47095;2
165531;163685;51305;47094;4
164774;163673;51258;47093;4
164191;163612;51221;47089;1
164068;163699;51214;47095;2
164695;163660;51253;47092;2
164656;163651;51251;47092;2
164042;163657;51212;47092;4
164331;163653;51230;47092;4
165504;163677;51304;47093;8
165631;163662;51311;47092;8
165493;163626;51303;47090;8
165015;163591;51273;47088;1
165320;163590;51292;47088;2
163854;163699;51200;47095;8
163879;163704;51202;47095;1
165098;163607;51278;47089;4
164092;163599;51215;47088;4
165007;163688;51272;47094;2
165572;163676;51308;47093;8
165457;163681;51301;47094;1
164177;163622;51221;47090;2
163876;163585;51202;47088;2
164570;163595;51245;47088;2
164781;163710;51258;47095;2
164633;163595;51249;47088;1
163897;163697;51203;47095;8
164954;163709;51269;47095;4
163911;163595;51204;47088;2
165259;163606;51288;47089;8
165261;163653;51288;47092;2
164898;163701;51266;47095;8
163969;163642;51208;47091;1
164676;163686;51252;47094;1
165160;163681;51282;47094;1
164707;163621;51254;47090;2
165239;163659;51287;47092;2
164763;163614;51257;47089;8
164188;163601;51221;47089;4
165263;163701;51288;47095;2
165584;163689;51309;47094;1
165280;163598;51290;47088;1
164457;163624;51238;47090;4
165349;163613;51294;47089;4
163932;163679;51205;47093;8
165312;163624;51292;47090;8
164560;163678;51245;47093;2
164830;163599;51261;47088;1
165524;163711;51305;47095;4
165134;163673;51280;47093;4
165413;163681;51298;47094;2
164799;163697;51259;47095;8
164093;163675;51215;47093;8
165040;163597;51275;47088;2
164983;163685;51271;47094;4
165606;163653;51310;47092;2
164640;163610;51250;47089;4
165490;163629;51303;47090;4
164157;163595;51219;47088;1
164292;163654;51228;47092;1
165499;163619;51303;47090;2
164861;163671;51263;47093;2
164881;163602;51265;47089;1
165434;163636;51299;47091;2
164152;163623;51219;47090;2
165065;163651;51276;47092;2
163843;163600;51200;47089;2
165263;163649;51288;47092;2
164739;163666;51256;47093;4
164801;163687;51260;47094;4
164347;163636;51231;47091;8
165264;163615;51289;47089;2
164523;163635;51242;47091;2
164483;163625;51240;47090;2
164471;163671;51239;47093;8
163989;163702;51209;47095;1
164250;163665;51225;47093;4
165373;163698;51295;47095;4
165249;163601;51288;47089;8
164396;163588;51234;47088;4
165530;163653;51305;47092;1
165021;163592;51273;47088;8
165045;163652;51275;47092;4
163978;163680;51208;47094;2
164730;163697;51255;47095;1
164568;163667;51245;47093;1
164205;163690;51222;47094;8
164848;163671;51263;47093;8
163978;163612;51208;47089;2
165538;163618;51306;47090;1
163931;163644;51205;47091;2
165362;163695;51295;47094;1
164037;163613;51212;47089;2
164469;163594;51239;47088;1
164203;163688;51222;47094;2
164096;163636;51216;47091;1
164256;163663;51226;47092;1
164371;163675;51233;47093;8
165015;163616;51273;47090;1
165256;163666;51288;47093;1
164198;163658;51222;47092;2
164339;163626;51231;47090;8
164198;163596;51222;47088;1
163912;163691;51204;47094;8
164453;163695;51238;47094;4
165238;163600;51287;47089;2
164900;163691;51266;47094;8
164040;163619;51212;47090;2
164149;163607;51219;47089;4
164052;163598;51213;47088;4
165374;163685;51295;47094;8
164267;163642;51226;47091;8
165086;163677;51277;47093;2
164328;163703;51230;47095;4
164510;163586;51241;47088;8
164925;163626;51267;47090;1
165250;163699;51288;47095;2
165573;163616;51308;47090;4
164314;163626;51229;47090;1
164661;163603;51251;47089;1
165109;163687;51279;47094;1
164408;163685;51235;47094;4
164522;163627;51242;47090;1
164571;163693;51245;47094;1
164898;163588;51266;47088;8
164295;163590;51228;47088;8
165579;163638;51308;47091;1
165097;163586;51278;47088;2
165381;163589;51296;47088;1
165251;163646;51288;47091;1
165576;163621;51308;47090;8
164043;163676;51212;47093;4
164984;163685;51271;47094;4
164088;163608;51215;47089;8
164540;163636;51243;47091;4
164006;163588;51210;47088;1
164863;163593;51263;47088;1
164489;163675;51240;47093;2
165228;163680;51286;47094;4
165420;163675;51298;47093;8
164582;163596;51246;47088;2
165379;163706;51296;47095;8
163927;163616;51205;47090;8
164586;163622;51246;47090;1
164017;163686;51211;47094;1
164121;163696;51217;47095;1
165067;163664;51276;47093;4
164640;163589;51250;47088;8
165304;163694;51291;47094;1
164575;163669;51245;47093;8
164767;163603;51257;47089;2
164304;163621;51229;47090;1
164616;163651;51248;47092;1
164197;163588;51222;47088;4
164040;163585;51212;47088;1
164272;163585;51227;47088;2
164421;163642;51236;47091;8
164439;163606;51237;47089;1
164071;163617;51214;47090;2
165243;163602;51287;47089;4
164652;163633;51250;47091;1
164635;163600;51249;47089;1
164206;163609;51222;47089;1
163965;163615;51207;47089;8
164514;163674;51242;47093;2
164752;163709;51257;47095;2
165557;163645;51307;47091;2
164508;163671;51241;47093;2
165274;163704;51289;47095;1
163840;163708;51200;47095;1
165420;163679;51298;47093;2
164894;163594;51265;47088;2
164110;163680;51216;47094;2
163986;163606;51209;47089;4
164395;163686;51234;47094;2
164366;163657;51232;47092;1
165221;163624;51286;47090;2
164600;163589;51247;47088;1
165024;163661;51274;47092;4
164785;163708;51259;47095;8
165084;163616;51277;47090;1
164922;163621;51267;47090;1
165549;163664;51306;47093;8
164182;163629;51221;47090;2
164750;163594;51256;47088;8
164341;163657;51231;47092;4
165438;163640;51299;47091;8
165123;163619;51280;47090;2
165573;163662;51308;47092;4
164948;163656;51269;47092;4
164042;163710;51212;47095;2
164087;163592;51215;47088;4
164744;163699;51256;47095;2
163967;163626;51207;47090;2
164041;163636;51212;47091;2
165597;163595;51309;47088;1
165296;163629;51291;47090;8
165498;163706;51303;47095;1
165137;163656;51281;47092;1
165523;163684;51305;47094;4
164006;163710;51210;47095;8
164595;163602;51247;47089;8
164340;163655;51231;47092;8
164721;163697;51255;47095;4
165071;163596;51276;47088;4
165031;163634;51274;47091;2
164199;163611;51222;47089;1
164003;163616;51210;47090;4
164321;163683;51230;47094;8
165247;163624;51287;47090;8
164626;163657;51249;47092;8
165261;163678;51288;47093;1
165090;163629;51278;47090;4
164101;163629;51216;47090;1
163960;163600;51207;47089;8
164091;163652;51215;47092;1
165398;163688;51297;47094;2
164539;163610;51243;47089;1
165240;163682;51287;47094;2
165495;163679;51303;47093;8
165268;163659;51289;47092;8
164531;163596;51243;47088;1
165029;163677;51274;47093;8
164329;163698;51230;47095;2
164229;163692;51224;47094;4
164173;163694;51220;47094;2
164400;163629;51235;47090;4
165430;163646;51299;47091;2
164255;163613;51225;47089;4
163854;163675;51200;47093;2
163987;163650;51209;47092;1
165274;163645;51289;47091;2
164507;163692;51241;47094;4
164979;163703;51271;47095;4
164945;163675;51269;47093;1
164878;163684;51264;47094;1
164470;163644;51239;47091;1
164541;163683;51243;47094;2
164315;163602;51229;47089;1
164471;163673;51239;47093;1
165100;163665;51278;47093;4
164957;163588;51269;47088;8
163884;163608;51202;47089;2
163848;163632;51200;47091;8
165157;163593;51282;47088;4
163954;163585;51207;47088;8
164939;163679;51268;47093;4
164594;163656;51247;47092;4
165102;163609;51278;47089;8
164822;163638;51261;47091;2
164818;163591;51261;47088;2
165151;163597;51281;47088;1
164909;163631;51266;47090;8
164541;163659;51243;47092;2
164215;163584;51223;47088;2
164080;163707;51215;47095;4
165572;163682;51308;47094;4
164003;163708;51210;47095;2
165307;163676;51291;47093;4
165041;163633;51275;47091;4
164002;163643;51210;47091;8
163897;163657;51203;47092;2
163953;163624;51207;47090;1
165327;163647;51292;47091;2
165331;163645;51293;47091;1
164497;163639;51241;47091;2
164112;163676;51217;47093;1
164756;163633;51257;47091;8
163933;163653;51205;47092;4
165296;163697;51291;47095;8
164499;163596;51241;47088;1
164716;163624;51254;47090;8
163973;163605;51208;47089;4
164959;163612;51269;47089;2
164064;163707;51214;47095;2
164432;163608;51237;47089;1
165568;163662;51308;47092;4
164278;163688;51227;47094;1
164414;163584;51235;47088;1
164508;163662;51241;47092;4
164351;163601;51231;47089;2
163988;163661;51209;47092;2
164369;163651;51233;47092;2
165544;163641;51306;47091;1
163992;163594;51209;47088;2
165059;163653;51276;47092;2
164326;163627;51230;47090;2
164710;163687;51254;47094;4
165625;163655;51311;47092;8
164134;163612;51218;47089;1
164255;163690;51225;47094;2
165571;163690;51308;47094;4
165153;163641;51282;47091;1
164333;163667;51230;47093;1
164817;163597;51261;47088;8
164391;163648;51234;47092;8
163962;163651;51207;47092;1
164057;163711;51213;47095;4
165044;163664;51275;47093;4
163954;163700;51207;47095;4
164283;163666;51227;47093;8
164518;163681;51242;47094;8
164734;163597;51255;47088;2
165370;163633;51295;47091;2
165627;163678;51311;47093;8
164113;163614;51217;47089;2
164739;163602;51256;47089;2
165089;163658;51278;47092;2
164779;163691;51258;47094;2
165215;163688;51285;47094;8
165495;163681;51303;47094;1
164446;163617;51237;47090;4
163922;163604;51205;47089;1
164854;163693;51263;47094;1
165025;163609;51274;47089;2
165522;163648;51305;47092;8
164614;163676;51248;47093;1
165555;163699;51307;47095;4
165213;163695;51285;47094;8
164581;163614;51246;47089;8
164392;163636;51234;47091;2
164773;163652;51258;47092;1
165218;163589;51286;47088;2
165131;163708;51280;47095;4
164832;163593;51262;47088;1
165172;163688;51283;47094;2
164913;163673;51267;47093;8
165078;163670;51277;47093;4
164841;163642;51262;47091;4
165626;163608;51311;47089;4
165487;163595;51302;47088;4
164270;163589;51226;47088;8
164554;163636;51244;47091;1
163858;163595;51201;47088;8
165107;163663;51279;47092;1
164325;163663;51230;47092;4
164626;163657;51249;47092;8
165463;163605;51301;47089;4
164172;163693;51220;47094;8
163999;163586;51209;47088;2
165384;163697;51296;47095;8
165228;163710;51286;47095;1
165398;163633;51297;47091;1
164571;163616;51245;47090;1
164525;163707;51242;47095;4
164961;163611;51270;47089;2
164605;163696;51247;47095;1
164939;163691;51268;47094;1
163958;163700;51207;47095;2
164980;163649;51271;47092;4
164311;163625;51229;47090;2
164268;163680;51226;47094;2
164303;163651;51228;47092;4
163923;163667;51205;47093;2
165265;163618;51289;47090;8
165456;163615;51301;47089;4
165381;163608;51296;47089;8
164767;163608;51257;47089;8
164435;163703;51237;47095;2
164501;163654;51241;47092;1
165532;163682;51305;47094;2
164189;163590;51221;47088;4
165483;163645;51302;47091;4
165542;163656;51306;47092;8
165280;163599;51290;47088;4
164542;163592;51243;47088;8
165117;163698;51279;47095;1
164355;163624;51232;47090;8
165150;163707;51281;47095;4
164473;163648;51239;47092;1
164767;163709;51257;47095;1
164633;163709;51249;47095;4
165161;163600;51282;47089;4
165040;163673;51275;47093;4
165562;163674;51307;47093;4
165057;163691;51276;47094;1
164952;163630;51269;47090;1
165474;163693;51302;47094;8
164705;163596;51254;47088;1
164196;163645;51222;47091;1
163897;163588;51203;47088;8
164515;163604;51242;47089;1
164222;163613;51223;47089;2
165620;163621;51311;47090;2
165092;163681;51278;47094;4
165031;163643;51274;47091;8
164709;163642;51254;47091;4
164622;163610;51248;47089;2
165168;163624;51283;47090;4
164304;163680;51229;47094;8
164350;163701;51231;47095;1
165563;163669;51307;47093;2
164019;163707;51211;47095;1
165134;163622;51280;47090;4
164117;163665;51217;47093;8
165232;163614;51287;47089;2
164636;163594;51249;47088;1
165008;163703;51273;47095;4
164923;163653;51267;47092;8
164004;163608;51210;47089;1
164383;163638;51233;47091;4
165464;163660;51301;47092;4
164049;163665;51213;47093;2
164380;163665;51233;47093;8
165508;163690;51304;47094;2
165559;163604;51307;47089;1
163941;163634;51206;47091;2
164049;163681;51213;47094;2
164948;163626;51269;47090;4
164708;163637;51254;47091;4
164137;163588;51218;47088;1
164057;163601;51213;47089;8
164241;163619;51225;47090;8
165478;163708;51302;47095;8
165222;163669;51286;47093;1
164223;163642;51223;47091;8
165021;163609;51273;47089;2
164191;163707;51221;47095;2
163843;163681;51200;47094;2
165244;163649;51287;47092;8
165220;163708;51286;47095;2
164971;163622;51270;47090;1
164161;163612;51220;47089;2
165017;163589;51273;47088;4
165031;163697;51274;47095;2
164883;163588;51265;47088;2
164786;163626;51259;47090;1
164547;163641;51244;47091;4
165235;163638;51287;47091;2
164082;163657;51215;47092;4
165513;163673;51304;47093;4
165262;163692;51288;47094;8
164823;163681;51261;47094;4
165359;163677;51294;47093;8
164004;163670;51210;47093;4
165508;163638;51304;47091;2
164629;163687;51249;47094;1
163917;163588;51204;47088;1
164731;163651;51255;47092;1
165135;163708;51280;47095;1
165122;163615;51280;47089;8
164143;163614;51218;47089;2
165229;163617;51286;47090;4
165217;163621;51286;47090;2
164564;163621;51245;47090;8
164602;163619;51247;47090;2
164051;163683;51213;47094;1
165494;163639;51303;47091;1
164641;163645;51250;47091;4
164373;163634;51233;47091;8
163843;163675;51200;47093;1
164348;163685;51231;47094;1
164237;163607;51224;47089;8
164175;163687;51220;47094;4
165389;163639;51296;47091;2
165392;163632;51297;47091;1
164334;163600;51230;47089;2
165473;163699;51302;47095;8
164737;163698;51256;47095;1
163897;163609;51203;47089;4
164403;163623;51235;47090;1
164995;163594;51272;47088;4
165193;163610;51284;47089;2
165225;163688;51286;47094;1
164114;163650;51217;47092;4
164865;163595;51264;47088;1
164184;163604;51221;47089;4
164836;163616;51262;47090;1
164511;163688;51241;47094;8
164466;163687;51239;47094;2
164687;163620;51252;47090;2
164711;163673;51254;47093;2
164765;163692;51257;47094;2
165460;163587;51301;47088;2
164516;163683;51242;47094;2
165378;163659;51296;47092;1
164855;163636;51263;47091;2
165370;163704;51295;47095;2
164017;163599;51211;47088;2
164033;163646;51212;47091;8
164557;163698;51244;47095;4
164339;163694;51231;47094;8
164617;163598;51248;47088;1
165177;163696;51283;47095;2
164858;163668;51263;47093;2
165448;163677;51300;47093;1
164573;163640;51245;47091;1
164306;163615;51229;47089;8
164696;163650;51253;47092;1
165086;163591;51277;47088;1
165394;163644;51297;47091;2
164325;163648;51230;47092;2
164814;163621;51260;47090;1
164682;163634;51252;47091;4
164910;163638;51266;47091;8
164813;163613;51260;47089;4
164641;163629;51250;47090;2
164033;163616;51212;47090;4
165206;163696;51285;47095;4
164296;163666;51228;47093;8
164050;163596;51213;47088;8
164444;163660;51237;47092;1
164490;163611;51240;47089;1
164816;163608;51261;47089;8
165630;163616;51311;47090;4
164238;163616;51224;47090;2
165544;163711;51306;47095;8
164729;163711;51255;47095;1
164855;163649;51263;47092;8
165472;163688;51302;47094;2
164047;163597;51212;47088;2
165374;163599;51295;47088;1
164562;163697;51245;47095;1
164503;163660;51241;47092;4
164723;163628;51255;47090;2
165319;163684;51292;47094;8
165169;163665;51283;47093;1
165076;163674;51277;47093;2
164062;163641;51213;47091;8
165217;163608;51286;47089;1
164122;163649;51217;47092;1
165601;163614;51310;47089;8
165378;163669;51296;47093;8
164023;163599;51211;47088;1
164088;163649;51215;47092;8
164734;163706;51255;47095;8
164017;163611;51211;47089;4
164760;163612;51257;47089;2
164383;163638;51233;47091;2
164942;163633;51268;47091;4
164065;163624;51214;47090;1
164059;163591;51213;47088;1
165547;163653;51306;47092;1
165336;163683;51293;47094;2
165526;163669;51305;47093;1
164412;163677;51235;47093;8
164010;163626;51210;47090;2
164828;163586;51261;47088;8
164785;163702;51259;47095;2
165109;163626;51279;47090;8
163889;163638;51203;47091;4
165516;163691;51304;47094;8
165128;163626;51280;47090;4
164649;163650;51250;47092;4
165257;163628;51288;47090;1
164737;163598;51256;47088;4
165503;163646;51303;47091;8
164767;163699;51257;47095;1
165162;163609;51282;47089;1
164608;163602;51248;47089;8
164895;163695;51265;47094;8
164221;163679;51223;47093;2
164586;163597;51246;47088;4
165481;163674;51302;47093;4
165521;163663;51305;47092;8
165342;163664;51293;47093;2
163902;163700;51203;47095;8
164134;163664;51218;47093;1
164576;163666;51246;47093;8
164845;163627;51262;47090;4
164068;163684;51214;47094;4
164371;163677;51233;47093;4
165347;163614;51294;47089;2
163853;163584;51200;47088;1
164659;163637;51251;47091;2
164581;163663;51246;47092;4
165473;163642;51302;47091;8
164257;163667;51226;47093;4
165229;163660;51286;47092;4
164105;163585;51216;47088;4
165278;163646;51289;47091;8
165386;163696;51296;47095;2
165081;163685;51277;47094;4
165105;163603;51279;47089;8
164634;163663;51249;47092;2
164409;163589;51235;47088;4
165120;163620;51280;47090;1
164058;163695;51213;47094;1
164413;163604;51235;47089;2
165361;163685;51295;47094;2
164487;163693;51240;47094;4
164216;163646;51223;47091;4
163899;163647;51203;47091;1
165246;163661;51287;47092;4
165022;163607;51273;47089;8
165053;163626;51275;47090;2
164179;163622;51221;47090;4
165466;163604;51301;47089;1
165249;163655;51288;47092;4
164273;163653;51227;47092;8
164485;163599;51240;47088;2
164471;163584;51239;47088;8
165228;163669;51286;47093;2
164725;163639;51255;47091;2
164047;163687;51212;47094;8
165134;163595;51280;47088;1
164206;163617;51222;47090;1
164522;163694;51242;47094;2
165572;163648;51308;47092;1
164706;163628;51254;47090;2
164303;163699;51228;47095;4
163874;163600;51202;47089;8
165015;163658;51273;47092;1
164896;163659;51266;47092;1
165286;163600;51290;47089;4
165300;163616;51291;47090;4
164617;163598;51248;47088;8
165403;163626;51297;47090;8
165115;163648;51279;47092;8
164268;163635;51226;47091;2
163900;163696;51203;47095;1
163875;163637;51202;47091;1
164048;163661;51213;47092;1
165364;163619;51295;47090;4
164849;163621;51263;47090;8
164163;163639;51220;47091;1
164567;163680;51245;47094;1
164147;163611;51219;47089;1
164319;163683;51229;47094;4
165040;163663;51275;47092;8
165496;163630;51303;47090;4
164268;163647;51226;47091;8
165387;163692;51296;47094;2
164207;163682;51222;47094;1
164280;163673;51227;47093;2
164878;163674;51264;47093;8
163841;163617;51200;47090;2
164111;163628;51216;47090;1
163881;163603;51202;47089;4
165154;163642;51282;47091;4
164322;163663;51230;47092;2
164875;163689;51264;47094;1
165575;163709;51308;47095;4
164139;163676;51218;47093;4
164880;163641;51265;47091;2
165102;163659;51278;47092;4
164949;163590;51269;47088;8
164227;163610;51224;47089;2
165304;163691;51291;47094;8
164469;163693;51239;47094;2
164999;163621;51272;47090;8
165086;163600;51277;47089;1
165176;163598;51283;47088;8
164216;163636;51223;47091;2
164830;163707;51261;47095;8
164685;163659;51252;47092;4
164546;163660;51244;47092;1
164358;163702;51232;47095;8
164723;163620;51255;47090;4
165428;163710;51299;47095;1
164156;163626;51219;47090;8
165147;163657;51281;47092;8
165485;163644;51302;47091;2
163958;163667;51207;47093;4
164825;163661;51261;47092;1
164352;163661;51232;47092;1
164303;163639;51228;47091;4
164314;163623;51229;47090;2
165520;163657;51305;47092;2
165283;163689;51290;47094;4
164457;163618;51238;47090;8
165234;163653;51287;47092;2
165587;163634;51309;47091;1
165141;163614;51281;47089;2
165584;163673;51309;47093;4
164323;163710;51230;47095;2
164552;163632;51244;47091;8
165368;163708;51295;47095;4
165042;163655;51275;47092;4
165580;163657;51308;47092;8
164526;163663;51242;47092;8
165620;163611;51311;47089;8
164401;163595;51235;47088;2
164294;163709;51228;47095;4
164145;163617;51219;47090;2
164767;163589;51257;47088;8
164785;163598;51259;47088;1
164149;163641;51219;47091;4
164207;163611;51222;47089;4
165189;163620;51284;47090;8
164388;163702;51234;47095;8
165008;163622;51273;47090;2
164365;163648;51232;47092;4
164185;163644;51221;47091;4
163880;163675;51202;47093;1
164050;163589;51213;47088;1
164974;163586;51270;47088;1
164563;163710;51245;47095;4
165557;163593;51307;47088;8
165472;163684;51302;47094;2
164127;163604;51217;47089;1
164783;163641;51258;47091;4
165152;163642;51282;47091;1
164048;163667;51213;47093;8
164172;163587;51220;47088;1
164003;163633;51210;47091;4
163963;163625;51207;47090;2
163881;163601;51202;47089;1
164968;163679;51270;47093;4
165101;163588;51278;47088;1
164412;163696;51235;47095;8
164630;163708;51249;47095;4
164916;163604;51267;47089;2
164661;163602;51251;47089;2
164282;163621;51227;47090;2
163920;163633;51205;47091;4
165175;163639;51283;47091;8
163946;163673;51206;47093;8
164401;163696;51235;47095;4
165195;163617;51284;47090;8
163943;163616;51206;47090;8
165002;163623;51272;47090;1
165619;163641;51311;47091;4
165515;163643;51304;47091;1
163887;163651;51202;47092;8
165252;163648;51288;47092;8
165158;163606;51282;47089;1
164488;163590;51240;47088;1
165265;163591;51289;47088;1
164300;163696;51228;47095;4
163856;163680;51201;47094;2
165492;163687;51303;47094;2
164861;163688;51263;47094;1
164354;163671;51232;47093;4
164495;163706;51240;47095;2
164313;163584;51229;47088;2
165546;163633;51306;47091;4
165603;163645;51310;47091;1
164958;163658;51269;47092;4
165323;163648;51292;47092;4
165019;163693;51273;47094;1
165570;163706;51308;47095;1
165201;163667;51285;47093;4
165353;163637;51294;47091;8
164458;163639;51238;47091;4
164276;163620;51227;47090;4
163976;163655;51208;47092;2
163927;163602;51205;47089;8
165122;163612;51280;47089;8
164019;163599;51211;47088;4
165450;163648;51300;47092;8
164331;163687;51230;47094;8
164191;163645;51221;47091;2
165248;163634;51288;47091;1
164113;163614;51217;47089;2
165189;163603;51284;47089;8
165029;163636;51274;47091;1
165248;163706;51288;47095;4
164266;163664;51226;47093;8
164849;163642;51263;47091;4
164143;163688;51218;47094;1
164019;163644;51211;47091;4
165227;163652;51286;47092;2
165310;163685;51291;47094;4
165534;163695;51305;47094;1
165100;163586;51278;47088;4
164365;163671;51232;47093;1
164111;163623;51216;47090;1
164053;163601;51213;47089;2
163910;163614;51204;47089;4
164802;163630;51260;47090;2
164234;163659;51224;47092;2
164821;163674;51261;47093;4
164506;163629;51241;47090;1
164513;163615;51242;47089;2
164059;163684;51213;47094;8
165237;163689;51287;47094;2
165484;163682;51302;47094;1
164185;163679;51221;47093;8
165017;163690;51273;47094;4
164559;163685;51244;47094;8
164608;163612;51248;47089;4
164128;163710;51218;47095;2
165037;163683;51274;47094;2
165037;163630;51274;47090;4
164802;163610;51260;47089;8
164826;163672;51261;47093;4
163915;163692;51204;47094;2
164055;163661;51213;47092;2
163972;163708;51208;47095;2
164214;163660;51223;47092;4
165203;163622;51285;47090;1
164030;163666;51211;47093;4
165574;163674;51308;47093;1
165002;163667;51272;47093;2
165146;163704;51281;47095;2
164280;163692;51227;47094;8
164082;163645;51215;47091;1
163980;163688;51208;47094;8
164971;163667;51270;47093;2
165128;163663;51280;47092;4
164522;163670;51242;47093;1
165280;163648;51290;47092;8
165105;163616;51279;47090;1
164909;163678;51266;47093;8
164552;163614;51244;47089;2
164077;163667;51214;47093;2
164665;163669;51251;47093;4
165293;163635;51290;47091;1
164966;163597;51270;47088;8
165148;163692;51281;47094;2
164080;163602;51215;47089;4
163947;163622;51206;47090;1
165170;163647;51283;47091;8
164671;163601;51251;47089;4
164698;163634;51253;47091;2
163847;163654;51200;47092;1
164409;163615;51235;47089;2
164072;163686;51214;47094;8
164085;163675;51215;47093;1
164331;163640;51230;47091;4
165160;163603;51282;47089;1
163973;163631;51208;47090;8
164217;163613;51223;47089;4
164944;163623;51269;47090;1
165382;163691;51296;47094;1
164480;163653;51240;47092;1
164575;163703;51245;47095;4
164436;163614;51237;47089;2
163964;163596;51207;47088;4
165509;163699;51304;47095;8
164938;163660;51268;47092;2
164187;163693;51221;47094;2
164673;163703;51252;47095;4
165290;163630;51290;47090;4
165460;163686;51301;47094;1
164833;163608;51262;47089;1
163841;163596;51200;47088;2
165252;163589;51288;47088;4
165431;163637;51299;47091;1
164809;163588;51260;47088;2
165174;163598;51283;47088;2
164023;163680;51211;47094;2
164196;163697;51222;47095;2
164950;163610;51269;47089;4
164048;163645;51213;47091;8
164847;163625;51262;47090;4
164071;163679;51214;47093;1
165051;163601;51275;47089;8
164777;163611;51258;47089;8
164536;163626;51243;47090;2
164931;163617;51268;47090;4
165165;163586;51282;47088;8
163882;163589;51202;47088;2
164366;163668;51232;47093;8
164637;163586;51249;47088;2
165071;163657;51276;47092;1
165292;163617;51290;47090;8
164348;163631;51231;47090;8
164614;163675;51248;47093;1
164914;163631;51267;47090;8
165479;163664;51302;47093;2
164435;163703;51237;47095;8
163888;163697;51203;47095;1
164746;163591;51256;47088;8
164234;163704;51224;47095;1
163896;163661;51203;47092;8
164263;163593;51226;47088;1
164587;163705;51246;47095;8
164804;163630;51260;47090;2
165205;163698;51285;47095;1
164421;163623;51236;47090;4
165581;163651;51308;47092;1
163994;163674;51209;47093;2
165556;163610;51307;47089;2
164985;163703;51271;47095;4
165374;163659;51295;47092;8
163841;163588;51200;47088;2
164837;163590;51262;47088;2
164888;163609;51265;47089;4
165372;163609;51295;47089;8
164816;163636;51261;47091;1
164713;163665;51254;47093;4
164153;163598;51219;47088;4
165080;163671;51277;47093;8
164008;163669;51210;47093;8
165433;163613;51299;47089;4
164942;163654;51268;47092;4
165623;163596;51311;47088;8
165300;163682;51291;47094;2
165400;163655;51297;47092;8
164928;163647;51268;47091;1
165193;163611;51284;47089;4
164347;163644;51231;47091;1
165110;163640;51279;47091;2
164477;163633;51239;47091;1
165377;163657;51296;47092;2
165102;163646;51278;47091;8
164503;163626;51241;47090;8
165211;163680;51285;47094;8
164965;163625;51270;47090;2
164264;163623;51226;47090;1
164171;163616;51220;47090;4
164782;163618;51258;47090;8
165487;163682;51302;47094;4
165269;163591;51289;47088;8
164148;163608;51219;47089;4
165273;163586;51289;47088;8
165167;163632;51282;47091;2
164966;163686;51270;47094;1
163986;163596;51209;47088;2
165038;163614;51274;47089;8
164694;163702;51253;47095;4
164161;163597;51220;47088;1
164852;163674;51263;47093;4
164929;163676;51268;47093;1
165274;163596;51289;47088;1
164731;163663;51255;47092;4
164417;163705;51236;47095;1
164028;163612;51211;47089;2
164776;163649;51258;47092;8
164108;163620;51216;47090;2
163998;163691;51209;47094;1
164673;163671;51252;47093;1
165242;163626;51287;47090;4
165476;163642;51302;47091;1
165347;163603;51294;47089;4
163939;163608;51206;47089;2
165598;163628;51309;47090;2
164540;163649;51243;47092;4
164409;163586;51235;47088;1
165059;163631;51276;47090;4
164523;163622;51242;47090;4
165468;163695;51301;47094;2
165074;163660;51277;47092;4
165294;163706;51290;47095;1
164349;163709;51231;47095;1
164345;163657;51231;47092;2
164368;163653;51233;47092;8
164413;163697;51235;47095;2
164909;163669;51266;47093;1
165222;163695;51286;47094;1
164656;163642;51251;47091;8
165402;163596;51297;47088;1
164753;163588;51257;47088;8
165226;163585;51286;47088;4
164459;163695;51238;47094;2
164305;163652;51229;47092;4
165620;163669;51311;47093;2
165453;163703;51300;47095;8
165287;163587;51290;47088;4
164888;163586;51265;47088;2
165169;163609;51283;47089;8
164173;163588;51220;47088;2
165361;163706;51295;47095;4
164104;163711;51216;47095;8
164052;163684;51213;47094;8
165596;163616;51309;47090;4
164007;163618;51210;47090;2
165050;163657;51275;47092;8
164724;163701;51255;47095;2
164283;163698;51227;47095;1
165552;163593;51307;47088;1
165318;163588;51292;47088;1
165306;163689;51291;47094;8
165218;163693;51286;47094;4
164626;163686;51249;47094;8
163920;163684;51205;47094;8
164440;163597;51237;47088;1
164147;163617;51219;47090;1
164696;163645;51253;47091;8
163901;163661;51203;47092;8
163842;163673;51200;47093;1
165569;163672;51308;47093;4
165422;163591;51298;47088;8
164664;163630;51251;47090;1
164556;163696;51244;47095;8
164002;163693;51210;47094;4
165088;163689;51278;47094;2
163966;163676;51207;47093;4
165373;163697;51295;47095;1
165319;163681;51292;47094;1
164807;163673;51260;47093;1
164536;163621;51243;47090;8
164689;163616;51253;47090;4
164624;163597;51249;47088;4
164862;163600;51263;47089;2
163962;163603;51207;47089;8
164842;163699;51262;47095;4
164608;163610;51248;47089;2
165161;163593;51282;47088;1
164497;163585;51241;47088;1
164577;163671;51246;47093;4
165323;163651;51292;47092;8
165058;163706;51276;47095;2
164853;163616;51263;47090;1
165123;163620;51280;47090;8
164265;163661;51226;47092;8
164522;163592;51242;47088;4
164874;163604;51264;47089;8
164622;163619;51248;47090;2
165023;163641;51273;47091;4
165303;163619;51291;47090;1
165114;163585;51279;47088;4
164662;163669;51251;47093;4
164093;163633;51215;47091;4
163973;163646;51208;47091;2
164624;163703;51249;47095;1
164214;163665;51223;47093;4
165158;163591;51282;47088;1
165175;163663;51283;47092;8
165491;163678;51303;47093;2
164237;163704;51224;47095;8
164621;163613;51248;47089;2
164221;163627;51223;47090;2
165112;163659;51279;47092;2
164430;163682;51236;47094;2
164440;163587;51237;47088;1
165446;163631;51300;47090;4
164797;163684;51259;47094;1
165255;163662;51288;47092;4
164879;163635;51264;47091;1
164539;163684;51243;47094;1
165336;163664;51293;47093;1
165283;163601;51290;47089;2
165017;163605;51273;47089;4
165041;163597;51275;47088;8
164490;163656;51240;47092;2
164090;163644;51215;47091;4
164303;163643;51228;47091;4
164240;163674;51225;47093;2
165349;163596;51294;47088;1
164527;163627;51242;47090;1
165564;163661;51307;47092;4
164419;163651;51236;47092;1
163922;163592;51205;47088;2
164265;163667;51226;47093;1
164122;163618;51217;47090;8
164684;163654;51252;47092;4
165312;163645;51292;47091;2
163870;163706;51201;47095;8
164279;163676;51227;47093;2
164226;163656;51224;47092;2
164635;163609;51249;47089;1
164075;163630;51214;47090;2
163929;163604;51205;47089;1
164469;163604;51239;47089;8
163948;163650;51206;47092;2
164191;163651;51221;47092;1
164175;163710;51220;47095;1
164690;163657;51253;47092;1
164150;163680;51219;47094;4
164913;163702;51267;47095;4
165409;163617;51298;47090;4
163969;163592;51208;47088;2
165464;163601;51301;47089;1
165447;163593;51300;47088;1
163969;163613;51208;47089;1
164053;163700;51213;47095;2
165350;163649;51294;47092;8
164369;163704;51233;47095;1
164829;163661;51261;47092;8
164322;163706;51230;47095;4
164976;163653;51271;47092;1
165085;163678;51277;47093;1
165427;163605;51299;47089;4
165304;163642;51291;47091;1
164058;163647;51213;47091;1
164959;163649;51269;47092;2
164670;163615;51251;47089;2
165615;163668;51310;47093;4
164219;163654;51223;47092;1
164309;163588;51229;47088;8
165575;163673;51308;47093;2
163921;163587;51205;47088;4
165022;163639;51273;47091;8
165098;163685;51278;47094;1
163990;163608;51209;47089;1
164475;163709;51239;47095;8
165630;163584;51311;47088;8
165504;163610;51304;47089;1
164168;163710;51220;47095;4
164969;163623;51270;47090;4
165486;163663;51302;47092;1
165350;163698;51294;47095;1
164152;163703;51219;47095;8
164146;163667;51219;47093;4
164155;163708;51219;47095;8
164075;163655;51214;47092;4
165592;163587;51309;47088;1
164235;163706;51224;47095;4
164058;163615;51213;47089;4
163908;163585;51204;47088;4
164222;163692;51223;47094;1
165508;163711;51304;47095;1
165199;163597;51284;47088;4
163906;163654;51204;47092;2
163844;163647;51200;47091;8
164027;163687;51211;47094;2
164188;163655;51221;47092;8
164375;163660;51233;47092;2
165558;163692;51307;47094;2
165330;163670;51293;47093;1
164795;163590;51259;47088;2
164701;163668;51253;47093;4
164662;163624;51251;47090;8
165353;163623;51294;47090;4
164443;163606;51237;47089;8
163875;163662;51202;47092;1
165493;163681;51303;47094;4
164484;163615;51240;47089;8
163952;163677;51207;47093;2
164331;163638;51230;47091;4
163946;163710;51206;47095;1
165409;163653;51298;47092;1
164429;163653;51236;47092;2
164898;163649;51266;47092;1
165059;163682;51276;47094;2
164686;163626;51252;47090;2
164739;163641;51256;47091;8
164846;163617;51262;47090;1
164077;163627;51214;47090;4
164426;163598;51236;47088;2
164492;163637;51240;47091;2
164660;163602;51251;47089;1
164563;163598;51245;47088;4
165616;163588;51311;47088;4
164018;163651;51211;47092;8
164271;163607;51226;47089;2
164357;163703;51232;47095;2
165292;163667;51290;47093;4
164263;163632;51226;47091;1
164888;163691;51265;47094;4
165026;163597;51274;47088;8
164009;163633;51210;47091;8
164638;163620;51249;47090;4
165123;163690;51280;47094;4
164043;163635;51212;47091;2
164730;163599;51255;47088;8
165046;163650;51275;47092;1
163965;163669;51207;47093;2
164306;163606;51229;47089;4
165249;163682;51288;47094;2
165376;163710;51296;47095;4
165495;163710;51303;47095;1
163931;163687;51205;47094;2
163843;163604;51200;47089;1
164846;163695;51262;47094;4
164956;163702;51269;47095;4
164935;163658;51268;47092;1
165624;163683;51311;47094;2
165128;163675;51280;47093;1
165422;163598;51298;47088;8
164308;163588;51229;47088;2
165223;163646;51286;47091;8
164156;163707;51219;47095;8
164318;163586;51229;47088;8
165430;163710;51299;47095;2
164792;163644;51259;47091;8
165112;163604;51279;47089;8
165139;163653;51281;47092;2
164122;163680;51217;47094;8
164365;163679;51232;47093;8
165458;163657;51301;47092;4
164340;163665;51231;47093;1
164375;163604;51233;47089;1
164958;163666;51269;47093;8
164389;163630;51234;47090;8
164484;163618;51240;47090;2
165393;163687;51297;47094;1
165271;163633;51289;47091;8
164296;163691;51228;47094;4
165538;163597;51306;47088;2
163936;163665;51206;47093;8
164276;163682;51227;47094;1
165415;163623;51298;47090;8
165559;163625;51307;47090;2
165267;163615;51289;47089;1
163979;163618;51208;47090;1
165263;163685;51288;47094;2
165154;163672;51282;47093;2
165049;163677;51275;47093;8
164961;163617;51270;47090;4
165100;163613;51278;47089;2
165139;163696;51281;47095;4
165247;163589;51287;47088;2
165233;163703;51287;47095;4
165044;163619;51275;47090;2
164347;163635;51231;47091;8
164808;163587;51260;47088;8
165060;163671;51276;47093;8
163884;163656;51202;47092;4
164542;163591;51243;47088;1
164438;163646;51237;47091;2
164482;163595;51240;47088;8
164411;163692;51235;47094;1
165498;163616;51303;47090;2
165219;163611;51286;47089;4
164989;163665;51271;47093;2
165248;163705;51288;47095;1
165225;163588;51286;47088;4
164124;163637;51217;47091;2
164121;163616;51217;47090;4
164713;163666;51254;47093;8
164612;163660;51248;47092;8
165094;163605;51278;47089;4
163962;163696;51207;47095;4
164645;163640;51250;47091;1
164635;163695;51249;47094;2
165459;163676;51301;47093;4
164298;163588;51228;47088;2
164586;163628;51246;47090;2
164322;163655;51230;47092;2
165559;163658;51307;47092;8
164735;163684;51255;47094;2
164651;163618;51250;47090;4
164812;163636;51260;47091;4
165130;163636;51280;47091;8
164230;163709;51224;47095;4
164107;163680;51216;47094;2
164029;163697;51211;47095;1
163979;163659;51208;47092;2
164572;163596;51245;47088;2
164069;163588;51214;47088;2
164380;163708;51233;47095;4
165201;163601;51285;47089;8
165141;163711;51281;47095;1
163941;163609;51206;47089;2
165452;163698;51300;47095;2
165558;163633;51307;47091;1
164657;163688;51251;47094;1
164499;163652;51241;47092;2
163878;163692;51202;47094;4
163926;163669;51205;47093;2
164099;163665;51216;47093;8
164963;163602;51270;47089;1
164354;163687;51232;47094;8
165503;163682;51303;47094;4
164452;163693;51238;47094;4
164962;163651;51270;47092;4
164489;163692;51240;47094;8
163929;163662;51205;47092;8
165250;163618;51288;47090;2
165243;163586;51287;47088;1
163841;163679;51200;47093;8
165365;163672;51295;47093;8
165542;163620;51306;47090;4
164299;163665;51228;47093;2
165317;163589;51292;47088;1
164592;163618;51247;47090;8
163886;163586;51202;47088;2
165100;163620;51278;47090;4
164567;163645;51245;47091;4
164435;163685;51237;47094;4
165009;163686;51273;47094;1
163962;163706;51207;47095;4
165104;163601;51279;47089;4
164072;163646;51214;47091;8
164887;163626;51265;47090;2
164790;163631;51259;47090;1
164599;163603;51247;47089;4
165218;163662;51286;47092;1
164014;163590;51210;47088;8
164764;163675;51257;47093;1
164335;163631;51230;47090;4
163939;163655;51206;47092;4
164185;163668;51221;47093;1
164244;163693;51225;47094;8
163875;163668;51202;47093;8
164472;163612;51239;47089;1
164702;163665;51253;47093;8
164905;163711;51266;47095;8
163862;163628;51201;47090;4
164569;163696;51245;47095;4
164690;163594;51253;47088;8
165246;163645;51287;47091;4
165120;163666;51280;47093;4
164270;163624;51226;47090;8
165622;163624;51311;47090;8
163908;163677;51204;47093;2
165362;163706;51295;47095;8
165545;163697;51306;47095;8
163855;163624;51200;47090;4
165368;163649;51295;47092;8
165451;163665;51300;47093;2
165618;163591;51311;47088;4
164014;163684;51210;47094;1
164607;163659;51247;47092;4
164826;163628;51261;47090;1
165205;163696;51285;47095;1
164910;163668;51266;47093;1
164519;163606;51242;47089;2
164613;163638;51248;47091;2
164957;163648;51269;47092;1
164632;163671;51249;47093;2
165513;163619;51304;47090;2
164632;163584;51249;47088;1
164813;163696;51260;47095;2
165160;163619;51282;47090;4
165417;163601;51298;47089;4
164484;163669;51240;47093;1
163909;163687;51204;47094;1
165172;163682;51283;47094;1
164207;163654;51222;47092;1
164571;163692;51245;47094;2
164102;163624;51216;47090;2
164480;163710;51240;47095;2
164529;163705;51243;47095;2
164783;163697;51258;47095;8
164689;163680;51253;47094;1
164220;163693;51223;47094;2
164919;163643;51267;47091;2
164988;163706;51271;47095;1
164786;163625;51259;47090;2
165627;163637;51311;47091;8
165188;163681;51284;47094;4
164120;163703;51217;47095;2
165296;163628;51291;47090;2
165354;163653;51294;47092;1
164752;163631;51257;47090;2
164097;163643;51216;47091;4
165186;163677;51284;47093;8
164149;163590;51219;47088;2
165585;163594;51309;47088;2
165081;163668;51277;47093;2
164617;163600;51248;47089;8
165549;163649;51306;47092;4
165213;163696;51285;47095;4
164557;163610;51244;47089;2
164320;163654;51230;47092;1
165092;163637;51278;47091;2
164667;163622;51251;47090;1
164563;163641;51245;47091;2
164144;163609;51219;47089;1
164758;163614;51257;47089;4
164338;163708;51231;47095;1
165024;163625;51274;47090;2
163856;163607;51201;47089;1
163869;163590;51201;47088;2
164893;163642;51265;47091;4
164263;163610;51226;47089;8
165532;163617;51305;47090;2
165261;163599;51288;47088;4
165175;163589;51283;47088;4
164104;163634;51216;47091;8
164278;163681;51227;47094;8
165618;163615;51311;47089;4
164764;163613;51257;47089;2
165305;163631;51291;47090;2
164327;163622;51230;47090;1
163983;163624;51208;47090;1
164533;163652;51243;47092;8
164013;163710;51210;47095;1
164557;163669;51244;47093;1
164661;163651;51251;47092;1
164977;163661;51271;47092;2
165604;163691;51310;47094;2
164758;163593;51257;47088;8
165491;163709;51303;47095;1
165192;163658;51284;47092;2
164508;163619;51241;47090;1
165628;163666;51311;47093;4
164902;163624;51266;47090;4
164773;163711;51258;47095;1
163864;163693;51201;47094;8
164190;163587;51221;47088;4
164445;163678;51237;47093;8
164430;163593;51236;47088;8
165508;163610;51304;47089;2
164484;163590;51240;47088;4
164359;163629;51232;47090;4
164656;163654;51251;47092;4
165627;163655;51311;47092;1
163846;163646;51200;47091;8
164228;163656;51224;47092;8
165039;163650;51274;47092;8
164179;163654;51221;47092;4
163882;163630;51202;47090;1
164524;163644;51242;47091;1
164857;163674;51263;47093;4
164531;163612;51243;47089;1
165423;163596;51298;47088;2
165286;163666;51290;47093;4
165062;163682;51276;47094;2
164736;163632;51256;47091;1
164317;163707;51229;47095;2
164631;163669;51249;47093;2
165000;163648;51272;47092;2
164319;163642;51229;47091;2
164096;163657;51216;47092;1
165066;163685;51276;47094;1
165239;163711;51287;47095;2
164365;163619;51232;47090;1
165476;163598;51302;47088;2
164927;163622;51267;47090;2
164852;163707;51263;47095;4
165221;163663;51286;47092;4
164026;163641;51211;47091;4
164202;163659;51222;47092;1
164088;163676;51215;47093;8
163893;163593;51203;47088;1
164262;163632;51226;47091;1
164053;163620;51213;47090;8
164189;163649;51221;47092;1
163983;163670;51208;47093;1
165548;163589;51306;47088;8
164798;163617;51259;47090;1
164185;163663;51221;47092;2
165520;163602;51305;47089;4
165605;163643;51310;47091;2
164691;163651;51253;47092;8
165239;163651;51287;47092;4
165367;163614;51295;47089;2
164649;163635;51250;47091;1
164722;163707;51255;47095;2
164513;163681;51242;47094;1
164762;163659;51257;47092;4
164494;163656;51240;47092;4
165191;163598;51284;47088;1
164889;163658;51265;47092;8
164371;163680;51233;47094;2
165334;163609;51293;47089;4
164080;163623;51215;47090;1
165124;163654;51280;47092;2
163864;163701;51201;47095;4
164749;163668;51256;47093;1
164768;163697;51258;47095;4
165458;163648;51301;47092;2
164789;163674;51259;47093;2
164574;163672;51245;47093;1
165381;163687;51296;47094;2
164425;163617;51236;47090;8
165426;163656;51299;47092;8
164877;163673;51264;47093;4
163969;163644;51208;47091;1
164475;163651;51239;47092;4
164975;163648;51270;47092;1
164409;163645;51235;47091;2
164922;163596;51267;47088;2
164516;163623;51242;47090;4
164773;163608;51258;47089;8
165102;163700;51278;47095;2
165204;163622;51285;47090;4
164805;163664;51260;47093;1
163847;163603;51200;47089;2
165019;163584;51273;47088;1
165548;163590;51306;47088;1
165376;163606;51296;47089;1
164690;163651;51253;47092;8
165522;163633;51305;47091;2
165303;163700;51291;47095;1
164785;163654;51259;47092;4
164221;163682;51223;47094;4
165218;163658;51286;47092;2
165205;163696;51285;47095;2
164205;163658;51222;47092;4
164421;163698;51236;47095;4
165025;163651;51274;47092;4
163921;163670;51205;47093;1
164636;163711;51249;47095;8
165095;163643;51278;47091;1
165595;163703;51309;47095;4
164919;163607;51267;47089;1
164228;163671;51224;47093;4
164198;163685;51222;47094;2
164049;163679;51213;47093;8
164510;163613;51241;47089;2
165059;163624;51276;47090;1
164171;163634;51220;47091;4
164927;163597;51267;47088;1
164804;163604;51260;47089;4
164275;163676;51227;47093;4
165245;163679;51287;47093;2
164663;163711;51251;47095;2
165272;163645;51289;47091;4
165128;163708;51280;47095;4
164379;163620;51233;47090;1
165226;163653;51286;47092;1
165049;163646;51275;47091;8
164402;163640;51235;47091;4
164698;163672;51253;47093;8
164927;163648;51267;47092;4
164395;163662;51234;47092;1
165344;163691;51294;47094;1
165260;163621;51288;47090;8
164198;163664;51222;47093;8
164164;163677;51220;47093;1
164782;163693;51258;47094;8
164360;163603;51232;47089;2
165001;163681;51272;47094;1
165268;163682;51289;47094;4
165039;163610;51274;47089;1
165006;163599;51272;47088;1
165221;163628;51286;47090;1
164661;163676;51251;47093;1
164898;163625;51266;47090;8
165585;163588;51309;47088;1
165627;163589;51311;47088;2
165361;163696;51295;47095;1
164593;163693;51247;47094;1
164009;163635;51210;47091;2
164132;163640;51218;47091;1
165096;163613;51278;47089;4
164741;163646;51256;47091;4
164835;163697;51262;47095;4
165312;163658;51292;47092;1
164482;163641;51240;47091;8
165196;163632;51284;47091;2
163938;163588;51206;47088;4
164196;163586;51222;47088;4
165085;163649;51277;47092;4
164611;163602;51248;47089;8
164328;163617;51230;47090;8
164809;163705;51260;47095;2
165390;163663;51296;47092;4
163921;163665;51205;47093;2
165431;163641;51299;47091;1
164511;163605;51241;47089;8
164571;163633;51245;47091;2
164576;163626;51246;47090;2
165381;163591;51296;47088;4
164193;163681;51222;47094;4
163932;163597;51205;47088;2
164159;163662;51219;47092;2
163901;163669;51203;47093;4
165199;163691;51284;47094;4
164494;163652;51240;47092;8
165167;163703;51282;47095;2
164128;163617;51218;47090;8
164884;163667;51265;47093;4
164684;163675;51252;47093;4
165613;163609;51310;47089;8
164053;163681;51213;47094;1
165627;163590;51311;47088;4
164284;163639;51227;47091;4
164735;163597;51255;47088;2
165177;163710;51283;47095;2
164069;163664;51214;47093;1
164281;163653;51227;47092;8
164736;163674;51256;47093;8
165175;163645;51283;47091;1
164756;163667;51257;47093;1
165045;163669;51275;47093;2
165418;163703;51298;47095;4
165346;163626;51294;47090;8
164213;163683;51223;47094;8
164226;163619;51224;47090;2
164777;163681;51258;47094;8
165565;163674;51307;47093;8
164215;163623;51223;47090;2
165520;163616;51305;47090;4
164805;163641;51260;47091;8
164607;163667;51247;47093;2
164106;163673;51216;47093;4
164927;163698;51267;47095;1
165258;163606;51288;47089;2
164720;163604;51255;47089;1
165501;163689;51303;47094;2
164480;163646;51240;47091;2
164357;163704;51232;47095;1
164815;163589;51260;47088;4
163856;163701;51201;47095;1
163980;163641;51208;47091;2
165150;163669;51281;47093;8
165518;163692;51304;47094;1
165571;163633;51308;47091;4
164139;163662;51218;47092;8
165257;163596;51288;47088;8
164039;163651;51212;47092;8
164339;163695;51231;47094;4
164587;163669;51246;47093;8
165304;163693;51291;47094;8
164829;163616;51261;47090;1
165294;163682;51290;47094;1
165625;163640;51311;47091;8
164496;163690;51241;47094;2
164635;163646;51249;47091;2
165281;163623;51290;47090;1
164120;163590;51217;47088;8
164635;163590;51249;47088;8
165207;163634;51285;47091;2
164937;163617;51268;47090;2
164032;163590;51212;47088;1
163995;163588;51209;47088;4
164090;163625;51215;47090;1
165053;163667;51275;47093;4
165204;163685;51285;47094;4
164066;163645;51214;47091;8
164684;163652;51252;47092;2
164737;163628;51256;47090;2
164178;163708;51221;47095;1
165368;163690;51295;47094;8
164089;163631;51215;47090;8
164048;163594;51213;47088;2
165430;163658;51299;47092;8
165299;163646;51291;47091;1
164480;163596;51240;47088;8
164751;163673;51256;47093;8
163883;163631;51202;47090;8
164805;163680;51260;47094;8
164039;163664;51212;47093;2
165171;163607;51283;47089;1
165243;163649;51287;47092;1
164386;163595;51234;47088;2
164992;163628;51272;47090;2
165472;163696;51302;47095;4
164101;163639;51216;47091;1
165170;163710;51283;47095;2
164248;163644;51225;47091;2
164172;163695;51220;47094;8
164096;163592;51216;47088;2
165245;163596;51287;47088;4
165335;163661;51293;47092;8
165377;163695;51296;47094;2
164167;163617;51220;47090;2
165339;163635;51293;47091;2
164971;163676;51270;47093;4
164463;163604;51238;47089;1
165182;163639;51283;47091;1
164689;163670;51253;47093;4
165045;163658;51275;47092;4
164615;163592;51248;47088;8
164903;163650;51266;47092;8
164674;163635;51252;47091;8
164086;163647;51215;47091;8
165440;163603;51300;47089;4
164003;163652;51210;47092;1
164045;163630;51212;47090;8
164437;163609;51237;47089;4
164768;163645;51258;47091;4
164596;163618;51247;47090;1
165191;163643;51284;47091;1
165364;163596;51295;47088;8
164568;163705;51245;47095;4
163947;163611;51206;47089;1
164238;163626;51224;47090;4
165497;163622;51303;47090;8
165538;163585;51306;47088;2
164344;163616;51231;47090;8
164413;163595;51235;47088;4
164100;163659;51216;47092;2
165175;163657;51283;47092;2
164232;163665;51224;47093;4
165124;163589;51280;47088;8
165538;163638;51306;47091;1
164387;163634;51234;47091;2
165365;163674;51295;47093;8
164623;163618;51248;47090;2
164028;163619;51211;47090;4
164012;163670;51210;47093;1
164809;163699;51260;47095;2
163983;163643;51208;47091;8
165019;163640;51273;47091;2
164140;163694;51218;47094;2
164181;163608;51221;47089;8
164438;163705;51237;47095;2
165255;163607;51288;47089;1
164200;163669;51222;47093;4
164733;163585;51255;47088;4
164235;163680;51224;47094;8
164141;163594;51218;47088;4
164547;163697;51244;47095;4
165382;163708;51296;47095;8
164907;163653;51266;47092;1
165502;163612;51303;47089;4
164240;163647;51225;47091;1
164329;163685;51230;47094;2
164323;163670;51230;47093;1
164475;163591;51239;47088;1
165056;163619;51276;47090;4
164475;163672;51239;47093;4
164893;163628;51265;47090;4
164594;163696;51247;47095;1
164212;163648;51223;47092;8
165272;163645;51289;47091;8
164160;163601;51220;47089;1
164672;163648;51252;47092;4
163856;163652;51201;47092;8
164138;163598;51218;47088;4
164368;163699;51233;47095;1
164132;163619;51218;47090;4
165062;163626;51276;47090;1
164075;163616;51214;47090;1
164214;163632;51223;47091;2
164689;163661;51253;47092;2
165438;163673;51299;47093;2
164469;163681;51239;47094;4
165143;163597;51281;47088;8
164292;163626;51228;47090;4
164137;163599;51218;47088;4
164122;163704;51217;47095;4
164981;163598;51271;47088;4
164859;163599;51263;47088;8
165033;163623;51274;47090;4
164479;163623;51239;47090;1
164646;163708;51250;47095;2
165536;163666;51306;47093;4
164612;163691;51248;47094;4
163928;163627;51205;47090;4
164976;163616;51271;47090;8
164881;163668;51265;47093;8
165227;163693;51286;47094;2
163884;163600;51202;47089;1
164619;163613;51248;47089;1
165613;163614;51310;47089;8
164338;163690;51231;47094;2
164018;163607;51211;47089;8
164748;163589;51256;47088;8
164333;163642;51230;47091;1
164036;163705;51212;47095;2
165218;163642;51286;47091;2
164596;163666;51247;47093;1
165420;163653;51298;47092;2
164119;163618;51217;47090;4
164674;163599;51252;47088;1
165019;163623;51273;47090;8
165544;163590;51306;47088;8
164461;163603;51238;47089;1
165592;163704;51309;47095;1
165223;163672;51286;47093;4
163958;163602;51207;47089;8
165353;163663;51294;47092;1
165157;163685;51282;47094;4
164962;163655;51270;47092;1
164002;163668;51210;47093;8
164393;163639;51234;47091;4
165270;163708;51289;47095;8
164182;163705;51221;47095;2
164260;163595;51226;47088;1
164116;163711;51217;47095;1
164156;163635;51219;47091;4
164272;163699;51227;47095;8
163863;163616;51201;47090;8
164165;163643;51220;47091;4
165122;163625;51280;47090;8
165118;163666;51279;47093;4
164178;163658;51221;47092;2
164808;163598;51260;47088;8
164290;163678;51228;47093;8
164032;163708;51212;47095;1
165374;163602;51295;47089;4
165334;163592;51293;47088;4
165254;163663;51288;47092;2
164004;163601;51210;47089;2
165455;163630;51300;47090;8
165573;163638;51308;47091;2
164390;163710;51234;47095;2
164480;163628;51240;47090;8
165080;163616;51277;47090;4
165377;163706;51296;47095;4
165382;163592;51296;47088;8
164137;163673;51218;47093;2
165045;163639;51275;47091;8
164453;163706;51238;47095;1
165618;163691;51311;47094;4
164281;163669;51227;47093;4
165364;163653;51295;47092;8
165427;163657;51299;47092;1
165416;163671;51298;47093;4
164556;163687;51244;47094;1
163914;163698;51204;47095;8
164918;163584;51267;47088;8
164051;163709;51213;47095;8
164600;163663;51247;47092;1
165114;163663;51279;47092;2
164401;163653;51235;47092;2
164707;163694;51254;47094;4
165104;163648;51279;47092;2
163987;163597;51209;47088;4
165461;163589;51301;47088;1
165444;163694;51300;47094;1
164938;163600;51268;47089;4
163989;163627;51209;47090;4
164442;163621;51237;47090;4
165482;163695;51302;47094;2
164832;163684;51262;47094;1
164709;163645;51254;47091;2
164139;163701;51218;47095;2
164730;163701;51255;47095;8
165129;163693;51280;47094;8
165469;163633;51301;47091;8
164741;163709;51256;47095;1
165385;163602;51296;47089;2
164057;163601;51213;47089;8
163918;163683;51204;47094;4
164488;163677;51240;47093;4
165046;163694;51275;47094;2
163910;163612;51204;47089;4
165254;163710;51288;47095;1
164582;163630;51246;47090;4
164588;163604;51246;47089;2
165410;163667;51298;47093;2
164597;163671;51247;47093;1
165419;163584;51298;47088;8
165350;163654;51294;47092;8
164150;163700;51219;47095;4
164920;163706;51267;47095;8
164044;163603;51212;47089;4
164770;163597;51258;47088;8
165329;163590;51293;47088;8
164760;163660;51257;47092;2
164145;163681;51219;47094;8
164049;163650;51213;47092;1
164697;163650;51253;47092;2
164978;163638;51271;47091;4
163997;163688;51209;47094;8
165527;163646;51305;47091;1
164026;163667;51211;47093;4
165450;163646;51300;47091;4
164673;163626;51252;47090;8
165030;163683;51274;47094;8
164565;163649;51245;47092;1
164367;163585;51232;47088;4
165053;163633;51275;47091;8
164203;163684;51222;47094;4
165604;163679;51310;47093;1
165010;163676;51273;47093;8
164012;163657;51210;47092;2
165250;163626;51288;47090;4
165094;163638;51278;47091;2
165618;163666;51311;47093;2
164230;163671;51224;47093;8
165200;163602;51285;47089;2
164404;163605;51235;47089;1
164259;163688;51226;47094;4
163918;163673;51204;47093;4
165013;163585;51273;47088;1
163907;163695;51204;47094;8
164039;163649;51212;47092;1
164331;163616;51230;47090;1
164537;163629;51243;47090;4
163892;163591;51203;47088;8
165112;163600;51279;47089;4
165404;163698;51297;47095;4
164958;163644;51269;47091;4
165042;163692;51275;47094;2
164774;163612;51258;47089;2
165452;163653;51300;47092;4
165506;163622;51304;47090;8
164432;163599;51237;47088;4
164155;163703;51219;47095;8
165146;163693;51281;47094;4
165327;163698;51292;47095;4
164626;163678;51249;47093;1
164716;163642;51254;47091;1
164045;163612;51212;47089;8
164809;163624;51260;47090;1
164371;163707;51233;47095;1
165484;163650;51302;47092;4
164421;163635;51236;47091;8
165618;163654;51311;47092;4
164445;163591;51237;47088;2
163920;163686;51205;47094;8
165528;163681;51305;47094;8
164209;163681;51223;47094;1
164463;163645;51238;47091;1
165501;163708;51303;47095;1
163926;163668;51205;47093;2
164189;163705;51221;47095;1
164258;163636;51226;47091;4
164516;163689;51242;47094;4
164545;163654;51244;47092;1
165073;163703;51277;47095;4
165000;163694;51272;47094;4
164783;163617;51258;47090;1
163890;163614;51203;47089;4
164893;163708;51265;47095;8
164829;163613;51261;47089;2
164181;163628;51221;47090;2
164569;163695;51245;47094;1
164941;163631;51268;47090;8
165377;163595;51296;47088;8
164561;163600;51245;47089;8
164381;163669;51233;47093;8
165317;163676;51292;47093;2
165061;163584;51276;47088;8
165235;163674;51287;47093;1
164240;163703;51225;47095;2
164732;163660;51255;47092;1
164468;163709;51239;47095;1
165589;163698;51309;47095;4
164587;163603;51246;47089;4
165570;163656;51308;47092;1
164806;163598;51260;47088;2
164440;163704;51237;47095;2
164673;163625;51252;47090;1
164360;163693;51232;47094;4
165173;163650;51283;47092;4
165204;163703;51285;47095;1
164155;163636;51219;47091;4
165095;163692;51278;47094;1
165425;163601;51299;47089;2
165081;163674;51277;47093;2
165601;163682;51310;47094;4
163918;163609;51204;47089;2
164989;163644;51271;47091;2
164496;163592;51241;47088;8
165072;163623;51277;47090;2
164418;163653;51236;47092;1
165404;163664;51297;47093;4
163917;163591;51204;47088;2
164146;163661;51219;47092;2
163948;163660;51206;47092;1
164657;163603;51251;47089;8
165127;163645;51280;47091;2
164482;163694;51240;47094;8
164707;163691;51254;47094;4
164391;163671;51234;47093;1
165329;163706;51293;47095;4
165416;163619;51298;47090;4
165021;163666;51273;47093;1
164662;163674;51251;47093;8
165411;163697;51298;47095;4
165069;163711;51276;47095;2
164266;163670;51226;47093;8
164695;163602;51253;47089;1
163959;163704;51207;47095;4
164870;163665;51264;47093;2
164283;163664;51227;47093;1
164362;163642;51232;47091;4
165008;163598;51273;47088;8
165116;163704;51279;47095;8
164069;163668;51214;47093;4
163966;163639;51207;47091;2
164390;163702;51234;47095;2
163871;163699;51201;47095;8
165470;163586;51301;47088;4
164577;163707;51246;47095;1
165223;163589;51286;47088;8
164647;163651;51250;47092;8
164016;163695;51211;47094;2
164530;163699;51243;47095;8
163948;163630;51206;47090;2
165450;163624;51300;47090;2
163896;163630;51203;47090;1
164533;163649;51243;47092;4
164775;163635;51258;47091;4
164591;163621;51246;47090;8
164484;163603;51240;47089;4
164820;163684;51261;47094;2
165522;163687;51305;47094;4
164731;163680;51255;47094;4
165559;163621;51307;47090;8
165283;163687;51290;47094;2
164618;163592;51248;47088;8
165242;163613;51287;47089;8
164075;163604;51214;47089;1
164669;163622;51251;47090;8
164290;163674;51228;47093;2
165210;163650;51285;47092;1
165321;163638;51292;47091;8
164500;163706;51241;47095;4
163846;163645;51200;47091;1
165046;163706;51275;47095;4
163960;163625;51207;47090;2
164317;163626;51229;47090;8
164865;163655;51264;47092;8
165122;163671;51280;47093;8
165260;163623;51288;47090;1
165294;163690;51290;47094;2
164293;163696;51228;47095;8
165390;163675;51296;47093;2
164412;163656;51235;47092;8
164378;163683;51233;47094;2
164262;163644;51226;47091;2
165466;163597;51301;47088;2
164671;163684;51251;47094;2
164204;163663;51222;47092;2
164204;163617;51222;47090;8
165366;163641;51295;47091;4
164229;163659;51224;47092;2
163853;163643;51200;47091;1
164962;163689;51270;47094;4
165467;163646;51301;47091;2
163940;163692;51206;47094;4
165515;163681;51304;47094;2
164886;163606;51265;47089;1
165527;163664;51305;47093;2
163925;163623;51205;47090;2
163978;163656;51208;47092;8
164287;163635;51227;47091;2
165196;163641;51284;47091;2
164830;163679;51261;47093;8
164935;163692;51268;47094;8
165028;163668;51274;47093;2
165614;163688;51310;47094;8
164617;163704;51248;47095;4
165002;163629;51272;47090;8
164198;163672;51222;47093;2
165371;163610;51295;47089;4
163989;163648;51209;47092;2
164399;163608;51234;47089;2
165214;163652;51285;47092;1
165281;163593;51290;47088;4
164064;163642;51214;47091;2
164174;163660;51220;47092;2
164136;163584;51218;47088;1
165520;163590;51305;47088;2
165531;163633;51305;47091;4
164608;163621;51248;47090;8
164258;163622;51226;47090;1
164932;163592;51268;47088;4
164937;163613;51268;47089;1
164857;163616;51263;47090;8
164231;163672;51224;47093;4
164374;163595;51233;47088;1
164830;163626;51261;47090;2
164828;163677;51261;47093;8
164485;163650;51240;47092;4
164871;163669;51264;47093;1
165045;163696;51275;47095;4
165599;163642;51309;47091;1
164184;163706;51221;47095;4
164971;163681;51270;47094;4
163915;163594;51204;47088;1
164330;163617;51230;47090;2
165411;163706;51298;47095;4
165510;163602;51304;47089;2
164504;163696;51241;47095;2
165416;163668;51298;47093;1
164086;163590;51215;47088;1
164011;163667;51210;47093;1
164123;163620;51217;47090;4
165549;163673;51306;47093;4
165212;163685;51285;47094;4
164694;163694;51253;47094;8
165171;163595;51283;47088;8
164059;163678;51213;47093;8
164078;163587;51214;47088;1
164078;163643;51214;47091;4
164521;163613;51242;47089;1
164315;163663;51229;47092;8
164753;163599;51257;47088;4
165422;163646;51298;47091;1
165552;163660;51307;47092;8
164741;163594;51256;47088;4
165210;163663;51285;47092;2
164876;163635;51264;47091;2
164674;163678;51252;47093;8
165336;163596;51293;47088;1
164019;163653;51211;47092;8
165356;163701;51294;47095;4
165343;163632;51293;47091;1
164679;163652;51252;47092;4
164475;163641;51239;47091;4
165168;163616;51283;47090;1
164570;163632;51245;47091;4
165259;163683;51288;47094;1
164618;163699;51248;47095;4
164761;163585;51257;47088;2
164722;163667;51255;47093;8
164151;163603;51219;47089;4
164706;163707;51254;47095;8
164406;163691;51235;47094;4
165229;163679;51286;47093;1
164581;163709;51246;47095;2
163891;163674;51203;47093;2
164369;163593;51233;47088;1
164026;163589;51211;47088;1
165058;163614;51276;47089;2
164468;163618;51239;47090;1
163986;163646;51209;47091;1
164327;163605;51230;47089;4
164465;163683;51239;47094;2
164464;163709;51239;47095;4
164401;163599;51235;47088;1
164111;163677;51216;47093;2
164387;163588;51234;47088;1
164153;163630;51219;47090;1
164493;163613;51240;47089;1
164885;163604;51265;47089;1
165132;163668;51280;47093;2
163931;163673;51205;47093;4
164889;163630;51265;47090;2
165335;163671;51293;47093;1
164176;163655;51221;47092;8
165096;163702;51278;47095;8
163891;163660;51203;47092;4
165092;163688;51278;47094;2
164710;163596;51254;47088;1
164280;163649;51227;47092;1
163938;163606;51206;47089;8
164382;163684;51233;47094;4
164398;163694;51234;47094;4
165207;163711;51285;47095;4
165610;163662;51310;47092;2
165575;163665;51308;47093;8
164681;163607;51252;47089;2
165031;163706;51274;47095;8
164548;163603;51244;47089;4
165266;163603;51289;47089;2
164799;163629;51259;47090;1
165504;163617;51304;47090;4
164345;163681;51231;47094;1
164090;163662;51215;47092;8
164135;163658;51218;47092;8
165076;163598;51277;47088;2
164365;163706;51232;47095;8
165354;163685;51294;47094;8
165102;163703;51278;47095;2
165540;163638;51306;47091;8
165070;163589;51276;47088;2
165421;163664;51298;47093;4
165101;163602;51278;47089;8
163969;163684;51208;47094;4
163932;163634;51205;47091;2
164932;163707;51268;47095;2
164609;163682;51248;47094;2
164873;163628;51264;47090;1
164378;163705;51233;47095;4
165244;163616;51287;47090;8
165111;163640;51279;47091;4
164635;163699;51249;47095;1
164772;163639;51258;47091;1
165529;163703;51305;47095;8
164464;163619;51239;47090;8
164541;163588;51243;47088;8
165146;163592;51281;47088;1
164102;163599;51216;47088;1
165434;163704;51299;47095;4
164318;163670;51229;47093;4
164085;163626;51215;47090;2
165031;163599;51274;47088;4
164582;163631;51246;47090;8
165149;163587;51281;47088;1
164837;163605;51262;47089;4
165402;163629;51297;47090;4
164053;163653;51213;47092;8
164445;163633;51237;47091;2
163866;163636;51201;47091;8
164777;163613;51258;47089;1
164068;163630;51214;47090;1
164013;163691;51210;47094;2
165605;163699;51310;47095;1
163999;163639;51209;47091;1
165232;163660;51287;47092;2
163918;163605;51204;47089;1
163927;163633;51205;47091;1
164321;163584;51230;47088;2
164027;163641;51211;47091;1
165564;163658;51307;47092;8
164583;163707;51246;47095;8
164415;163644;51235;47091;1
164325;163593;51230;47088;1
164133;163588;51218;47088;8
164646;163645;51250;47091;1
164068;163681;51214;47094;8
164806;163645;51260;47091;2
164091;163697;51215;47095;1
165129;163631;51280;47090;4
163979;163633;51208;47091;2
163906;163708;51204;47095;4
164975;163673;51270;47093;2
163920;163680;51205;47094;8
164471;163683;51239;47094;1
165180;163680;51283;47094;2
164864;163700;51264;47095;2
164767;163660;51257;47092;2
163932;163638;51205;47091;8
165473;163683;51302;47094;2
163856;163596;51201;47088;8
165291;163640;51290;47091;1
164347;163590;51231;47088;2
164929;163650;51268;47092;8
164200;163627;51222;47090;1
164203;163707;51222;47095;1
164968;163589;51270;47088;1
164236;163594;51224;47088;1
165388;163601;51296;47089;4
164569;163692;51245;47094;8
164045;163675;51212;47093;8
165024;163657;51274;47092;2
163866;163584;51201;47088;1
164521;163711;51242;47095;2
163891;163613;51203;47089;2
165060;163590;51276;47088;1
165579;163660;51308;47092;4
165341;163707;51293;47095;2
164587;163648;51246;47092;1
164602;163663;51247;47092;4
164129;163598;51218;47088;2
164290;163639;51228;47091;8
163852;163632;51200;47091;4
164472;163673;51239;47093;4
164387;163691;51234;47094;1
165135;163691;51280;47094;4
165166;163688;51282;47094;4
165333;163674;51293;47093;2
164270;163591;51226;47088;8
165246;163587;51287;47088;1
164980;163663;51271;47092;4
164446;163692;51237;47094;8
164863;163588;51263;47088;8
165202;163621;51285;47090;4
164738;163666;51256;47093;1
164883;163669;51265;47093;4
165435;163661;51299;47092;4
165053;163671;51275;47093;4
164430;163656;51236;47092;8
165042;163650;51275;47092;1
164259;163591;51226;47088;4
163915;163677;51204;47093;8
164612;163658;51248;47092;4
164447;163652;51237;47092;1
164108;163668;51216;47093;8
164846;163701;51262;47095;4
164045;163662;51212;47092;8
164327;163633;51230;47091;2
165311;163639;51291;47091;2
164923;163596;51267;47088;2
164065;163611;51214;47089;8
164662;163655;51251;47092;8
165614;163639;51310;47091;4
165451;163597;51300;47088;4
164785;163621;51259;47090;8
163901;163646;51203;47091;1
163964;163635;51207;47091;8
164636;163629;51249;47090;2
164554;163683;51244;47094;2
165363;163693;51295;47094;1
164560;163608;51245;47089;8
163919;163596;51204;47088;1
164730;163609;51255;47089;1
164248;163589;51225;47088;2
164114;163631;51217;47090;1
163884;163691;51202;47094;4
163952;163589;51207;47088;1
165522;163710;51305;47095;1
164668;163651;51251;47092;1
165504;163696;51304;47095;2
164903;163682;51266;47094;2
164114;163687;51217;47094;4
164450;163699;51238;47095;8
164207;163641;51222;47091;4
165510;163605;51304;47089;1
164462;163657;51238;47092;2
165241;163641;51287;47091;1
164164;163711;51220;47095;4
164692;163675;51253;47093;8
165199;163663;51284;47092;4
164975;163606;51270;47089;4
164909;163619;51266;47090;4
165056;163702;51276;47095;8
165017;163646;51273;47091;8
163961;163689;51207;47094;4
164374;163624;51233;47090;2
165221;163704;51286;47095;1
164380;163631;51233;47090;8
165557;163591;51307;47088;4
163947;163601;51206;47089;1
163894;163637;51203;47091;4
164915;163630;51267;47090;2
165593;163629;51309;47090;1
165096;163640;51278;47091;8
164144;163684;51219;47094;2
164417;163660;51236;47092;1
163844;163657;51200;47092;8
164561;163597;51245;47088;4
164224;163698;51224;47095;4
164409;163588;51235;47088;2
164023;163662;51211;47092;1
164407;163662;51235;47092;1
164401;163631;51235;47090;1
164722;163620;51255;47090;1
165006;163656;51272;47092;2
164368;163689;51233;47094;4
165049;163664;51275;47093;2
165077;163652;51277;47092;8
165009;163688;51273;47094;2
164061;163624;51213;47090;8
165152;163675;51282;47093;8
164786;163710;51259;47095;2
165271;163631;51289;47090;8
164556;163604;51244;47089;4
164553;163594;51244;47088;2
165516;163684;51304;47094;4
164120;163593;51217;47088;4
165081;163633;51277;47091;8
164351;163612;51231;47089;1
165486;163662;51302;47092;2
164557;163663;51244;47092;4
164665;163605;51251;47089;1
165310;163695;51291;47094;4
164257;163595;51226;47088;8
165440;163673;51300;47093;1
164532;163699;51243;47095;4
163981;163684;51208;47094;8
163950;163644;51206;47091;2
164915;163609;51267;47089;2
164919;163636;51267;47091;1
164547;163686;51244;47094;2
164013;163684;51210;47094;8
164200;163662;51222;47092;2
163879;163706;51202;47095;8
164118;163635;51217;47091;4
164656;163606;51251;47089;8
164639;163633;51249;47091;2
165513;163624;51304;47090;2
164912;163696;51267;47095;2
163943;163600;51206;47089;1
165624;163666;51311;47093;1
165422;163627;51298;47090;1
164218;163619;51223;47090;1
164857;163587;51263;47088;8
165475;163599;51302;47088;2
164709;163599;51254;47088;8
163878;163630;51202;47090;8
164705;163678;51254;47093;2
164377;163597;51233;47088;8
164971;163590;51270;47088;8
164133;163672;51218;47093;8
163977;163686;51208;47094;1
164463;163691;51238;47094;2
164945;163660;51269;47092;4
163921;163674;51205;47093;1
163861;163706;51201;47095;8
164925;163660;51267;47092;4
165190;163637;51284;47091;1
164421;163705;51236;47095;2
164886;163687;51265;47094;8
165036;163702;51274;47095;1
164758;163591;51257;47088;2
164852;163592;51263;47088;8
165541;163661;51306;47092;1
164602;163680;51247;47094;1
164122;163588;51217;47088;4
164632;163691;51249;47094;2
165348;163647;51294;47091;8
164300;163613;51228;47089;1
164793;163698;51259;47095;1
164140;163605;51218;47089;2
164204;163636;51222;47091;2
164695;163584;51253;47088;4
164363;163591;51232;47088;1
165195;163644;51284;47091;8
165329;163632;51293;47091;1
164010;163656;51210;47092;2
164233;163628;51224;47090;1
165136;163592;51281;47088;2
164196;163666;51222;47093;8
164766;163652;51257;47092;8
164750;163607;51256;47089;2
163977;163631;51208;47090;4
163906;163663;51204;47092;2
165160;163680;51282;47094;4
164716;163695;51254;47094;1
164746;163601;51256;47089;4
164276;163706;51227;47095;8
165066;163596;51276;47088;8
165556;163647;51307;47091;1
164269;163655;51226;47092;2
165257;163652;51288;47092;4
165197;163607;51284;47089;1
165523;163695;51305;47094;8
164388;163644;51234;47091;4
164816;163590;51261;47088;4
164336;163590;51231;47088;1
164881;163665;51265;47093;2
165111;163636;51279;47091;8
164250;163649;51225;47092;1
164579;163648;51246;47092;2
164837;163591;51262;47088;8
165042;163620;51275;47090;4
163935;163703;51205;47095;1
164411;163703;51235;47095;2
164181;163667;51221;47093;2
164851;163594;51263;47088;4
165342;163647;51293;47091;1
164870;163694;51264;47094;4
163955;163704;51207;47095;2
164394;163671;51234;47093;8
165241;163608;51287;47089;8
164217;163663;51223;47092;1
164345;163605;51231;47089;2
165357;163633;51294;47091;2
164529;163698;51243;47095;8
164662;163700;51251;47095;4
164697;163688;51253;47094;8
165540;163697;51306;47095;2
165528;163685;51305;47094;4
165429;163679;51299;47093;1
165372;163619;51295;47090;8
164398;163589;51234;47088;4
165203;163632;51285;47091;4
164764;163610;51257;47089;2
164270;163708;51226;47095;8
165063;163676;51276;47093;8
165289;163617;51290;47090;2
164815;163646;51260;47091;1
164620;163680;51248;47094;2
165427;163707;51299;47095;8
165625;163693;51311;47094;8
164249;163625;51225;47090;4
164313;163620;51229;47090;8
165445;163693;51300;47094;4
164935;163621;51268;47090;4
164597;163661;51247;47092;2
164235;163672;51224;47093;2
165106;163679;51279;47093;2
163948;163593;51206;47088;2
163969;163667;51208;47093;2
165122;163647;51280;47091;1
165003;163664;51272;47093;2
164271;163655;51226;47092;8
164866;163703;51264;47095;1
164319;163650;51229;47092;2
164698;163683;51253;47094;4
165067;163643;51276;47091;1
164360;163678;51232;47093;4
164031;163609;51211;47089;1
164405;163617;51235;47090;8
163903;163614;51203;47089;4
165417;163709;51298;47095;2
165465;163702;51301;47095;4
164308;163588;51229;47088;4
164724;163700;51255;47095;2
164808;163646;51260;47091;1
164884;163649;51265;47092;1
164275;163631;51227;47090;2
164667;163629;51251;47090;1
164744;163637;51256;47091;1
164792;163631;51259;47090;1
165252;163683;51288;47094;1
165303;163592;51291;47088;4
165524;163608;51305;47089;4
164776;163708;51258;47095;1
165490;163650;51303;47092;4
165175;163685;51283;47094;8
165341;163679;51293;47093;4
165367;163647;51295;47091;8
163877;163702;51202;47095;2
164062;163661;51213;47092;8
164022;163683;51211;47094;8
164820;163651;51261;47092;8
165568;163643;51308;47091;1
164554;163667;51244;47093;1
164749;163621;51256;47090;8
164728;163648;51255;47092;4
163841;163638;51200;47091;2
164024;163710;51211;47095;1
163882;163591;51202;47088;4
164173;163651;51220;47092;4
164278;163596;51227;47088;4
165523;163668;51305;47093;1
165578;163603;51308;47089;4
164283;163603;51227;47089;4
164626;163666;51249;47093;1
164677;163646;51252;47091;8
164687;163630;51252;47090;2
164750;163609;51256;47089;8
165135;163602;51280;47089;8
164711;163585;51254;47088;2
164501;163666;51241;47093;8
164099;163632;51216;47091;1
163925;163605;51205;47089;2
165416;163613;51298;47089;8
164389;163692;51234;47094;1
164332;163659;51230;47092;1
164774;163597;51258;47088;8
165200;163615;51285;47089;4
163991;163686;51209;47094;2
164872;163611;51264;47089;4
165361;163644;51295;47091;2
164617;163700;51248;47095;1
164315;163640;51229;47091;2
165442;163596;51300;47088;2
165427;163660;51299;47092;1
164068;163692;51214;47094;2
164527;163594;51242;47088;1
164910;163593;51266;47088;4
164017;163670;51211;47093;1
164537;163588;51243;47088;8
165135;163595;51280;47088;2
165257;163599;51288;47088;1
165181;163606;51283;47089;2
165368;163656;51295;47092;8
164726;163666;51255;47093;2
164058;163631;51213;47090;4
165558;163638;51307;47091;4
165281;163688;51290;47094;1
164805;163608;51260;47089;8
164493;163672;51240;47093;2
164723;163618;51255;47090;1
164586;163661;51246;47092;2
163894;163660;51203;47092;2
164321;163672;51230;47093;8
164929;163614;51268;47089;4
164257;163624;51226;47090;2
165225;163668;51286;47093;8
164928;163652;51268;47092;8
165563;163673;51307;47093;1
165384;163689;51296;47094;8
164234;163691;51224;47094;2
163981;163675;51208;47093;4
165170;163681;51283;47094;8
164901;163652;51266;47092;2
164021;163593;51211;47088;4
164061;163696;51213;47095;1
164697;163611;51253;47089;1
163880;163638;51202;47091;4
163985;163659;51209;47092;2
164188;163662;51221;47092;8
164910;163640;51266;47091;4
165143;163690;51281;47094;8
164544;163594;51244;47088;8
165382;163670;51296;47093;8
165580;163655;51308;47092;8
164894;163628;51265;47090;4
164436;163688;51237;47094;1
163884;163683;51202;47094;8
165227;163616;51286;47090;2
164767;163679;51257;47093;8
165176;163670;51283;47093;1
164076;163621;51214;47090;4
164975;163630;51270;47090;1
165270;163601;51289;47089;8
165227;163590;51286;47088;2
164840;163680;51262;47094;1
164791;163704;51259;47095;8
164737;163609;51256;47089;8
165333;163625;51293;47090;1
164826;163696;51261;47095;1
165195;163705;51284;47095;4
163840;163648;51200;47092;2
164112;163620;51217;47090;8
164342;163603;51231;47089;8
164528;163628;51243;47090;1
165061;163681;51276;47094;2
164948;163700;51269;47095;2
165461;163694;51301;47094;4
165405;163626;51297;47090;4
165407;163591;51297;47088;1
164860;163587;51263;47088;1
163993;163639;51209;47091;2
164537;163692;51243;47094;8
164808;163680;51260;47094;4
164513;163679;51242;47093;4
164410;163703;51235;47095;4
164783;163632;51258;47091;1
163967;163640;51207;47091;8
164969;163700;51270;47095;1
164386;163700;51234;47095;8
165553;163679;51307;47093;2
164807;163655;51260;47092;2
165244;163705;51287;47095;2
164677;163660;51252;47092;8
165357;163595;51294;47088;2
165153;163678;51282;47093;1
165146;163651;51281;47092;2
164475;163698;51239;47095;8
163877;163692;51202;47094;2
164374;163628;51233;47090;8
164802;163626;51260;47090;4
164329;163630;51230;47090;4
165264;163621;51289;47090;2
163986;163586;51209;47088;4
164970;163651;51270;47092;2
165537;163655;51306;47092;1
164312;163641;51229;47091;8
164735;163692;51255;47094;4
164452;163649;51238;47092;4
164508;163711;51241;47095;1
164081;163602;51215;47089;8
165154;163599;51282;47088;1
165191;163631;51284;47090;4
164558;163705;51244;47095;8
164753;163618;51257;47090;2
164758;163677;51257;47093;8
164248;163643;51225;47091;8
164493;163656;51240;47092;1
165031;163657;51274;47092;8
164971;163683;51270;47094;4
164088;163689;51215;47094;1
164422;163693;51236;47094;1
164847;163704;51262;47095;1
164129;163603;51218;47089;4
164555;163608;51244;47089;8
164561;163668;51245;47093;1
165229;163644;51286;47091;2
164999;163676;51272;47093;4
165157;163705;51282;47095;2
165401;163649;51297;47092;1
165109;163609;51279;47089;2
165250;163653;51288;47092;4
164542;163676;51243;47093;2
164664;163686;51251;47094;8
165353;163677;51294;47093;8
165415;163709;51298;47095;4
163989;163645;51209;47091;4
165395;163678;51297;47093;4
164139;163676;51218;47093;1
165323;163646;51292;47091;8
164783;163603;51258;47089;4
164712;163587;51254;47088;1
165005;163620;51272;47090;1
163995;163609;51209;47089;2
164460;163628;51238;47090;1
164120;163603;51217;47089;2
163882;163690;51202;47094;8
164246;163625;51225;47090;8
165271;163683;51289;47094;1
164922;163708;51267;47095;4
164839;163622;51262;47090;4
164611;163629;51248;47090;2
164650;163677;51250;47093;8
164859;163620;51263;47090;2
164388;163624;51234;47090;2
165176;163607;51283;47089;8
164301;163705;51228;47095;2
164510;163644;51241;47091;2
165521;163682;51305;47094;8
164158;163594;51219;47088;2
165543;163591;51306;47088;1
164778;163705;51258;47095;2
165603;163586;51310;47088;1
164613;163702;51248;47095;1
165024;163680;51274;47094;8
163969;163657;51208;47092;1
163866;163621;51201;47090;4
164500;163671;51241;47093;4
164823;163645;51261;47091;8
163946;163697;51206;47095;4
165425;163609;51299;47089;1
164339;163695;51231;47094;2
164544;163628;51244;47090;1
164388;163601;51234;47089;2
165117;163642;51279;47091;8
164731;163641;51255;47091;2
164176;163643;51221;47091;1
165372;163654;51295;47092;1
164004;163608;51210;47089;4
164579;163600;51246;47089;4
164649;163645;51250;47091;1
164205;163659;51222;47092;1
164639;163686;51249;47094;4
164663;163691;51251;47094;8
165026;163627;51274;47090;1
164303;163661;51228;47092;2
164049;163684;51213;47094;4
164293;163708;51228;47095;4
164503;163635;51241;47091;8
165610;163694;51310;47094;4
164454;163628;51238;47090;2
164205;163648;51222;47092;2
164196;163667;51222;47093;2
164279;163646;51227;47091;2
164213;163586;51223;47088;8
165101;163657;51278;47092;8
165337;163682;51293;47094;1
164246;163651;51225;47092;4
165239;163608;51287;47089;8
164271;163639;51226;47091;1
164666;163598;51251;47088;1
165212;163667;51285;47093;1
165380;163697;51296;47095;2
165582;163611;51308;47089;8
164880;163646;51265;47091;8
164063;163679;51213;47093;2
163857;163704;51201;47095;1
164506;163652;51241;47092;4
164125;163666;51217;47093;2
164786;163663;51259;47092;4
165533;163654;51305;47092;4
164224;163624;51224;47090;4
165485;163617;51302;47090;1
164606;163699;51247;47095;1
164353;163619;51232;47090;1
164058;163599;51213;47088;2
163908;163600;51204;47089;2
165405;163681;51297;47094;4
164275;163682;51227;47094;4
165528;163645;51305;47091;2
165498;163619;51303;47090;8
165100;163710;51278;47095;8
164693;163605;51253;47089;1
164730;163691;51255;47094;2
164684;163652;51252;47092;1
163951;163623;51206;47090;2
165628;163683;51311;47094;2
163914;163706;51204;47095;1
165052;163631;51275;47090;2
165621;163610;51311;47089;1
163857;163599;51201;47088;2
165231;163696;51286;47095;1
165322;163689;51292;47094;8
164580;163585;51246;47088;4
164584;163585;51246;47088;1
165205;163690;51285;47094;4
165012;163675;51273;47093;2
165356;163607;51294;47089;1
165562;163632;51307;47091;1
165575;163666;51308;47093;1
164131;163600;51218;47089;8
164612;163633;51248;47091;8
164245;163625;51225;47090;4
164631;163610;51249;47089;8
165547;163650;51306;47092;8
165591;163584;51309;47088;4
164095;163637;51215;47091;4
164286;163674;51227;47093;8
165391;163602;51296;47089;1
164800;163609;51260;47089;1
164651;163615;51250;47089;1
164992;163669;51272;47093;1
164063;163680;51213;47094;1
164663;163614;51251;47089;1
164581;163594;51246;47088;4
164550;163611;51244;47089;2
164564;163594;51245;47088;4
164498;163688;51241;47094;4
165233;163613;51287;47089;4
165529;163676;51305;47093;2
165104;163589;51279;47088;1
164791;163605;51259;47089;4
163994;163700;51209;47095;8
164793;163617;51259;47090;1
165225;163614;51286;47089;2
164785;163622;51259;47090;4
164703;163624;51253;47090;8
165087;163703;51277;47095;1
165473;163697;51302;47095;1
164348;163647;51231;47091;2
164714;163688;51254;47094;2
165516;163672;51304;47093;8
165340;163584;51293;47088;1
164956;163608;51269;47089;4
163864;163670;51201;47093;1
164138;163668;51218;47093;4
164334;163632;51230;47091;4
163982;163696;51208;47095;2
165133;163635;51280;47091;2
164493;163610;51240;47089;2
165078;163696;51277;47095;4
164265;163684;51226;47094;8
163970;163604;51208;47089;4
165416;163585;51298;47088;8
164483;163610;51240;47089;1
165488;163604;51303;47089;2
164041;163598;51212;47088;1
164926;163622;51267;47090;2
165021;163688;51273;47094;1
164695;163615;51253;47089;4
164917;163617;51267;47090;4
164226;163590;51224;47088;1
165521;163633;51305;47091;1
164151;163650;51219;47092;8
163957;163587;51207;47088;8
165329;163707;51293;47095;1
165295;163636;51290;47091;1
164084;163680;51215;47094;2
164143;163697;51218;47095;8
164989;163647;51271;47091;1
163940;163645;51206;47091;8
164857;163595;51263;47088;8
164031;163703;51211;47095;2
165473;163614;51302;47089;1
164945;163674;51269;47093;8
165343;163635;51293;47091;8
163899;163596;51203;47088;1
164446;163676;51237;47093;4
164902;163694;51266;47094;8
165049;163701;51275;47095;4
164773;163695;51258;47094;1
164336;163701;51231;47095;4
164489;163688;51240;47094;2
165159;163645;51282;47091;1
165454;163672;51300;47093;1
164730;163695;51255;47094;1
164727;163688;51255;47094;2
164097;163675;51216;47093;2
164101;163642;51216;47091;4
164119;163650;51217;47092;8
165286;163619;51290;47090;1
165474;163643;51302;47091;4
164002;163701;51210;47095;2
164753;163701;51257;47095;1
164576;163633;51246;47091;1
165099;163684;51278;47094;4
164243;163678;51225;47093;8
165617;163626;51311;47090;1
164610;163644;51248;47091;4
164449;163674;51238;47093;2
165630;163587;51311;47088;4
164852;163620;51263;47090;1
163852;163618;51200;47090;4
164950;163675;51269;47093;1
164640;163686;51250;47094;4
164208;163684;51223;47094;8
164172;163708;51220;47095;8
163995;163684;51209;47094;8
165169;163606;51283;47089;1
165318;163701;51292;47095;2
164446;163651;51237;47092;1
165441;163705;51300;47095;2
164836;163691;51262;47094;8
164537;163710;51243;47095;4
165120;163662;51280;47092;1
164693;163591;51253;47088;1
164148;163665;51219;47093;4
165240;163584;51287;47088;8
164409;163586;51235;47088;1
164510;163683;51241;47094;8
165583;163685;51308;47094;8
164036;163636;51212;47091;2
165070;163610;51276;47089;2
164626;163709;51249;47095;2
164973;163601;51270;47089;1
164334;163632;51230;47091;4
164753;163617;51257;47090;4
164579;163687;51246;47094;8
163881;163651;51202;47092;4
164397;163595;51234;47088;1
163964;163687;51207;47094;4
163989;163628;51209;47090;8
164503;163621;51241;47090;8
165439;163691;51299;47094;1
164012;163663;51210;47092;4
164782;163690;51258;47094;4
164014;163688;51210;47094;2
165396;163637;51297;47091;4
164005;163674;51210;47093;1
165541;163652;51306;47092;4
164040;163648;51212;47092;8
164682;163634;51252;47091;2
165083;163648;51277;47092;8
164551;163710;51244;47095;1
164772;163649;51258;47092;4
164334;163710;51230;47095;4
164521;163604;51242;47089;4
163904;163696;51204;47095;4
164533;163696;51243;47095;2
165066;163689;51276;47094;4
164890;163644;51265;47091;2
164066;163604;51214;47089;8
163898;163642;51203;47091;2
163939;163632;51206;47091;2
165337;163633;51293;47091;1
164720;163693;51255;47094;4
165389;163646;51296;47091;8
163977;163680;51208;47094;2
165141;163711;51281;47095;2
164659;163604;51251;47089;8
165186;163662;51284;47092;2
163878;163623;51202;47090;2
164197;163601;51222;47089;1
164228;163640;51224;47091;8
164143;163627;51218;47090;1
163847;163590;51200;47088;4
165343;163637;51293;47091;2
164098;163634;51216;47091;8
163858;163606;51201;47089;2
164650;163590;51250;47088;4
164971;163584;51270;47088;1
164908;163660;51266;47092;4
165282;163672;51290;47093;2
165172;163710;51283;47095;4
165424;163694;51299;47094;2
164892;163710;51265;47095;2
165013;163609;51273;47089;8
164959;163620;51269;47090;2
164549;163693;51244;47094;8
164821;163674;51261;47093;1
163939;163709;51206;47095;4
164648;163692;51250;47094;2
164945;163645;51269;47091;2
164650;163615;51250;47089;4
164834;163638;51262;47091;1
165479;163638;51302;47091;4
164538;163663;51243;47092;8
163884;163601;51202;47089;4
164039;163642;51212;47091;2
165029;163590;51274;47088;8
164948;163619;51269;47090;2
164339;163597;51231;47088;8
164488;163655;51240;47092;1
164987;163658;51271;47092;1
165425;163691;51299;47094;8
165251;163607;51288;47089;2
165082;163697;51277;47095;8
163979;163622;51208;47090;1
165566;163688;51307;47094;2
164650;163648;51250;47092;2
163895;163701;51203;47095;4
165304;163700;51291;47095;4
165055;163627;51275;47090;8
165482;163656;51302;47092;2
165560;163646;51307;47091;8
165262;163594;51288;47088;1
163923;163611;51205;47089;8
165573;163650;51308;47092;4
164453;163673;51238;47093;2
164743;163614;51256;47089;8
165201;163594;51285;47088;4
165626;163635;51311;47091;8
165285;163622;51290;47090;8
165363;163697;51295;47095;2
164803;163652;51260;47092;4
164144;163681;51219;47094;1
164909;163645;51266;47091;2
165444;163584;51300;47088;1
165018;163685;51273;47094;4
165414;163625;51298;47090;1
165301;163688;51291;47094;8
165246;163627;51287;47090;4
164639;163665;51249;47093;2
165403;163656;51297;47092;1
164889;163612;51265;47089;2
164122;163699;51217;47095;8
165631;163592;51311;47088;2
165066;163671;51276;47093;1
164135;163634;51218;47091;2
164839;163673;51262;47093;1
164137;163677;51218;47093;1
164993;163694;51272;47094;1
164689;163630;51253;47090;4
164146;163590;51219;47088;1
164767;163711;51257;47095;1
163881;163588;51202;47088;8
164046;163604;51212;47089;1
163983;163694;51208;47094;2
165224;163699;51286;47095;1
165357;163642;51294;47091;1
164634;163711;51249;47095;1
164066;163600;51214;47089;1
164230;163617;51224;47090;2
164043;163640;51212;47091;8
165531;163675;51305;47093;8
164532;163584;51243;47088;8
163876;163595;51202;47088;4
165024;163614;51274;47089;8
164871;163622;51264;47090;1
164986;163617;51271;47090;2
165266;163622;51289;47090;4
164496;163662;51241;47092;2
165593;163675;51309;47093;2
164756;163642;51257;47091;4
164462;163690;51238;47094;8
165141;163696;51281;47095;8
164776;163650;51258;47092;2
165487;163700;51302;47095;4
163965;163666;51207;47093;1
164009;163616;51210;47090;8
165043;163660;51275;47092;4
165581;163658;51308;47092;2
164683;163648;51252;47092;1
163889;163584;51203;47088;2
164736;163639;51256;47091;4
165399;163636;51297;47091;8
165400;163587;51297;47088;4
165129;163666;51280;47093;1
164735;163641;51255;47091;1
165500;163669;51303;47093;1
164504;163686;51241;47094;1
164643;163690;51250;47094;1
164832;163603;51262;47089;2
163948;163600;51206;47089;4
165384;163643;51296;47091;4
164084;163694;51215;47094;4
164781;163673;51258;47093;1
165111;163685;51279;47094;8
164843;163667;51262;47093;1
164007;163657;51210;47092;1
164122;163668;51217;47093;1
164117;163667;51217;47093;1
165030;163644;51274;47091;2
165022;163670;51273;47093;1
164152;163641;51219;47091;2
163972;163637;51208;47091;8
164491;163701;51240;47095;2
164064;163685;51214;47094;4
164978;163644;51271;47091;8
164346;163685;51231;47094;4
165505;163596;51304;47088;1
165384;163628;51296;47090;4
163927;163674;51205;47093;1
164396;163594;51234;47088;8
165552;163603;51307;47089;2
165582;163707;51308;47095;4
165292;163605;51290;47089;4
164848;163664;51263;47093;8
165460;163619;51301;47090;4
165171;163610;51283;47089;2
164474;163599;51239;47088;2
165542;163678;51306;47093;1
164321;163690;51230;47094;2
164215;163588;51223;47088;2
165386;163673;51296;47093;1
164978;163591;51271;47088;8
164620;163708;51248;47095;4
164384;163634;51234;47091;1
164054;163598;51213;47088;4
165265;163681;51289;47094;8
164720;163585;51255;47088;2
164132;163625;51218;47090;8
164110;163639;51216;47091;8
164363;163700;51232;47095;1
165426;163627;51299;47090;2
164390;163598;51234;47088;4
165157;163594;51282;47088;8
164932;163642;51268;47091;2
164907;163587;51266;47088;8
164417;163636;51236;47091;8
164646;163683;51250;47094;2
165051;163600;51275;47089;2
164332;163618;51230;47090;2
164583;163664;51246;47093;1
164264;163649;51226;47092;2
164705;163672;51254;47093;4
164028;163601;51211;47089;4
164452;163625;51238;47090;2
163881;163608;51202;47089;4
164345;163613;51231;47089;8
165383;163587;51296;47088;4
165439;163608;51299;47089;2
164755;163597;51257;47088;2
164759;163648;51257;47092;2
163935;163700;51205;47095;4
164260;163692;51226;47094;4
164403;163697;51235;47095;4
165328;163661;51293;47092;4
165420;163614;51298;47089;4
164175;163684;51220;47094;8
165322;163616;51292;47090;1
165085;163631;51277;47090;8
164952;163602;51269;47089;1
165567;163704;51307;47095;1
165127;163671;51280;47093;8
164895;163663;51265;47092;8
164759;163609;51257;47089;4
164996;163687;51272;47094;2
165128;163634;51280;47091;4
164371;163613;51233;47089;4
165040;163678;51275;47093;1
164073;163596;51214;47088;8
164783;163695;51258;47094;1
164095;163669;51215;47093;4
164220;163628;51223;47090;4
164020;163665;51211;47093;2
165498;163623;51303;47090;1
165297;163678;51291;47093;2
165560;163615;51307;47089;8
164565;163668;51245;47093;2
165236;163708;51287;47095;2
165400;163611;51297;47089;4
164837;163618;51262;47090;8
164203;163683;51222;47094;8
165128;163622;51280;47090;1
164702;163699;51253;47095;2
164152;163608;51219;47089;1
163871;163600;51201;47089;1
164354;163593;51232;47088;4
165467;163665;51301;47093;1
165354;163656;51294;47092;2
164372;163613;51233;47089;8
164651;163602;51250;47089;1
164346;163600;51231;47089;2
164996;163598;51272;47088;2
164467;163596;51239;47088;8
164839;163648;51262;47092;8
164833;163595;51262;47088;1
165331;163631;51293;47090;1
164831;163622;51261;47090;2
164059;163709;51213;47095;4
163850;163625;51200;47090;2
164555;163654;51244;47092;2
164512;163653;51242;47092;1
163906;163669;51204;47093;4
164760;163682;51257;47094;8
165279;163640;51289;47091;4
165595;163639;51309;47091;1
165033;163627;51274;47090;8
164085;163692;51215;47094;1
165617;163706;51311;47095;4
165595;163635;51309;47091;4
164812;163621;51260;47090;1
164910;163607;51266;47089;4
165417;163619;51298;47090;8
165366;163584;51295;47088;1
165059;163613;51276;47089;4
164812;163703;51260;47095;2
164213;163607;51223;47089;4
164910;163686;51266;47094;4
165111;163687;51279;47094;4
165143;163656;51281;47092;4
165364;163687;51295;47094;2
165184;163594;51284;47088;8
165516;163598;51304;47088;4
165519;163606;51304;47089;4
164575;163696;51245;47095;8
165486;163604;51302;47089;4
165447;163592;51300;47088;2
165177;163615;51283;47089;8
163986;163670;51209;47093;4
165534;163628;51305;47090;2
164852;163615;51263;47089;4
164754;163710;51257;47095;4
165320;163651;51292;47092;4
163984;163710;51209;47095;4
164757;163671;51257;47093;2
164912;163593;51267;47088;2
164252;163708;51225;47095;8
163871;163679;51201;47093;2
165216;163656;51286;47092;8
164753;163625;51257;47090;1
164686;163670;51252;47093;4
165378;163592;51296;47088;1
163946;163630;51206;47090;2
165273;163621;51289;47090;2
164924;163589;51267;47088;4
165453;163647;51300;47091;8
165527;163589;51305;47088;8
164106;163599;51216;47088;8
165615;163674;51310;47093;8
164809;163625;51260;47090;1
164814;163620;51260;47090;2
165387;163630;51296;47090;1
164352;163666;51232;47093;8
164518;163689;51242;47094;4
164512;163588;51242;47088;4
164306;163708;51229;47095;1
165533;163648;51305;47092;4
165361;163677;51295;47093;4
164978;163696;51271;47095;1
164085;163666;51215;47093;2
165558;163620;51307;47090;2
164098;163616;51216;47090;4
164723;163680;51255;47094;8
165072;163703;51277;47095;1
164849;163679;51263;47093;8
164831;163627;51261;47090;1
163935;163707;51205;47095;2
164143;163661;51218;47092;1
165530;163640;51305;47091;8
165370;163672;51295;47093;2
165588;163663;51309;47092;1
164045;163635;51212;47091;2
164228;163678;51224;47093;4
164685;163676;51252;47093;4
164435;163595;51237;47088;2
165313;163635;51292;47091;1
164413;163600;51235;47089;4
164711;163691;51254;47094;4
165376;163692;51296;47094;4
165543;163638;51306;47091;4
165455;163698;51300;47095;1
165376;163670;51296;47093;8
164960;163584;51270;47088;4
164342;163585;51231;47088;4
163961;163641;51207;47091;4
164867;163626;51264;47090;1
164951;163595;51269;47088;1
165112;163625;51279;47090;4
164452;163678;51238;47093;2
164259;163617;51226;47090;4
165010;163708;51273;47095;8
165155;163620;51282;47090;8
165178;163652;51283;47092;4
164796;163680;51259;47094;1
164270;163584;51226;47088;2
165384;163691;51296;47094;1
165613;163641;51310;47091;1
163860;163690;51201;47094;2
163874;163683;51202;47094;1
164218;163654;51223;47092;1
165627;163699;51311;47095;4
165275;163627;51289;47090;2
164241;163656;51225;47092;8
164237;163598;51224;47088;2
164333;163666;51230;47093;4
164760;163637;51257;47091;1
163890;163694;51203;47094;8
164357;163702;51232;47095;2
164051;163693;51213;47094;4
164656;163653;51251;47092;2
164620;163625;51248;47090;2
164331;163684;51230;47094;4
164216;163603;51223;47089;1
164314;163626;51229;47090;1
165204;163707;51285;47095;2
164367;163606;51232;47089;2
164167;163633;51220;47091;2
164255;163708;51225;47095;2
164545;163695;51244;47094;2
164447;163667;51237;47093;4
165316;163643;51292;47091;8
164041;163618;51212;47090;1
165400;163655;51297;47092;1
163928;163597;51205;47088;4
164544;163603;51244;47089;2
165446;163592;51300;47088;2
164298;163624;51228;47090;1
164021;163679;51211;47093;1
164893;163613;51265;47089;4
164860;163634;51263;47091;1
165373;163646;51295;47091;1
164348;163615;51231;47089;1
164384;163611;51234;47089;4
164447;163614;51237;47089;1
165055;163613;51275;47089;8
164136;163695;51218;47094;4
165234;163682;51287;47094;1
164889;163597;51265;47088;1
164836;163680;51262;47094;2
164906;163617;51266;47090;4
164965;163606;51270;47089;1
164023;163621;51211;47090;4
164931;163673;51268;47093;8
164767;163685;51257;47094;8
165011;163616;51273;47090;1
164294;163638;51228;47091;8
164594;163632;51247;47091;4
164280;163596;51227;47088;8
164939;163702;51268;47095;2
164950;163603;51269;47089;8
163858;163710;51201;47095;4
164006;163628;51210;47090;8
165540;163607;51306;47089;1
163884;163687;51202;47094;8
164018;163588;51211;47088;4
164091;163680;51215;47094;4
164238;163589;51224;47088;8
165031;163657;51274;47092;1
164349;163685;51231;47094;2
165160;163697;51282;47095;4
163984;163595;51209;47088;4
165269;163679;51289;47093;4
164505;163672;51241;47093;8
164642;163634;51250;47091;1
164508;163664;51241;47093;1
165628;163664;51311;47093;2
165510;163657;51304;47092;4
164282;163654;51227;47092;8
164978;163604;51271;47089;4
165515;163637;51304;47091;1
164692;163686;51253;47094;4
165373;163605;51295;47089;4
164443;163638;51237;47091;8
164771;163669;51258;47093;1
164225;163598;51224;47088;2
164860;163585;51263;47088;4
164718;163710;51254;47095;2
164664;163689;51251;47094;4
165432;163693;51299;47094;1
164319;163711;51229;47095;2
165433;163705;51299;47095;1
164895;163619;51265;47090;8
164193;163643;51222;47091;8
164000;163696;51210;47095;2
165364;163635;51295;47091;2
165459;163648;51301;47092;4
165071;163618;51276;47090;1
164004;163686;51210;47094;2
165086;163650;51277;47092;2
165260;163639;51288;47091;2
165303;163642;51291;47091;2
164624;163695;51249;47094;4
164617;163640;51248;47091;4
165557;163640;51307;47091;8
163938;163671;51206;47093;2
163850;163612;51200;47089;4
164280;163690;51227;47094;8
164745;163617;51256;47090;1
165552;163609;51307;47089;8
164554;163606;51244;47089;1
163891;163644;51203;47091;8
165610;163710;51310;47095;1
165493;163651;51303;47092;4
165297;163671;51291;47093;2
164062;163644;51213;47091;8
165009;163686;51273;47094;4
163925;163610;51205;47089;1
164996;163593;51272;47088;2
164193;163675;51222;47093;1
164392;163694;51234;47094;4
165613;163683;51310;47094;2
165147;163626;51281;47090;4
164741;163625;51256;47090;4
165441;163604;51300;47089;1
164279;163681;51227;47094;1
165312;163641;51292;47091;1
165443;163606;51300;47089;1
164382;163639;51233;47091;8
164143;163603;51218;47089;1
163929;163594;51205;47088;1
164066;163636;51214;47091;1
163916;163626;51204;47090;2
164458;163641;51238;47091;4
165026;163636;51274;47091;1
164537;163646;51243;47091;8
164395;163623;51234;47090;1
164073;163680;51214;47094;4
164652;163659;51250;47092;4
164677;163659;51252;47092;2
163888;163699;51203;47095;1
165109;163626;51279;47090;1
164801;163656;51260;47092;1
165630;163686;51311;47094;1
165352;163650;51294;47092;8
164333;163626;51230;47090;8
164109;163668;51216;47093;8
164624;163596;51249;47088;2
164776;163624;51258;47090;8
165461;163675;51301;47093;1
165369;163604;51295;47089;8
164164;163709;51220;47095;8
164013;163600;51210;47089;4
165155;163623;51282;47090;4
164436;163695;51237;47094;8
164376;163707;51233;47095;8
163912;163599;51204;47088;1
164220;163597;51223;47088;8
165426;163643;51299;47091;8
165503;163588;51303;47088;2
165243;163597;51287;47088;4
164278;163670;51227;47093;1
164191;163675;51221;47093;2
165543;163705;51306;47095;1
164654;163594;51250;47088;2
165050;163587;51275;47088;8
164497;163593;51241;47088;4
164132;163675;51218;47093;8
165244;163635;51287;47091;1
163910;163666;51204;47093;2
165570;163653;51308;47092;2
164284;163652;51227;47092;2
163992;163692;51209;47094;8
165071;163670;51276;47093;2
165056;163614;51276;47089;8
164812;163688;51260;47094;8
164710;163637;51254;47091;4
164318;163667;51229;47093;8
164896;163597;51266;47088;8
165227;163678;51286;47093;8
164711;163699;51254;47095;2
164459;163679;51238;47093;1
164493;163597;51240;47088;4
165011;163676;51273;47093;1
165499;163674;51303;47093;4
164440;163639;51237;47091;8
165387;163602;51296;47089;1
165494;163704;51303;47095;1
165307;163600;51291;47089;1
164229;163658;51224;47092;2
163856;163645;51201;47091;4
165481;163628;51302;47090;2
164195;163651;51222;47092;2
164159;163635;51219;47091;8
164816;163645;51261;47091;2
165543;163586;51306;47088;4
164211;163607;51223;47089;8
164540;163680;51243;47094;2
164300;163700;51228;47095;1
163987;163652;51209;47092;4
165253;163650;51288;47092;8
164294;163634;51228;47091;8
164667;163687;51251;47094;1
164148;163595;51219;47088;8
164462;163637;51238;47091;1
164289;163631;51228;47090;1
164980;163606;51271;47089;1
164636;163593;51249;47088;2
165578;163678;51308;47093;4
165512;163653;51304;47092;2
164942;163615;51268;47089;2
165233;163619;51287;47090;8
163995;163676;51209;47093;2
164495;163648;51240;47092;8
164607;163629;51247;47090;1
165296;163620;51291;47090;4
164920;163684;51267;47094;8
165014;163711;51273;47095;8
164036;163637;51212;47091;4
165165;163674;51282;47093;1
165090;163603;51278;47089;1
164648;163599;51250;47088;4
164341;163633;51231;47091;8
164460;163630;51238;47090;4
164947;163676;51269;47093;8
164156;163627;51219;47090;8
165454;163588;51300;47088;8
164886;163666;51265;47093;2
164063;163646;51213;47091;4
163965;163647;51207;47091;2
164067;163668;51214;47093;4
165321;163672;51292;47093;1
164715;163641;51254;47091;8
164545;163588;51244;47088;8
164215;163593;51223;47088;8
164354;163664;51232;47093;1
164361;163631;51232;47090;4
165525;163659;51305;47092;8
165227;163604;51286;47089;2
165525;163653;51305;47092;8
164583;163694;51246;47094;1
164494;163620;51240;47090;4
165105;163600;51279;47089;8
164616;163695;51248;47094;1
165337;163706;51293;47095;8
164586;163674;51246;47093;8
165546;163678;51306;47093;1
164833;163594;51262;47088;1
165341;163659;51293;47092;2
165136;163626;51281;47090;8
164840;163665;51262;47093;1
165298;163624;51291;47090;1
165265;163672;51289;47093;8
165381;163627;51296;47090;1
164053;163665;51213;47093;8
164201;163655;51222;47092;4
163927;163667;51205;47093;8
164965;163602;51270;47089;2
165608;163638;51310;47091;2
165544;163698;51306;47095;4
164093;163671;51215;47093;2
164498;163609;51241;47089;2
164533;163654;51243;47092;4
165153;163648;51282;47092;1
164484;163673;51240;47093;2
163857;163668;51201;47093;4
164700;163585;51253;47088;4
165411;163669;51298;47093;4
165272;163709;51289;47095;2
164689;163709;51253;47095;2
164435;163709;51237;47095;2
165061;163679;51276;47093;1
165338;163668;51293;47093;2
165462;163706;51301;47095;2
165521;163605;51305;47089;2
164687;163599;51252;47088;2
164976;163675;51271;47093;1
164122;163703;51217;47095;2
164655;163596;51250;47088;1
164214;163668;51223;47093;4
164884;163665;51265;47093;1
164500;163704;51241;47095;8
165013;163643;51273;47091;2
165139;163673;51281;47093;8
164219;163677;51223;47093;4
164817;163693;51261;47094;4
164193;163594;51222;47088;2
165299;163711;51291;47095;1
164972;163585;51270;47088;4
164507;163640;51241;47091;8
165379;163613;51296;47089;4
164193;163659;51222;47092;1
164122;163680;51217;47094;2
164697;163708;51253;47095;2
165390;163586;51296;47088;2
163989;163646;51209;47091;8
165421;163680;51298;47094;4
164944;163657;51269;47092;4
164444;163706;51237;47095;4
165367;163640;51295;47091;1
163854;163636;51200;47091;1
164122;163607;51217;47089;8
164329;163664;51230;47093;4
164639;163691;51249;47094;8
164989;163679;51271;47093;1
164023;163628;51211;47090;1
165134;163636;51280;47091;8
164318;163658;51229;47092;4
165301;163617;51291;47090;1
164593;163695;51247;47094;8
165095;163651;51278;47092;8
163967;163673;51207;47093;2
165404;163697;51297;47095;4
165188;163609;51284;47089;4
164770;163604;51258;47089;8
164856;163649;51263;47092;2
164105;163638;51216;47091;8
165439;163608;51299;47089;8
164586;163694;51246;47094;1
165101;163704;51278;47095;2
164721;163679;51255;47093;2
164962;163708;51270;47095;2
165081;163597;51277;47088;2
165016;163628;51273;47090;2
164712;163696;51254;47095;1
164756;163656;51257;47092;8
164866;163590;51264;47088;8
164628;163639;51249;47091;4
164825;163590;51261;47088;1
164327;163612;51230;47089;8
165139;163597;51281;47088;4
164778;163659;51258;47092;4
164976;163643;51271;47091;1
164372;163655;51233;47092;8
165629;163638;51311;47091;2
165343;163591;51293;47088;4
165237;163589;51287;47088;4
164810;163597;51260;47088;2
165048;163653;51275;47092;1
165035;163595;51274;47088;4
165519;163635;51304;47091;2
164310;163688;51229;47094;4
164178;163615;51221;47089;8
164071;163609;51214;47089;2
164640;163596;51250;47088;8
164241;163651;51225;47092;8
164984;163586;51271;47088;1
165021;163643;51273;47091;4
164602;163652;51247;47092;4
164724;163628;51255;47090;8
163998;163702;51209;47095;8
165537;163643;51306;47091;2
164952;163602;51269;47089;1
164533;163603;51243;47089;4
163997;163616;51209;47090;8
164902;163672;51266;47093;2
164802;163690;51260;47094;2
165338;163646;51293;47091;2
164465;163678;51239;47093;8
165318;163628;51292;47090;2
164967;163693;51270;47094;1
165124;163634;51280;47091;4
164858;163636;51263;47091;2
165169;163658;51283;47092;4
164733;163620;51255;47090;1
163850;163683;51200;47094;2
164972;163651;51270;47092;1
165552;163623;51307;47090;4
164650;163696;51250;47095;8
164788;163710;51259;47095;2
164820;163600;51261;47089;4
164503;163693;51241;47094;2
165270;163691;51289;47094;4
163892;163688;51203;47094;4
164572;163683;51245;47094;1
164199;163646;51222;47091;8
165150;163627;51281;47090;8
164468;163687;51239;47094;2
164372;163676;51233;47093;4
164674;163633;51252;47091;1
165441;163699;51300;47095;4
164211;163646;51223;47091;8
163850;163705;51200;47095;8
164870;163596;51264;47088;8
165352;163612;51294;47089;2
165613;163647;51310;47091;4
164538;163688;51243;47094;4
165070;163648;51276;47092;4
165464;163616;51301;47090;8
164365;163644;51232;47091;8
164218;163676;51223;47093;8
164947;163703;51269;47095;4
165465;163698;51301;47095;4
164190;163693;51221;47094;4
164893;163687;51265;47094;8
163880;163702;51202;47095;2
164312;163601;51229;47089;1
164536;163675;51243;47093;4
164345;163648;51231;47092;4
164956;163603;51269;47089;8
165227;163587;51286;47088;2
164248;163704;51225;47095;1
164510;163651;51241;47092;1
165043;163695;51275;47094;8
165427;163594;51299;47088;4
164511;163621;51241;47090;2
164300;163589;51228;47088;1
165142;163657;51281;47092;8
165402;163643;51297;47091;1
164794;163643;51259;47091;1
163959;163643;51207;47091;4
164136;163654;51218;47092;8
164302;163622;51228;47090;8
165265;163594;51289;47088;8
165176;163686;51283;47094;4
165159;163711;51282;47095;8
164263;163614;51226;47089;1
165322;163600;51292;47089;8
164043;163667;51212;47093;2
165390;163633;51296;47091;1
164637;163603;51249;47089;2
164675;163646;51252;47091;2
163945;163695;51206;47094;4
165490;163693;51303;47094;4
165313;163681;51292;47094;2
164339;163605;51231;47089;8
164309;163652;51229;47092;4
163878;163599;51202;47088;1
164101;163684;51216;47094;2
164469;163700;51239;47095;1
164510;163667;51241;47093;8
164324;163629;51230;47090;2
165319;163678;51292;47093;2
164522;163608;51242;47089;1
165465;163607;51301;47089;1
164682;163617;51252;47090;2
164969;163629;51270;47090;4
164618;163692;51248;47094;1
164550;163690;51244;47094;4
163949;163584;51206;47088;2
165426;163675;51299;47093;2
165392;163691;51297;47094;4
163976;163662;51208;47092;2
164172;163644;51220;47091;8
165277;163656;51289;47092;2
164541;163629;51243;47090;2
164406;163639;51235;47091;2
164324;163652;51230;47092;1
165013;163684;51273;47094;4
165341;163633;51293;47091;8
164402;163670;51235;47093;2
165619;163655;51311;47092;8
164082;163638;51215;47091;8
165530;163664;51305;47093;2
164902;163635;51266;47091;1
165320;163692;51292;47094;2
165381;163646;51296;47091;4
164594;163632;51247;47091;2
165185;163600;51284;47089;1
164918;163598;51267;47088;1
165308;163653;51291;47092;4
164261;163710;51226;47095;4
163928;163701;51205;47095;2
164342;163625;51231;47090;2
163974;163650;51208;47092;1
164017;163630;51211;47090;4
164202;163636;51222;47091;2
164477;163639;51239;47091;2
164170;163669;51220;47093;8
164169;163646;51220;47091;1
164109;163696;51216;47095;2
164741;163658;51256;47092;8
164823;163636;51261;47091;2
164621;163687;51248;47094;4
164874;163648;51264;47092;4
164662;163706;51251;47095;4
165077;163683;51277;47094;2
165533;163643;51305;47091;2
165445;163590;51300;47088;4
164522;163648;51242;47092;1
164962;163643;51270;47091;8
165399;163635;51297;47091;4
165597;163647;51309;47091;1
163912;163711;51204;47095;8
165076;163650;51277;47092;1
164062;163681;51213;47094;1
164296;163589;51228;47088;8
164180;163647;51221;47091;4
165353;163651;51294;47092;1
164337;163633;51231;47091;4
165294;163632;51290;47091;1
164522;163617;51242;47090;2
165085;163710;51277;47095;2
164910;163656;51266;47092;8
165309;163685;51291;47094;4
165517;163660;51304;47092;2
164755;163622;51257;47090;1
164301;163613;51228;47089;4
165395;163707;51297;47095;1
164515;163682;51242;47094;8
163946;163698;51206;47095;1
165208;163674;51285;47093;4
165170;163585;51283;47088;1
164474;163701;51239;47095;4
164724;163633;51255;47091;8
163947;163614;51206;47089;8
164170;163609;51220;47089;4
165466;163631;51301;47090;2
165087;163672;51277;47093;4
165534;163648;51305;47092;4
164049;163595;51213;47088;1
164860;163591;51263;47088;8
165260;163685;51288;47094;4
164600;163667;51247;47093;1
164839;163596;51262;47088;8
164255;163663;51225;47092;8
163929;163645;51205;47091;8
164439;163620;51237;47090;1
164023;163627;51211;47090;2
164797;163709;51259;47095;2
165153;163618;51282;47090;8
165055;163589;51275;47088;8
164039;163706;51212;47095;4
164113;163608;51217;47089;2
164887;163665;51265;47093;8
163868;163710;51201;47095;8
165385;163628;51296;47090;8
164569;163695;51245;47094;4
165211;163693;51285;47094;8
165614;163705;51310;47095;1
164776;163659;51258;47092;8
165022;163590;51273;47088;4
164421;163682;51236;47094;8
164811;163711;51260;47095;8
164051;163609;51213;47089;1
164035;163671;51212;47093;2
164839;163643;51262;47091;1
164449;163629;51238;47090;4
164867;163596;51264;47088;1
164661;163705;51251;47095;2
165491;163640;51303;47091;4
165357;163690;51294;47094;4
163906;163670;51204;47093;2
165553;163679;51307;47093;8
165370;163609;51295;47089;2
165604;163597;51310;47088;1
164199;163588;51222;47088;8
164090;163665;51215;47093;4
164176;163681;51221;47094;4
165280;163611;51290;47089;8
165542;163664;51306;47093;8
165569;163653;51308;47092;2
164473;163636;51239;47091;4
165265;163647;51289;47091;8
165052;163615;51275;47089;1
164953;163683;51269;47094;2
165348;163707;51294;47095;4
165136;163672;51281;47093;1
164243;163615;51225;47089;2
165426;163689;51299;47094;8
164584;163621;51246;47090;1
165043;163607;51275;47089;1
165331;163593;51293;47088;4
165261;163688;51288;47094;8
163870;163632;51201;47091;2
165601;163672;51310;47093;1
164131;163675;51218;47093;2
164510;163614;51241;47089;4
163917;163680;51204;47094;2
164493;163644;51240;47091;1
165452;163709;51300;47095;2
165261;163648;51288;47092;4
165541;163603;51306;47089;4
165323;163702;51292;47095;8
165119;163693;51279;47094;1
164636;163606;51249;47089;8
164336;163611;51231;47089;2
165630;163589;51311;47088;4
164240;163655;51225;47092;4
164238;163660;51224;47092;8
165519;163647;51304;47091;1
165314;163644;51292;47091;8
164328;163657;51230;47092;1
164185;163637;51221;47091;4
163905;163683;51204;47094;2
165126;163705;51280;47095;8
164148;163613;51219;47089;8
164911;163651;51266;47092;4
164806;163657;51260;47092;8
165268;163680;51289;47094;8
164608;163598;51248;47088;2
164383;163675;51233;47093;4
164902;163652;51266;47092;2
164665;163653;51251;47092;4
164713;163636;51254;47091;1
164311;163671;51229;47093;4
163936;163683;51206;47094;1
164090;163686;51215;47094;8
165581;163599;51308;47088;8
165469;163591;51301;47088;8
165430;163665;51299;47093;4
165454;163585;51300;47088;1
164064;163663;51214;47092;1
164841;163707;51262;47095;1
164329;163620;51230;47090;8
164239;163697;51224;47095;8
164453;163637;51238;47091;4
164454;163673;51238;47093;1
165327;163607;51292;47089;2
164745;163667;51256;47093;4
165136;163670;51281;47093;4
164636;163687;51249;47094;8
165620;163646;51311;47091;1
164511;163620;51241;47090;4
163952;163614;51207;47089;2
165259;163597;51288;47088;8
165251;163652;51288;47092;2
165582;163587;51308;47088;8
164692;163627;51253;47090;1
165322;163652;51292;47092;2
164556;163664;51244;47093;4
165205;163632;51285;47091;4
164101;163587;51216;47088;1
164260;163658;51226;47092;8
164756;163677;51257;47093;4
165194;163709;51284;47095;8
164926;163655;51267;47092;8
164423;163590;51236;47088;1
163841;163657;51200;47092;1
165604;163699;51310;47095;4
164084;163628;51215;47090;8
165296;163617;51291;47090;2
164732;163606;51255;47089;8
165192;163649;51284;47092;1
165131;163596;51280;47088;8
164242;163708;51225;47095;4
164609;163704;51248;47095;1
165280;163640;51290;47091;4
164806;163626;51260;47090;1
165142;163633;51281;47091;4
164576;163593;51246;47088;4
165496;163667;51303;47093;1
164025;163674;51211;47093;8
164839;163692;51262;47094;1
164474;163612;51239;47089;4
164449;163682;51238;47094;8
164305;163710;51229;47095;2
164286;163677;51227;47093;8
164767;163690;51257;47094;4
164185;163637;51221;47091;1
165600;163605;51310;47089;4
163931;163614;51205;47089;1
164292;163683;51228;47094;2
165447;163612;51300;47089;4
165452;163642;51300;47091;8
165018;163605;51273;47089;8
165265;163661;51289;47092;1
165180;163623;51283;47090;1
164925;163598;51267;47088;8
165202;163687;51285;47094;4
163967;163690;51207;47094;4
165323;163613;51292;47089;8
165171;163603;51283;47089;4
164110;163594;51216;47088;4
164225;163589;51224;47088;8
164830;163650;51261;47092;8
165463;163618;51301;47090;4
165216;163702;51286;47095;4
164610;163652;51248;47092;4
164824;163605;51261;47089;8
164185;163595;51221;47088;4
164993;163711;51272;47095;1
165304;163642;51291;47091;8
164083;163590;51215;47088;1
164901;163622;51266;47090;8
164194;163685;51222;47094;4
164275;163689;51227;47094;8
164137;163599;51218;47088;2
164176;163674;51221;47093;1
165511;163711;51304;47095;1
165037;163674;51274;47093;1
164668;163693;51251;47094;1
165412;163638;51298;47091;4
164733;163700;51255;47095;4
164848;163622;51263;47090;8
164704;163661;51254;47092;8
163936;163665;51206;47093;4
165141;163681;51281;47094;1
164008;163647;51210;47091;2
164573;163645;51245;47091;8
165420;163675;51298;47093;2
164977;163649;51271;47092;1
163965;163705;51207;47095;8
164750;163663;51256;47092;2
164643;163671;51250;47093;4
164178;163687;51221;47094;2
164899;163649;51266;47092;8
165393;163612;51297;47089;2
164620;163590;51248;47088;2
165495;163636;51303;47091;4
165041;163611;51275;47089;8
165141;163691;51281;47094;1
164780;163609;51258;47089;4
165341;163697;51293;47095;2
164535;163695;51243;47094;1
164700;163598;51253;47088;8
164692;163592;51253;47088;2
164533;163681;51243;47094;4
164107;163667;51216;47093;1
164273;163596;51227;47088;8
164089;163662;51215;47092;8
165282;163586;51290;47088;1
163864;163659;51201;47092;1
165138;163686;51281;47094;2
165336;163696;51293;47095;1
163842;163608;51200;47089;2
164098;163700;51216;47095;2
164628;163584;51249;47088;8
164861;163708;51263;47095;2
164601;163640;51247;47091;2
163937;163638;51206;47091;1
164321;163591;51230;47088;4
164920;163598;51267;47088;4
165164;163706;51282;47095;2
165497;163589;51303;47088;1
165284;163607;51290;47089;4
164817;163683;51261;47094;2
164687;163642;51252;47091;8
165357;163659;51294;47092;2
164801;163620;51260;47090;2
165589;163650;51309;47092;4
164346;163622;51231;47090;1
164935;163616;51268;47090;2
165186;163610;51284;47089;8
165566;163666;51307;47093;2
164450;163590;51238;47088;1
164553;163692;51244;47094;2
163943;163596;51206;47088;4
164148;163694;51219;47094;1
164791;163689;51259;47094;4
165234;163682;51287;47094;1
165274;163680;51289;47094;8
165006;163612;51272;47089;2
165350;163684;51294;47094;1
163975;163686;51208;47094;2
165047;163698;51275;47095;1
164062;163612;51213;47089;4
164576;163709;51246;47095;8
165145;163611;51281;47089;2
164527;163661;51242;47092;1
164549;163674;51244;47093;8
164942;163595;51268;47088;2
165071;163623;51276;47090;8
164793;163592;51259;47088;1
164867;163635;51264;47091;4
165090;163623;51278;47090;4
164117;163693;51217;47094;8
165189;163659;51284;47092;2
164625;163707;51249;47095;4
164890;163700;51265;47095;1
165411;163660;51298;47092;1
165356;163604;51294;47089;8
164349;163671;51231;47093;8
165205;163600;51285;47089;2
165385;163586;51296;47088;8
165307;163689;51291;47094;4
163936;163593;51206;47088;4
164741;163606;51256;47089;4
164969;163652;51270;47092;4
164794;163671;51259;47093;1
165279;163624;51289;47090;4
164343;163610;51231;47089;2
165230;163596;51286;47088;4
165208;163691;51285;47094;2
164559;163667;51244;47093;4
164540;163663;51243;47092;8
165528;163702;51305;47095;4
164016;163673;51211;47093;2
164094;163661;51215;47092;2
165443;163635;51300;47091;4
164881;163634;51265;47091;8
164265;163665;51226;47093;1
165136;163613;51281;47089;4
165202;163601;51285;47089;2
165413;163692;51298;47094;8
165237;163646;51287;47091;1
165029;163625;51274;47090;2
164305;163680;51229;47094;4
165237;163705;51287;47095;2
165230;163661;51286;47092;1
165612;163627;51310;47090;8
165247;163673;51287;47093;2
164435;163704;51237;47095;1
165255;163689;51288;47094;4
163879;163631;51202;47090;8
165059;163602;51276;47089;4
164086;163682;51215;47094;2
164663;163615;51251;47089;2
163890;163711;51203;47095;8
165459;163590;51301;47088;1
163978;163684;51208;47094;2
164682;163702;51252;47095;8
164189;163698;51221;47095;1
163869;163663;51201;47092;4
164030;163636;51211;47091;2
164875;163609;51264;47089;1
165160;163669;51282;47093;4
164583;163625;51246;47090;4
165522;163647;51305;47091;4
164069;163676;51214;47093;1
164649;163607;51250;47089;2
165526;163622;51305;47090;8
164643;163587;51250;47088;2
164273;163625;51227;47090;1
165518;163598;51304;47088;1
165077;163584;51277;47088;1
163851;163588;51200;47088;4
164042;163621;51212;47090;4
165032;163696;51274;47095;2
165282;163584;51290;47088;1
164900;163682;51266;47094;8
165566;163611;51307;47089;8
165573;163643;51308;47091;2
164198;163672;51222;47093;2
165296;163652;51291;47092;2
165235;163585;51287;47088;1
164618;163659;51248;47092;8
165190;163676;51284;47093;8
165272;163589;51289;47088;1
163870;163590;51201;47088;8
164124;163671;51217;47093;4
164893;163679;51265;47093;1
164824;163694;51261;47094;2
165245;163632;51287;47091;8
165305;163594;51291;47088;8
164939;163683;51268;47094;1
163995;163694;51209;47094;1
165210;163624;51285;47090;2
165372;163585;51295;47088;4
164523;163612;51242;47089;2
165049;163680;51275;47094;8
164909;163669;51266;47093;2
165488;163601;51303;47089;4
164983;163620;51271;47090;4
163945;163675;51206;47093;8
165123;163707;51280;47095;4
163919;163710;51204;47095;8
163884;163648;51202;47092;4
165120;163671;51280;47093;2
164960;163629;51270;47090;8
164481;163710;51240;47095;4
165142;163660;51281;47092;1
164616;163651;51248;47092;1
165142;163651;51281;47092;4
165186;163678;51284;47093;2
164741;163627;51256;47090;2
164570;163679;51245;47093;8
163858;163631;51201;47090;2
164747;163636;51256;47091;2
164829;163706;51261;47095;8
165225;163633;51286;47091;2
164727;163590;51255;47088;2
165276;163615;51289;47089;2
164909;163701;51266;47095;8
164184;163711;51221;47095;1
164662;163673;51251;47093;1
164228;163593;51224;47088;1
164641;163626;51250;47090;1
165022;163668;51273;47093;2
165309;163590;51291;47088;2
163989;163708;51209;47095;4
164008;163617;51210;47090;2
164339;163654;51231;47092;2
164628;163679;51249;47093;2
164768;163588;51258;47088;8
163937;163705;51206;47095;8
164270;163701;51226;47095;8
165141;163643;51281;47091;4
165192;163678;51284;47093;1
164019;163599;51211;47088;4
164071;163630;51214;47090;8
164013;163683;51210;47094;4
164655;163709;51250;47095;2
165083;163631;51277;47090;2
164627;163612;51249;47089;4
165554;163616;51307;47090;4
164705;163672;51254;47093;8
164101;163593;51216;47088;4
165472;163654;51302;47092;1
165085;163626;51277;47090;1
165353;163673;51294;47093;8
165534;163589;51305;47088;1
164616;163605;51248;47089;8
164173;163709;51220;47095;1
165025;163647;51274;47091;1
164586;163605;51246;47089;2
165192;163699;51284;47095;1
164584;163631;51246;47090;8
164042;163607;51212;47089;1
164952;163632;51269;47091;1
164311;163603;51229;47089;4
164277;163628;51227;47090;4
164542;163678;51243;47093;1
165442;163646;51300;47091;2
164612;163645;51248;47091;1
163875;163688;51202;47094;8
163865;163631;51201;47090;1
164329;163684;51230;47094;4
164241;163710;51225;47095;8
164692;163614;51253;47089;1
165204;163605;51285;47089;1
163947;163604;51206;47089;4
165431;163666;51299;47093;8
163888;163636;51203;47091;2
164557;163683;51244;47094;2
165174;163624;51283;47090;4
165489;163591;51303;47088;1
165056;163652;51276;47092;2
165026;163711;51274;47095;1
165012;163690;51273;47094;1
164128;163613;51218;47089;2
164562;163663;51245;47092;2
164394;163659;51234;47092;8
164802;163652;51260;47092;8
164607;163607;51247;47089;8
165252;163659;51288;47092;2
165299;163645;51291;47091;2
164945;163667;51269;47093;4
165495;163710;51303;47095;2
165598;163677;51309;47093;1
164628;163609;51249;47089;1
164646;163674;51250;47093;2
164051;163606;51213;47089;2
164627;163695;51249;47094;1
164803;163707;51260;47095;1
164707;163703;51254;47095;2
164267;163602;51226;47089;1
164009;163655;51210;47092;8
164887;163689;51265;47094;1
165083;163613;51277;47089;4
163893;163584;51203;47088;1
165138;163655;51281;47092;8
164713;163599;51254;47088;4
165010;163710;51273;47095;4
165610;163591;51310;47088;1
164543;163671;51243;47093;2
164399;163602;51234;47089;1
164219;163691;51223;47094;4
164239;163652;51224;47092;4
164768;163594;51258;47088;4
163903;163691;51203;47094;4
165407;163690;51297;47094;1
165409;163646;51298;47091;2
164959;163666;51269;47093;4
164458;163635;51238;47091;2
164460;163592;51238;47088;8
164229;163668;51224;47093;8
165051;163610;51275;47089;2
165376;163696;51296;47095;4
165373;163687;51295;47094;2
163858;163608;51201;47089;4
164194;163706;51222;47095;8
164613;163640;51248;47091;1
165546;163647;51306;47091;4
165258;163631;51288;47090;4
164482;163594;51240;47088;8
165144;163652;51281;47092;8
164991;163673;51271;47093;1
165373;163688;51295;47094;2
164611;163606;51248;47089;4
163908;163670;51204;47093;2
165453;163661;51300;47092;1
164312;163629;51229;47090;1
164348;163680;51231;47094;4
163951;163667;51206;47093;4
163936;163599;51206;47088;8
164515;163671;51242;47093;2
165050;163624;51275;47090;2
164390;163631;51234;47090;8
164350;163665;51231;47093;2
164525;163619;51242;47090;4
164152;163585;51219;47088;4
164226;163671;51224;47093;1
165324;163618;51292;47090;1
165576;163631;51308;47090;4
164044;163654;51212;47092;1
165234;163614;51287;47089;4
164771;163609;51258;47089;4
165174;163692;51283;47094;1
164578;163592;51246;47088;2
165253;163686;51288;47094;1
164017;163694;51211;47094;2
164828;163678;51261;47093;8
163903;163679;51203;47093;1
164755;163609;51257;47089;2
163895;163599;51203;47088;8
165619;163598;51311;47088;8
165137;163609;51281;47089;4
164639;163701;51249;47095;8
165189;163709;51284;47095;2
165318;163688;51292;47094;1
164444;163688;51237;47094;1
164466;163676;51239;47093;1
164792;163706;51259;47095;1
164479;163646;51239;47091;2
165218;163624;51286;47090;2
164850;163604;51263;47089;8
164255;163599;51225;47088;2
164768;163672;51258;47093;2
163911;163639;51204;47091;8
165570;163590;51308;47088;8
165463;163621;51301;47090;2
164169;163654;51220;47092;8
164781;163652;51258;47092;8
164924;163605;51267;47089;8
164281;163679;51227;47093;1
164886;163618;51265;47090;8
164266;163643;51226;47091;1
164996;163650;51272;47092;8
164775;163668;51258;47093;8
164857;163675;51263;47093;8
165049;163665;51275;47093;1
164066;163598;51214;47088;2
164346;163666;51231;47093;1
165565;163703;51307;47095;8
164542;163592;51243;47088;4
164406;163708;51235;47095;4
163996;163701;51209;47095;2
165184;163598;51284;47088;8
165473;163627;51302;47090;1
165214;163607;51285;47089;1
163904;163684;51204;47094;2
164468;163675;51239;47093;2
164840;163610;51262;47089;2
165288;163594;51290;47088;2
164285;163625;51227;47090;8
165168;163653;51283;47092;8
163881;163607;51202;47089;1
164808;163653;51260;47092;8
165382;163651;51296;47092;4
164400;163613;51235;47089;8
164401;163657;51235;47092;1
164104;163597;51216;47088;2
165436;163668;51299;47093;8
163926;163589;51205;47088;2
165092;163704;51278;47095;2
164626;163691;51249;47094;2
164624;163644;51249;47091;1
165234;163592;51287;47088;8
164093;163586;51215;47088;2
165288;163609;51290;47089;1
164769;163647;51258;47091;1
164811;163661;51260;47092;8
164815;163655;51260;47092;4
164607;163628;51247;47090;8
163936;163692;51206;47094;2
164400;163652;51235;47092;2
165395;163689;51297;47094;1
165574;163705;51308;47095;2
164429;163694;51236;47094;1
165061;163705;51276;47095;4
164759;163590;51257;47088;1
164732;163686;51255;47094;4
164354;163650;51232;47092;1
164826;163656;51261;47092;2
163948;163659;51206;47092;1
164929;163590;51268;47088;8
165049;163595;51275;47088;8
165318;163701;51292;47095;4
165115;163638;51279;47091;1
163931;163620;51205;47090;8
164555;163694;51244;47094;8
165459;163671;51301;47093;4
164600;163587;51247;47088;4
165297;163691;51291;47094;1
164132;163653;51218;47092;1
164376;163629;51233;47090;1
164566;163632;51245;47091;2
164978;163705;51271;47095;4
164548;163600;51244;47089;1
164445;163631;51237;47090;2
165417;163608;51298;47089;2
163988;163591;51209;47088;4
164141;163708;51218;47095;1
165473;163698;51302;47095;2
164029;163639;51211;47091;2
165129;163668;51280;47093;4
164266;163662;51226;47092;8
165293;163633;51290;47091;8
165019;163623;51273;47090;1
164441;163604;51237;47089;1
164338;163647;51231;47091;2
165078;163598;51277;47088;4
164239;163644;51224;47091;1
164883;163654;51265;47092;4
165095;163609;51278;47089;2
164732;163588;51255;47088;4
165417;163695;51298;47094;4
165200;163682;51285;47094;8
164759;163645;51257;47091;1
164268;163588;51226;47088;4
164276;163586;51227;47088;4
165591;163623;51309;47090;8
164318;163687;51229;47094;4
164513;163601;51242;47089;2
164614;163586;51248;47088;4
164377;163610;51233;47089;8
164059;163685;51213;47094;1
164202;163640;51222;47091;8
164331;163674;51230;47093;4
164196;163637;51222;47091;1
164375;163621;51233;47090;8
164874;163701;51264;47095;4
163989;163625;51209;47090;8
165008;163654;51273;47092;4
164547;163665;51244;47093;4
165287;163602;51290;47089;8
163870;163636;51201;47091;8
165008;163672;51273;47093;4
164086;163657;51215;47092;8
164060;163591;51213;47088;2
165043;163677;51275;47093;1
164503;163629;51241;47090;4
164411;163645;51235;47091;1
164394;163709;51234;47095;1
165159;163703;51282;47095;1
164713;163611;51254;47089;4
164993;163676;51272;47093;8
164607;163625;51247;47090;4
165454;163598;51300;47088;8
165388;163643;51296;47091;4
165048;163651;51275;47092;8
164951;163653;51269;47092;4
163890;163640;51203;47091;8
165396;163664;51297;47093;4
164550;163693;51244;47094;1
165240;163674;51287;47093;4
164663;163652;51251;47092;8
165344;163689;51294;47094;2
164674;163691;51252;47094;1
165436;163651;51299;47092;2
165618;163603;51311;47089;2
164245;163608;51225;47089;2
165037;163616;51274;47090;8
165536;163659;51306;47092;4
165411;163699;51298;47095;4
164395;163706;51234;47095;4
165586;163659;51309;47092;1
164503;163595;51241;47088;8
165295;163686;51290;47094;8
165219;163614;51286;47089;2
164939;163669;51268;47093;2
165577;163693;51308;47094;2
164514;163688;51242;47094;1
165332;163659;51293;47092;1
164914;163708;51267;47095;8
165282;163632;51290;47091;1
164110;163588;51216;47088;8
164135;163669;51218;47093;8
165002;163703;51272;47095;4
164406;163604;51235;47089;2
164407;163646;51235;47091;4
164430;163702;51236;47095;1
165153;163614;51282;47089;8
164173;163607;51220;47089;2
164212;163653;51223;47092;2
164123;163709;51217;47095;8
164484;163656;51240;47092;4
165339;163649;51293;47092;4
164464;163595;51239;47088;8
164049;163608;51213;47089;4
164256;163623;51226;47090;8
163967;163642;51207;47091;2
164801;163701;51260;47095;2
165283;163586;51290;47088;1
164289;163699;51228;47095;1
164685;163612;51252;47089;4
164029;163711;51211;47095;2
164014;163598;51210;47088;4
164180;163601;51221;47089;2
165599;163606;51309;47089;4
164856;163691;51263;47094;4
165230;163590;51286;47088;2
164674;163651;51252;47092;1
164721;163614;51255;47089;8
164947;163597;51269;47088;4
165449;163647;51300;47091;2
164936;163658;51268;47092;2
165523;163622;51305;47090;2
164064;163666;51214;47093;1
164516;163595;51242;47088;1
165066;163696;51276;47095;4
164392;163692;51234;47094;1
163973;163590;51208;47088;1
164257;163658;51226;47092;4
164364;163696;51232;47095;1
165359;163617;51294;47090;1
165199;163595;51284;47088;8
163860;163591;51201;47088;2
164616;163678;51248;47093;1
165193;163666;51284;47093;8
164233;163584;51224;47088;8
164679;163622;51252;47090;4
164810;163585;51260;47088;8
164936;163709;51268;47095;4
163977;163627;51208;47090;2
164224;163668;51224;47093;1
164293;163612;51228;47089;4
165102;163606;51278;47089;4
165317;163669;51292;47093;2
165282;163696;51290;47095;2
164730;163711;51255;47095;2
164738;163584;51256;47088;1
164393;163588;51234;47088;2
165539;163585;51306;47088;1
164352;163624;51232;47090;8
165069;163613;51276;47089;1
165001;163710;51272;47095;1
165119;163664;51279;47093;8
165612;163641;51310;47091;1
165171;163662;51283;47092;1
165332;163666;51293;47093;8
165026;163622;51274;47090;1
164701;163613;51253;47089;4
164538;163636;51243;47091;8
165065;163686;51276;47094;1
165538;163589;51306;47088;1
165057;163666;51276;47093;2
163959;163693;51207;47094;1
163845;163710;51200;47095;8
164620;163674;51248;47093;2
164116;163588;51217;47088;2
165322;163671;51292;47093;2
164468;163602;51239;47089;8
163939;163676;51206;47093;2
163947;163676;51206;47093;4
165066;163588;51276;47088;2
165269;163698;51289;47095;2
165233;163624;51287;47090;8
165134;163629;51280;47090;8
163983;163649;51208;47092;1
164479;163619;51239;47090;1
164522;163677;51242;47093;8
164928;163702;51268;47095;1
164141;163586;51218;47088;1
164064;163652;51214;47092;1
165055;163584;51275;47088;4
164680;163627;51252;47090;8
163936;163689;51206;47094;2
164844;163640;51262;47091;1
165503;163693;51303;47094;2
165138;163696;51281;47095;2
165073;163705;51277;47095;2
163876;163710;51202;47095;2
165263;163604;51288;47089;4
164005;163711;51210;47095;8
164065;163663;51214;47092;4
165363;163635;51295;47091;4
163975;163623;51208;47090;8
164370;163627;51233;47090;4
164571;163707;51245;47095;2
164219;163628;51223;47090;8
165496;163618;51303;47090;4
164620;163594;51248;47088;4
164370;163599;51233;47088;1
165503;163669;51303;47093;8
165247;163628;51287;47090;4
164563;163632;51245;47091;8
163918;163643;51204;47091;8
165400;163655;51297;47092;8
164372;163637;51233;47091;8
164845;163705;51262;47095;8
164647;163639;51250;47091;8
164026;163654;51211;47092;8
165518;163697;51304;47095;1
163850;163618;51200;47090;2
165115;163584;51279;47088;2
165084;163695;51277;47094;4
164559;163584;51244;47088;8
164468;163710;51239;47095;8
164191;163608;51221;47089;8
164679;163689;51252;47094;8
164585;163710;51246;47095;2
163920;163607;51205;47089;8
165260;163634;51288;47091;1
164811;163666;51260;47093;4
164237;163679;51224;47093;4
164775;163676;51258;47093;4
164957;163587;51269;47088;2
164262;163702;51226;47095;2
164598;163621;51247;47090;8
164575;163586;51245;47088;1
165487;163710;51302;47095;8
165233;163700;51287;47095;8
164270;163591;51226;47088;8
165130;163693;51280;47094;1
163982;163694;51208;47094;2
164975;163627;51270;47090;1
165272;163640;51289;47091;8
163878;163621;51202;47090;1
163898;163638;51203;47091;4
165553;163642;51307;47091;1
165546;163628;51306;47090;4
164718;163591;51254;47088;2
164290;163664;51228;47093;8
163965;163703;51207;47095;4
164035;163693;51212;47094;4
164797;163665;51259;47093;2
165267;163689;51289;47094;8
164286;163695;51227;47094;8
165454;163603;51300;47089;1
164319;163650;51229;47092;4
165351;163661;51294;47092;8
164842;163591;51262;47088;8
165607;163680;51310;47094;8
164409;163637;51235;47091;1
164497;163595;51241;47088;1
164936;163707;51268;47095;2
165529;163646;51305;47091;4
164745;163680;51256;47094;2
164228;163662;51224;47092;1
164177;163658;51221;47092;8
164087;163585;51215;47088;2
164636;163657;51249;47092;1
165557;163677;51307;47093;4
164644;163647;51250;47091;4
165611;163642;51310;47091;1
163959;163651;51207;47092;2
165109;163617;51279;47090;8
164881;163646;51265;47091;8
164750;163692;51256;47094;2
164291;163666;51228;47093;2
164783;163704;51258;47095;8
164492;163587;51240;47088;8
165624;163637;51311;47091;8
164116;163692;51217;47094;4
165245;163630;51287;47090;2
164240;163706;51225;47095;1
164926;163643;51267;47091;4
165052;163675;51275;47093;4
164520;163626;51242;47090;8
164001;163606;51210;47089;4
165078;163690;51277;47094;1
164794;163676;51259;47093;8
164560;163638;51245;47091;1
164029;163616;51211;47090;4
164050;163652;51213;47092;2
165352;163692;51294;47094;1
164938;163657;51268;47092;4
165454;163600;51300;47089;2
165504;163607;51304;47089;1
164131;163651;51218;47092;2
165284;163589;51290;47088;4
165578;163677;51308;47093;1
165003;163682;51272;47094;4
164402;163687;51235;47094;4
164635;163619;51249;47090;8
165410;163658;51298;47092;2
164654;163635;51250;47091;4
164750;163681;51256;47094;8
165194;163675;51284;47093;8
165184;163622;51284;47090;2
165334;163625;51293;47090;4
165402;163653;51297;47092;1
164319;163683;51229;47094;2
163975;163625;51208;47090;8
165594;163659;51309;47092;2
164275;163595;51227;47088;8
165296;163615;51291;47089;1
165427;163638;51299;47091;8
165111;163676;51279;47093;1
164378;163636;51233;47091;2
164774;163648;51258;47092;4
165044;163635;51275;47091;2
164189;163619;51221;47090;1
164964;163673;51270;47093;4
165532;163630;51305;47090;8
163995;163591;51209;47088;1
164215;163644;51223;47091;8
165527;163678;51305;47093;1
164608;163638;51248;47091;2
165325;163623;51292;47090;8
164655;163681;51250;47094;8
163924;163660;51205;47092;4
164833;163600;51262;47089;1
164089;163641;51215;47091;1
165264;163619;51289;47090;8
163876;163704;51202;47095;8
165574;163617;51308;47090;1
163897;163618;51203;47090;4
165460;163686;51301;47094;1
165568;163588;51308;47088;2
164108;163622;51216;47090;1
164235;163651;51224;47092;1
164149;163629;51219;47090;4
165115;163705;51279;47095;4
165386;163598;51296;47088;1
165456;163588;51301;47088;1
165378;163587;51296;47088;8
164105;163640;51216;47091;8
164928;163653;51268;47092;1
165255;163622;51288;47090;8
164528;163590;51243;47088;2
164903;163592;51266;47088;1
164804;163626;51260;47090;8
163974;163584;51208;47088;2
165459;163637;51301;47091;2
164012;163605;51210;47089;4
164508;163639;51241;47091;8
164777;163628;51258;47090;4
163971;163618;51208;47090;1
164900;163676;51266;47093;8
164192;163633;51222;47091;2
164781;163664;51258;47093;8
165030;163698;51274;47095;2
165023;163706;51273;47095;1
164590;163663;51246;47092;2
165493;163704;51303;47095;1
164458;163687;51238;47094;1
165300;163703;51291;47095;2
164306;163603;51229;47089;8
164883;163613;51265;47089;1
163947;163596;51206;47088;4
164769;163605;51258;47089;4
164563;163629;51245;47090;1
164627;163621;51249;47090;4
164403;163622;51235;47090;4
164969;163652;51270;47092;8
164338;163613;51231;47089;2
163886;163690;51202;47094;4
165317;163693;51292;47094;8
165584;163597;51309;47088;1
164167;163690;51220;47094;8
164250;163682;51225;47094;4
165350;163707;51294;47095;2
164515;163620;51242;47090;2
164905;163584;51266;47088;8
164956;163662;51269;47092;1
164708;163696;51254;47095;4
165266;163587;51289;47088;4
164226;163620;51224;47090;8
164384;163704;51234;47095;4
165276;163668;51289;47093;2
164433;163597;51237;47088;4
164959;163625;51269;47090;1
164961;163603;51270;47089;4
164635;163612;51249;47089;8
165159;163695;51282;47094;2
164869;163585;51264;47088;1
163907;163638;51204;47091;4
165408;163661;51298;47092;2
164304;163700;51229;47095;8
165154;163652;51282;47092;8
164831;163589;51261;47088;8
163885;163652;51202;47092;2
165095;163616;51278;47090;1
164965;163644;51270;47091;4
164860;163667;51263;47093;4
164931;163654;51268;47092;4
164547;163627;51244;47090;4
164516;163682;51242;47094;2
164166;163630;51220;47090;4
164240;163638;51225;47091;1
163944;163691;51206;47094;8
165264;163621;51289;47090;8
165057;163662;51276;47092;8
165187;163608;51284;47089;2
163973;163690;51208;47094;2
165574;163597;51308;47088;1
165144;163586;51281;47088;1
165519;163664;51304;47093;8
164075;163613;51214;47089;2
164306;163602;51229;47089;4
164970;163617;51270;47090;8
165546;163680;51306;47094;1
164919;163585;51267;47088;2
165313;163647;51292;47091;8
164281;163643;51227;47091;4
163869;163639;51201;47091;1
164072;163657;51214;47092;1
164046;163654;51212;47092;8
164135;163619;51218;47090;8
163850;163676;51200;47093;4
164858;163593;51263;47088;4
163869;163687;51201;47094;2
165275;163668;51289;47093;4
165532;163644;51305;47091;2
164686;163670;51252;47093;8
164167;163660;51220;47092;4
165059;163699;51276;47095;4
164254;163606;51225;47089;2
163903;163645;51203;47091;8
164517;163671;51242;47093;4
164797;163602;51259;47089;4
164524;163650;51242;47092;8
163978;163612;51208;47089;4
163920;163611;51205;47089;2
164458;163628;51238;47090;8
164700;163674;51253;47093;4
165407;163655;51297;47092;4
165157;163658;51282;47092;1
165044;163614;51275;47089;4
164138;163603;51218;47089;8
165071;163592;51276;47088;1
164474;163708;51239;47095;8
164050;163697;51213;47095;8
164864;163674;51264;47093;8
164334;163648;51230;47092;4
165474;163617;51302;47090;4
164698;163622;51253;47090;4
164645;163597;51250;47088;8
164453;163656;51238;47092;2
164729;163669;51255;47093;4
164272;163672;51227;47093;1
165229;163657;51286;47092;2
163931;163643;51205;47091;2
165200;163615;51285;47089;2
164040;163628;51212;47090;4
165108;163632;51279;47091;2
165620;163591;51311;47088;2
165536;163595;51306;47088;8
163850;163646;51200;47091;8
164611;163592;51248;47088;8
165365;163649;51295;47092;4
164350;163671;51231;47093;4
165567;163588;51307;47088;1
164917;163700;51267;47095;8
163876;163654;51202;47092;1
164497;163592;51241;47088;2
163884;163594;51202;47088;4
164224;163649;51224;47092;8
164301;163698;51228;47095;1
164437;163682;51237;47094;1
164391;163648;51234;47092;1
165429;163627;51299;47090;2
165018;163668;51273;47093;8
164339;163659;51231;47092;8
164798;163692;51259;47094;1
164869;163598;51264;47088;8
164266;163611;51226;47089;8
164319;163599;51229;47088;4
164597;163648;51247;47092;1
164992;163648;51272;47092;2
164135;163637;51218;47091;4
165580;163610;51308;47089;4
164407;163696;51235;47095;4
164552;163675;51244;47093;1
164619;163690;51248;47094;4
164622;163619;51248;47090;1
165016;163619;51273;47090;4
164074;163587;51214;47088;4
165160;163711;51282;47095;8
163934;163687;51205;47094;1
164531;163665;51243;47093;8
164399;163660;51234;47092;4
165080;163598;51277;47088;4
165487;163631;51302;47090;1
163934;163680;51205;47094;8
165490;163612;51303;47089;8
164847;163606;51262;47089;8
165520;163657;51305;47092;1
163980;163700;51208;47095;2
165038;163665;51274;47093;4
165317;163679;51292;47093;2
164735;163599;51255;47088;2
165358;163600;51294;47089;2
164613;163593;51248;47088;8
165504;163707;51304;47095;2
164459;163646;51238;47091;8
165363;163657;51295;47092;4
164111;163587;51216;47088;4
165023;163623;51273;47090;1
164503;163628;51241;47090;4
164165;163680;51220;47094;4
164566;163627;51245;47090;8
164498;163683;51241;47094;4
164075;163597;51214;47088;4
165138;163605;51281;47089;2
164446;163694;51237;47094;1
165464;163682;51301;47094;8
164009;163711;51210;47095;4
165433;163694;51299;47094;1
165091;163592;51278;47088;1
164134;163629;51218;47090;4
164890;163709;51265;47095;4
165421;163588;51298;47088;1
165160;163629;51282;47090;1
164430;163626;51236;47090;2
165543;163624;51306;47090;1
164761;163687;51257;47094;4
165487;163634;51302;47091;2
165157;163657;51282;47092;4
165320;163657;51292;47092;4
164428;163622;51236;47090;8
164019;163594;51211;47088;2
164536;163689;51243;47094;8
164403;163660;51235;47092;2
165324;163633;51292;47091;4
163934;163608;51205;47089;8
164840;163653;51262;47092;8
163909;163646;51204;47091;4
164099;163612;51216;47089;1
164341;163684;51231;47094;1
164225;163609;51224;47089;2
164752;163678;51257;47093;2
165098;163639;51278;47091;4
164551;163698;51244;47095;4
165620;163614;51311;47089;1
165405;163652;51297;47092;4
164568;163584;51245;47088;4
165260;163623;51288;47090;4
164218;163610;51223;47089;4
164472;163663;51239;47092;1
164162;163641;51220;47091;1
164643;163640;51250;47091;4
164738;163584;51256;47088;1
165056;163664;51276;47093;4
164071;163647;51214;47091;2
165177;163633;51283;47091;8
164912;163620;51267;47090;4
164372;163657;51233;47092;8
164667;163630;51251;47090;8
165330;163623;51293;47090;8
165495;163607;51303;47089;2
164125;163688;51217;47094;4
165441;163624;51300;47090;8
165304;163669;51291;47093;4
164008;163665;51210;47093;8
164667;163619;51251;47090;1
165156;163593;51282;47088;8
165085;163685;51277;47094;8
164957;163656;51269;47092;4
165521;163682;51305;47094;8
164927;163602;51267;47089;2
164801;163693;51260;47094;8
164034;163634;51212;47091;2
164251;163710;51225;47095;8
164093;163702;51215;47095;2
165440;163673;51300;47093;2
165508;163667;51304;47093;8
165625;163657;51311;47092;4
165273;163600;51289;47089;1
165155;163635;51282;47091;1
164903;163674;51266;47093;2
165590;163632;51309;47091;2
164892;163604;51265;47089;2
164812;163627;51260;47090;1
165559;163585;51307;47088;8
164718;163654;51254;47092;4
164050;163664;51213;47093;1
165461;163590;51301;47088;1
164027;163682;51211;47094;4
164974;163584;51270;47088;2
165311;163681;51291;47094;1
164651;163606;51250;47089;8
164175;163620;51220;47090;8
164448;163680;51238;47094;1
165040;163637;51275;47091;1
163919;163615;51204;47089;4
164544;163660;51244;47092;2
165093;163668;51278;47093;1
165171;163680;51283;47094;1
164978;163641;51271;47091;2
164500;163655;51241;47092;2
165125;163654;51280;47092;2
164885;163624;51265;47090;4
164726;163591;51255;47088;4
164363;163590;51232;47088;2
165212;163667;51285;47093;4
165086;163679;51277;47093;2
164727;163652;51255;47092;1
165364;163618;51295;47090;2
164526;163680;51242;47094;1
164219;163613;51223;47089;8
165056;163613;51276;47089;4
164159;163668;51219;47093;8
164632;163637;51249;47091;8
164880;163620;51265;47090;8
165338;163626;51293;47090;4
165233;163605;51287;47089;2
164666;163592;51251;47088;4
164246;163704;51225;47095;8
163992;163707;51209;47095;4
164911;163625;51266;47090;8
164798;163675;51259;47093;2
164851;163705;51263;47095;2
165207;163664;51285;47093;4
164886;163599;51265;47088;8
165283;163658;51290;47092;4
164277;163691;51227;47094;1
163915;163641;51204;47091;8
164662;163681;51251;47094;4
165251;163592;51288;47088;8
165000;163675;51272;47093;1
164169;163625;51220;47090;4
164574;163591;51245;47088;1
164259;163616;51226;47090;4
165410;163598;51298;47088;1
164908;163653;51266;47092;1
165394;163586;51297;47088;1
164424;163640;51236;47091;8
164817;163684;51261;47094;2
165205;163686;51285;47094;4
164393;163658;51234;47092;1
165058;163673;51276;47093;8
165506;163652;51304;47092;8
163849;163617;51200;47090;1
164639;163652;51249;47092;8
164637;163608;51249;47089;1
165595;163654;51309;47092;2
164606;163605;51247;47089;2
164585;163651;51246;47092;4
164498;163594;51241;47088;8
165446;163653;51300;47092;8
164020;163606;51211;47089;1
164887;163709;51265;47095;1
164473;163669;51239;47093;2
165495;163674;51303;47093;2
165255;163608;51288;47089;4
163862;163617;51201;47090;8
164108;163648;51216;47092;2
164095;163660;51215;47092;4
165517;163646;51304;47091;8
164283;163634;51227;47091;1
163976;163663;51208;47092;1
165595;163642;51309;47091;2
164751;163664;51256;47093;1
164794;163708;51259;47095;1
164797;163588;51259;47088;1
164944;163615;51269;47089;8
164668;163598;51251;47088;8
165518;163695;51304;47094;8
164997;163603;51272;47089;2
164128;163632;51218;47091;4
164281;163611;51227;47089;2
163846;163617;51200;47090;2
165120;163586;51280;47088;4
164489;163624;51240;47090;2
165056;163632;51276;47091;4
165000;163628;51272;47090;4
163925;163587;51205;47088;2
165218;163686;51286;47094;4
164737;163624;51256;47090;2
164915;163662;51267;47092;2
164343;163600;51231;47089;1
164862;163703;51263;47095;8
164658;163591;51251;47088;2
164952;163671;51269;47093;1
165563;163698;51307;47095;4
164177;163698;51221;47095;4
164861;163659;51263;47092;4
165560;163702;51307;47095;2
165398;163600;51297;47089;1
164983;163602;51271;47089;2
164173;163680;51220;47094;4
165406;163592;51297;47088;8
164023;163625;51211;47090;1
164368;163614;51233;47089;2
165576;163632;51308;47091;2
164070;163603;51214;47089;2
164630;163621;51249;47090;8
165323;163621;51292;47090;1
164420;163603;51236;47089;1
164059;163600;51213;47089;2
165485;163671;51302;47093;1
164620;163625;51248;47090;1
165467;163650;51301;47092;4
164549;163663;51244;47092;4
164674;163591;51252;47088;2
164684;163684;51252;47094;1
164562;163705;51245;47095;2
164678;163691;51252;47094;8
164024;163635;51211;47091;4
164735;163684;51255;47094;8
164499;163657;51241;47092;1
165016;163703;51273;47095;1
164943;163680;51268;47094;1
164369;163686;51233;47094;8
165388;163597;51296;47088;4
165234;163591;51287;47088;8
164224;163665;51224;47093;2
165469;163665;51301;47093;8
165607;163626;51310;47090;2
164397;163585;51234;47088;8
164994;163697;51272;47095;2
165625;163638;51311;47091;4
165210;163684;51285;47094;8
165181;163585;51283;47088;1
164907;163706;51266;47095;8
165208;163618;51285;47090;1
164755;163619;51257;47090;1
165355;163640;51294;47091;8
165447;163626;51300;47090;8
165219;163651;51286;47092;4
164006;163656;51210;47092;8
164613;163688;51248;47094;8
164092;163609;51215;47089;2
164352;163707;51232;47095;1
165045;163594;51275;47088;8
164278;163590;51227;47088;2
163982;163669;51208;47093;1
164135;163682;51218;47094;1
163944;163600;51206;47089;8
165153;163673;51282;47093;1
164954;163651;51269;47092;4
163999;163700;51209;47095;2
165237;163705;51287;47095;8
165010;163594;51273;47088;1
164609;163596;51248;47088;8
165064;163585;51276;47088;2
164867;163652;51264;47092;1
163878;163597;51202;47088;2
164366;163635;51232;47091;8
165330;163588;51293;47088;4
165408;163617;51298;47090;8
165379;163694;51296;47094;4
164020;163676;51211;47093;8
165409;163681;51298;47094;1
163903;163707;51203;47095;8
165469;163700;51301;47095;2
164544;163664;51244;47093;2
164994;163699;51272;47095;2
165531;163639;51305;47091;2
165571;163588;51308;47088;4
164385;163640;51234;47091;8
164195;163596;51222;47088;2
164857;163610;51263;47089;2
164537;163683;51243;47094;8
165494;163649;51303;47092;1
164082;163659;51215;47092;4
164132;163658;51218;47092;8
165052;163638;51275;47091;2
164491;163590;51240;47088;8
164351;163678;51231;47093;1
165552;163652;51307;47092;8
164651;163603;51250;47089;4
165316;163595;51292;47088;1
164603;163702;51247;47095;4
165285;163710;51290;47095;1
165277;163598;51289;47088;1
164530;163633;51243;47091;2
164883;163681;51265;47094;1
164999;163649;51272;47092;4
165427;163688;51299;47094;8
164171;163607;51220;47089;4
164646;163695;51250;47094;2
165559;163622;51307;47090;8
164354;163700;51232;47095;2
165562;163612;51307;47089;8
165586;163665;51309;47093;2
164308;163598;51229;47088;2
164281;163710;51227;47095;8
164152;163646;51219;47091;4
163860;163649;51201;47092;2
164149;163632;51219;47091;2
165355;163675;51294;47093;4
165359;163705;51294;47095;4
164523;163646;51242;47091;2
164188;163687;51221;47094;2
164545;163627;51244;47090;8
164182;163680;51221;47094;4
164005;163655;51210;47092;8
165565;163624;51307;47090;8
165238;163662;51287;47092;4
165538;163660;51306;47092;4
164379;163614;51233;47089;8
164814;163681;51260;47094;8
165025;163665;51274;47093;4
164059;163670;51213;47093;1
164121;163709;51217;47095;8
164936;163620;51268;47090;4
165614;163588;51310;47088;8
164505;163689;51241;47094;1
165309;163666;51291;47093;8
164617;163699;51248;47095;4
164718;163684;51254;47094;1
165248;163619;51288;47090;1
164998;163590;51272;47088;4
163853;163584;51200;47088;2
163896;163601;51203;47089;1
165249;163640;51288;47091;2
165285;163653;51290;47092;2
163944;163606;51206;47089;8
164894;163624;51265;47090;8
164060;163709;51213;47095;2
164334;163649;51230;47092;8
165427;163654;51299;47092;1
164435;163637;51237;47091;8
165559;163608;51307;47089;8
165203;163642;51285;47091;4
164603;163695;51247;47094;4
164114;163662;51217;47092;8
164777;163684;51258;47094;4
163896;163690;51203;47094;2
164291;163651;51228;47092;1
165098;163606;51278;47089;8
165211;163709;51285;47095;2
164771;163709;51258;47095;8
164377;163611;51233;47089;2
163902;163611;51203;47089;1
165067;163657;51276;47092;2
164359;163635;51232;47091;8
165267;163653;51289;47092;4
163969;163598;51208;47088;4
164236;163657;51224;47092;2
164652;163632;51250;47091;8
165418;163620;51298;47090;2
164125;163690;51217;47094;1
164012;163643;51210;47091;8
165296;163606;51291;47089;4
164323;163647;51230;47091;8
165434;163597;51299;47088;2
165250;163649;51288;47092;1
164270;163659;51226;47092;4
165014;163678;51273;47093;2
164333;163655;51230;47092;1
165286;163612;51290;47089;1
163961;163675;51207;47093;4
165243;163676;51287;47093;2
164763;163710;51257;47095;1
164825;163655;51261;47092;8
163871;163706;51201;47095;1
164167;163695;51220;47094;1
165363;163588;51295;47088;1
164960;163695;51270;47094;4
165510;163700;51304;47095;1
164139;163639;51218;47091;2
164119;163632;51217;47091;8
163951;163685;51206;47094;2
164643;163593;51250;47088;8
164526;163673;51242;47093;8
165012;163652;51273;47092;4
164803;163594;51260;47088;8
165230;163706;51286;47095;1
165264;163704;51289;47095;1
165324;163589;51292;47088;4
165586;163604;51309;47089;8
165160;163682;51282;47094;1
164488;163669;51240;47093;2
164604;163675;51247;47093;8
165118;163586;51279;47088;2
164139;163708;51218;47095;8
165624;163693;51311;47094;8
163944;163636;51206;47091;2
163959;163592;51207;47088;8
164576;163647;51246;47091;2
163920;163664;51205;47093;4
165219;163694;51286;47094;8
165072;163647;51277;47091;8
165094;163617;51278;47090;8
165307;163706;51291;47095;2
163993;163616;51209;47090;2
164442;163604;51237;47089;4
164652;163693;51250;47094;1
165584;163592;51309;47088;2
165210;163639;51285;47091;8
164994;163646;51272;47091;8
164473;163669;51239;47093;8
164807;163615;51260;47089;1
165213;163686;51285;47094;8
164653;163686;51250;47094;1
163957;163685;51207;47094;8
164894;163602;51265;47089;2
164189;163585;51221;47088;2
164007;163592;51210;47088;2
164314;163604;51229;47089;1
164843;163594;51262;47088;8
165223;163656;51286;47092;4
164383;163599;51233;47088;2
164947;163635;51269;47091;1
165628;163656;51311;47092;1
164254;163646;51225;47091;1
165334;163683;51293;47094;2
164271;163704;51226;47095;1
164093;163674;51215;47093;1
164627;163683;51249;47094;4
165082;163639;51277;47091;4
164314;163671;51229;47093;1
164700;163704;51253;47095;1
164357;163675;51232;47093;4
164004;163597;51210;47088;8
164133;163686;51218;47094;4
164648;163603;51250;47089;4
165510;163664;51304;47093;8
165174;163687;51283;47094;2
165537;163635;51306;47091;2
165299;163621;51291;47090;8
165563;163653;51307;47092;4
164800;163685;51260;47094;8
165444;163653;51300;47092;1
164301;163682;51228;47094;8
164680;163600;51252;47089;8
164240;163669;51225;47093;2
164915;163609;51267;47089;2
163855;163646;51200;47091;4
164522;163587;51242;47088;1
165341;163677;51293;47093;4
165579;163598;51308;47088;4
165255;163665;51288;47093;2
164413;163679;51235;47093;8
165336;163659;51293;47092;1
165346;163652;51294;47092;2
165223;163622;51286;47090;8
165554;163620;51307;47090;8
164301;163659;51228;47092;1
163991;163605;51209;47089;8
164061;163607;51213;47089;8
165023;163668;51273;47093;1
165232;163599;51287;47088;2
164249;163594;51225;47088;4
165135;163640;51280;47091;4
165558;163668;51307;47093;1
164937;163667;51268;47093;8
164490;163709;51240;47095;4
165187;163632;51284;47091;4
164104;163594;51216;47088;2
163923;163645;51205;47091;1
164663;163680;51251;47094;2
164807;163614;51260;47089;8
165220;163620;51286;47090;8
164808;163702;51260;47095;8
164824;163678;51261;47093;1
165586;163617;51309;47090;8
164396;163634;51234;47091;8
164886;163602;51265;47089;8
165089;163595;51278;47088;1
165402;163584;51297;47088;8
165072;163612;51277;47089;2
165058;163652;51276;47092;4
165103;163655;51278;47092;8
164012;163660;51210;47092;8
164467;163654;51239;47092;1
165071;163590;51276;47088;4
164837;163678;51262;47093;4
164115;163666;51217;47093;1
164798;163639;51259;47091;2
164664;163608;51251;47089;8
164681;163683;51252;47094;1
165044;163640;51275;47091;2
164719;163707;51254;47095;1
164528;163631;51243;47090;4
165567;163696;51307;47095;2
164607;163629;51247;47090;1
164429;163645;51236;47091;4
165626;163707;51311;47095;4
164793;163607;51259;47089;2
165163;163604;51282;47089;1
164584;163679;51246;47093;4
164265;163625;51226;47090;2
165310;163605;51291;47089;4
165061;163602;51276;47089;4
165490;163633;51303;47091;1
164618;163601;51248;47089;1
165134;163701;51280;47095;8
165578;163673;51308;47093;4
163872;163637;51202;47091;8
164020;163607;51211;47089;8
163882;163646;51202;47091;2
165347;163695;51294;47094;1
164489;163687;51240;47094;4
165015;163619;51273;47090;2
165162;163688;51282;47094;1
164059;163674;51213;47093;4
165599;163670;51309;47093;1
164774;163631;51258;47090;4
165599;163624;51309;47090;4
164802;163618;51260;47090;1
164813;163645;51260;47091;8
165619;163694;51311;47094;2
165609;163699;51310;47095;8
165233;163690;51287;47094;1
165104;163633;51279;47091;1
164951;163628;51269;47090;8
164326;163628;51230;47090;4
164236;163693;51224;47094;1
165290;163601;51290;47089;8
164283;163691;51227;47094;8
164262;163667;51226;47093;8
165161;163698;51282;47095;8
164456;163696;51238;47095;8
165070;163660;51276;47092;1
164135;163684;51218;47094;1
164494;163595;51240;47088;8
164137;163594;51218;47088;4
164355;163680;51232;47094;8
164347;163625;51231;47090;1
163894;163698;51203;47095;4
165195;163666;51284;47093;2
164725;163655;51255;47092;1
164067;163694;51214;47094;4
164422;163612;51236;47089;2
163861;163628;51201;47090;8
164483;163650;51240;47092;2
164579;163584;51246;47088;1
164980;163689;51271;47094;1
164738;163621;51256;47090;2
164293;163689;51228;47094;8
165409;163697;51298;47095;1
164328;163617;51230;47090;8
165023;163698;51273;47095;1
165158;163604;51282;47089;4
165163;163698;51282;47095;2
164042;163648;51212;47092;4
165435;163622;51299;47090;1
164548;163607;51244;47089;8
165313;163646;51292;47091;4
165391;163654;51296;47092;1
165287;163628;51290;47090;8
164091;163671;51215;47093;2
164623;163677;51248;47093;8
165145;163699;51281;47095;4
164543;163640;51243;47091;1
163887;163649;51202;47092;4
163960;163656;51207;47092;8
164550;163589;51244;47088;4
165190;163654;51284;47092;4
164273;163655;51227;47092;4
165564;163655;51307;47092;1
164281;163642;51227;47091;4
164280;163608;51227;47089;1
165536;163629;51306;47090;4
164688;163654;51253;47092;8
164953;163677;51269;47093;1
164620;163609;51248;47089;1
164949;163617;51269;47090;4
164305;163632;51229;47091;2
164354;163592;51232;47088;4
164605;163676;51247;47093;4
164863;163687;51263;47094;4
164280;163681;51227;47094;4
164568;163709;51245;47095;8
165138;163624;51281;47090;4
165619;163674;51311;47093;2
164985;163670;51271;47093;1
164402;163687;51235;47094;8
164550;163608;51244;47089;8
164774;163696;51258;47095;2
164658;163696;51251;47095;8
164703;163620;51253;47090;1
165589;163603;51309;47089;2
165610;163655;51310;47092;8
164511;163588;51241;47088;1
164165;163683;51220;47094;2
165373;163629;51295;47090;1
164547;163692;51244;47094;2
163931;163591;51205;47088;2
164212;163664;51223;47093;2
164019;163676;51211;47093;8
164886;163619;51265;47090;4
164557;163662;51244;47092;8
165233;163616;51287;47090;1
165628;163689;51311;47094;4
165024;163617;51274;47090;8
165219;163641;51286;47091;4
164551;163694;51244;47094;2
164285;163593;51227;47088;4
164574;163671;51245;47093;1
164573;163632;51245;47091;1
164011;163710;51210;47095;4
165215;163696;51285;47095;8
164399;163699;51234;47095;1
164293;163645;51228;47091;8
163961;163597;51207;47088;2
165087;163613;51277;47089;2
164984;163615;51271;47089;4
164932;163700;51268;47095;4
164136;163607;51218;47089;4
164606;163694;51247;47094;1
164679;163710;51252;47095;4
165119;163594;51279;47088;2
164609;163617;51248;47090;2
165443;163687;51300;47094;4
164026;163682;51211;47094;2
165595;163673;51309;47093;8
164978;163584;51271;47088;2
164371;163672;51233;47093;1
164501;163658;51241;47092;8
163992;163681;51209;47094;8
163858;163600;51201;47089;2
163944;163650;51206;47092;8
164787;163659;51259;47092;2
165072;163693;51277;47094;2
164500;163618;51241;47090;2
165161;163616;51282;47090;2
164317;163689;51229;47094;8
164512;163627;51242;47090;1
164023;163640;51211;47091;4
165195;163595;51284;47088;4
164150;163711;51219;47095;1
164380;163614;51233;47089;8
164191;163585;51221;47088;8
164188;163607;51221;47089;1
164082;163698;51215;47095;8
164989;163635;51271;47091;8
163960;163598;51207;47088;2
164821;163595;51261;47088;2
164410;163653;51235;47092;4
163970;163704;51208;47095;2
164006;163600;51210;47089;4
164365;163612;51232;47089;1
164955;163602;51269;47089;4
165602;163700;51310;47095;1
165250;163694;51288;47094;2
165604;163634;51310;47091;8
165100;163698;51278;47095;4
163973;163693;51208;47094;1
165140;163669;51281;47093;4
165524;163702;51305;47095;8
164627;163609;51249;47089;8
165032;163604;51274;47089;1
165197;163682;51284;47094;4
165151;163646;51281;47091;4
165476;163649;51302;47092;8
165513;163697;51304;47095;8
164177;163709;51221;47095;8
164096;163666;51216;47093;4
165146;163665;51281;47093;4
164621;163596;51248;47088;4
165497;163663;51303;47092;8
164167;163609;51220;47089;1
165001;163660;51272;47092;1
165071;163671;51276;47093;4
164353;163586;51232;47088;2
164001;163673;51210;47093;4
164718;163603;51254;47089;1
165356;163708;51294;47095;1
164547;163634;51244;47091;8
164527;163592;51242;47088;2
165318;163694;51292;47094;1
165234;163675;51287;47093;2
164909;163703;51266;47095;1
164311;163664;51229;47093;1
164917;163686;51267;47094;8
163962;163600;51207;47089;8
164842;163667;51262;47093;8
165326;163676;51292;47093;4
164876;163683;51264;47094;2
164968;163598;51270;47088;8
164224;163630;51224;47090;1
165575;163642;51308;47091;4
164674;163696;51252;47095;4
165227;163618;51286;47090;1
164939;163675;51268;47093;4
164240;163697;51225;47095;1
165048;163644;51275;47091;4
164339;163617;51231;47090;2
165104;163586;51279;47088;8
165468;163588;51301;47088;2
165119;163667;51279;47093;8
165109;163655;51279;47092;8
164232;163639;51224;47091;2
164134;163705;51218;47095;4
164881;163633;51265;47091;8
165366;163685;51295;47094;4
164053;163591;51213;47088;8
164787;163598;51259;47088;4
165203;163696;51285;47095;8
164237;163624;51224;47090;8
165212;163645;51285;47091;1
165519;163693;51304;47094;2
164869;163653;51264;47092;8
164051;163660;51213;47092;1
164289;163656;51228;47092;4
164908;163677;51266;47093;2
163862;163637;51201;47091;4
164398;163619;51234;47090;4
165088;163652;51278;47092;4
164671;163625;51251;47090;4
163982;163711;51208;47095;4
165117;163669;51279;47093;2
163858;163633;51201;47091;8
165424;163627;51299;47090;4
164638;163614;51249;47089;1
164625;163603;51249;47089;2
165023;163636;51273;47091;8
164492;163643;51240;47091;4
163847;163649;51200;47092;8
165136;163614;51281;47089;1
165028;163651;51274;47092;4
165170;163613;51283;47089;2
165219;163599;51286;47088;4
165388;163674;51296;47093;8
165290;163656;51290;47092;8
165305;163662;51291;47092;1
164242;163656;51225;47092;1
164713;163620;51254;47090;4
165542;163647;51306;47091;1
164449;163705;51238;47095;1
164308;163596;51229;47088;1
164346;163690;51231;47094;8
165531;163675;51305;47093;2
165011;163618;51273;47090;1
164263;163678;51226;47093;1
165283;163663;51290;47092;8
164961;163591;51270;47088;4
165180;163694;51283;47094;2
164498;163693;51241;47094;1
164337;163593;51231;47088;2
165212;163596;51285;47088;2
165081;163602;51277;47089;4
165389;163593;51296;47088;2
164017;163707;51211;47095;2
164452;163711;51238;47095;2
165430;163605;51299;47089;2
164804;163648;51260;47092;1
164772;163611;51258;47089;1
165160;163619;51282;47090;2
164075;163665;51214;47093;4
165281;163669;51290;47093;4
164318;163605;51229;47089;2
164778;163662;51258;47092;1
164287;163657;51227;47092;8
164918;163709;51267;47095;1
165197;163695;51284;47094;4
165142;163619;51281;47090;8
165495;163687;51303;47094;1
164700;163620;51253;47090;8
164926;163614;51267;47089;2
164581;163647;51246;47091;4
164767;163700;51257;47095;1
164227;163685;51224;47094;4
164752;163624;51257;47090;1
164185;163660;51221;47092;2
164530;163596;51243;47088;2
165170;163680;51283;47094;2
165101;163652;51278;47092;2
165504;163674;51304;47093;2
164283;163656;51227;47092;4
165493;163668;51303;47093;8
164292;163621;51228;47090;2
165165;163648;51282;47092;1
164424;163659;51236;47092;2
164730;163636;51255;47091;8
164679;163630;51252;47090;2
165137;163607;51281;47089;4
165612;163587;51310;47088;1
163962;163634;51207;47091;4
165228;163687;51286;47094;2
165060;163702;51276;47095;8
164497;163617;51241;47090;2
164994;163701;51272;47095;1
165401;163626;51297;47090;1
165451;163614;51300;47089;2
165120;163675;51280;47093;4
164694;163637;51253;47091;8
164967;163622;51270;47090;2
164910;163692;51266;47094;4
164300;163586;51228;47088;4
164992;163686;51272;47094;2
164621;163644;51248;47091;2
165027;163631;51274;47090;2
164580;163589;51246;47088;4
165356;163596;51294;47088;1
165163;163688;51282;47094;4
164305;163666;51229;47093;8
164724;163706;51255;47095;8
165015;163593;51273;47088;2
164877;163605;51264;47089;2
164060;163636;51213;47091;1
165515;163612;51304;47089;1
165327;163608;51292;47089;8
164096;163643;51216;47091;1
165526;163647;51305;47091;2
165551;163631;51306;47090;1
164647;163620;51250;47090;8
163905;163629;51204;47090;4
164436;163586;51237;47088;1
164783;163623;51258;47090;1
165012;163592;51273;47088;8
164335;163690;51230;47094;4
164513;163679;51242;47093;8
164701;163596;51253;47088;2
164675;163677;51252;47093;4
164686;163654;51252;47092;1
165288;163635;51290;47091;1
164913;163586;51267;47088;1
165259;163652;51288;47092;4
165534;163615;51305;47089;8
164818;163624;51261;47090;1
163844;163637;51200;47091;8
164537;163645;51243;47091;8
164833;163643;51262;47091;4
164561;163614;51245;47089;1
165104;163656;51279;47092;2
165478;163591;51302;47088;1
165088;163586;51278;47088;2
164639;163653;51249;47092;4
165076;163709;51277;47095;2
165568;163590;51308;47088;8
164589;163650;51246;47092;1
164127;163697;51217;47095;1
164589;163660;51246;47092;4
164077;163673;51214;47093;2
165417;163628;51298;47090;1
164345;163636;51231;47091;4
164948;163699;51269;47095;4
164570;163637;51245;47091;2
165464;163644;51301;47091;4
164409;163607;51235;47089;1
164592;163698;51247;47095;8
164046;163680;51212;47094;8
164288;163691;51228;47094;4
164342;163590;51231;47088;8
164812;163701;51260;47095;4
164576;163672;51246;47093;8
163964;163613;51207;47089;8
165315;163643;51292;47091;1
165196;163664;51284;47093;8
164069;163635;51214;47091;1
164323;163584;51230;47088;4
164955;163695;51269;47094;1
164587;163643;51246;47091;2
164337;163611;51231;47089;2
164729;163604;51255;47089;2
165535;163669;51305;47093;8
164850;163692;51263;47094;2
165175;163585;51283;47088;8
164637;163595;51249;47088;1
164168;163654;51220;47092;1
163887;163610;51202;47089;4
165103;163680;51278;47094;8
163841;163659;51200;47092;8
164613;163602;51248;47089;1
164222;163609;51223;47089;4
164655;163587;51250;47088;2
163948;163639;51206;47091;8
164031;163678;51211;47093;8
164256;163596;51226;47088;1
165129;163622;51280;47090;4
165296;163665;51291;47093;8
163927;163702;51205;47095;8
164910;163628;51266;47090;8
164739;163696;51256;47095;8
164174;163653;51220;47092;2
165166;163701;51282;47095;2
163878;163585;51202;47088;8
164826;163693;51261;47094;8
165415;163707;51298;47095;1
165216;163677;51286;47093;2
164932;163674;51268;47093;4
164721;163595;51255;47088;1
165432;163619;51299;47090;1
164308;163623;51229;47090;2
165285;163703;51290;47095;4
165066;163635;51276;47091;4
164737;163681;51256;47094;2
164922;163655;51267;47092;2
164012;163613;51210;47089;8
165028;163603;51274;47089;2
165513;163599;51304;47088;8
165527;163683;51305;47094;1
164542;163697;51243;47095;4
165193;163704;51284;47095;2
165056;163694;51276;47094;8
164615;163703;51248;47095;8
163975;163617;51208;47090;2
164129;163665;51218;47093;8
164531;163591;51243;47088;1
164021;163711;51211;47095;2
163939;163656;51206;47092;8
164005;163664;51210;47093;1
165043;163637;51275;47091;2
163965;163701;51207;47095;4
164007;163599;51210;47088;4
163945;163625;51206;47090;2
164850;163593;51263;47088;8
165297;163636;51291;47091;4
165460;163593;51301;47088;2
164743;163651;51256;47092;1
165539;163612;51306;47089;8
165393;163705;51297;47095;1
164947;163689;51269;47094;8
164001;163664;51210;47093;8
164884;163682;51265;47094;8
164243;163631;51225;47090;1
164132;163666;51218;47093;8
164486;163609;51240;47089;4
163944;163704;51206;47095;4
165328;163645;51293;47091;2
164665;163665;51251;47093;1
165404;163665;51297;47093;1
164542;163619;51243;47090;8
164727;163680;51255;47094;8
165418;163618;51298;47090;8
165410;163659;51298;47092;4
164754;163675;51257;47093;4
165363;163633;51295;47091;4
163891;163621;51203;47090;1
164159;163706;51219;47095;8
165033;163596;51274;47088;2
165193;163651;51284;47092;2
163875;163630;51202;47090;8
164247;163662;51225;47092;1
165074;163695;51277;47094;8
164426;163698;51236;47095;2
164831;163593;51261;47088;4
165351;163675;51294;47093;8
164932;163612;51268;47089;1
164513;163653;51242;47092;1
164486;163587;51240;47088;4
164699;163637;51253;47091;8
165221;163613;51286;47089;4
165373;163650;51295;47092;1
165439;163615;51299;47089;1
165300;163631;51291;47090;2
165192;163635;51284;47091;8
165367;163610;51295;47089;8
164699;163604;51253;47089;2
164059;163609;51213;47089;8
164926;163685;51267;47094;2
163987;163640;51209;47091;8
164682;163709;51252;47095;4
165418;163584;51298;47088;4
165387;163701;51296;47095;8
163902;163685;51203;47094;4
164373;163644;51233;47091;4
165119;163711;51279;47095;1
165581;163585;51308;47088;1
164764;163673;51257;47093;8
163929;163692;51205;47094;8
165546;163612;51306;47089;8
164100;163596;51216;47088;2
165369;163604;51295;47089;2
164241;163701;51225;47095;1
164812;163619;51260;47090;2
165372;163607;51295;47089;4
163930;163638;51205;47091;4
164416;163695;51236;47094;2
164963;163657;51270;47092;1
165276;163610;51289;47089;8
163908;163710;51204;47095;4
163948;163658;51206;47092;4
164453;163604;51238;47089;1
164272;163697;51227;47095;1
164049;163671;51213;47093;1
164522;163601;51242;47089;8
164178;163707;51221;47095;2
163902;163658;51203;47092;4
164879;163588;51264;47088;8
164161;163698;51220;47095;4
165334;163647;51293;47091;8
165175;163679;51283;47093;2
165275;163677;51289;47093;8
164404;163660;51235;47092;4
163934;163688;51205;47094;2
165517;163665;51304;47093;2
164973;163679;51270;47093;8
164101;163703;51216;47095;4
163872;163625;51202;47090;8
164370;163690;51233;47094;1
165511;163635;51304;47091;2
165597;163672;51309;47093;1
164414;163692;51235;47094;1
164513;163632;51242;47091;2
164708;163695;51254;47094;8
164589;163684;51246;47094;8
165251;163661;51288;47092;4
164377;163650;51233;47092;8
164508;163679;51241;47093;2
165161;163664;51282;47093;4
164202;163634;51222;47091;1
164528;163638;51243;47091;4
165185;163589;51284;47088;1
164033;163638;51212;47091;2
164920;163652;51267;47092;4
164292;163628;51228;47090;2
165443;163588;51300;47088;8
165500;163679;51303;47093;4
165536;163695;51306;47094;2
165095;163604;51278;47089;8
165068;163605;51276;47089;2
164559;163625;51244;47090;8
163938;163698;51206;47095;8
165281;163585;51290;47088;1
165238;163596;51287;47088;1
164096;163665;51216;47093;1
164912;163687;51267;47094;4
164882;163670;51265;47093;1
165459;163676;51301;47093;2
164334;163614;51230;47089;1
164845;163699;51262;47095;8
164908;163657;51266;47092;4
165161;163649;51282;47092;2
164688;163698;51253;47095;8
165095;163587;51278;47088;2
163849;163606;51200;47089;2
165043;163694;51275;47094;4
165378;163591;51296;47088;4
164848;163670;51263;47093;1
164110;163593;51216;47088;1
164837;163650;51262;47092;2
163936;163686;51206;47094;1
164604;163700;51247;47095;8
164122;163694;51217;47094;4
165212;163599;51285;47088;1
164645;163678;51250;47093;4
165203;163642;51285;47091;4
165362;163682;51295;47094;8
164604;163656;51247;47092;2
164246;163616;51225;47090;8
164815;163602;51260;47089;8
164043;163706;51212;47095;8
164998;163604;51272;47089;2
164145;163683;51219;47094;1
163906;163675;51204;47093;8
165493;163710;51303;47095;8
165627;163637;51311;47091;8
164392;163699;51234;47095;2
165395;163704;51297;47095;2
164490;163615;51240;47089;8
164063;163591;51213;47088;2
164197;163618;51222;47090;4
165500;163587;51303;47088;1
164890;163666;51265;47093;1
164523;163667;51242;47093;4
165311;163606;51291;47089;8
164591;163640;51246;47091;1
165337;163667;51293;47093;1
164337;163711;51231;47095;1
165295;163646;51290;47091;8
164021;163613;51211;47089;8
164445;163690;51237;47094;1
165344;163597;51294;47088;4
164442;163621;51237;47090;1
165130;163627;51280;47090;8
164952;163704;51269;47095;2
165490;163662;51303;47092;1
164381;163668;51233;47093;2
164199;163639;51222;47091;2
164770;163662;51258;47092;4
164240;163626;51225;47090;1
164724;163610;51255;47089;2
164598;163619;51247;47090;8
165193;163596;51284;47088;8
165631;163587;51311;47088;2
164277;163626;51227;47090;2
164690;163695;51253;47094;2
165536;163667;51306;47093;1
163875;163698;51202;47095;8
164871;163693;51264;47094;8
164517;163705;51242;47095;8
163933;163597;51205;47088;4
164692;163650;51253;47092;4
165619;163620;51311;47090;8
163874;163606;51202;47089;8
165061;163645;51276;47091;1
164565;163697;51245;47095;4
164203;163614;51222;47089;4
165169;163607;51283;47089;4
165469;163604;51301;47089;1
164274;163644;51227;47091;2
165259;163595;51288;47088;4
164197;163633;51222;47091;1
165097;163693;51278;47094;8
165204;163706;51285;47095;1
164708;163665;51254;47093;2
163889;163679;51203;47093;1
164667;163613;51251;47089;1
165347;163666;51294;47093;1
164608;163651;51248;47092;4
164787;163675;51259;47093;8
164118;163708;51217;47095;2
164149;163651;51219;47092;4
165580;163587;51308;47088;2
164391;163619;51234;47090;2
164161;163597;51220;47088;8
165149;163651;51281;47092;8
164722;163662;51255;47092;1
164756;163640;51257;47091;1
163858;163598;51201;47088;4
164662;163677;51251;47093;4
164209;163655;51223;47092;4
164380;163647;51233;47091;8
165219;163633;51286;47091;2
164617;163609;51248;47089;4
164340;163661;51231;47092;8
164141;163627;51218;47090;8
165503;163608;51303;47089;4
164097;163603;51216;47089;4
165335;163678;51293;47093;8
165462;163590;51301;47088;8
163868;163646;51201;47091;2
164842;163646;51262;47091;8
164427;163686;51236;47094;4
163923;163709;51205;47095;2
164772;163619;51258;47090;1
165567;163597;51307;47088;8
164570;163652;51245;47092;1
165619;163635;51311;47091;4
164497;163684;51241;47094;1
164091;163622;51215;47090;4
165125;163680;51280;47094;1
165396;163652;51297;47092;8
165295;163658;51290;47092;8
164588;163656;51246;47092;8
165156;163615;51282;47089;4
164492;163698;51240;47095;4
164251;163620;51225;47090;1
165391;163639;51296;47091;2
164452;163694;51238;47094;2
164585;163599;51246;47088;8
165360;163631;51295;47090;2
164779;163659;51258;47092;8
164954;163686;51269;47094;8
164619;163693;51248;47094;2
164782;163645;51258;47091;4
164774;163585;51258;47088;8
165444;163686;51300;47094;8
165460;163711;51301;47095;4
164544;163693;51244;47094;8
164452;163626;51238;47090;4
164357;163622;51232;47090;4
164202;163702;51222;47095;4
164094;163655;51215;47092;4
165063;163652;51276;47092;2
164583;163660;51246;47092;2
165279;163634;51289;47091;2
164092;163664;51215;47093;8
165094;163659;51278;47092;8
165162;163645;51282;47091;2
164415;163664;51235;47093;1
165466;163648;51301;47092;2
165123;163657;51280;47092;2
163906;163687;51204;47094;2
165357;163707;51294;47095;2
164287;163618;51227;47090;4
165284;163706;51290;47095;8
164686;163702;51252;47095;2
165218;163674;51286;47093;8
164120;163674;51217;47093;2
164897;163692;51266;47094;4
164073;163627;51214;47090;4
164369;163650;51233;47092;8
164022;163639;51211;47091;4
164779;163695;51258;47094;8
164368;163602;51233;47089;1
164221;163586;51223;47088;8
165318;163614;51292;47089;1
165133;163700;51280;47095;1
164079;163666;51214;47093;1
164034;163584;51212;47088;4
163968;163609;51208;47089;8
164878;163700;51264;47095;4
165049;163710;51275;47095;2
165293;163654;51290;47092;8
163929;163703;51205;47095;4
165286;163607;51290;47089;1
164748;163600;51256;47089;1
164238;163695;51224;47094;2
164419;163641;51236;47091;8
165073;163697;51277;47095;2
164892;163631;51265;47090;2
164535;163663;51243;47092;4
165125;163591;51280;47088;4
163863;163623;51201;47090;2
164997;163708;51272;47095;4
165495;163684;51303;47094;2
165310;163705;51291;47095;1
165415;163646;51298;47091;4
165309;163641;51291;47091;1
164122;163645;51217;47091;4
164976;163633;51271;47091;8
164442;163609;51237;47089;8
164883;163706;51265;47095;2
164859;163604;51263;47089;8
165331;163609;51293;47089;8
164812;163593;51260;47088;4
165064;163652;51276;47092;4
164441;163604;51237;47089;4
164205;163706;51222;47095;1
165054;163609;51275;47089;1
165183;163620;51283;47090;2
164783;163698;51258;47095;8
165592;163594;51309;47088;1
164228;163604;51224;47089;1
165390;163690;51296;47094;2
164793;163663;51259;47092;1
163988;163597;51209;47088;2
164385;163669;51234;47093;8
164029;163688;51211;47094;4
165030;163648;51274;47092;1
165334;163675;51293;47093;4
164648;163636;51250;47091;2
165119;163617;51279;47090;2
164543;163689;51243;47094;4
165149;163675;51281;47093;1
165170;163623;51283;47090;2
164103;163587;51216;47088;4
165021;163614;51273;47089;8
164401;163629;51235;47090;1
165525;163629;51305;47090;1
164063;163668;51213;47093;1
164880;163651;51265;47092;4
164311;163592;51229;47088;1
164666;163688;51251;47094;8
164099;163635;51216;47091;8
164380;163585;51233;47088;1
163903;163614;51203;47089;1
165464;163663;51301;47092;1
165393;163654;51297;47092;2
163847;163641;51200;47091;1
164306;163590;51229;47088;8
164014;163649;51210;47092;2
165293;163590;51290;47088;2
164223;163680;51223;47094;4
165135;163650;51280;47092;2
164063;163608;51213;47089;4
165042;163597;51275;47088;1
165386;163604;51296;47089;8
164315;163643;51229;47091;4
165614;163710;51310;47095;1
165387;163611;51296;47089;2
164301;163660;51228;47092;4
165262;163656;51288;47092;8
164876;163640;51264;47091;4
164163;163653;51220;47092;8
165128;163643;51280;47091;4
164775;163641;51258;47091;4
165512;163653;51304;47092;2
165102;163600;51278;47089;2
165127;163619;51280;47090;1
165458;163707;51301;47095;2
164815;163700;51260;47095;8
165528;163627;51305;47090;4
164600;163627;51247;47090;4
164403;163657;51235;47092;8
164334;163622;51230;47090;4
165093;163653;51278;47092;2
164868;163585;51264;47088;4
165269;163601;51289;47089;4
164512;163705;51242;47095;1
165585;163591;51309;47088;4
163966;163676;51207;47093;4
165308;163682;51291;47094;4
164136;163631;51218;47090;4
165105;163652;51279;47092;8
164197;163650;51222;47092;4
164628;163704;51249;47095;8
164732;163651;51255;47092;1
164186;163705;51221;47095;4
164890;163647;51265;47091;4
164070;163703;51214;47095;8
164969;163610;51270;47089;1
163954;163657;51207;47092;1
165139;163629;51281;47090;2
165613;163614;51310;47089;2
164151;163592;51219;47088;4
165415;163638;51298;47091;4
164179;163644;51221;47091;1
164098;163694;51216;47094;2
164722;163594;51255;47088;8
164167;163601;51220;47089;8
165374;163635;51295;47091;1
163916;163608;51204;47089;4
164820;163664;51261;47093;1
164329;163676;51230;47093;2
164106;163650;51216;47092;2
165029;163591;51274;47088;1
164158;163701;51219;47095;4
165445;163588;51300;47088;4
165389;163690;51296;47094;1
164974;163615;51270;47089;1
164461;163610;51238;47089;8
164247;163708;51225;47095;2
164877;163591;51264;47088;2
164075;163655;51214;47092;2
164192;163606;51222;47089;8
164793;163686;51259;47094;8
165159;163655;51282;47092;8
164862;163642;51263;47091;4
164390;163709;51234;47095;8
165052;163698;51275;47095;2
164970;163620;51270;47090;8
165477;163674;51302;47093;8
164983;163621;51271;47090;2
164512;163589;51242;47088;8
164191;163586;51221;47088;1
164999;163703;51272;47095;4
164477;163646;51239;47091;4
164521;163681;51242;47094;8
164650;163693;51250;47094;4
165099;163677;51278;47093;1
164077;163708;51214;47095;8
164170;163618;51220;47090;4
164780;163615;51258;47089;2
165175;163619;51283;47090;1
164853;163615;51263;47089;8
165231;163706;51286;47095;2
165513;163615;51304;47089;1
165201;163641;51285;47091;1
165338;163671;51293;47093;2
164110;163653;51216;47092;2
164898;163683;51266;47094;2
164803;163668;51260;47093;4
165416;163601;51298;47089;2
165025;163626;51274;47090;4
165058;163656;51276;47092;1
163968;163635;51208;47091;4
164100;163622;51216;47090;4
163843;163691;51200;47094;4
164055;163665;51213;47093;4
164074;163604;51214;47089;8
164483;163604;51240;47089;4
165192;163667;51284;47093;8
164314;163593;51229;47088;4
164396;163615;51234;47089;2
165125;163585;51280;47088;8
164703;163678;51253;47093;2
164177;163709;51221;47095;1
164773;163597;51258;47088;4
163960;163675;51207;47093;1
163875;163686;51202;47094;2
165173;163697;51283;47095;4
164506;163647;51241;47091;8
165163;163668;51282;47093;2
164730;163632;51255;47091;1
165306;163627;51291;47090;8
164372;163703;51233;47095;4
164986;163669;51271;47093;2
164348;163669;51231;47093;1
164922;163676;51267;47093;8
165447;163671;51300;47093;1
164449;163604;51238;47089;2
164773;163673;51258;47093;2
165148;163635;51281;47091;8
165505;163656;51304;47092;2
165082;163685;51277;47094;2
163891;163625;51203;47090;2
164832;163682;51262;47094;1
164845;163598;51262;47088;4
164924;163701;51267;47095;4
164549;163704;51244;47095;4
164557;163677;51244;47093;4
164336;163594;51231;47088;4
164540;163639;51243;47091;8
165190;163639;51284;47091;4
163927;163646;51205;47091;8
163955;163617;51207;47090;4
164587;163668;51246;47093;1
164116;163635;51217;47091;4
164105;163674;51216;47093;4
165232;163593;51287;47088;1
164804;163665;51260;47093;4
165153;163588;51282;47088;1
163865;163656;51201;47092;2
164132;163670;51218;47093;2
165100;163616;51278;47090;2
163905;163659;51204;47092;4
164619;163610;51248;47089;8
164861;163678;51263;47093;4
164185;163619;51221;47090;8
164120;163699;51217;47095;8
165570;163696;51308;47095;4
164701;163646;51253;47091;8
165355;163645;51294;47091;2
164879;163608;51264;47089;4
165596;163675;51309;47093;2
164823;163640;51261;47091;4
164871;163642;51264;47091;2
163960;163594;51207;47088;8
164302;163664;51228;47093;2
164916;163680;51267;47094;4
165141;163664;51281;47093;2
164308;163602;51229;47089;8
164916;163695;51267;47094;1
164650;163650;51250;47092;8
163936;163702;51206;47095;2
164321;163700;51230;47095;4
165179;163586;51283;47088;1
165561;163600;51307;47089;8
165395;163704;51297;47095;2
164358;163612;51232;47089;4
165040;163616;51275;47090;2
163990;163584;51209;47088;8
164304;163680;51229;47094;1
163900;163671;51203;47093;4
164141;163673;51218;47093;1
165609;163628;51310;47090;2
164381;163615;51233;47089;1
164448;163629;51238;47090;2
164465;163675;51239;47093;1
165631;163640;51311;47091;8
165230;163639;51286;47091;8
165430;163601;51299;47089;4
164723;163603;51255;47089;4
164360;163618;51232;47090;8
164015;163615;51210;47089;8
164660;163706;51251;47095;1
164748;163629;51256;47090;8
165610;163632;51310;47091;4
165279;163618;51289;47090;1
164645;163606;51250;47089;8
165212;163594;51285;47088;8
164663;163640;51251;47091;8
164500;163599;51241;47088;2
165440;163595;51300;47088;2
163953;163675;51207;47093;2
164257;163623;51226;47090;2
164017;163585;51211;47088;4
165083;163664;51277;47093;1
164675;163665;51252;47093;2
164082;163650;51215;47092;1
164025;163633;51211;47091;4
164509;163586;51241;47088;1
165535;163677;51305;47093;1
164034;163616;51212;47090;1
165429;163682;51299;47094;1
164340;163602;51231;47089;1
165184;163669;51284;47093;4
164011;163656;51210;47092;4
165344;163606;51294;47089;4
165304;163591;51291;47088;2
165381;163599;51296;47088;2
164329;163598;51230;47088;8
165467;163586;51301;47088;2
164019;163613;51211;47089;1
165616;163640;51311;47091;1
164228;163631;51224;47090;8
164808;163592;51260;47088;1
165199;163690;51284;47094;2
164614;163588;51248;47088;1
165409;163617;51298;47090;2
164387;163672;51234;47093;1
165484;163613;51302;47089;2
165152;163693;51282;47094;8
164003;163632;51210;47091;2
165621;163639;51311;47091;2
164674;163621;51252;47090;1
164361;163600;51232;47089;1
165124;163678;51280;47093;1
163941;163677;51206;47093;8
165453;163607;51300;47089;2
164784;163621;51259;47090;1
164418;163599;51236;47088;1
165230;163671;51286;47093;8
164673;163702;51252;47095;4
164786;163617;51259;47090;4
164264;163642;51226;47091;8
165302;163588;51291;47088;8
164731;163651;51255;47092;4
165302;163683;51291;47094;8
165525;163679;51305;47093;1
164581;163601;51246;47089;1
164094;163673;51215;47093;1
164978;163615;51271;47089;8
164744;163585;51256;47088;1
164264;163599;51226;47088;1
165604;163613;51310;47089;2
165627;163659;51311;47092;4
165508;163698;51304;47095;8
164151;163688;51219;47094;1
164673;163642;51252;47091;4
164999;163703;51272;47095;4
165347;163700;51294;47095;2
164298;163648;51228;47092;8
165408;163700;51298;47095;4
164488;163585;51240;47088;2
164687;163662;51252;47092;4
164395;163647;51234;47091;8
164250;163697;51225;47095;4
165097;163607;51278;47089;8
164639;163635;51249;47091;2
165128;163651;51280;47092;4
164623;163647;51248;47091;4
164038;163684;51212;47094;1
165141;163701;51281;47095;4
165285;163619;51290;47090;8
164613;163631;51248;47090;1
164610;163590;51248;47088;4
165089;163688;51278;47094;8
164570;163653;51245;47092;4
164124;163630;51217;47090;2
165248;163627;51288;47090;4
164246;163653;51225;47092;4
164127;163701;51217;47095;4
164517;163597;51242;47088;1
165472;163648;51302;47092;4
165475;163649;51302;47092;4
164376;163701;51233;47095;8
164790;163641;51259;47091;8
165604;163691;51310;47094;1
164558;163681;51244;47094;2
165477;163706;51302;47095;2
163957;163589;51207;47088;1
164621;163685;51248;47094;1
165277;163608;51289;47089;8
165093;163593;51278;47088;4
163923;163591;51205;47088;8
163929;163603;51205;47089;4
165546;163705;51306;47095;2
165379;163620;51296;47090;4
164002;163696;51210;47095;1
165356;163666;51294;47093;8
164420;163704;51236;47095;8
164275;163642;51227;47091;1
165249;163593;51288;47088;4
165084;163594;51277;47088;2
164144;163602;51219;47089;8
164341;163689;51231;47094;8
164515;163593;51242;47088;2
165283;163699;51290;47095;2
164624;163609;51249;47089;1
165394;163654;51297;47092;4
164355;163667;51232;47093;1
164227;163703;51224;47095;8
163897;163669;51203;47093;1
165395;163675;51297;47093;2
165027;163708;51274;47095;8
164996;163640;51272;47091;8
164259;163689;51226;47094;4
164698;163674;51253;47093;2
164364;163681;51232;47094;2
163880;163694;51202;47094;4
165603;163644;51310;47091;1
164394;163672;51234;47093;2
165143;163701;51281;47095;2
164775;163603;51258;47089;2
164871;163708;51264;47095;8
164557;163593;51244;47088;4
165572;163630;51308;47090;2
164555;163663;51244;47092;2
165261;163698;51288;47095;2
164980;163706;51271;47095;4
164055;163645;51213;47091;1
165213;163635;51285;47091;8
165559;163691;51307;47094;2
164433;163678;51237;47093;1
164472;163668;51239;47093;2
164400;163707;51235;47095;1
164884;163588;51265;47088;8
164656;163683;51251;47094;2
164930;163640;51268;47091;1
164491;163632;51240;47091;4
164015;163604;51210;47089;8
165438;163637;51299;47091;1
164112;163589;51217;47088;2
164685;163645;51252;47091;2
165398;163591;51297;47088;1
165273;163693;51289;47094;4
165194;163669;51284;47093;8
164444;163671;51237;47093;4
164683;163631;51252;47090;1
163964;163697;51207;47095;2
165070;163686;51276;47094;2
164070;163626;51214;47090;8
165309;163691;51291;47094;4
165628;163672;51311;47093;8
163937;163619;51206;47090;2
165419;163596;51298;47088;2
164176;163629;51221;47090;1
164724;163662;51255;47092;4
165530;163642;51305;47091;2
164395;163650;51234;47092;4
165557;163621;51307;47090;1
164126;163679;51217;47093;1
165234;163702;51287;47095;4
164266;163632;51226;47091;4
165409;163710;51298;47095;4
165138;163605;51281;47089;2
165209;163614;51285;47089;2
163974;163669;51208;47093;8
164219;163600;51223;47089;4
165595;163635;51309;47091;2
164369;163648;51233;47092;2
165032;163658;51274;47092;8
164430;163624;51236;47090;1
165083;163652;51277;47092;2
164764;163603;51257;47089;2
164158;163697;51219;47095;4
165381;163640;51296;47091;4
164522;163676;51242;47093;4
164590;163648;51246;47092;1
164107;163606;51216;47089;4
164426;163601;51236;47089;8
165081;163645;51277;47091;4
163877;163692;51202;47094;4
164989;163596;51271;47088;8
165419;163710;51298;47095;4
165316;163651;51292;47092;8
165259;163641;51288;47091;1
164487;163656;51240;47092;2
164725;163628;51255;47090;8
164869;163677;51264;47093;2
164882;163622;51265;47090;1
164361;163606;51232;47089;8
164754;163647;51257;47091;1
164916;163673;51267;47093;1
165531;163591;51305;47088;4
165443;163685;51300;47094;1
165313;163692;51292;47094;2
165204;163657;51285;47092;2
164445;163621;51237;47090;2
165143;163654;51281;47092;1
164629;163684;51249;47094;1
164173;163703;51220;47095;8
165589;163626;51309;47090;1
165168;163687;51283;47094;2
165067;163590;51276;47088;8
164737;163595;51256;47088;4
164539;163632;51243;47091;8
165311;163621;51291;47090;8
164732;163620;51255;47090;4
165167;163666;51282;47093;8
164414;163622;51235;47090;8
163944;163673;51206;47093;8
164765;163693;51257;47094;8
164138;163680;51218;47094;1
164117;163605;51217;47089;4
165503;163668;51303;47093;8
165475;163599;51302;47088;8
164570;163669;51245;47093;1
164869;163631;51264;47090;4
163995;163651;51209;47092;1
164003;163663;51210;47092;4
164965;163638;51270;47091;4
165303;163664;51291;47093;1
165156;163658;51282;47092;1
165371;163681;51295;47094;8
164459;163616;51238;47090;1
164611;163659;51248;47092;8
164351;163708;51231;47095;4
164659;163683;51251;47094;2
164651;163658;51250;47092;1
164218;163598;51223;47088;4
164642;163707;51250;47095;1
164056;163669;51213;47093;1
165574;163700;51308;47095;4
163862;163679;51201;47093;4
165032;163631;51274;47090;1
164451;163598;51238;47088;1
164161;163684;51220;47094;8
164750;163691;51256;47094;2
164565;163584;51245;47088;1
164659;163692;51251;47094;4
165288;163586;51290;47088;8
165105;163650;51279;47092;2
164770;163598;51258;47088;4
165315;163632;51292;47091;8
164573;163646;51245;47091;2
164075;163619;51214;47090;8
164539;163632;51243;47091;1
165215;163707;51285;47095;8
165051;163622;51275;47090;1
164667;163680;51251;47094;1
163995;163687;51209;47094;1
164977;163670;51271;47093;8
164550;163642;51244;47091;8
163920;163638;51205;47091;8
164347;163637;51231;47091;1
164003;163645;51210;47091;4
165390;163585;51296;47088;4
164091;163658;51215;47092;1
165491;163610;51303;47089;8
164690;163691;51253;47094;8
165550;163625;51306;47090;1
164935;163621;51268;47090;4
164060;163607;51213;47089;2
164952;163624;51269;47090;4
164264;163655;51226;47092;2
165314;163664;51292;47093;8
165536;163669;51306;47093;1
164394;163613;51234;47089;2
164190;163621;51221;47090;2
165239;163681;51287;47094;8
164357;163632;51232;47091;8
165193;163642;51284;47091;8
164760;163640;51257;47091;1
164604;163684;51247;47094;4
164331;163694;51230;47094;2
164415;163603;51235;47089;1
164669;163642;51251;47091;4
164060;163706;51213;47095;4
165296;163625;51291;47090;2
163853;163598;51200;47088;8
163975;163586;51208;47088;2
165394;163612;51297;47089;8
165351;163662;51294;47092;8
165318;163654;51292;47092;2
165587;163681;51309;47094;2
164445;163652;51237;47092;2
164427;163636;51236;47091;8
164440;163683;51237;47094;4
165616;163633;51311;47091;1
165332;163617;51293;47090;4
164785;163605;51259;47089;8
165013;163703;51273;47095;8
165508;163709;51304;47095;2
164881;163626;51265;47090;1
164088;163647;51215;47091;4
165280;163643;51290;47091;2
164566;163663;51245;47092;1
165358;163627;51294;47090;8
164191;163678;51221;47093;4
163855;163603;51200;47089;2
165181;163676;51283;47093;1
165059;163684;51276;47094;8
164051;163596;51213;47088;1
165401;163639;51297;47091;1
165147;163677;51281;47093;1
164574;163636;51245;47091;8
164416;163709;51236;47095;4
165122;163709;51280;47095;8
165462;163696;51301;47095;8
164739;163596;51256;47088;1
164662;163708;51251;47095;4
163843;163674;51200;47093;1
163990;163699;51209;47095;8
165486;163622;51302;47090;8
163978;163632;51208;47091;4
165116;163650;51279;47092;2
164837;163593;51262;47088;4
165265;163679;51289;47093;1
165345;163700;51294;47095;2
164558;163702;51244;47095;2
164306;163702;51229;47095;2
164670;163590;51251;47088;4
164294;163700;51228;47095;8
164091;163676;51215;47093;8
165296;163682;51291;47094;2
165090;163688;51278;47094;4
165419;163697;51298;47095;1
164230;163646;51224;47091;2
164748;163661;51256;47092;2
164919;163646;51267;47091;4
164086;163610;51215;47089;8
165160;163702;51282;47095;1
165254;163626;51288;47090;2
165108;163623;51279;47090;1
164316;163711;51229;47095;4
164418;163605;51236;47089;8
164754;163657;51257;47092;2
164633;163689;51249;47094;4
164433;163701;51237;47095;2
164272;163602;51227;47089;4
165195;163616;51284;47090;8
164843;163694;51262;47094;8
165013;163694;51273;47094;8
165510;163635;51304;47091;4
164986;163668;51271;47093;8
165035;163698;51274;47095;8
163874;163599;51202;47088;4
165200;163611;51285;47089;8
164875;163679;51264;47093;8
165352;163704;51294;47095;2
165091;163592;51278;47088;4
165358;163644;51294;47091;2
164970;163698;51270;47095;4
164853;163622;51263;47090;8
165166;163626;51282;47090;2
164451;163632;51238;47091;1
164055;163688;51213;47094;4
164900;163701;51266;47095;2
165227;163606;51286;47089;4
164476;163599;51239;47088;2
164927;163648;51267;47092;2
165479;163622;51302;47090;4
164608;163614;51248;47089;8
164438;163600;51237;47089;1
165416;163599;51298;47088;1
164301;163694;51228;47094;8
164052;163586;51213;47088;1
164140;163676;51218;47093;2
164352;163643;51232;47091;8
165024;163615;51274;47089;8
165487;163599;51302;47088;2
165536;163652;51306;47092;8
165282;163608;51290;47089;8
165080;163705;51277;47095;8
165005;163622;51272;47090;4
163923;163640;51205;47091;2
164319;163708;51229;47095;8
165479;163613;51302;47089;8
165570;163630;51308;47090;8
165415;163594;51298;47088;8
165461;163663;51301;47092;2
164417;163647;51236;47091;1
164986;163592;51271;47088;4
165456;163680;51301;47094;1
165334;163607;51293;47089;8
165018;163699;51273;47095;8
164016;163617;51211;47090;2
163863;163687;51201;47094;8
164881;163701;51265;47095;4
164893;163685;51265;47094;1
164942;163708;51268;47095;4
164385;163665;51234;47093;4
165103;163681;51278;47094;2
164353;163707;51232;47095;2
164193;163680;51222;47094;1
164265;163597;51226;47088;4
164720;163603;51255;47089;2
163878;163694;51202;47094;2
164102;163643;51216;47091;8
165047;163659;51275;47092;2
163982;163644;51208;47091;8
164486;163686;51240;47094;2
164239;163637;51224;47091;8
165470;163591;51301;47088;2
164715;163659;51254;47092;8
164881;163595;51265;47088;4
164980;163646;51271;47091;4
165564;163627;51307;47090;2
163892;163609;51203;47089;4
165101;163585;51278;47088;2
164849;163625;51263;47090;2
165292;163647;51290;47091;4
164059;163710;51213;47095;8
165195;163594;51284;47088;2
163965;163680;51207;47094;4
163874;163667;51202;47093;8
163915;163638;51204;47091;2
164206;163616;51222;47090;2
164489;163655;51240;47092;8
164468;163709;51239;47095;8
164030;163615;51211;47089;4
164140;163675;51218;47093;1
164722;163594;51255;47088;8
165555;163703;51307;47095;4
165503;163598;51303;47088;4
163895;163605;51203;47089;8
164570;163633;51245;47091;2
164475;163681;51239;47094;1
164146;163681;51219;47094;2
165096;163649;51278;47092;4
164971;163647;51270;47091;1
164406;163641;51235;47091;2
164077;163638;51214;47091;1
165472;163586;51302;47088;2
164355;163693;51232;47094;1
164828;163634;51261;47091;8
165022;163694;51273;47094;2
164914;163593;51267;47088;8
163928;163685;51205;47094;4
165557;163651;51307;47092;2
164687;163593;51252;47088;4
164065;163687;51214;47094;4
164853;163691;51263;47094;8
164864;163679;51264;47093;1
165070;163640;51276;47091;1
163975;163690;51208;47094;2
165133;163601;51280;47089;1
165325;163661;51292;47092;4
165562;163608;51307;47089;4
164330;163590;51230;47088;8
165135;163678;51280;47093;8
164177;163597;51221;47088;8
164610;163668;51248;47093;2
164066;163604;51214;47089;2
164568;163668;51245;47093;8
164444;163653;51237;47092;2
164815;163655;51260;47092;1
165265;163666;51289;47093;2
165304;163600;51291;47089;2
164548;163662;51244;47092;1
165051;163655;51275;47092;2
165280;163625;51290;47090;8
165370;163672;51295;47093;8
165437;163628;51299;47090;8
164468;163689;51239;47094;1
164834;163620;51262;47090;2
164023;163591;51211;47088;2
165089;163686;51278;47094;2
164280;163663;51227;47092;8
163893;163654;51203;47092;4
165490;163676;51303;47093;2
163872;163635;51202;47091;4
164027;163591;51211;47088;4
165091;163628;51278;47090;4
164641;163707;51250;47095;8
165141;163645;51281;47091;1
165616;163673;51311;47093;2
164623;163590;51248;47088;4
164377;163692;51233;47094;4
164200;163652;51222;47092;2
164515;163617;51242;47090;1
165168;163689;51283;47094;8
163896;163682;51203;47094;8
164112;163647;51217;47091;1
164838;163610;51262;47089;8
165094;163627;51278;47090;8
164519;163654;51242;47092;1
164893;163684;51265;47094;4
164750;163657;51256;47092;2
165173;163666;51283;47093;2
164966;163609;51270;47089;8
164039;163639;51212;47091;2
165456;163654;51301;47092;1
163979;163647;51208;47091;1
165561;163653;51307;47092;8
165210;163622;51285;47090;2
165461;163672;51301;47093;4
165401;163588;51297;47088;2
164538;163643;51243;47091;8
164838;163668;51262;47093;1
165222;163591;51286;47088;8
165097;163645;51278;47091;4
165545;163706;51306;47095;8
164197;163693;51222;47094;4
165199;163645;51284;47091;2
164738;163663;51256;47092;8
165570;163623;51308;47090;4
165031;163686;51274;47094;4
165421;163610;51298;47089;4
164260;163598;51226;47088;8
164983;163585;51271;47088;8
164603;163685;51247;47094;4
164349;163654;51231;47092;1
164120;163645;51217;47091;1
163955;163604;51207;47089;2
165072;163662;51277;47092;4
164333;163645;51230;47091;2
164108;163624;51216;47090;1
164283;163695;51227;47094;4
163932;163655;51205;47092;1
164162;163689;51220;47094;1
164035;163614;51212;47089;1
164362;163707;51232;47095;1
163909;163648;51204;47092;4
164180;163614;51221;47089;1
165331;163638;51293;47091;8
165627;163603;51311;47089;2
165416;163670;51298;47093;1
164336;163702;51231;47095;8
164185;163611;51221;47089;2
164185;163662;51221;47092;8
165038;163599;51274;47088;2
163980;163705;51208;47095;1
164424;163618;51236;47090;1
165263;163668;51288;47093;2
164888;163665;51265;47093;1
164925;163607;51267;47089;8
164873;163588;51264;47088;2
165268;163673;51289;47093;1
164304;163655;51229;47092;8
164832;163685;51262;47094;2
165203;163641;51285;47091;8
165448;163680;51300;47094;4
165127;163631;51280;47090;2
165125;163644;51280;47091;1
163967;163675;51207;47093;1
165512;163679;51304;47093;1
164594;163620;51247;47090;1
163883;163669;51202;47093;4
164514;163585;51242;47088;8
164213;163606;51223;47089;2
165372;163680;51295;47094;8
164546;163709;51244;47095;1
165417;163649;51298;47092;8
164449;163622;51238;47090;8
165546;163613;51306;47089;4
164115;163701;51217;47095;1
164170;163586;51220;47088;2
165160;163658;51282;47092;1
165072;163604;51277;47089;8
165454;163604;51300;47089;1
164899;163636;51266;47091;8
165022;163693;51273;47094;8
165154;163685;51282;47094;1
164829;163597;51261;47088;4
165490;163641;51303;47091;2
165128;163692;51280;47094;1
164980;163626;51271;47090;2
165037;163681;51274;47094;1
164982;163643;51271;47091;2
164912;163654;51267;47092;2
165087;163609;51277;47089;4
164266;163611;51226;47089;2
165175;163708;51283;47095;1
165103;163633;51278;47091;8
165283;163632;51290;47091;2
164011;163692;51210;47094;4
164072;163689;51214;47094;4
164463;163606;51238;47089;4
164397;163651;51234;47092;4
164777;163595;51258;47088;2
163952;163676;51207;47093;2
164822;163687;51261;47094;8
164354;163699;51232;47095;2
164440;163594;51237;47088;4
164275;163617;51227;47090;8
165353;163652;51294;47092;1
163872;163687;51202;47094;8
164650;163688;51250;47094;1
164184;163707;51221;47095;4
165249;163662;51288;47092;2
164461;163639;51238;47091;2
165373;163601;51295;47089;2
165184;163599;51284;47088;4
165481;163682;51302;47094;1
164034;163591;51212;47088;4
164792;163674;51259;47093;4
164589;163651;51246;47092;8
165134;163605;51280;47089;1
165381;163650;51296;47092;2
165483;163631;51302;47090;4
165361;163585;51295;47088;2
164741;163612;51256;47089;4
164840;163666;51262;47093;1
165412;163672;51298;47093;2
165242;163658;51287;47092;1
164329;163601;51230;47089;4
164308;163663;51229;47092;4
163900;163710;51203;47095;2
164113;163680;51217;47094;1
165183;163685;51283;47094;4
164510;163673;51241;47093;2
165534;163623;51305;47090;1
164203;163625;51222;47090;4
164774;163612;51258;47089;4
164484;163691;51240;47094;2
165413;163709;51298;47095;8
164705;163670;51254;47093;4
165146;163641;51281;47091;8
163841;163675;51200;47093;8
165204;163597;51285;47088;4
164454;163605;51238;47089;4
164894;163620;51265;47090;4
164962;163709;51270;47095;8
164240;163663;51225;47092;8
164813;163654;51260;47092;1
165554;163693;51307;47094;1
164239;163607;51224;47089;2
164568;163641;51245;47091;8
165327;163666;51292;47093;8
164824;163678;51261;47093;2
164661;163646;51251;47091;2
165617;163667;51311;47093;2
165402;163605;51297;47089;1
165083;163604;51277;47089;2
164413;163652;51235;47092;4
165042;163644;51275;47091;2
164237;163601;51224;47089;1
164435;163644;51237;47091;4
165421;163687;51298;47094;8
164940;163599;51268;47088;1
165255;163647;51288;47091;1
164520;163693;51242;47094;1
165339;163669;51293;47093;4
165097;163597;51278;47088;2
164105;163673;51216;47093;8
164706;163646;51254;47091;1
164303;163708;51228;47095;4
163971;163637;51208;47091;2
164138;163612;51218;47089;4
164493;163706;51240;47095;8
163904;163672;51204;47093;1
165059;163628;51276;47090;2
165068;163661;51276;47092;2
164729;163640;51255;47091;2
164853;163584;51263;47088;8
165488;163662;51303;47092;1
164814;163590;51260;47088;1
164239;163593;51224;47088;4
165176;163694;51283;47094;8
164619;163657;51248;47092;4
163933;163629;51205;47090;4
165265;163707;51289;47095;2
165465;163593;51301;47088;2
165026;163709;51274;47095;4
164540;163635;51243;47091;8
165023;163711;51273;47095;2
164645;163603;51250;47089;8
164702;163643;51253;47091;1
165213;163615;51285;47089;2
163856;163618;51201;47090;1
163974;163711;51208;47095;8
164940;163630;51268;47090;1
164984;163699;51271;47095;4
164605;163656;51247;47092;2
164487;163656;51240;47092;2
164046;163695;51212;47094;1
165435;163637;51299;47091;4
165506;163647;51304;47091;4
164218;163634;51223;47091;4
164250;163706;51225;47095;8
164982;163645;51271;47091;1
164569;163616;51245;47090;4
165189;163659;51284;47092;4
164395;163690;51234;47094;4
164074;163676;51214;47093;1
164391;163617;51234;47090;4
164732;163680;51255;47094;1
164649;163604;51250;47089;2
164577;163626;51246;47090;8
164625;163699;51249;47095;8
163989;163638;51209;47091;8
164386;163647;51234;47091;8
164856;163668;51263;47093;1
163969;163672;51208;47093;8
164492;163708;51240;47095;8
164011;163701;51210;47095;2
165297;163588;51291;47088;2
165131;163652;51280;47092;8
164284;163701;51227;47095;4
163971;163703;51208;47095;1
164951;163628;51269;47090;4
164442;163684;51237;47094;8
165624;163700;51311;47095;1
165541;163674;51306;47093;4
164158;163689;51219;47094;8
164528;163685;51243;47094;4
165195;163637;51284;47091;8
165594;163661;51309;47092;4
164663;163647;51251;47091;2
164539;163692;51243;47094;8
163976;163670;51208;47093;8
164698;163653;51253;47092;2
165496;163709;51303;47095;2
164125;163614;51217;47089;2
165395;163616;51297;47090;1
164169;163589;51220;47088;2
165370;163706;51295;47095;8
163887;163627;51202;47090;2
163850;163670;51200;47093;8
165171;163602;51283;47089;2
164815;163656;51260;47092;8
164150;163655;51219;47092;8
164853;163705;51263;47095;1
164015;163613;51210;47089;4
164986;163615;51271;47089;4
164774;163634;51258;47091;2
164578;163602;51246;47089;8
164059;163587;51213;47088;8
164526;163649;51242;47092;8
164037;163602;51212;47089;1
164305;163610;51229;47089;4
164285;163612;51227;47089;2
165345;163687;51294;47094;4
164708;163630;51254;47090;4
165086;163689;51277;47094;1
164250;163670;51225;47093;2
165410;163596;51298;47088;4
164373;163615;51233;47089;1
164935;163638;51268;47091;2
164267;163669;51226;47093;4
164724;163699;51255;47095;2
164090;163625;51215;47090;4
164351;163678;51231;47093;1
164741;163619;51256;47090;8
164024;163609;51211;47089;8
164668;163616;51251;47090;8
164506;163671;51241;47093;8
165064;163596;51276;47088;4
164560;163632;51245;47091;1
164261;163603;51226;47089;2
164224;163672;51224;47093;8
164400;163653;51235;47092;1
165242;163703;51287;47095;2
163954;163670;51207;47093;4
165064;163624;51276;47090;8
165004;163608;51272;47089;4
164970;163659;51270;47092;8
165057;163686;51276;47094;4
165435;163624;51299;47090;1
164836;163711;51262;47095;1
165452;163610;51300;47089;1
164576;163655;51246;47092;8
164819;163638;51261;47091;1
165271;163647;51289;47091;2
164035;163611;51212;47089;4
165091;163688;51278;47094;2
165336;163678;51293;47093;4
164346;163586;51231;47088;4
165432;163640;51299;47091;2
164584;163648;51246;47092;2
164688;163611;51253;47089;1
164262;163676;51226;47093;8
165336;163639;51293;47091;2
164544;163635;51244;47091;2
164759;163683;51257;47094;4
165197;163653;51284;47092;8
164535;163591;51243;47088;1
165186;163619;51284;47090;1
164624;163587;51249;47088;4
165367;163664;51295;47093;8
164866;163634;51264;47091;2
164876;163656;51264;47092;2
164935;163590;51268;47088;2
164528;163646;51243;47091;1
163941;163689;51206;47094;2
164394;163684;51234;47094;2
164135;163585;51218;47088;4
165012;163709;51273;47095;1
165550;163606;51306;47089;1
164201;163658;51222;47092;2
165359;163642;51294;47091;8
164022;163664;51211;47093;1
165356;163684;51294;47094;2
165445;163619;51300;47090;4
164063;163706;51213;47095;2
165083;163711;51277;47095;4
165089;163647;51278;47091;2
163985;163603;51209;47089;8
164631;163709;51249;47095;4
165279;163601;51289;47089;2
165353;163593;51294;47088;8
163914;163711;51204;47095;1
165196;163664;51284;47093;1
164884;163711;51265;47095;4
165562;163705;51307;47095;2
165000;163620;51272;47090;2
164211;163640;51223;47091;4
164823;163651;51261;47092;4
165231;163629;51286;47090;2
164775;163670;51258;47093;2
164252;163672;51225;47093;4
164086;163600;51215;47089;4
164476;163621;51239;47090;2
165579;163620;51308;47090;1
165202;163640;51285;47091;2
164284;163596;51227;47088;4
164003;163697;51210;47095;1
165598;163678;51309;47093;2
163925;163686;51205;47094;2
164288;163612;51228;47089;2
165192;163645;51284;47091;2
164566;163619;51245;47090;4
165496;163651;51303;47092;2
165145;163693;51281;47094;8
165361;163633;51295;47091;2
165577;163611;51308;47089;8
165173;163673;51283;47093;4
164397;163612;51234;47089;8
165218;163640;51286;47091;4
165132;163659;51280;47092;2
165183;163671;51283;47093;4
165434;163606;51299;47089;1
163955;163700;51207;47095;2
164474;163615;51239;47089;2
165175;163624;51283;47090;8
164190;163595;51221;47088;8
163951;163703;51206;47095;8
165486;163692;51302;47094;2
163923;163685;51205;47094;1
164589;163684;51246;47094;1
164012;163633;51210;47091;2
164846;163595;51262;47088;2
165553;163633;51307;47091;2
165050;163584;51275;47088;1
164048;163596;51213;47088;1
165621;163617;51311;47090;1
164975;163679;51270;47093;8
164443;163694;51237;47094;1
165498;163586;51303;47088;2
164248;163633;51225;47091;4
164253;163637;51225;47091;1
165056;163671;51276;47093;4
164097;163630;51216;47090;2
165215;163641;51285;47091;8
164837;163710;51262;47095;2
164831;163703;51261;47095;4
164504;163610;51241;47089;2
164990;163699;51271;47095;8
164690;163680;51253;47094;4
164570;163603;51245;47089;8
164826;163589;51261;47088;4
164146;163678;51219;47093;8
165495;163618;51303;47090;4
164275;163669;51227;47093;4
164595;163698;51247;47095;8
165197;163604;51284;47089;4
163926;163696;51205;47095;4
164289;163599;51228;47088;4
164960;163603;51270;47089;2
165330;163657;51293;47092;1
164351;163622;51231;47090;8
164050;163644;51213;47091;1
164886;163678;51265;47093;1
164239;163691;51224;47094;4
164111;163585;51216;47088;4
164818;163675;51261;47093;4
165567;163669;51307;47093;2
163893;163698;51203;47095;8
165005;163663;51272;47092;4
165214;163605;51285;47089;4
164260;163657;51226;47092;2
165601;163675;51310;47093;8
164297;163630;51228;47090;1
164992;163592;51272;47088;2
164246;163613;51225;47089;8
164415;163635;51235;47091;2
165474;163665;51302;47093;2
165450;163681;51300;47094;4
164892;163589;51265;47088;1
163973;163649;51208;47092;2
165489;163685;51303;47094;4
165163;163595;51282;47088;1
165360;163658;51295;47092;2
165518;163675;51304;47093;1
165497;163629;51303;47090;2
163880;163702;51202;47095;1
165462;163664;51301;47093;2
165014;163612;51273;47089;2
165392;163651;51297;47092;8
164314;163604;51229;47089;8
164742;163686;51256;47094;2
165074;163696;51277;47095;2
165035;163702;51274;47095;8
164733;163596;51255;47088;1
163869;163695;51201;47094;4
165352;163708;51294;47095;1
164765;163702;51257;47095;8
164952;163671;51269;47093;2
164486;163628;51240;47090;1
165072;163623;51277;47090;1
164847;163611;51262;47089;2
164031;163642;51211;47091;2
164087;163663;51215;47092;8
163924;163619;51205;47090;2
165537;163682;51306;47094;2
165274;163711;51289;47095;2
164257;163658;51226;47092;4
164503;163622;51241;47090;1
165024;163611;51274;47089;1
164165;163685;51220;47094;2
163926;163640;51205;47091;1
164573;163589;51245;47088;1
164016;163674;51211;47093;4
165232;163616;51287;47090;4
165401;163665;51297;47093;1
165306;163642;51291;47091;8
164357;163646;51232;47091;1
164875;163637;51264;47091;4
164290;163590;51228;47088;2
164419;163599;51236;47088;2
164519;163705;51242;47095;2
165595;163617;51309;47090;8
164893;163655;51265;47092;4
165241;163665;51287;47093;4
164125;163675;51217;47093;4
164602;163684;51247;47094;2
164865;163600;51264;47089;1
164087;163633;51215;47091;2
164645;163591;51250;47088;2
164271;163604;51226;47089;8
165411;163667;51298;47093;2
164336;163594;51231;47088;1
164073;163642;51214;47091;8
165324;163632;51292;47091;8
164438;163635;51237;47091;1
164882;163614;51265;47089;8
164154;163605;51219;47089;8
165101;163602;51278;47089;8
165345;163621;51294;47090;1
164253;163705;51225;47095;2
164888;163665;51265;47093;1
164144;163673;51219;47093;2
164378;163705;51233;47095;8
164441;163646;51237;47091;4
164915;163601;51267;47089;4
165362;163613;51295;47089;2
164240;163695;51225;47094;2
165158;163699;51282;47095;2
164032;163611;51212;47089;2
164924;163641;51267;47091;4
165071;163621;51276;47090;2
164048;163606;51213;47089;8
164859;163605;51263;47089;8
164493;163682;51240;47094;1
164316;163676;51229;47093;4
164806;163678;51260;47093;2
164561;163703;51245;47095;4
164719;163680;51254;47094;2
164553;163662;51244;47092;1
164869;163692;51264;47094;1
164230;163655;51224;47092;4
164162;163662;51220;47092;4
164851;163604;51263;47089;1
165366;163602;51295;47089;8
164054;163635;51213;47091;2
165604;163595;51310;47088;4
164680;163648;51252;47092;8
164142;163591;51218;47088;4
163990;163634;51209;47091;2
164083;163627;51215;47090;2
164460;163601;51238;47089;8
164492;163599;51240;47088;4
164749;163627;51256;47090;4
165129;163585;51280;47088;2
165386;163635;51296;47091;2
164214;163681;51223;47094;8
164701;163634;51253;47091;4
164858;163629;51263;47090;8
164158;163625;51219;47090;8
165342;163696;51293;47095;4
165233;163699;51287;47095;8
165013;163697;51273;47095;8
165535;163625;51305;47090;2
163998;163704;51209;47095;2
163845;163641;51200;47091;1
163950;163659;51206;47092;8
164795;163704;51259;47095;2
165255;163651;51288;47092;4
165352;163651;51294;47092;8
165183;163697;51283;47095;1
163889;163695;51203;47094;2
164135;163647;51218;47091;2
164846;163631;51262;47090;4
165544;163665;51306;47093;1
165353;163690;51294;47094;8
164537;163628;51243;47090;8
165237;163618;51287;47090;2
164222;163632;51223;47091;1
165041;163639;51275;47091;8
164726;163586;51255;47088;8
165315;163683;51292;47094;1
164228;163616;51224;47090;4
164278;163634;51227;47091;1
164758;163616;51257;47090;1
165611;163618;51310;47090;8
163962;163642;51207;47091;4
163949;163613;51206;47089;1
164604;163703;51247;47095;4
164334;163667;51230;47093;1
164981;163652;51271;47092;2
165047;163650;51275;47092;4
165095;163594;51278;47088;4
164744;163669;51256;47093;1
165478;163710;51302;47095;2
164170;163594;51220;47088;1
165555;163709;51307;47095;1
164117;163625;51217;47090;4
164231;163693;51224;47094;1
164648;163677;51250;47093;1
164994;163586;51272;47088;4
165618;163593;51311;47088;8
165031;163707;51274;47095;4
164933;163651;51268;47092;1
164582;163702;51246;47095;4
165528;163676;51305;47093;8
165511;163642;51304;47091;1
165125;163648;51280;47092;8
165586;163677;51309;47093;4
165142;163706;51281;47095;4
164937;163709;51268;47095;8
165331;163679;51293;47093;8
163983;163645;51208;47091;2
164983;163652;51271;47092;8
165479;163697;51302;47095;4
165619;163630;51311;47090;8
165349;163650;51294;47092;1
165550;163657;51306;47092;8
164748;163699;51256;47095;1
165418;163679;51298;47093;2
164638;163689;51249;47094;2
165375;163661;51295;47092;4
164809;163636;51260;47091;8
165062;163599;51276;47088;1
163849;163689;51200;47094;4
165056;163676;51276;47093;8
164759;163639;51257;47091;4
165453;163710;51300;47095;1
164065;163599;51214;47088;4
163993;163630;51209;47090;4
164649;163646;51250;47091;1
164724;163607;51255;47089;4
164827;163642;51261;47091;8
164238;163625;51224;47090;4
164873;163689;51264;47094;2
165206;163656;51285;47092;4
164817;163613;51261;47089;2
164607;163666;51247;47093;1
165024;163705;51274;47095;4
163856;163709;51201;47095;8
164100;163671;51216;47093;4
164269;163634;51226;47091;1
165428;163663;51299;47092;4
164497;163638;51241;47091;8
164250;163606;51225;47089;8
164976;163697;51271;47095;8
165076;163586;51277;47088;1
164158;163649;51219;47092;4
165128;163700;51280;47095;8
164094;163705;51215;47095;4
164320;163683;51230;47094;1
164595;163597;51247;47088;4
164984;163590;51271;47088;1
165621;163694;51311;47094;1
164149;163704;51219;47095;8
163876;163642;51202;47091;4
164729;163596;51255;47088;4
165210;163643;51285;47091;4
164585;163707;51246;47095;1
164524;163702;51242;47095;4
165178;163679;51283;47093;8
165326;163613;51292;47089;2
165417;163632;51298;47091;8
164893;163707;51265;47095;4
165039;163688;51274;47094;8
165352;163676;51294;47093;4
165596;163610;51309;47089;1
164224;163701;51224;47095;8
164967;163593;51270;47088;2
164734;163605;51255;47089;8
164595;163621;51247;47090;2
165114;163609;51279;47089;4
165241;163640;51287;47091;8
163937;163610;51206;47089;1
164277;163677;51227;47093;2
164108;163671;51216;47093;4
164668;163691;51251;47094;4
165567;163673;51307;47093;1
164217;163604;51223;47089;1
164970;163624;51270;47090;4
164804;163652;51260;47092;4
164481;163585;51240;47088;1
163866;163647;51201;47091;8
165208;163641;51285;47091;4
165270;163611;51289;47089;8
165559;163654;51307;47092;2
164859;163663;51263;47092;2
165463;163606;51301;47089;2
165171;163654;51283;47092;1
164825;163656;51261;47092;8
165021;163672;51273;47093;8
165448;163687;51300;47094;4
164269;163615;51226;47089;2
165590;163702;51309;47095;2
165602;163599;51310;47088;8
164819;163589;51261;47088;1
164852;163687;51263;47094;2
164021;163683;51211;47094;1
165151;163664;51281;47093;4
163849;163651;51200;47092;2
164367;163631;51232;47090;1
164651;163594;51250;47088;8
164721;163591;51255;47088;8
164251;163638;51225;47091;8
163873;163628;51202;47090;8
163982;163704;51208;47095;1
165072;163648;51277;47092;8
165158;163683;51282;47094;8
164594;163658;51247;47092;4
165437;163610;51299;47089;1
165123;163676;51280;47093;1
165588;163634;51309;47091;2
165211;163606;51285;47089;8
164911;163618;51266;47090;4
164702;163665;51253;47093;1
163898;163692;51203;47094;4
164903;163640;51266;47091;1
164010;163678;51210;47093;8
164839;163658;51262;47092;2
163842;163676;51200;47093;8
165549;163593;51306;47088;4
165019;163610;51273;47089;8
164228;163694;51224;47094;1
164222;163692;51223;47094;1
165618;163592;51311;47088;1
165437;163701;51299;47095;2
165553;163678;51307;47093;2
165296;163622;51291;47090;2
164123;163624;51217;47090;1
164322;163700;51230;47095;4
164554;163601;51244;47089;2
164885;163660;51265;47092;4
165446;163694;51300;47094;1
164040;163651;51212;47092;4
165095;163629;51278;47090;8
165352;163639;51294;47091;4
164387;163679;51234;47093;2
164463;163707;51238;47095;8
164416;163618;51236;47090;4
165136;163599;51281;47088;8
164079;163602;51214;47089;2
165248;163649;51288;47092;2
164378;163642;51233;47091;4
164031;163601;51211;47089;8
165077;163676;51277;47093;4
165173;163702;51283;47095;8
164823;163626;51261;47090;8
164235;163661;51224;47092;2
165095;163646;51278;47091;8
165527;163606;51305;47089;8
164677;163675;51252;47093;8
165192;163708;51284;47095;8
164274;163709;51227;47095;1
164730;163587;51255;47088;8
165595;163657;51309;47092;8
164725;163614;51255;47089;1
165517;163585;51304;47088;1
164359;163649;51232;47092;2
165511;163641;51304;47091;1
163947;163631;51206;47090;1
164343;163618;51231;47090;4
164013;163602;51210;47089;1
163875;163656;51202;47092;2
164289;163684;51228;47094;4
164670;163635;51251;47091;1
164723;163680;51255;47094;1
164555;163614;51244;47089;8
164679;163669;51252;47093;2
165081;163694;51277;47094;2
164475;163652;51239;47092;8
164864;163642;51264;47091;8
165421;163645;51298;47091;1
165045;163706;51275;47095;1
164812;163703;51260;47095;2
164859;163611;51263;47089;4
163929;163604;51205;47089;1
165495;163679;51303;47093;4
164016;163652;51211;47092;2
164646;163616;51250;47090;4
165453;163634;51300;47091;4
164542;163621;51243;47090;2
164196;163614;51222;47089;1
165140;163699;51281;47095;8
164793;163702;51259;47095;2
164371;163708;51233;47095;4
165446;163656;51300;47092;4
165455;163701;51300;47095;4
165573;163651;51308;47092;1
165509;163593;51304;47088;4
164813;163702;51260;47095;4
164957;163710;51269;47095;1
164282;163631;51227;47090;4
164095;163585;51215;47088;8
165001;163664;51272;47093;1
165135;163625;51280;47090;1
164770;163603;51258;47089;2
165391;163628;51296;47090;1
164619;163681;51248;47094;8
164024;163710;51211;47095;1
165065;163666;51276;47093;2
165188;163691;51284;47094;2
165626;163611;51311;47089;2
164653;163593;51250;47088;1
164796;163586;51259;47088;4
164371;163705;51233;47095;2
164605;163596;51247;47088;8
165099;163647;51278;47091;4
164170;163668;51220;47093;8
164274;163620;51227;47090;2
164997;163682;51272;47094;8
165542;163681;51306;47094;4
165441;163606;51300;47089;2
164452;163661;51238;47092;8
164747;163621;51256;47090;2
165218;163632;51286;47091;4
165419;163681;51298;47094;1
164970;163651;51270;47092;2
164489;163584;51240;47088;4
164081;163687;51215;47094;2
163895;163695;51203;47094;2
165230;163685;51286;47094;1
164633;163670;51249;47093;4
164065;163679;51214;47093;1
165625;163603;51311;47089;2
164566;163590;51245;47088;4
164525;163613;51242;47089;2
165163;163672;51282;47093;4
164658;163606;51251;47089;1
165581;163595;51308;47088;2
164237;163684;51224;47094;2
164904;163634;51266;47091;2
165084;163650;51277;47092;4
165493;163617;51303;47090;1
164801;163599;51260;47088;8
165046;163633;51275;47091;1
165607;163592;51310;47088;2
164309;163602;51229;47089;1
164562;163592;51245;47088;1
164646;163610;51250;47089;4
164439;163655;51237;47092;4
164678;163702;51252;47095;4
165266;163661;51289;47092;8
164259;163588;51226;47088;1
165539;163615;51306;47089;4
165326;163655;51292;47092;8
165559;163624;51307;47090;4
164233;163653;51224;47092;2
164272;163604;51227;47089;4
164123;163669;51217;47093;1
164774;163618;51258;47090;4
165586;163667;51309;47093;1
163851;163683;51200;47094;8
164436;163609;51237;47089;4
165275;163666;51289;47093;4
164715;163662;51254;47092;4
164390;163666;51234;47093;1
164626;163681;51249;47094;1
164918;163646;51267;47091;1
164264;163637;51226;47091;4
163934;163689;51205;47094;8
165110;163592;51279;47088;2
164586;163592;51246;47088;4
164377;163620;51233;47090;4
164782;163632;51258;47091;1
164149;163613;51219;47089;2
164456;163669;51238;47093;4
165604;163671;51310;47093;1
165190;163649;51284;47092;4
164451;163707;51238;47095;1
164045;163614;51212;47089;8
164505;163605;51241;47089;4
165006;163687;51272;47094;1
164720;163621;51255;47090;1
165283;163696;51290;47095;1
164011;163614;51210;47089;8
165580;163594;51308;47088;2
164598;163598;51247;47088;4
163939;163590;51206;47088;2
164792;163651;51259;47092;4
164371;163627;51233;47090;4
165061;163693;51276;47094;1
165486;163695;51302;47094;4
164204;163699;51222;47095;2
165560;163701;51307;47095;2
164253;163595;51225;47088;8
165354;163628;51294;47090;2
164426;163640;51236;47091;1
164992;163708;51272;47095;8
165544;163647;51306;47091;4
165205;163679;51285;47093;1
164081;163659;51215;47092;1
165122;163600;51280;47089;4
165451;163676;51300;47093;4
164772;163587;51258;47088;2
164697;163613;51253;47089;4
164195;163647;51222;47091;8
164525;163640;51242;47091;1
164245;163700;51225;47095;8
164740;163617;51256;47090;1
165593;163590;51309;47088;8
164184;163654;51221;47092;2
164259;163633;51226;47091;4
163890;163618;51203;47090;2
164228;163628;51224;47090;4
164635;163702;51249;47095;2
164132;163673;51218;47093;4
164228;163631;51224;47090;8
165300;163625;51291;47090;4
164941;163650;51268;47092;4
164923;163591;51267;47088;1
163914;163682;51204;47094;4
164593;163703;51247;47095;2
165318;163705;51292;47095;1
165383;163598;51296;47088;2
164129;163679;51218;47093;4
164134;163650;51218;47092;4
164202;163590;51222;47088;2
163864;163635;51201;47091;1
164128;163681;51218;47094;4
165429;163672;51299;47093;8
165421;163611;51298;47089;2
164803;163704;51260;47095;8
164209;163682;51223;47094;1
165618;163624;51311;47090;1
165541;163588;51306;47088;8
164074;163604;51214;47089;1
164607;163692;51247;47094;8
164024;163671;51211;47093;8
165615;163669;51310;47093;4
164055;163708;51213;47095;2
164047;163654;51212;47092;2
165225;163604;51286;47089;8
164286;163609;51227;47089;2
164950;163607;51269;47089;2
163885;163708;51202;47095;8
164681;163611;51252;47089;4
164564;163674;51245;47093;2
164861;163652;51263;47092;2
165561;163706;51307;47095;8
165072;163629;51277;47090;1
164061;163637;51213;47091;8
164465;163689;51239;47094;4
165593;163629;51309;47090;2
165136;163586;51281;47088;4
165247;163618;51287;47090;8
165436;163607;51299;47089;1
165528;163684;51305;47094;1
164618;163701;51248;47095;8
165043;163657;51275;47092;8
164722;163666;51255;47093;2
165233;163588;51287;47088;2
165483;163592;51302;47088;2
164851;163606;51263;47089;2
165226;163711;51286;47095;1
165000;163585;51272;47088;4
165221;163690;51286;47094;8
164753;163601;51257;47089;8
164255;163698;51225;47095;2
164268;163610;51226;47089;8
164558;163668;51244;47093;1
165285;163681;51290;47094;4
165472;163592;51302;47088;1
164765;163686;51257;47094;4
165619;163609;51311;47089;4
164194;163636;51222;47091;4
164714;163591;51254;47088;1
165370;163659;51295;47092;8
165204;163674;51285;47093;2
164404;163707;51235;47095;4
164935;163664;51268;47093;1
164534;163671;51243;47093;1
165234;163669;51287;47093;1
164380;163706;51233;47095;2
165301;163598;51291;47088;1
165563;163674;51307;47093;4
165524;163608;51305;47089;1
165427;163633;51299;47091;1
164807;163689;51260;47094;2
165518;163695;51304;47094;4
164237;163665;51224;47093;1
163847;163621;51200;47090;8
164475;163620;51239;47090;1
165360;163706;51295;47095;2
165580;163687;51308;47094;1
165036;163594;51274;47088;4
164518;163693;51242;47094;2
164154;163683;51219;47094;4
165475;163590;51302;47088;4
164009;163702;51210;47095;8
165253;163648;51288;47092;2
165047;163588;51275;47088;1
164434;163664;51237;47093;4
164106;163684;51216;47094;8
164660;163605;51251;47089;4
164312;163678;51229;47093;1
165252;163692;51288;47094;2
164160;163616;51220;47090;1
164780;163620;51258;47090;4
165068;163646;51276;47091;2
165482;163658;51302;47092;2
165364;163630;51295;47090;4
164517;163705;51242;47095;8
164285;163608;51227;47089;4
164732;163688;51255;47094;4
164920;163657;51267;47092;2
164362;163678;51232;47093;2
164647;163673;51250;47093;8
164157;163657;51219;47092;2
164376;163682;51233;47094;1
164350;163657;51231;47092;8
163843;163589;51200;47088;2
165582;163600;51308;47089;8
165303;163641;51291;47091;1
163896;163604;51203;47089;8
164788;163639;51259;47091;1
165138;163663;51281;47092;4
164857;163698;51263;47095;8
164318;163681;51229;47094;8
164544;163614;51244;47089;2
165032;163623;51274;47090;4
164411;163686;51235;47094;8
164149;163707;51219;47095;4
164696;163590;51253;47088;8
165519;163658;51304;47092;4
165238;163661;51287;47092;8
164329;163685;51230;47094;1
164499;163613;51241;47089;1
164125;163686;51217;47094;1
164136;163600;51218;47089;4
164554;163664;51244;47093;4
164256;163681;51226;47094;2
164330;163667;51230;47093;2
165475;163606;51302;47089;4
165472;163602;51302;47089;8
165483;163595;51302;47088;4
164832;163678;51262;47093;2
164935;163707;51268;47095;1
165257;163636;51288;47091;2
164680;163683;51252;47094;2
165389;163604;51296;47089;4
165465;163702;51301;47095;2
165410;163694;51298;47094;2
165411;163594;51298;47088;1
164515;163660;51242;47092;4
164103;163699;51216;47095;2
165337;163586;51293;47088;4
164783;163587;51258;47088;1
165079;163686;51277;47094;8
164206;163685;51222;47094;4
163951;163695;51206;47094;4
164190;163696;51221;47095;1
165616;163671;51311;47093;8
164694;163641;51253;47091;2
165614;163614;51310;47089;8
164251;163648;51225;47092;1
164050;163654;51213;47092;2
165200;163606;51285;47089;1
165197;163710;51284;47095;4
164876;163680;51264;47094;4
165247;163692;51287;47094;8
164646;163640;51250;47091;8
165114;163629;51279;47090;2
164938;163685;51268;47094;8
165367;163647;51295;47091;2
165087;163618;51277;47090;1
164032;163611;51212;47089;4
164788;163619;51259;47090;8
164686;163610;51252;47089;2
165283;163659;51290;47092;4
164744;163639;51256;47091;2
164942;163692;51268;47094;1
165549;163637;51306;47091;2
164984;163584;51271;47088;4
165511;163667;51304;47093;2
164870;163667;51264;47093;4
164618;163652;51248;47092;2
163967;163612;51207;47089;4
165052;163710;51275;47095;2
164603;163696;51247;47095;1
165067;163681;51276;47094;8
164410;163685;51235;47094;2
165351;163636;51294;47091;4
165070;163674;51276;47093;2
163845;163596;51200;47088;1
164172;163656;51220;47092;2
165182;163675;51283;47093;8
164298;163659;51228;47092;1
164036;163593;51212;47088;1
165034;163603;51274;47089;8
164875;163586;51264;47088;4
164520;163623;51242;47090;2
165587;163643;51309;47091;1
164131;163705;51218;47095;8
164684;163591;51252;47088;8
165385;163671;51296;47093;4
164417;163651;51236;47092;1
163939;163671;51206;47093;4
165444;163651;51300;47092;8
164475;163612;51239;47089;4
164621;163657;51248;47092;4
165458;163647;51301;47091;2
165078;163604;51277;47089;1
165505;163658;51304;47092;4
165370;163652;51295;47092;8
164089;163584;51215;47088;4
164861;163632;51263;47091;4
164698;163684;51253;47094;2
164477;163594;51239;47088;8
165485;163586;51302;47088;4
164536;163628;51243;47090;2
164758;163659;51257;47092;8
165583;163639;51308;47091;2
165581;163678;51308;47093;1
164721;163593;51255;47088;8
163884;163654;51202;47092;2
164713;163589;51254;47088;2
164304;163662;51229;47092;2
164031;163701;51211;47095;2
164810;163603;51260;47089;1
164280;163632;51227;47091;4
165561;163586;51307;47088;4
165108;163662;51279;47092;2
164497;163676;51241;47093;8
164173;163626;51220;47090;1
164562;163676;51245;47093;1
164500;163647;51241;47091;4
163897;163618;51203;47090;4
165155;163705;51282;47095;8
165495;163649;51303;47092;2
164005;163689;51210;47094;1
164318;163687;51229;47094;8
165579;163699;51308;47095;1
164001;163683;51210;47094;1
165371;163600;51295;47089;4
165022;163620;51273;47090;1
165146;163682;51281;47094;1
164323;163654;51230;47092;2
164286;163646;51227;47091;2
165049;163678;51275;47093;8
165612;163663;51310;47092;4
165411;163585;51298;47088;8
164382;163651;51233;47092;2
165527;163708;51305;47095;2
165310;163674;51291;47093;8
165100;163646;51278;47091;1
165101;163631;51278;47090;1
164434;163711;51237;47095;2
165219;163639;51286;47091;2
164817;163711;51261;47095;2
164252;163645;51225;47091;2
164027;163654;51211;47092;8
164102;163615;51216;47089;2
165017;163686;51273;47094;8
164490;163673;51240;47093;2
165216;163651;51286;47092;4
164479;163678;51239;47093;8
165245;163617;51287;47090;8
164523;163638;51242;47091;8
164442;163629;51237;47090;4
165615;163657;51310;47092;4
165380;163696;51296;47095;4
164735;163660;51255;47092;2
165005;163632;51272;47091;1
164265;163617;51226;47090;4
165340;163585;51293;47088;4
165012;163653;51273;47092;8
164035;163594;51212;47088;4
164186;163635;51221;47091;2
165329;163598;51293;47088;2
163920;163646;51205;47091;8
163891;163680;51203;47094;2
164291;163598;51228;47088;4
165098;163642;51278;47091;2
164642;163601;51250;47089;4
164686;163590;51252;47088;2
164695;163661;51253;47092;2
164763;163693;51257;47094;1
164064;163591;51214;47088;8
164042;163692;51212;47094;2
164085;163644;51215;47091;2
164315;163660;51229;47092;2
164726;163641;51255;47091;4
165560;163631;51307;47090;4
164333;163659;51230;47092;2
165528;163625;51305;47090;4
165589;163623;51309;47090;4
165614;163645;51310;47091;4
165458;163701;51301;47095;2
164827;163646;51261;47091;1
164229;163698;51224;47095;8
164722;163608;51255;47089;8
164480;163610;51240;47089;1
164582;163687;51246;47094;4
165623;163605;51311;47089;1
165078;163672;51277;47093;2
163885;163677;51202;47093;8
164943;163701;51268;47095;2
164570;163641;51245;47091;1
163932;163678;51205;47093;4
165302;163614;51291;47089;8
164039;163605;51212;47089;2
163861;163661;51201;47092;8
165148;163691;51281;47094;8
163926;163614;51205;47089;8
165039;163704;51274;47095;8
163850;163586;51200;47088;2
165228;163591;51286;47088;1
165495;163704;51303;47095;8
165159;163616;51282;47090;4
165144;163585;51281;47088;1
165010;163600;51273;47089;8
164528;163603;51243;47089;2
165226;163598;51286;47088;8
164763;163618;51257;47090;1
164463;163602;51238;47089;8
165518;163623;51304;47090;2
164515;163585;51242;47088;4
165569;163711;51308;47095;4
163867;163619;51201;47090;8
164293;163655;51228;47092;2
164408;163603;51235;47089;8
165605;163609;51310;47089;2
164933;163613;51268;47089;8
164698;163674;51253;47093;2
165219;163674;51286;47093;8
165449;163619;51300;47090;4
164836;163638;51262;47091;8
165361;163653;51295;47092;2
164476;163593;51239;47088;4
165288;163697;51290;47095;2
164935;163609;51268;47089;8
164034;163665;51212;47093;1
164658;163623;51251;47090;8
164352;163645;51232;47091;8
164949;163595;51269;47088;1
165220;163705;51286;47095;4
165502;163707;51303;47095;2
165106;163647;51279;47091;4
163968;163624;51208;47090;4
165307;163683;51291;47094;4
164186;163662;51221;47092;1
164549;163706;51244;47095;1
164532;163617;51243;47090;2
164488;163709;51240;47095;1
164748;163615;51256;47089;4
164601;163595;51247;47088;2
164569;163702;51245;47095;4
164883;163654;51265;47092;2
164842;163702;51262;47095;1
165110;163585;51279;47088;8
164277;163684;51227;47094;2
165051;163591;51275;47088;1
164981;163588;51271;47088;1
164157;163627;51219;47090;1
163931;163655;51205;47092;1
165473;163610;51302;47089;1
164961;163605;51270;47089;8
164251;163632;51225;47091;8
164176;163635;51221;47091;2
165458;163686;51301;47094;1
164289;163674;51228;47093;4
165054;163692;51275;47094;8
165132;163682;51280;47094;2
164681;163688;51252;47094;2
165221;163667;51286;47093;1
164001;163619;51210;47090;2
164383;163593;51233;47088;4
165624;163709;51311;47095;1
163961;163610;51207;47089;8
165177;163648;51283;47092;2
164193;163701;51222;47095;8
164529;163682;51243;47094;1
164212;163655;51223;47092;1
164829;163676;51261;47093;2
163844;163699;51200;47095;1
164442;163681;51237;47094;8
165521;163622;51305;47090;1
165200;163691;51285;47094;1
165024;163607;51274;47089;8
164017;163633;51211;47091;8
164048;163608;51213;47089;4
165052;163645;51275;47091;2
165401;163671;51297;47093;2
165382;163634;51296;47091;1
165353;163641;51294;47091;1
164483;163659;51240;47092;1
165187;163638;51284;47091;1
164584;163633;51246;47091;8
164677;163656;51252;47092;1
165185;163688;51284;47094;2
165192;163593;51284;47088;2
165074;163658;51277;47092;1
165339;163680;51293;47094;2
164518;163622;51242;47090;1
163985;163686;51209;47094;1
165582;163651;51308;47092;2
164946;163635;51269;47091;1
164254;163685;51225;47094;4
164462;163694;51238;47094;2
164223;163660;51223;47092;8
163938;163615;51206;47089;4
165032;163609;51274;47089;2
165422;163598;51298;47088;1
165253;163684;51288;47094;1
165428;163591;51299;47088;4
165262;163611;51288;47089;8
164646;163610;51250;47089;1
164704;163680;51254;47094;1
164081;163592;51215;47088;8
164140;163665;51218;47093;1
164283;163704;51227;47095;1
164875;163646;51264;47091;8
164719;163635;51254;47091;4
165036;163613;51274;47089;4
164544;163679;51244;47093;4
163863;163692;51201;47094;8
164274;163613;51227;47089;2
165188;163646;51284;47091;1
163953;163655;51207;47092;2
164242;163659;51225;47092;8
164933;163678;51268;47093;8
164485;163707;51240;47095;8
164568;163611;51245;47089;1
165054;163669;51275;47093;1
164336;163627;51231;47090;2
164537;163666;51243;47093;8
165496;163683;51303;47094;8
164055;163702;51213;47095;2
164749;163708;51256;47095;2
165057;163641;51276;47091;1
164380;163591;51233;47088;8
165602;163590;51310;47088;2
164175;163656;51220;47092;1
164657;163607;51251;47089;8
163881;163622;51202;47090;1
164467;163650;51239;47092;8
164526;163684;51242;47094;8
164801;163671;51260;47093;8
164409;163637;51235;47091;1
164208;163649;51223;47092;8
164567;163613;51245;47089;8
164361;163687;51232;47094;8
164225;163700;51224;47095;1
164687;163677;51252;47093;2
165008;163652;51273;47092;8
164064;163636;51214;47091;2
165396;163609;51297;47089;1
164174;163661;51220;47092;4
164169;163621;51220;47090;2
165030;163675;51274;47093;1
164085;163595;51215;47088;4
165497;163683;51303;47094;8
165275;163641;51289;47091;4
164644;163629;51250;47090;4
165378;163639;51296;47091;1
164363;163610;51232;47089;2
164235;163626;51224;47090;8
165084;163673;51277;47093;2
165262;163665;51288;47093;8
164482;163655;51240;47092;1
164178;163688;51221;47094;8
165209;163689;51285;47094;2
163888;163665;51203;47093;4
164439;163593;51237;47088;8
164573;163669;51245;47093;4
164572;163604;51245;47089;2
165025;163701;51274;47095;1
165524;163630;51305;47090;4
163911;163595;51204;47088;1
165265;163665;51289;47093;2
164351;163687;51231;47094;1
165070;163597;51276;47088;4
164512;163703;51242;47095;8
165474;163653;51302;47092;4
164636;163645;51249;47091;4
164555;163640;51244;47091;1
164072;163653;51214;47092;8
164863;163668;51263;47093;2
165582;163609;51308;47089;1
165326;163598;51292;47088;8
165173;163701;51283;47095;2
164682;163684;51252;47094;8
165045;163598;51275;47088;1
164484;163711;51240;47095;8
163970;163659;51208;47092;1
164036;163637;51212;47091;2
164281;163622;51227;47090;4
165325;163620;51292;47090;4
164827;163603;51261;47089;4
165612;163599;51310;47088;4
164715;163634;51254;47091;8
164632;163662;51249;47092;8
164973;163664;51270;47093;8
164905;163701;51266;47095;8
165289;163643;51290;47091;4
165203;163666;51285;47093;1
164822;163667;51261;47093;8
165525;163589;51305;47088;4
164048;163690;51213;47094;2
165317;163627;51292;47090;8
165330;163692;51293;47094;8
165244;163648;51287;47092;4
165302;163606;51291;47089;4
165615;163624;51310;47090;4
164775;163591;51258;47088;1
164757;163594;51257;47088;1
165513;163664;51304;47093;8
164718;163599;51254;47088;2
164973;163613;51270;47089;4
164278;163602;51227;47089;2
163843;163693;51200;47094;1
164605;163659;51247;47092;8
165054;163598;51275;47088;1
164399;163681;51234;47094;1
164121;163658;51217;47092;8
164229;163589;51224;47088;4
164026;163686;51211;47094;2
164909;163635;51266;47091;1
164253;163702;51225;47095;2
164664;163684;51251;47094;1
165436;163710;51299;47095;2
164773;163677;51258;47093;8
165285;163623;51290;47090;8
164390;163625;51234;47090;8
163954;163677;51207;47093;1
164717;163614;51254;47089;4
165200;163664;51285;47093;8
165216;163649;51286;47092;1
164913;163695;51267;47094;8
164091;163666;51215;47093;1
164177;163634;51221;47091;2
164050;163652;51213;47092;8
165530;163701;51305;47095;4
164222;163645;51223;47091;8
164132;163622;51218;47090;4
164550;163690;51244;47094;8
164963;163699;51270;47095;8
164781;163658;51258;47092;1
164444;163643;51237;47091;1
164180;163704;51221;47095;4
164361;163627;51232;47090;1
164597;163601;51247;47089;2
163987;163647;51209;47091;4
164257;163634;51226;47091;8
165265;163656;51289;47092;2
165490;163612;51303;47089;1
164984;163646;51271;47091;2
165421;163669;51298;47093;4
165348;163601;51294;47089;8
164902;163601;51266;47089;2
165195;163597;51284;47088;2
165573;163667;51308;47093;1
163876;163603;51202;47089;1
164434;163703;51237;47095;4
165135;163706;51280;47095;8
164147;163617;51219;47090;1
164512;163624;51242;47090;1
164926;163655;51267;47092;4
164724;163657;51255;47092;1
165116;163605;51279;47089;4
164998;163601;51272;47089;1
164874;163651;51264;47092;8
164977;163658;51271;47092;1
165067;163615;51276;47089;8
165184;163642;51284;47091;2
163975;163669;51208;47093;1
164846;163659;51262;47092;8
165380;163696;51296;47095;4
163877;163667;51202;47093;2
163875;163665;51202;47093;2
164875;163602;51264;47089;2
165127;163709;51280;47095;2
164553;163693;51244;47094;1
165046;163616;51275;47090;1
164928;163613;51268;47089;1
165501;163611;51303;47089;1
164953;163688;51269;47094;8
165183;163702;51283;47095;4
163869;163611;51201;47089;1
165026;163630;51274;47090;8
163883;163709;51202;47095;1
165087;163600;51277;47089;8
164569;163664;51245;47093;2
164813;163588;51260;47088;1
165027;163634;51274;47091;4
164146;163624;51219;47090;4
164640;163653;51250;47092;8
165328;163646;51293;47091;4
164746;163657;51256;47092;8
163906;163629;51204;47090;4
164172;163688;51220;47094;2
164040;163606;51212;47089;8
163917;163681;51204;47094;8
165041;163670;51275;47093;1
165106;163665;51279;47093;4
163984;163663;51209;47092;8
164870;163692;51264;47094;4
164237;163683;51224;47094;8
163953;163652;51207;47092;8
164455;163641;51238;47091;1
164087;163631;51215;47090;2
165401;163666;51297;47093;4
164400;163659;51235;47092;4
164709;163624;51254;47090;4
164977;163638;51271;47091;8
164203;163666;51222;47093;2
164825;163591;51261;47088;8
164010;163635;51210;47091;2
164631;163643;51249;47091;8
164358;163666;51232;47093;1
165414;163656;51298;47092;8
164300;163641;51228;47091;8
164285;163610;51227;47089;2
164773;163584;51258;47088;2
164148;163588;51219;47088;2
164666;163683;51251;47094;2
164416;163613;51236;47089;1
164620;163588;51248;47088;2
164913;163623;51267;47090;4
164638;163611;51249;47089;2
164472;163702;51239;47095;2
165525;163668;51305;47093;4
164132;163668;51218;47093;8
165272;163649;51289;47092;8
164310;163705;51229;47095;8
164658;163640;51251;47091;4
164638;163694;51249;47094;8
165363;163677;51295;47093;8
165190;163661;51284;47092;2
164983;163693;51271;47094;8
164666;163710;51251;47095;1
164841;163688;51262;47094;4
165475;163633;51302;47091;2
164968;163681;51270;47094;2
164069;163612;51214;47089;2
164273;163648;51227;47092;2
163994;163614;51209;47089;2
164429;163627;51236;47090;1
165067;163708;51276;47095;1
165407;163623;51297;47090;8
165328;163708;51293;47095;2
165538;163620;51306;47090;8
164866;163604;51264;47089;8
165072;163612;51277;47089;1
164301;163681;51228;47094;2
164176;163589;51221;47088;1
164311;163587;51229;47088;8
164510;163657;51241;47092;4
164386;163634;51234;47091;8
164793;163591;51259;47088;4
164092;163644;51215;47091;2
164683;163659;51252;47092;2
164402;163679;51235;47093;1
165215;163700;51285;47095;2
165207;163608;51285;47089;2
165609;163629;51310;47090;4
165097;163678;51278;47093;4
165096;163656;51278;47092;8
165306;163695;51291;47094;8
164424;163666;51236;47093;8
163931;163681;51205;47094;2
164930;163610;51268;47089;4
164252;163594;51225;47088;8
165403;163588;51297;47088;2
164326;163640;51230;47091;4
165316;163639;51292;47091;4
165582;163653;51308;47092;8
164530;163632;51243;47091;1
165076;163670;51277;47093;8
164531;163640;51243;47091;1
164123;163603;51217;47089;2
165044;163633;51275;47091;4
164498;163596;51241;47088;1
164907;163613;51266;47089;1
164418;163653;51236;47092;8
164304;163669;51229;47093;4
164757;163700;51257;47095;4
165368;163609;51295;47089;1
164971;163624;51270;47090;8
165149;163659;51281;47092;8
163991;163678;51209;47093;1
164462;163587;51238;47088;1
164380;163657;51233;47092;2
164151;163601;51219;47089;2
164375;163664;51233;47093;2
164859;163661;51263;47092;4
164674;163620;51252;47090;4
164107;163615;51216;47089;4
164558;163608;51244;47089;4
164106;163664;51216;47093;4
163922;163592;51205;47088;8
163902;163675;51203;47093;4
164532;163616;51243;47090;2
164687;163653;51252;47092;8
165098;163698;51278;47095;4
165211;163704;51285;47095;1
164266;163663;51226;47092;4
164392;163694;51234;47094;1
164064;163612;51214;47089;8
164701;163688;51253;47094;8
163867;163659;51201;47092;1
164701;163677;51253;47093;1
164645;163620;51250;47090;8
164767;163643;51257;47091;8
164356;163673;51232;47093;2
164034;163661;51212;47092;1
164775;163670;51258;47093;8
165280;163695;51290;47094;4
164604;163640;51247;47091;2
165112;163635;51279;47091;1
164168;163648;51220;47092;4
165613;163708;51310;47095;4
164188;163665;51221;47093;1
164733;163602;51255;47089;4
164493;163628;51240;47090;1
164111;163667;51216;47093;8
165606;163614;51310;47089;8
164033;163644;51212;47091;1
165255;163656;51288;47092;8
164223;163644;51223;47091;1
164736;163708;51256;47095;8
164907;163661;51266;47092;8
164656;163676;51251;47093;2
165413;163617;51298;47090;4
164709;163648;51254;47092;8
164086;163592;51215;47088;4
163842;163589;51200;47088;8
164508;163597;51241;47088;1
164690;163703;51253;47095;2
165614;163640;51310;47091;4
164348;163606;51231;47089;8
164519;163679;51242;47093;4
163924;163623;51205;47090;2
165268;163633;51289;47091;2
164949;163662;51269;47092;8
164206;163666;51222;47093;4
165296;163697;51291;47095;2
164986;163684;51271;47094;8
164128;163600;51218;47089;4
164045;163622;51212;47090;8
165335;163605;51293;47089;4
164813;163596;51260;47088;1
164391;163672;51234;47093;1
165017;163671;51273;47093;8
163903;163605;51203;47089;4
165166;163678;51282;47093;8
164180;163699;51221;47095;4
164750;163588;51256;47088;8
165344;163596;51294;47088;8
165193;163600;51284;47089;4
164658;163646;51251;47091;4
165511;163689;51304;47094;4
164145;163699;51219;47095;8
163978;163600;51208;47089;8
165043;163694;51275;47094;8
164359;163658;51232;47092;2
165327;163643;51292;47091;4
165142;163687;51281;47094;2
165567;163678;51307;47093;1
164811;163584;51260;47088;1
164878;163671;51264;47093;1
164017;163647;51211;47091;8
163951;163639;51206;47091;1
165153;163685;51282;47094;8
165090;163638;51278;47091;4
165294;163673;51290;47093;4
165551;163687;51306;47094;2
165516;163648;51304;47092;2
165242;163708;51287;47095;4
165219;163621;51286;47090;1
164039;163656;51212;47092;1
164171;163624;51220;47090;8
165185;163663;51284;47092;8
164350;163595;51231;47088;4
164748;163699;51256;47095;2
165360;163589;51295;47088;2
165613;163691;51310;47094;4
164187;163668;51221;47093;2
165332;163635;51293;47091;4
165227;163705;51286;47095;4
165512;163635;51304;47091;4
163968;163664;51208;47093;4
164659;163693;51251;47094;1
164016;163617;51211;47090;4
165166;163672;51282;47093;1
164551;163699;51244;47095;8
164908;163597;51266;47088;4
164358;163639;51232;47091;1
164672;163664;51252;47093;1
164547;163644;51244;47091;2
164225;163614;51224;47089;1
163978;163616;51208;47090;1
164164;163613;51220;47089;2
164180;163593;51221;47088;2
165001;163663;51272;47092;1
164683;163652;51252;47092;2
165355;163647;51294;47091;1
164551;163678;51244;47093;2
164467;163592;51239;47088;4
164610;163630;51248;47090;1
164878;163667;51264;47093;2
165248;163704;51288;47095;8
164774;163642;51258;47091;2
165290;163660;51290;47092;8
165627;163658;51311;47092;4
164659;163644;51251;47091;2
164855;163604;51263;47089;8
164003;163640;51210;47091;2
164805;163684;51260;47094;1
165251;163590;51288;47088;1
165545;163673;51306;47093;1
164475;163696;51239;47095;4
165307;163661;51291;47092;4
164843;163693;51262;47094;1
164756;163636;51257;47091;8
164707;163681;51254;47094;4
165573;163704;51308;47095;2
165381;163661;51296;47092;4
164003;163640;51210;47091;2
164063;163701;51213;47095;4
164519;163681;51242;47094;8
165489;163677;51303;47093;8
164412;163593;51235;47088;4
165146;163680;51281;47094;4
164475;163693;51239;47094;2
164716;163606;51254;47089;2
163960;163644;51207;47091;2
164786;163610;51259;47089;1
163878;163613;51202;47089;4
164860;163669;51263;47093;8
164335;163709;51230;47095;1
165459;163674;51301;47093;2
165249;163634;51288;47091;2
165087;163663;51277;47092;4
165075;163591;51277;47088;2
164292;163647;51228;47091;2
164229;163651;51224;47092;8
164324;163687;51230;47094;2
164919;163658;51267;47092;1
164288;163628;51228;47090;1
165206;163683;51285;47094;4
165307;163652;51291;47092;4
164422;163618;51236;47090;4
164445;163658;51237;47092;1
164621;163596;51248;47088;1
165586;163642;51309;47091;4
164596;163664;51247;47093;2
165118;163595;51279;47088;8
164608;163585;51248;47088;4
165545;163627;51306;47090;2
165228;163601;51286;47089;4
164697;163588;51253;47088;2
164529;163707;51243;47095;2
164624;163602;51249;47089;8
164090;163648;51215;47092;4
164639;163633;51249;47091;8
164257;163590;51226;47088;8
164414;163638;51235;47091;1
165117;163616;51279;47090;4
164411;163661;51235;47092;1
164723;163646;51255;47091;1
164987;163618;51271;47090;2
164349;163660;51231;47092;1
164469;163676;51239;47093;8
163963;163675;51207;47093;1
164373;163641;51233;47091;4
164647;163671;51250;47093;2
164342;163700;51231;47095;4
164572;163601;51245;47089;1
165337;163668;51293;47093;2
165006;163650;51272;47092;4
165439;163674;51299;47093;4
164014;163683;51210;47094;2
165327;163651;51292;47092;2
164867;163635;51264;47091;8
165416;163635;51298;47091;8
164152;163676;51219;47093;4
165362;163672;51295;47093;8
165626;163600;51311;47089;8
164922;163596;51267;47088;4
164192;163667;51222;47093;1
164057;163593;51213;47088;8
165246;163686;51287;47094;8
164197;163684;51222;47094;4
164115;163604;51217;47089;4
165181;163644;51283;47091;4
165484;163589;51302;47088;8
164995;163669;51272;47093;4
164748;163680;51256;47094;4
165488;163625;51303;47090;4
165137;163627;51281;47090;8
165079;163663;51277;47092;1
165186;163683;51284;47094;2
164537;163683;51243;47094;2
164365;163678;51232;47093;2
165417;163604;51298;47089;2
165095;163687;51278;47094;2
164542;163636;51243;47091;2
163948;163703;51206;47095;8
164970;163634;51270;47091;4
164135;163626;51218;47090;4
163864;163710;51201;47095;4
164357;163613;51232;47089;4
165349;163625;51294;47090;2
164736;163599;51256;47088;8
165105;163654;51279;47092;2
165278;163663;51289;47092;4
165593;163631;51309;47090;1
165126;163590;51280;47088;1
164940;163658;51268;47092;4
165255;163632;51288;47091;8
164670;163617;51251;47090;2
165142;163695;51281;47094;1
164556;163710;51244;47095;2
164925;163705;51267;47095;1
164625;163607;51249;47089;1
165071;163639;51276;47091;2
164076;163643;51214;47091;2
164525;163602;51242;47089;1
164771;163637;51258;47091;1
164093;163664;51215;47093;2
164286;163692;51227;47094;1
165315;163686;51292;47094;4
164408;163709;51235;47095;4
164247;163645;51225;47091;4
164357;163694;51232;47094;1
164059;163595;51213;47088;4
164405;163670;51235;47093;2
164363;163587;51232;47088;1
163844;163585;51200;47088;4
164898;163643;51266;47091;2
164539;163698;51243;47095;2
165615;163601;51310;47089;4
164382;163611;51233;47089;2
164789;163632;51259;47091;1
165303;163670;51291;47093;4
165016;163624;51273;47090;1
165025;163592;51274;47088;4
165554;163646;51307;47091;8
165045;163644;51275;47091;2
164188;163645;51221;47091;4
164539;163649;51243;47092;2
164241;163623;51225;47090;1
164391;163626;51234;47090;2
164255;163664;51225;47093;4
164490;163679;51240;47093;8
164101;163697;51216;47095;4
164653;163650;51250;47092;1
164648;163677;51250;47093;2
165141;163586;51281;47088;1
165188;163644;51284;47091;4
165300;163600;51291;47089;2
165064;163673;51276;47093;1
164624;163617;51249;47090;1
165095;163632;51278;47091;8
165590;163612;51309;47089;1
165075;163635;51277;47091;1
163926;163666;51205;47093;4
165346;163691;51294;47094;8
164385;163690;51234;47094;4
165514;163633;51304;47091;1
164930;163701;51268;47095;4
164418;163665;51236;47093;2
164046;163625;51212;47090;2
164870;163661;51264;47092;1
163948;163661;51206;47092;8
164647;163685;51250;47094;4
164634;163709;51249;47095;4
165575;163682;51308;47094;4
165444;163706;51300;47095;2
164828;163596;51261;47088;2
164775;163676;51258;47093;2
164693;163656;51253;47092;8
164227;163655;51224;47092;2
165331;163697;51293;47095;4
164103;163711;51216;47095;8
164517;163680;51242;47094;1
164478;163680;51239;47094;4
165496;163690;51303;47094;8
165222;163699;51286;47095;8
165054;163653;51275;47092;4
165176;163622;51283;47090;4
163841;163661;51200;47092;4
165331;163671;51293;47093;8
165181;163618;51283;47090;1
165246;163629;51287;47090;2
164290;163621;51228;47090;1
165358;163589;51294;47088;8
164358;163704;51232;47095;8
164829;163636;51261;47091;8
164195;163647;51222;47091;8
165330;163710;51293;47095;2
164493;163596;51240;47088;1
165626;163619;51311;47090;1
164731;163691;51255;47094;8
164452;163675;51238;47093;4
165104;163622;51279;47090;8
164894;163590;51265;47088;1
164645;163686;51250;47094;1
164235;163671;51224;47093;1
164823;163646;51261;47091;4
164631;163595;51249;47088;8
165303;163623;51291;47090;1
165291;163638;51290;47091;8
164370;163637;51233;47091;2
164927;163626;51267;47090;8
165621;163684;51311;47094;4
164012;163629;51210;47090;2
165020;163702;51273;47095;1
163984;163612;51209;47089;2
165401;163676;51297;47093;1
163931;163705;51205;47095;2
164176;163677;51221;47093;2
164845;163644;51262;47091;4
164857;163614;51263;47089;8
164859;163699;51263;47095;2
164987;163632;51271;47091;2
164754;163663;51257;47092;2
165587;163617;51309;47090;4
165488;163677;51303;47093;8
164626;163606;51249;47089;4
163844;163647;51200;47091;1
163905;163647;51204;47091;2
164152;163595;51219;47088;8
165603;163654;51310;47092;4
164986;163642;51271;47091;4
165167;163693;51282;47094;8
163972;163679;51208;47093;2
165458;163636;51301;47091;4
164227;163616;51224;47090;2
165529;163630;51305;47090;1
165205;163700;51285;47095;4
164740;163637;51256;47091;2
164320;163585;51230;47088;2
165432;163637;51299;47091;4
165267;163594;51289;47088;4
164753;163586;51257;47088;8
164543;163662;51243;47092;8
164457;163628;51238;47090;2
164531;163587;51243;47088;4
164090;163606;51215;47089;1
164882;163593;51265;47088;4
164878;163637;51264;47091;8
164894;163684;51265;47094;8
164820;163653;51261;47092;1
165142;163673;51281;47093;2
165076;163626;51277;47090;8
165111;163683;51279;47094;1
164544;163661;51244;47092;1
164924;163656;51267;47092;4
164865;163683;51264;47094;2
165571;163667;51308;47093;8
164843;163692;51262;47094;1
165373;163697;51295;47095;1
165616;163702;51311;47095;4
163862;163629;51201;47090;8
164498;163619;51241;47090;1
164004;163710;51210;47095;8
164642;163676;51250;47093;4
165517;163636;51304;47091;4
165396;163647;51297;47091;8
164802;163588;51260;47088;2
164365;163613;51232;47089;8
164667;163659;51251;47092;8
164291;163668;51228;47093;1
165631;163636;51311;47091;8
164395;163688;51234;47094;2
164034;163598;51212;47088;4
165171;163667;51283;47093;1
164758;163695;51257;47094;1
164009;163649;51210;47092;1
164077;163640;51214;47091;8
165477;163701;51302;47095;4
164750;163634;51256;47091;4
164304;163633;51229;47091;2
165482;163633;51302;47091;8
164987;163641;51271;47091;4
163894;163606;51203;47089;1
164977;163706;51271;47095;2
164357;163701;51232;47095;4
164840;163618;51262;47090;4
164578;163636;51246;47091;1
164707;163704;51254;47095;4
164397;163615;51234;47089;4
165461;163608;51301;47089;8
164560;163597;51245;47088;8
164127;163702;51217;47095;1
164192;163707;51222;47095;1
165100;163593;51278;47088;4
164919;163697;51267;47095;1
164434;163668;51237;47093;1
164196;163599;51222;47088;8
164640;163695;51250;47094;4
164033;163654;51212;47092;4
165281;163659;51290;47092;4
165015;163602;51273;47089;1
164763;163585;51257;47088;2
165619;163658;51311;47092;4
164319;163703;51229;47095;8
164717;163705;51254;47095;1
164589;163674;51246;47093;1
165378;163706;51296;47095;1
165182;163628;51283;47090;8
165304;163697;51291;47095;4
165555;163638;51307;47091;2
163889;163690;51203;47094;8
164426;163652;51236;47092;8
165077;163693;51277;47094;4
165483;163585;51302;47088;1
164627;163692;51249;47094;8
165228;163646;51286;47091;2
163995;163687;51209;47094;4
164930;163703;51268;47095;8
165399;163711;51297;47095;2
165438;163612;51299;47089;4
163943;163654;51206;47092;8
164965;163603;51270;47089;2
165354;163586;51294;47088;2
165435;163639;51299;47091;8
165470;163647;51301;47091;4
165514;163700;51304;47095;1
164951;163646;51269;47091;1
164825;163586;51261;47088;1
164152;163674;51219;47093;1
164211;163685;51223;47094;1
164951;163673;51269;47093;8
163956;163689;51207;47094;4
164287;163598;51227;47088;4
164263;163613;51226;47089;8
164958;163687;51269;47094;8
164009;163596;51210;47088;8
164147;163648;51219;47092;4
164096;163604;51216;47089;4
164397;163710;51234;47095;4
165628;163629;51311;47090;2
164099;163591;51216;47088;2
164164;163653;51220;47092;2
163859;163681;51201;47094;8
164926;163622;51267;47090;1
164687;163679;51252;47093;2
164985;163687;51271;47094;2
165027;163618;51274;47090;1
165276;163642;51289;47091;8
163984;163624;51209;47090;8
164302;163691;51228;47094;8
165055;163656;51275;47092;2
164750;163601;51256;47089;4
164482;163617;51240;47090;2
164780;163705;51258;47095;8
164938;163674;51268;47093;1
164134;163710;51218;47095;4
164567;163698;51245;47095;4
163935;163687;51205;47094;4
164953;163617;51269;47090;4
164439;163703;51237;47095;4
165034;163622;51274;47090;2
165279;163620;51289;47090;1
163840;163699;51200;47095;8
164217;163653;51223;47092;2
164510;163666;51241;47093;2
164366;163701;51232;47095;4
164597;163653;51247;47092;2
165089;163692;51278;47094;8
165092;163635;51278;47091;2
164530;163639;51243;47091;1
164082;163633;51215;47091;8
165222;163666;51286;47093;8
164034;163652;51212;47092;8
164067;163643;51214;47091;2
163958;163694;51207;47094;1
164614;163594;51248;47088;2
165263;163615;51288;47089;4
163987;163706;51209;47095;1
164049;163673;51213;47093;2
163997;163683;51209;47094;8
164405;163631;51235;47090;2
164632;163699;51249;47095;4
164372;163707;51233;47095;1
164078;163651;51214;47092;2
165263;163612;51288;47089;4
165476;163640;51302;47091;4
164636;163650;51249;47092;8
165596;163630;51309;47090;1
165500;163656;51303;47092;1
165601;163657;51310;47092;2
164919;163669;51267;47093;2
164246;163692;51225;47094;8
165413;163634;51298;47091;1
164361;163632;51232;47091;2
163864;163664;51201;47093;1
165234;163672;51287;47093;1
164939;163704;51268;47095;4
163928;163601;51205;47089;4
165629;163657;51311;47092;4
163910;163604;51204;47089;1
164874;163588;51264;47088;2
165434;163646;51299;47091;8
164380;163602;51233;47089;2
164581;163636;51246;47091;1
164406;163645;51235;47091;8
164442;163650;51237;47092;1
164714;163671;51254;47093;1
165027;163615;51274;47089;2
164908;163684;51266;47094;1
165425;163699;51299;47095;2
164676;163596;51252;47088;8
164293;163616;51228;47090;4
164966;163684;51270;47094;1
164793;163700;51259;47095;1
164774;163644;51258;47091;2
164672;163676;51252;47093;8
164582;163626;51246;47090;4
165185;163698;51284;47095;2
165613;163622;51310;47090;4
164967;163619;51270;47090;2
165478;163694;51302;47094;4
164506;163609;51241;47089;4
165067;163691;51276;47094;4
164534;163654;51243;47092;4
164736;163697;51256;47095;2
165027;163698;51274;47095;2
164848;163622;51263;47090;1
165222;163629;51286;47090;8
164694;163694;51253;47094;8
164451;163705;51238;47095;4
165615;163636;51310;47091;4
164353;163612;51232;47089;2
164873;163593;51264;47088;1
164554;163599;51244;47088;1
164527;163598;51242;47088;1
165219;163600;51286;47089;4
164028;163690;51211;47094;8
165336;163603;51293;47089;8
164691;163630;51253;47090;4
165615;163703;51310;47095;4
164010;163646;51210;47091;1
164049;163649;51213;47092;8
165393;163695;51297;47094;2
164555;163591;51244;47088;4
164152;163685;51219;47094;8
165211;163689;51285;47094;8
165470;163620;51301;47090;8
164629;163696;51249;47095;4
164747;163671;51256;47093;4
164799;163662;51259;47092;8
164853;163677;51263;47093;1
164937;163608;51268;47089;4
164364;163657;51232;47092;8
165326;163589;51292;47088;2
165548;163632;51306;47091;1
164143;163585;51218;47088;2
165627;163622;51311;47090;4
164366;163607;51232;47089;8
165253;163711;51288;47095;1
164211;163681;51223;47094;4
163871;163609;51201;47089;2
164676;163651;51252;47092;4
164144;163597;51219;47088;8
164857;163584;51263;47088;4
164914;163679;51267;47093;8
165189;163616;51284;47090;1
164592;163662;51247;47092;2
164810;163659;51260;47092;2
165571;163699;51308;47095;4
164135;163711;51218;47095;2
164217;163596;51223;47088;1
164379;163652;51233;47092;8
165357;163626;51294;47090;4
163912;163667;51204;47093;4
164289;163679;51228;47093;8
165074;163711;51277;47095;2
164051;163680;51213;47094;8
163910;163616;51204;47090;4
163939;163702;51206;47095;2
163938;163632;51206;47091;4
164986;163585;51271;47088;4
164240;163628;51225;47090;2
163997;163635;51209;47091;1
163854;163620;51200;47090;1
164810;163662;51260;47092;2
164724;163705;51255;47095;1
164139;163675;51218;47093;1
165020;163627;51273;47090;4
164959;163621;51269;47090;1
165446;163609;51300;47089;2
164666;163612;51251;47089;8
164333;163684;51230;47094;8
164965;163586;51270;47088;8
164542;163589;51243;47088;4
163874;163593;51202;47088;8
165357;163655;51294;47092;8
165277;163661;51289;47092;1
164186;163601;51221;47089;4
165273;163687;51289;47094;8
164347;163616;51231;47090;4
164447;163692;51237;47094;8
164115;163663;51217;47092;2
165125;163686;51280;47094;2
165389;163595;51296;47088;2
165159;163635;51282;47091;1
163884;163637;51202;47091;4
165530;163631;51305;47090;4
164215;163691;51223;47094;2
164304;163615;51229;47089;2
164728;163681;51255;47094;4
165191;163671;51284;47093;4
164411;163637;51235;47091;1
165320;163622;51292;47090;2
164274;163592;51227;47088;4
165432;163675;51299;47093;4
164866;163597;51264;47088;4
164713;163612;51254;47089;8
164916;163672;51267;47093;2
164336;163698;51231;47095;1
165577;163647;51308;47091;4
164994;163702;51272;47095;2
164290;163662;51228;47092;1
163968;163605;51208;47089;1
165529;163648;51305;47092;2
164794;163677;51259;47093;4
164330;163637;51230;47091;8
164306;163666;51229;47093;8
164332;163668;51230;47093;2
163840;163710;51200;47095;2
165560;163639;51307;47091;1
163878;163683;51202;47094;4
164355;163590;51232;47088;1
164781;163700;51258;47095;4
165328;163629;51293;47090;2
164710;163606;51254;47089;4
164834;163592;51262;47088;2
164037;163594;51212;47088;2
163979;163605;51208;47089;4
164713;163678;51254;47093;4
164174;163710;51220;47095;4
164512;163633;51242;47091;8
164285;163669;51227;47093;8
164333;163627;51230;47090;8
164100;163673;51216;47093;4
164609;163586;51248;47088;2
164365;163598;51232;47088;2
164943;163652;51268;47092;8
164015;163705;51210;47095;8
164499;163619;51241;47090;2
164610;163593;51248;47088;2
164283;163695;51227;47094;2
164364;163697;51232;47095;8
163877;163667;51202;47093;1
164219;163693;51223;47094;4
164295;163680;51228;47094;8
165344;163629;51294;47090;8
165509;163668;51304;47093;4
164169;163654;51220;47092;8
165575;163600;51308;47089;1
164071;163588;51214;47088;1
164870;163640;51264;47091;1
164845;163587;51262;47088;4
165020;163692;51273;47094;2
165185;163667;51284;47093;1
165316;163643;51292;47091;8
164577;163683;51246;47094;4
164461;163595;51238;47088;8
165427;163600;51299;47089;4
164483;163672;51240;47093;1
164199;163706;51222;47095;2
163991;163659;51209;47092;2
164215;163634;51223;47091;4
164313;163681;51229;47094;8
164751;163680;51256;47094;4
165247;163643;51287;47091;1
163953;163636;51207;47091;4
165507;163597;51304;47088;8
163975;163683;51208;47094;8
165513;163587;51304;47088;4
164050;163679;51213;47093;2
165320;163600;51292;47089;8
164158;163604;51219;47089;1
164426;163643;51236;47091;8
165135;163609;51280;47089;8
164236;163660;51224;47092;8
165267;163625;51289;47090;4
164023;163616;51211;47090;8
164914;163657;51267;47092;4
164356;163658;51232;47092;4
164585;163628;51246;47090;4
164619;163631;51248;47090;8
164765;163684;51257;47094;2
164068;163651;51214;47092;2
164357;163629;51232;47090;2
164122;163709;51217;47095;1
164286;163617;51227;47090;1
164175;163672;51220;47093;1
164315;163647;51229;47091;2
164189;163630;51221;47090;1
165218;163629;51286;47090;8
164948;163650;51269;47092;8
164573;163654;51245;47092;2
164982;163641;51271;47091;4
164212;163683;51223;47094;8
165029;163678;51274;47093;1
164622;163695;51248;47094;2
164087;163654;51215;47092;1
165130;163626;51280;47090;4
164807;163596;51260;47088;4
165562;163589;51307;47088;8
163980;163639;51208;47091;1
164234;163707;51224;47095;4
164039;163659;51212;47092;1
164418;163689;51236;47094;4
164788;163605;51259;47089;1
164502;163677;51241;47093;4
164964;163608;51270;47089;8
165293;163685;51290;47094;2
164420;163621;51236;47090;4
164618;163646;51248;47091;8
165439;163693;51299;47094;4
165213;163591;51285;47088;8
165174;163689;51283;47094;2
164773;163649;51258;47092;1
165554;163686;51307;47094;8
164429;163610;51236;47089;2
163840;163646;51200;47091;2
164061;163679;51213;47093;4
163843;163709;51200;47095;1
165422;163619;51298;47090;2
164671;163662;51251;47092;4
164405;163676;51235;47093;8
164939;163604;51268;47089;1
164996;163660;51272;47092;2
164297;163628;51228;47090;2
164247;163672;51225;47093;4
163976;163625;51208;47090;2
164853;163633;51263;47091;4
165041;163630;51275;47090;8
164645;163702;51250;47095;4
164713;163686;51254;47094;8
164357;163589;51232;47088;1
164984;163662;51271;47092;2
164499;163700;51241;47095;2
164496;163630;51241;47090;8
164905;163693;51266;47094;8
165225;163663;51286;47092;1
164729;163615;51255;47089;4
165305;163668;51291;47093;4
163912;163662;51204;47092;1
163848;163705;51200;47095;4
165165;163672;51282;47093;8
165524;163705;51305;47095;8
164643;163612;51250;47089;2
165046;163613;51275;47089;4
164625;163668;51249;47093;2
165288;163641;51290;47091;1
164135;163679;51218;47093;2
164755;163672;51257;47093;2
164992;163617;51272;47090;4
165528;163657;51305;47092;2
165218;163638;51286;47091;1
164240;163698;51225;47095;4
164399;163591;51234;47088;1
164999;163656;51272;47092;4
164130;163710;51218;47095;8
164969;163625;51270;47090;2
164253;163635;51225;47091;1
165247;163678;51287;47093;4
164536;163586;51243;47088;1
165336;163708;51293;47095;4
164641;163689;51250;47094;1
164955;163697;51269;47095;8
164029;163704;51211;47095;2
165013;163613;51273;47089;4
164902;163708;51266;47095;4
164045;163609;51212;47089;8
165086;163700;51277;47095;8
165066;163635;51276;47091;8
164512;163684;51242;47094;2
164281;163666;51227;47093;8
164547;163637;51244;47091;1
163922;163623;51205;47090;2
164479;163687;51239;47094;4
164953;163614;51269;47089;1
165256;163665;51288;47093;4
165392;163685;51297;47094;1
164214;163687;51223;47094;8
164980;163639;51271;47091;2
165281;163587;51290;47088;4
164774;163672;51258;47093;8
163978;163707;51208;47095;8
165341;163635;51293;47091;8
164212;163680;51223;47094;4
165510;163614;51304;47089;8
164944;163634;51269;47091;4
165327;163653;51292;47092;1
164619;163646;51248;47091;2
164946;163638;51269;47091;8
164033;163677;51212;47093;8
165382;163660;51296;47092;4
165129;163621;51280;47090;8
164093;163688;51215;47094;8
164578;163633;51246;47091;4
164376;163625;51233;47090;8
164139;163683;51218;47094;4
165375;163648;51295;47092;4
164817;163688;51261;47094;1
164709;163680;51254;47094;1
165331;163588;51293;47088;4
164320;163620;51230;47090;4
164124;163599;51217;47088;8
165377;163665;51296;47093;2
165572;163622;51308;47090;2
165568;163638;51308;47091;2
165280;163631;51290;47090;8
164094;163673;51215;47093;8
165325;163592;51292;47088;1
164922;163656;51267;47092;1
165284;163711;51290;47095;2
165430;163690;51299;47094;2
164631;163602;51249;47089;2
164229;163610;51224;47089;8
164889;163641;51265;47091;1
164623;163660;51248;47092;1
164770;163637;51258;47091;4
165086;163692;51277;47094;8
164237;163593;51224;47088;1
165373;163593;51295;47088;1
164980;163655;51271;47092;1
164838;163602;51262;47089;2
163939;163612;51206;47089;2
164830;163679;51261;47093;4
164376;163630;51233;47090;4
163886;163628;51202;47090;2
164844;163588;51262;47088;1
165049;163695;51275;47094;2
165120;163590;51280;47088;2
165072;163673;51277;47093;1
165486;163658;51302;47092;8
164745;163643;51256;47091;1
165270;163671;51289;47093;1
165319;163662;51292;47092;8
164251;163618;51225;47090;8
164728;163707;51255;47095;2
164811;163634;51260;47091;2
164923;163646;51267;47091;1
165104;163687;51279;47094;8
163844;163685;51200;47094;8
164805;163695;51260;47094;2
164202;163647;51222;47091;4
165053;163709;51275;47095;8
164727;163603;51255;47089;2
165075;163592;51277;47088;4
164227;163708;51224;47095;8
164422;163626;51236;47090;8
165332;163660;51293;47092;2
163888;163666;51203;47093;1
164258;163681;51226;47094;2
165076;163652;51277;47092;4
163936;163679;51206;47093;4
164055;163624;51213;47090;4
165137;163639;51281;47091;2
164674;163609;51252;47089;4
163986;163640;51209;47091;8
164388;163682;51234;47094;2
165207;163629;51285;47090;2
164725;163662;51255;47092;2
163938;163643;51206;47091;2
165162;163607;51282;47089;2
164090;163590;51215;47088;2
164557;163694;51244;47094;4
164905;163609;51266;47089;8
164649;163599;51250;47088;4
165629;163675;51311;47093;4
164579;163697;51246;47095;8
163924;163664;51205;47093;8
165119;163597;51279;47088;2
164015;163596;51210;47088;4
165513;163640;51304;47091;8
164315;163621;51229;47090;2
165492;163706;51303;47095;2
164397;163656;51234;47092;1
164341;163616;51231;47090;8
164835;163616;51262;47090;4
163962;163674;51207;47093;8
165292;163609;51290;47089;2
164372;163601;51233;47089;8
164363;163659;51232;47092;2
165018;163614;51273;47089;1
164152;163707;51219;47095;8
164450;163593;51238;47088;8
164274;163644;51227;47091;4
165381;163695;51296;47094;4
165472;163626;51302;47090;8
164828;163695;51261;47094;8
165619;163621;51311;47090;1
164374;163584;51233;47088;2
165173;163584;51283;47088;2
165221;163613;51286;47089;4
164589;163693;51246;47094;8
164808;163629;51260;47090;2
165579;163595;51308;47088;1
164674;163632;51252;47091;1
165518;163694;51304;47094;2
165484;163690;51302;47094;2
165326;163689;51292;47094;4
164007;163585;51210;47088;1
164505;163648;51241;47092;8
164530;163678;51243;47093;8
163944;163597;51206;47088;4
164514;163587;51242;47088;4
164071;163691;51214;47094;2
165556;163592;51307;47088;2
165358;163598;51294;47088;8
165562;163706;51307;47095;2
165519;163687;51304;47094;1
164311;163584;51229;47088;4
163847;163637;51200;47091;4
164987;163586;51271;47088;4
164361;163631;51232;47090;2
164208;163585;51223;47088;1
165476;163677;51302;47093;8
164654;163620;51250;47090;1
163886;163660;51202;47092;1
163859;163656;51201;47092;8
164196;163653;51222;47092;8
164635;163644;51249;47091;4
164003;163673;51210;47093;8
164986;163636;51271;47091;2
165402;163589;51297;47088;8
164632;163627;51249;47090;1
164093;163688;51215;47094;1
164019;163603;51211;47089;8
164374;163627;51233;47090;2
164937;163631;51268;47090;8
163956;163597;51207;47088;1
164187;163603;51221;47089;1
165462;163707;51301;47095;2
165226;163592;51286;47088;2
164951;163591;51269;47088;2
164430;163631;51236;47090;8
164779;163646;51258;47091;4
164469;163667;51239;47093;2
164536;163711;51243;47095;2
164384;163654;51234;47092;2
164623;163662;51248;47092;2
164979;163636;51271;47091;2
165426;163599;51299;47088;1
165579;163642;51308;47091;4
165048;163649;51275;47092;4
165402;163707;51297;47095;4
164436;163674;51237;47093;8
164064;163685;51214;47094;8
165564;163632;51307;47091;2
165446;163664;51300;47093;4
164418;163700;51236;47095;8
165358;163626;51294;47090;4
164005;163676;51210;47093;1
164405;163634;51235;47091;2
164375;163685;51233;47094;2
164923;163673;51267;47093;1
165246;163596;51287;47088;2
164687;163619;51252;47090;2
164251;163616;51225;47090;8
164410;163666;51235;47093;8
165594;163704;51309;47095;1
164538;163673;51243;47093;2
164149;163703;51219;47095;8
164081;163705;51215;47095;1
164187;163684;51221;47094;2
164364;163629;51232;47090;8
164069;163698;51214;47095;1
164201;163610;51222;47089;2
165616;163653;51311;47092;8
165370;163639;51295;47091;8
165326;163689;51292;47094;4
164151;163649;51219;47092;1
165100;163698;51278;47095;2
164868;163668;51264;47093;4
164864;163682;51264;47094;2
165224;163694;51286;47094;2
164245;163676;51225;47093;1
164249;163637;51225;47091;8
165464;163628;51301;47090;2
164825;163593;51261;47088;8
164534;163702;51243;47095;2
164621;163588;51248;47088;2
164355;163691;51232;47094;8
165090;163678;51278;47093;4
164389;163662;51234;47092;2
164883;163592;51265;47088;8
165551;163621;51306;47090;4
165160;163599;51282;47088;8
163987;163694;51209;47094;2
164163;163636;51220;47091;1
165624;163596;51311;47088;8
164977;163660;51271;47092;8
164561;163686;51245;47094;1
165186;163606;51284;47089;1
164224;163704;51224;47095;4
164489;163649;51240;47092;8
164709;163590;51254;47088;4
164760;163694;51257;47094;1
165078;163642;51277;47091;8
164585;163696;51246;47095;2
164201;163707;51222;47095;8
165241;163632;51287;47091;8
165492;163673;51303;47093;8
164495;163625;51240;47090;1
164868;163646;51264;47091;2
163949;163689;51206;47094;1
165242;163678;51287;47093;2
165255;163594;51288;47088;2
164094;163584;51215;47088;4
165576;163622;51308;47090;8
164102;163607;51216;47089;2
165532;163665;51305;47093;2
164755;163709;51257;47095;2
164643;163602;51250;47089;4
165618;163673;51311;47093;1
165298;163697;51291;47095;2
165146;163638;51281;47091;8
165505;163637;51304;47091;8
165283;163676;51290;47093;2
165052;163611;51275;47089;1
163867;163603;51201;47089;4
165506;163643;51304;47091;1
165486;163616;51302;47090;4
165196;163634;51284;47091;4
164745;163704;51256;47095;2
164268;163598;51226;47088;1
164668;163641;51251;47091;8
165419;163708;51298;47095;8
165001;163703;51272;47095;1
164280;163622;51227;47090;4
165297;163610;51291;47089;1
164763;163638;51257;47091;4
165031;163629;51274;47090;2
165210;163686;51285;47094;8
164628;163620;51249;47090;8
164911;163585;51266;47088;8
164262;163704;51226;47095;2
165036;163700;51274;47095;8
165062;163666;51276;47093;8
164383;163613;51233;47089;1
164004;163709;51210;47095;4
164185;163704;51221;47095;4
164494;163673;51240;47093;4
163841;163592;51200;47088;1
165405;163657;51297;47092;8
164379;163589;51233;47088;1
164102;163652;51216;47092;1
165370;163628;51295;47090;8
165586;163681;51309;47094;8
163987;163664;51209;47093;2
165442;163592;51300;47088;1
165361;163640;51295;47091;8
165429;163658;51299;47092;4
164683;163636;51252;47091;2
164686;163599;51252;47088;2
164042;163624;51212;47090;8
165623;163626;51311;47090;8
164355;163654;51232;47092;1
165307;163600;51291;47089;4
165397;163594;51297;47088;8
164873;163680;51264;47094;1
164721;163674;51255;47093;1
163867;163586;51201;47088;8
164849;163686;51263;47094;1
164207;163606;51222;47089;1
164483;163614;51240;47089;4
165588;163683;51309;47094;2
165546;163606;51306;47089;1
164540;163634;51243;47091;4
165584;163616;51309;47090;4
164273;163653;51227;47092;8
164225;163689;51224;47094;2
164963;163623;51270;47090;1
164137;163626;51218;47090;8
164678;163689;51252;47094;1
164020;163653;51211;47092;4
164356;163647;51232;47091;4
165108;163584;51279;47088;2
164912;163633;51267;47091;2
164971;163651;51270;47092;1
165008;163598;51273;47088;1
165341;163658;51293;47092;8
164623;163685;51248;47094;4
164788;163697;51259;47095;1
164675;163649;51252;47092;4
164007;163665;51210;47093;8
164284;163620;51227;47090;1
164385;163615;51234;47089;4
164982;163592;51271;47088;2
165345;163612;51294;47089;8
164501;163690;51241;47094;4
164042;163665;51212;47093;1
165370;163597;51295;47088;2
165512;163671;51304;47093;4
165299;163654;51291;47092;4
165017;163700;51273;47095;8
164346;163643;51231;47091;4
165089;163624;51278;47090;8
165429;163649;51299;47092;1
165308;163599;51291;47088;8
164051;163647;51213;47091;2
165460;163659;51301;47092;2
165220;163637;51286;47091;8
165371;163648;51295;47092;1
164834;163600;51262;47089;4
165057;163630;51276;47090;4
164761;163643;51257;47091;1
164653;163603;51250;47089;1
164627;163702;51249;47095;2
164526;163617;51242;47090;8
164554;163667;51244;47093;4
165276;163614;51289;47089;4
163907;163620;51204;47090;4
165616;163691;51311;47094;2
164162;163660;51220;47092;4
163875;163692;51202;47094;8
163957;163656;51207;47092;8
165135;163683;51280;47094;1
164438;163688;51237;47094;8
163992;163650;51209;47092;8
164835;163659;51262;47092;2
165542;163643;51306;47091;1
164973;163654;51270;47092;2
165347;163618;51294;47090;4
164005;163621;51210;47090;2
164187;163589;51221;47088;8
165073;163597;51277;47088;2
164062;163684;51213;47094;1
165271;163618;51289;47090;2
165175;163596;51283;47088;1
163937;163683;51206;47094;1
163908;163626;51204;47090;4
164182;163700;51221;47095;2
164990;163659;51271;47092;2
164360;163637;51232;47091;2
164927;163691;51267;47094;1
165393;163654;51297;47092;4
165443;163708;51300;47095;4
165335;163594;51293;47088;2
164785;163707;51259;47095;2
164772;163606;51258;47089;8
164522;163594;51242;47088;8
164623;163605;51248;47089;8
164678;163637;51252;47091;1
165478;163702;51302;47095;4
164619;163699;51248;47095;4
164920;163640;51267;47091;1
165445;163613;51300;47089;2
164961;163612;51270;47089;4
164522;163691;51242;47094;8
164732;163688;51255;47094;2
165626;163602;51311;47089;1
165129;163671;51280;47093;8
165404;163688;51297;47094;1
165465;163698;51301;47095;8
163995;163697;51209;47095;2
164478;163704;51239;47095;1
164012;163618;51210;47090;2
164749;163611;51256;47089;4
164011;163627;51210;47090;2
164730;163704;51255;47095;4
164421;163613;51236;47089;4
164157;163656;51219;47092;1
164863;163678;51263;47093;4
163885;163642;51202;47091;1
165135;163626;51280;47090;2
164404;163699;51235;47095;2
164423;163636;51236;47091;2
164646;163613;51250;47089;8
164390;163626;51234;47090;4
164223;163693;51223;47094;1
164370;163651;51233;47092;8
164154;163643;51219;47091;4
164352;163613;51232;47089;8
165535;163622;51305;47090;8
164108;163621;51216;47090;1
164683;163586;51252;47088;8
164216;163697;51223;47095;1
163895;163594;51203;47088;4
164068;163615;51214;47089;1
164408;163700;51235;47095;4
165544;163627;51306;47090;2
164874;163671;51264;47093;4
165142;163586;51281;47088;4
165359;163620;51294;47090;4
165113;163585;51279;47088;2
165564;163594;51307;47088;1
165628;163611;51311;47089;4
164271;163665;51226;47093;8
165512;163620;51304;47090;8
163915;163622;51204;47090;4
164624;163650;51249;47092;1
164701;163605;51253;47089;4
165582;163645;51308;47091;4
164887;163640;51265;47091;1
164249;163585;51225;47088;8
165402;163590;51297;47088;8
163980;163655;51208;47092;8
165484;163687;51302;47094;1
164025;163628;51211;47090;2
164370;163691;51233;47094;4
165525;163694;51305;47094;2
165041;163618;51275;47090;8
164517;163649;51242;47092;1
165360;163710;51295;47095;2
164111;163678;51216;47093;8
165443;163700;51300;47095;1
164726;163600;51255;47089;8
164221;163589;51223;47088;4
165080;163617;51277;47090;4
165018;163701;51273;47095;8
165566;163618;51307;47090;8
165133;163639;51280;47091;1
164260;163664;51226;47093;8
164910;163603;51266;47089;1
164117;163661;51217;47092;4
165602;163589;51310;47088;4
165465;163690;51301;47094;2
164823;163609;51261;47089;8
164065;163684;51214;47094;1
164891;163706;51265;47095;2
165228;163647;51286;47091;1
164088;163667;51215;47093;2
165285;163588;51290;47088;1
165466;163603;51301;47089;4
164304;163643;51229;47091;4
165424;163677;51299;47093;1
164265;163622;51226;47090;1
165587;163608;51309;47089;4
165020;163626;51273;47090;1
165141;163687;51281;47094;8
164058;163594;51213;47088;4
164141;163608;51218;47089;4
164914;163632;51267;47091;1
163951;163703;51206;47095;8
164878;163607;51264;47089;8
163998;163644;51209;47091;8
163863;163610;51201;47089;1
165181;163602;51283;47089;8
165103;163608;51278;47089;1
165228;163636;51286;47091;4
165627;163662;51311;47092;4
165184;163672;51284;47093;2
164050;163681;51213;47094;4
164113;163701;51217;47095;8
164233;163658;51224;47092;2
165121;163691;51280;47094;4
164001;163625;51210;47090;1
164917;163591;51267;47088;4
164657;163706;51251;47095;4
165195;163602;51284;47089;2
164398;163704;51234;47095;4
164293;163609;51228;47089;4
165157;163589;51282;47088;8
164653;163670;51250;47093;2
164485;163647;51240;47091;4
165115;163594;51279;47088;2
164148;163600;51219;47089;4
164009;163601;51210;47089;1
164824;163702;51261;47095;1
164952;163600;51269;47089;8
164459;163600;51238;47089;1
165483;163619;51302;47090;8
164050;163601;51213;47089;1
164843;163670;51262;47093;1
165622;163606;51311;47089;8
165536;163668;51306;47093;1
164393;163591;51234;47088;2
164731;163682;51255;47094;1
165305;163599;51291;47088;1
163988;163608;51209;47089;8
164164;163664;51220;47093;2
163972;163600;51208;47089;8
165073;163693;51277;47094;1
165170;163661;51283;47092;2
164787;163697;51259;47095;1
165504;163680;51304;47094;4
164020;163619;51211;47090;4
165187;163647;51284;47091;4
164203;163665;51222;47093;4
164830;163656;51261;47092;2
164420;163688;51236;47094;8
164205;163675;51222;47093;2
164621;163649;51248;47092;2
165164;163610;51282;47089;8
164499;163584;51241;47088;2
164427;163707;51236;47095;4
165570;163627;51308;47090;8
164378;163680;51233;47094;8
164899;163647;51266;47091;1
165433;163620;51299;47090;8
165551;163668;51306;47093;4
164926;163605;51267;47089;1
164371;163603;51233;47089;8
164944;163677;51269;47093;4
164501;163701;51241;47095;2
165036;163710;51274;47095;8
164919;163625;51267;47090;8
164464;163595;51239;47088;1
164516;163590;51242;47088;2
165585;163685;51309;47094;2
165116;163646;51279;47091;4
164519;163668;51242;47093;2
164689;163645;51253;47091;4
164642;163701;51250;47095;4
164843;163657;51262;47092;2
164227;163705;51224;47095;2
164914;163615;51267;47089;8
165520;163657;51305;47092;1
164597;163705;51247;47095;8
165565;163661;51307;47092;2
164238;163664;51224;47093;8
164025;163608;51211;47089;8
164293;163640;51228;47091;2
164071;163688;51214;47094;2
165240;163616;51287;47090;4
164799;163688;51259;47094;2
165070;163617;51276;47090;8
164571;163698;51245;47095;8
164819;163702;51261;47095;2
164184;163638;51221;47091;2
165315;163675;51292;47093;1
164371;163598;51233;47088;8
164604;163660;51247;47092;4
164514;163681;51242;47094;4
165537;163684;51306;47094;1
165253;163587;51288;47088;8
165305;163675;51291;47093;2
165565;163636;51307;47091;1
165294;163637;51290;47091;4
165278;163647;51289;47091;4
164907;163696;51266;47095;1
165349;163706;51294;47095;4
163970;163593;51208;47088;1
165024;163603;51274;47089;2
164161;163698;51220;47095;8
165625;163615;51311;47089;4
164281;163597;51227;47088;8
164792;163604;51259;47089;8
163856;163602;51201;47089;2
165392;163639;51297;47091;8
165329;163612;51293;47089;2
164303;163610;51228;47089;4
165601;163624;51310;47090;8
164595;163639;51247;47091;2
165486;163645;51302;47091;4
164528;163690;51243;47094;8
163857;163592;51201;47088;1
165272;163660;51289;47092;2
165319;163657;51292;47092;2
164278;163676;51227;47093;8
164503;163682;51241;47094;4
164842;163643;51262;47091;4
164270;163643;51226;47091;8
165320;163699;51292;47095;2
164519;163631;51242;47090;8
165053;163634;51275;47091;1
163930;163619;51205;47090;8
165072;163657;51277;47092;4
164391;163701;51234;47095;1
165614;163692;51310;47094;4
164459;163667;51238;47093;2
165131;163690;51280;47094;1
164513;163649;51242;47092;4
164576;163628;51246;47090;2
164367;163681;51232;47094;4
164928;163617;51268;47090;1
164781;163647;51258;47091;1
164678;163709;51252;47095;1
164041;163644;51212;47091;8
165394;163613;51297;47089;4
164835;163623;51262;47090;4
165085;163627;51277;47090;2
164746;163636;51256;47091;8
165328;163604;51293;47089;4
164542;163607;51243;47089;2
164148;163707;51219;47095;4
164150;163591;51219;47088;8
164287;163708;51227;47095;2
164237;163628;51224;47090;1
164539;163614;51243;47089;4
165162;163644;51282;47091;8
164889;163697;51265;47095;2
164146;163635;51219;47091;1
164851;163698;51263;47095;8
163950;163667;51206;47093;2
165193;163664;51284;47093;1
164087;163647;51215;47091;2
164812;163615;51260;47089;2
165066;163612;51276;47089;2
165261;163617;51288;47090;8
164776;163602;51258;47089;8
165049;163704;51275;47095;4
165561;163622;51307;47090;1
165425;163681;51299;47094;2
164359;163644;51232;47091;4
164923;163585;51267;47088;1
164680;163610;51252;47089;1
164652;163693;51250;47094;1
164943;163663;51268;47092;2
164906;163673;51266;47093;2
164057;163643;51213;47091;4
165417;163650;51298;47092;2
163848;163684;51200;47094;4
165458;163637;51301;47091;8
163988;163664;51209;47093;8
165295;163677;51290;47093;4
164214;163702;51223;47095;4
164476;163630;51239;47090;1
164638;163585;51249;47088;2
165149;163666;51281;47093;8
164209;163632;51223;47091;2
164308;163701;51229;47095;8
164186;163708;51221;47095;4
164782;163592;51258;47088;8
165518;163584;51304;47088;2
165571;163692;51308;47094;4
164486;163624;51240;47090;4
165382;163652;51296;47092;4
164161;163626;51220;47090;2
164548;163587;51244;47088;1
164449;163673;51238;47093;2
164791;163681;51259;47094;1
165147;163709;51281;47095;4
164177;163622;51221;47090;8
164244;163707;51225;47095;4
163948;163599;51206;47088;2
164475;163704;51239;47095;1
164223;163614;51223;47089;8
165611;163651;51310;47092;1
165338;163672;51293;47093;2
165344;163660;51294;47092;8
164616;163675;51248;47093;8
163985;163671;51209;47093;2
164033;163627;51212;47090;2
164910;163703;51266;47095;4
164945;163632;51269;47091;1
164262;163661;51226;47092;8
164958;163693;51269;47094;8
165211;163690;51285;47094;8
164174;163603;51220;47089;4
165472;163704;51302;47095;1
164603;163601;51247;47089;4
165631;163687;51311;47094;4
165522;163691;51305;47094;2
164152;163629;51219;47090;8
164641;163681;51250;47094;8
164278;163639;51227;47091;4
163847;163664;51200;47093;4
165045;163645;51275;47091;4
164688;163614;51253;47089;4
165629;163630;51311;47090;2
165547;163635;51306;47091;4
164121;163647;51217;47091;1