107989;-169948;47709;26242;2
124183;-189525;48721;25018;1
118303;-169062;48353;26297;8
113192;-166839;48034;26436;1
107668;-182631;47689;25449;8
124234;-188075;48724;25109;8
114362;-172593;48107;26076;2
108103;-175723;47716;25881;1
128121;-174010;48967;25988;4
104072;-188371;47464;25090;4
110776;-168931;47883;26305;4
103186;-167869;47409;26372;8
118131;-166719;48343;26444;1
102763;-180208;47382;25601;2
98890;-195777;47140;24627;1
130878;-188983;49139;25052;1
106651;-165719;47625;26506;1
128229;-179889;48974;25620;1
99377;-165535;47171;26518;4
106605;-176147;47622;25854;2
98886;-181112;47140;25544;1
101792;-188910;47322;25057;4
113294;-180850;48040;25560;1
123182;-178821;48658;25687;1
102678;-176361;47377;25841;1
128085;-192968;48965;24803;8
105118;-167992;47529;26364;2
118116;-178127;48342;25731;4
125815;-176232;48823;25849;1
125739;-185090;48818;25295;1
123475;-189247;48677;25036;1
130089;-196009;49090;24613;4
116235;-175794;48224;25876;1
122795;-171085;48634;26171;2
98909;-181223;47141;25537;2
98510;-188149;47116;25104;1
99527;-168537;47180;26330;8
104671;-181062;47501;25547;2
108757;-167556;47757;26391;4
108676;-172694;47752;26070;1
119845;-177094;48450;25795;2
118217;-167929;48348;26368;2
122167;-188045;48595;25111;1
124114;-194685;48717;24696;1
106495;-189005;47615;25051;4
123294;-187652;48665;25135;4
130313;-178012;49104;25738;4
107433;-183334;47674;25405;2
106665;-164201;47626;26601;8
128890;-179665;49015;25634;4
118488;-165260;48365;26535;8
127358;-183177;48919;25415;1
113998;-170133;48084;26230;4
117020;-192017;48273;24862;4
128539;-184438;48993;25336;1
120858;-168549;48513;26329;2
106946;-180663;47644;25572;4
125243;-191763;48787;24878;1
121236;-196288;48537;24596;1
117367;-175336;48295;25905;8
100210;-189796;47223;25001;1
116016;-171721;48211;26131;4
107972;-171641;47708;26136;1
109317;-179999;47792;25614;4
129528;-183746;49055;25379;4
108683;-164522;47752;26581;2
129529;-177511;49055;25769;4
113211;-172175;48035;26103;2
127245;-171993;48912;26114;8
113342;-168086;48043;26358;4
104087;-185295;47465;25283;2
126990;-186820;48896;25187;8
118995;-166703;48397;26445;2
121016;-173097;48523;26045;8
99013;-190428;47148;24962;4
124852;-181663;48763;25510;8
104447;-194841;47487;24686;2
124181;-188999;48721;25051;2
107880;-173196;47702;26039;1
123392;-187837;48672;25124;2
118235;-174904;48349;25932;8
112460;-166463;47988;26460;4
107520;-166289;47680;26470;4
118013;-168498;48335;26332;1
111226;-176999;47911;25801;1
124699;-181642;48753;25511;8
100961;-173207;47270;26038;2
120215;-179343;48473;25655;1
104131;-170626;47468;26199;1
126059;-190208;48838;24976;2
108943;-179298;47768;25657;2
129192;-192227;49034;24849;1
123172;-177779;48658;25752;4
112052;-165208;47963;26538;8
115575;-167530;48183;26393;4
117178;-187492;48283;25145;1
107593;-188186;47684;25102;8
108526;-187806;47742;25126;4
120436;-181375;48487;25528;4
113901;-169204;48078;26288;8
118968;-187423;48395;25150;8
119636;-170551;48437;26204;2
108337;-164881;47731;26558;2
130728;-170497;49130;26207;8
109829;-194461;47824;24710;1
120822;-174418;48511;25962;4
119637;-164192;48437;26602;2
107117;-175216;47654;25913;8
105651;-178857;47563;25685;2
128155;-175497;48969;25895;4
111659;-194595;47938;24701;8
121865;-193548;48576;24767;8
116836;-167017;48262;26425;2
127557;-178835;48932;25686;1
127066;-181867;48901;25497;2
114334;-166562;48105;26453;8
123930;-164575;48705;26578;8
106061;-178772;47588;25690;8
112267;-176131;47976;25855;8
107469;-191569;47676;24890;8
116579;-190794;48246;24939;2
118185;-180724;48346;25568;4
129850;-189814;49075;25000;4
126974;-170973;48895;26178;8
129148;-180917;49031;25556;2
105786;-183864;47571;25372;2
105080;-179326;47527;25656;8
114277;-186981;48102;25177;4
103378;-181234;47421;25536;2
124186;-186653;48721;25198;2
107535;-187680;47680;25134;4
130182;-194128;49096;24731;2
130719;-196229;49129;24599;8
123074;-182924;48652;25431;4
112464;-186792;47989;25189;2
119507;-188839;48429;25061;2
111154;-182616;47907;25450;8
103068;-178923;47401;25681;1
121968;-189619;48583;25012;1
106768;-183929;47633;25368;1
114564;-171228;48120;26162;4
114975;-190918;48145;24931;8
101630;-189075;47311;25046;4
121674;-195531;48564;24643;2
116086;-182692;48215;25445;4
121803;-181354;48572;25529;1
116162;-196386;48220;24589;1
117439;-165990;48299;26489;8
116651;-168536;48250;26330;4
103048;-178856;47400;25685;2
119264;-190769;48414;24940;4
130478;-167743;49114;26380;4
110409;-172134;47860;26105;2
118449;-182643;48363;25448;4
107716;-185919;47692;25244;1
128379;-191432;48983;24899;1
117203;-169286;48285;26283;1
104176;-177907;47471;25744;4
118016;-167553;48336;26391;8
105757;-186371;47569;25215;2
105082;-173091;47527;26045;2
108904;-172058;47766;26110;1
125389;-188211;48796;25100;2
99599;-168887;47184;26308;4
100769;-188902;47258;25057;8
124909;-170091;48766;26233;4
118169;-191206;48345;24913;1
122926;-196607;48642;24576;2
125146;-196219;48781;24600;8
105334;-173805;47543;26001;2
110166;-176373;47845;25840;2
123025;-167288;48649;26408;4
121292;-180856;48540;25560;1
119549;-168835;48431;26311;2
106042;-176697;47587;25820;2
116138;-172735;48218;26068;2
106662;-183184;47626;25415;1
121885;-193304;48577;24782;4
102811;-165168;47385;26541;4
107049;-179370;47650;25653;4
129226;-171901;49036;26120;1
121417;-175128;48548;25918;4
104149;-180970;47469;25553;1
120805;-171830;48510;26124;4
102681;-181574;47377;25515;4
103656;-181171;47438;25540;1
106382;-168912;47608;26307;2
118564;-165351;48370;26529;8
118316;-186080;48354;25234;4
105602;-191722;47560;24881;2
126650;-195436;48875;24649;2
105738;-166130;47568;26480;8
129300;-167070;49041;26422;1
113695;-184514;48065;25331;8
124505;-186697;48741;25195;1
116540;-193375;48243;24778;4
113178;-195058;48033;24672;8
118428;-190383;48361;24965;1
107596;-165010;47684;26550;1
100585;-180423;47246;25587;8
99759;-186678;47194;25196;1
126763;-167137;48882;26417;2
102456;-188205;47363;25101;2
125774;-164420;48820;26587;8
118665;-187469;48376;25147;2
111215;-165946;47910;26492;8
114093;-179102;48090;25670;2
127774;-179196;48945;25664;4
98873;-193738;47139;24755;1
108760;-194939;47757;24680;4
114768;-183971;48133;25365;8
124622;-166390;48748;26464;1
127284;-167708;48915;26382;8
101733;-192956;47318;24804;1
117515;-166491;48304;26458;4
125624;-182142;48811;25480;1
101907;-192041;47329;24861;8
119821;-179723;48448;25631;1
103136;-191482;47406;24896;1
100619;-178477;47248;25709;8
122997;-196206;48647;24601;2
103161;-184894;47407;25308;4
126997;-182073;48897;25484;1
110224;-172934;47849;26055;2
106557;-187627;47619;25137;1
112521;-183239;47992;25411;1
129524;-170561;49055;26203;4
112061;-194507;47963;24707;2
121960;-190349;48582;24967;8
130699;-185582;49128;25265;1
118718;-174970;48379;25928;2
104471;-174798;47489;25939;2
101288;-189698;47290;25007;4
101250;-194515;47288;24706;1
115037;-175538;48149;25892;4
108171;-169685;47720;26258;1
128805;-182602;49010;25451;8
112829;-172210;48011;26100;2
98939;-166102;47143;26482;1
123978;-186182;48708;25227;1
105116;-190177;47529;24977;8
112224;-171694;47974;26133;2
118197;-172886;48347;26058;4
98722;-170711;47130;26194;1
116172;-180482;48220;25583;2
121988;-171336;48584;26155;8
115831;-175121;48199;25918;8
130286;-187597;49102;25139;8
111280;-192209;47915;24850;4
111097;-169087;47903;26296;8
109460;-183352;47801;25404;4
109392;-169924;47797;26243;2
100289;-164013;47228;26613;2
114823;-167352;48136;26404;1
116368;-181658;48233;25510;1
111228;-180607;47911;25576;4
116280;-164768;48227;26566;4
128721;-188066;49005;25109;8
114021;-170485;48086;26208;4
111473;-165890;47927;26495;2
118891;-175139;48390;25917;8
119167;-191497;48407;24895;4
98807;-181493;47135;25520;8
113964;-184703;48082;25320;8
107298;-191196;47666;24914;8
130961;-193378;49145;24777;8
116573;-164504;48245;26582;1
119048;-181024;48400;25550;4
108080;-193944;47715;24742;8
101048;-185961;47275;25241;1
105426;-184239;47549;25349;1
121382;-166743;48546;26442;2
127653;-185939;48938;25242;1
98924;-165330;47142;26530;2
115323;-188687;48167;25071;1
100687;-179096;47252;25670;1
125065;-180951;48776;25554;4
111055;-183093;47900;25420;4
117592;-188434;48309;25086;1
126903;-174183;48891;25977;8
129087;-177222;49027;25787;2
123719;-177223;48692;25787;8
114879;-184210;48139;25350;8
123183;-193908;48658;24744;4
108169;-196279;47720;24596;1
109409;-189857;47798;24997;2
119306;-173013;48416;26050;1
119326;-177127;48417;25793;4
119251;-166364;48413;26466;4
105735;-182481;47568;25458;1
116196;-178401;48222;25713;2
119487;-178876;48427;25684;2
122363;-195593;48607;24639;4
116319;-182744;48229;25442;4
125750;-190068;48819;24984;1
100434;-178547;47237;25704;8
108039;-185478;47712;25271;1
128240;-170936;48975;26180;8
117052;-181528;48275;25518;2
111225;-191766;47911;24878;8
123670;-194742;48689;24692;2
113652;-193517;48063;24769;8
107731;-175887;47693;25871;1
118439;-193334;48362;24780;8
119052;-191868;48400;24872;1
112479;-168143;47989;26355;8
106142;-186027;47593;25237;4
113156;-194286;48032;24721;4
126853;-188914;48888;25056;1
121456;-174564;48551;25953;1
121166;-179421;48532;25650;4
101262;-165414;47288;26525;2
113541;-184204;48056;25351;8
98591;-170307;47121;26219;4
116071;-164753;48214;26566;1
102648;-182546;47375;25454;8
102120;-193458;47342;24772;1
123290;-189864;48665;24997;2
130829;-178559;49136;25704;4
129146;-182746;49031;25442;1
105025;-191934;47524;24868;4
111883;-171033;47952;26174;4
103944;-186063;47456;25235;1
124368;-165018;48733;26550;1
118376;-176084;48358;25858;8
130887;-174282;49140;25971;1
112520;-183302;47992;25407;8
124876;-184330;48764;25343;4
123106;-196273;48654;24596;8
111092;-174225;47903;25974;2
128937;-175617;49018;25887;2
130063;-191382;49088;24902;2
113650;-193168;48063;24791;8
105264;-184391;47539;25339;8
128331;-176954;48980;25804;8
118376;-188042;48358;25111;8
111797;-179868;47947;25622;1
108761;-187929;47757;25118;8
110803;-177740;47885;25755;1
130615;-193969;49123;24740;8
123115;-171066;48654;26172;4
112955;-175034;48019;25924;2
111986;-176501;47959;25832;2
101925;-185739;47330;25255;4
108633;-175961;47749;25866;8
104404;-165511;47485;26519;1
100144;-189468;47219;25022;8
124194;-192761;48722;24816;4
130006;-188763;49085;25066;4
109038;-184261;47774;25347;4
108068;-188503;47714;25082;4
126056;-166496;48838;26458;1
130033;-183270;49087;25409;2
125582;-194503;48808;24707;8
113597;-180357;48059;25591;2
122845;-190805;48637;24938;8
117506;-185521;48304;25268;2
100517;-186501;47242;25207;1
108872;-194025;47764;24737;2
108144;-194037;47719;24736;4
100604;-195149;47247;24667;4
103656;-193339;47438;24780;2
98851;-167702;47138;26382;4
121352;-175185;48544;25914;8
115250;-173980;48163;25990;2
108451;-169302;47738;26282;2
126860;-172305;48888;26094;2
111431;-177388;47924;25777;4
123927;-181457;48705;25522;4
108823;-188784;47761;25065;2
121585;-171649;48559;26135;1
100467;-172423;47239;26087;4
99335;-192507;47168;24832;4
98872;-189510;47139;25019;2
126287;-190063;48852;24985;1
129349;-179677;49044;25634;1
105028;-166107;47524;26482;2
126634;-195040;48874;24674;1
113150;-167534;48031;26393;4
116303;-187005;48228;25176;8
126837;-195492;48887;24645;1
105890;-186396;47578;25214;4
108570;-185087;47745;25296;2
101304;-188720;47291;25069;1
115321;-186342;48167;25217;8
121859;-171773;48576;26128;4
105255;-193637;47538;24761;8
100206;-176109;47222;25857;1
98443;-187330;47112;25155;2
125251;-172173;48788;26103;1
118973;-191757;48395;24879;1
125691;-171210;48815;26163;2
124803;-179371;48760;25653;1
100407;-194458;47235;24710;8
104745;-168320;47506;26344;1
112170;-195794;47970;24626;8
109417;-187372;47798;25153;2
110417;-168246;47861;26348;2
117561;-165997;48307;26489;4
114705;-166967;48129;26428;8
102808;-193542;47385;24767;8
112507;-169885;47991;26246;1
115560;-178796;48182;25689;2
130573;-166552;49120;26454;1
112435;-166595;47987;26451;8
130878;-168037;49139;26361;4
109317;-165374;47792;26528;8
107193;-181547;47659;25517;1
127516;-192350;48929;24842;2
100491;-186955;47240;25179;2
118966;-174843;48395;25936;4
116297;-166994;48228;26426;8
128565;-185168;48995;25291;1
109398;-175064;47797;25922;1
116570;-168656;48245;26323;8
108383;-179868;47733;25622;2
124777;-172998;48758;26051;1
99730;-190943;47193;24930;2
124566;-179743;48745;25630;1
129438;-170464;49049;26210;4
100278;-190584;47227;24952;1
129893;-167392;49078;26402;2
123039;-175778;48649;25877;8
112762;-194457;48007;24710;8
113056;-179918;48026;25619;8
126892;-184364;48890;25341;8
130409;-191285;49110;24908;8
109387;-194141;47796;24730;1
104195;-191834;47472;24874;8
104043;-168607;47462;26326;8
122130;-171355;48593;26154;1
105769;-192982;47570;24802;2
103663;-186358;47438;25216;1
100345;-185655;47231;25260;4
127907;-194807;48954;24688;4
111360;-168002;47920;26363;4
117468;-186170;48301;25228;8
122247;-182626;48600;25449;8
124997;-191215;48772;24913;8
99629;-178793;47186;25689;2
123049;-170784;48650;26190;4
122291;-188797;48603;25064;8
107230;-167513;47661;26394;8
130067;-168970;49089;26303;4
118571;-196488;48370;24583;8
99034;-181012;47149;25550;4
114222;-185508;48098;25269;2
98454;-174663;47113;25947;1
108081;-177778;47715;25752;2
115988;-168429;48209;26337;2
115572;-174426;48183;25962;4
130671;-171353;49126;26154;8
103081;-179690;47402;25633;4
102117;-174999;47342;25926;2
106402;-179871;47610;25622;8
126904;-179838;48891;25624;2
116123;-166802;48217;26438;2
102060;-175359;47338;25904;2
105456;-166761;47551;26441;2
109017;-167148;47773;26417;1
129287;-175242;49040;25911;8
116633;-184396;48249;25339;1
121791;-186480;48571;25209;8
112173;-190240;47970;24974;8
113018;-180770;48023;25565;1
123780;-176241;48696;25848;8
123777;-187121;48696;25168;8
128672;-183498;49002;25395;8
123269;-190977;48664;24927;8
99401;-189202;47172;25038;4
130673;-177865;49127;25747;2
119325;-193148;48417;24792;2
108086;-188148;47715;25104;8
118383;-180329;48358;25593;2
122703;-168236;48628;26349;8
119020;-185985;48398;25239;1
129346;-181882;49044;25496;8
125448;-196030;48800;24612;4
102934;-193687;47393;24758;1
124680;-182538;48752;25455;2
124150;-192831;48719;24812;8
128771;-186673;49008;25196;8
105518;-183130;47554;25418;4
110084;-172643;47840;26073;1
122756;-183089;48632;25420;2
119864;-173717;48451;26006;4
128783;-188753;49008;25066;2
119192;-165167;48409;26541;1
107762;-179443;47695;25648;1
124761;-181698;48757;25507;8
112465;-179690;47989;25633;2
118112;-180507;48342;25582;4
109011;-193816;47773;24750;1
118103;-187218;48341;25162;4
106921;-187913;47642;25119;1
129176;-168100;49033;26357;1
106914;-165586;47642;26514;8
123296;-165318;48666;26531;1
127425;-186429;48924;25212;2
127342;-181265;48918;25534;2
119998;-183678;48459;25384;8
128068;-193795;48964;24751;2
103320;-184001;47417;25363;4
115898;-186447;48203;25211;2
116541;-183561;48243;25391;4
118486;-196279;48365;24596;2
117732;-171791;48318;26127;4
114254;-181078;48100;25546;4
107898;-181493;47703;25520;2
129681;-166775;49065;26440;2
107536;-192735;47681;24818;4
129003;-185792;49022;25252;4
127614;-181347;48935;25529;4
109687;-167056;47815;26423;2
106283;-189360;47602;25029;4
124646;-181019;48750;25550;8
126919;-186051;48892;25235;4
102545;-187411;47369;25150;2
106059;-195552;47588;24642;1
98956;-173197;47144;26039;2
115582;-190526;48183;24956;4
103139;-181956;47406;25491;2
105943;-181658;47581;25510;2
123661;-193823;48688;24750;1
105179;-165034;47533;26549;1
103497;-171150;47428;26167;2
125887;-175265;48827;25909;2
127852;-170105;48950;26232;4
114487;-182529;48115;25455;2
129718;-169929;49067;26243;8
117099;-187392;48278;25152;2
103377;-185663;47421;25260;1
106276;-175305;47602;25907;8
110695;-167570;47878;26390;8
124049;-180179;48713;25602;1
112067;-184294;47964;25345;1
112127;-166557;47967;26454;1
117616;-169302;48311;26282;4
119337;-195708;48418;24632;1
130301;-191308;49103;24907;2
101929;-169211;47330;26288;2
116962;-171627;48270;26137;8
130541;-191371;49118;24903;2
130615;-167187;49123;26414;4
104703;-176742;47503;25817;4
129555;-188667;49057;25072;2
125619;-185308;48811;25282;8
103762;-167654;47445;26385;4
99561;-182475;47182;25459;2
105209;-185181;47535;25290;4
123740;-170973;48693;26178;1
102115;-177986;47342;25739;8
103310;-194902;47416;24682;1
103075;-178408;47402;25713;4
126134;-191947;48843;24867;1
106811;-189620;47635;25012;1
110695;-168198;47878;26351;1
120465;-187650;48489;25135;4
103747;-168463;47444;26335;1
120795;-181143;48509;25542;4
123088;-185704;48653;25257;1
127905;-182758;48954;25441;4
111678;-186312;47939;25219;2
103916;-192374;47454;24840;4
117597;-187771;48309;25128;4
110417;-169489;47861;26270;8
125955;-166340;48832;26467;1
127097;-191592;48903;24889;8
127259;-185019;48913;25300;2
116477;-181230;48239;25537;1
121090;-181183;48528;25540;2
107785;-195026;47696;24674;1
111416;-193377;47923;24777;1
127978;-190789;48958;24939;4
122011;-176973;48585;25803;1
127933;-166998;48955;26426;8
99843;-172710;47200;26069;2
122885;-175050;48640;25923;1
124380;-192003;48733;24863;2
117623;-184472;48311;25334;4
123329;-169093;48668;26295;8
107095;-172632;47653;26074;1
102543;-173511;47368;26019;8
127050;-174400;48900;25964;1
128770;-195806;49008;24626;1
105061;-189631;47526;25012;2
122935;-168624;48643;26325;8
102386;-180238;47359;25599;1
114765;-171318;48132;26156;8
110630;-186676;47874;25196;8
118941;-190421;48393;24962;2
121571;-178718;48558;25694;4
119847;-167020;48450;26425;8
107037;-194084;47649;24733;8
121384;-191924;48546;24868;8
100432;-166289;47237;26470;1
124957;-182408;48769;25463;8
120318;-185066;48479;25297;2
124538;-184629;48743;25324;4
116870;-194881;48264;24683;2
104254;-174072;47475;25984;8
110878;-172394;47889;26089;1
125798;-170192;48822;26227;2
114384;-168296;48109;26345;1
129887;-189541;49077;25017;1
105980;-190471;47583;24959;4
128878;-185167;49014;25291;2
107352;-172883;47669;26058;8
100170;-164558;47220;26579;8
117493;-194016;48303;24738;2
116351;-170635;48231;26199;8
109254;-186288;47788;25221;8
119068;-180372;48401;25590;4
113815;-179514;48073;25644;1
126699;-174748;48878;25942;1
103450;-186979;47425;25177;2
122221;-186755;48598;25191;4
119700;-176242;48441;25848;4
110822;-172237;47886;26099;1
107118;-190930;47654;24930;4
112060;-167321;47963;26406;1
121898;-188311;48578;25094;2
122155;-169585;48594;26264;1
129023;-164535;49023;26580;1
105847;-187159;47575;25166;1
100923;-187875;47267;25121;4
126374;-176543;48858;25830;1
128469;-187585;48989;25139;1
98586;-176668;47121;25822;1
129869;-172740;49076;26067;2
111460;-194720;47926;24694;2
127192;-185889;48909;25245;2
126891;-177443;48890;25773;8
128533;-190327;48993;24968;1
109566;-169036;47807;26299;4
115983;-166670;48208;26447;1
113257;-186193;48038;25226;2
118430;-193513;48361;24769;4
99450;-174575;47175;25953;4
125959;-170270;48832;26222;2
105636;-178000;47562;25739;8
110077;-190986;47839;24927;8
115743;-185548;48193;25267;4
106027;-181386;47586;25527;2
127265;-167522;48914;26393;1
114355;-176415;48107;25838;8
124374;-189531;48733;25018;4
123598;-185340;48684;25280;1
104247;-194605;47475;24701;4
104817;-194772;47511;24690;8
130489;-166735;49115;26443;2
98729;-186369;47130;25215;2
121316;-195325;48542;24656;1
105278;-195045;47539;24673;2
113154;-188315;48032;25094;2
103621;-176342;47436;25842;1
115674;-181025;48189;25549;2
120026;-177568;48461;25766;8
116027;-164173;48211;26603;8
104025;-189009;47461;25050;8
105748;-188530;47569;25080;4
128151;-186783;48969;25190;1
103223;-172139;47411;26105;2
103308;-173596;47416;26014;4
124909;-187659;48766;25135;8
116596;-194832;48247;24687;8
103905;-189785;47454;25002;2
104416;-170175;47486;26228;1
105575;-182532;47558;25455;4
114016;-172609;48086;26075;8
129492;-165523;49053;26518;4
107810;-189416;47698;25025;8
122571;-187102;48620;25170;2
112027;-171562;47961;26141;4
128987;-196288;49021;24596;4
124255;-186245;48725;25223;4
115681;-180343;48190;25592;8
122320;-182710;48605;25444;1
112528;-186770;47993;25190;8
116837;-168294;48262;26345;4
122283;-187195;48602;25164;2
110159;-189789;47844;25002;1
115531;-178573;48180;25703;8
100314;-169968;47229;26241;4
115148;-181445;48156;25523;1
115416;-172424;48173;26087;2
120268;-192406;48476;24838;2
99727;-181786;47192;25502;4
111271;-192982;47914;24802;8
106270;-183222;47601;25412;1
123360;-193423;48670;24775;1
103035;-169041;47399;26298;8
114890;-172465;48140;26084;8
109391;-183544;47796;25392;1
115308;-167412;48166;26400;2
109269;-184758;47789;25316;1
99944;-194862;47206;24685;8
105944;-173037;47581;26049;8
100919;-174736;47267;25943;4
123070;-183011;48651;25425;8
128507;-189854;48991;24998;2
99766;-192099;47195;24857;2
101355;-183918;47294;25369;2
107380;-185292;47671;25283;2
113485;-183523;48052;25393;8
103347;-178053;47419;25735;4
125273;-166819;48789;26437;8
127270;-181068;48914;25547;4
99531;-196557;47180;24579;1
104781;-172500;47508;26082;1
121549;-174063;48556;25985;8
114116;-187280;48092;25159;4
102446;-173247;47362;26036;2
125374;-177968;48795;25741;8
122879;-191326;48639;24906;4
126214;-193836;48848;24749;4
123135;-188914;48655;25056;1
128413;-196345;48985;24592;8
113552;-177528;48057;25768;8
127781;-181907;48946;25494;1
110547;-189985;47869;24989;2
107231;-182823;47661;25437;4
123494;-188023;48678;25112;4
120948;-192832;48519;24812;1
128768;-176328;49008;25843;8
113551;-166380;48056;26465;1
127378;-194961;48921;24678;4
105190;-187383;47534;25152;4
119287;-182140;48415;25480;4
127895;-171285;48953;26158;4
109290;-164327;47790;26593;4
124817;-194744;48761;24692;1
129421;-174356;49048;25966;4
115657;-175750;48188;25879;4
125131;-174156;48780;25979;1
122725;-176297;48630;25845;1
99678;-167680;47189;26384;1
124022;-190979;48711;24927;1
116923;-164253;48267;26598;8
102555;-164330;47369;26593;2
115508;-188474;48179;25084;8
126436;-171811;48862;26125;1
127298;-193975;48916;24740;8
119580;-178079;48433;25734;4
108100;-166831;47716;26437;1
122832;-168731;48637;26318;8
107831;-169103;47699;26295;8
107643;-181124;47687;25543;4
115023;-192844;48148;24811;8
99506;-177184;47179;25790;4
113787;-164469;48071;26584;1
106844;-163870;47637;26622;1
124745;-173432;48756;26024;8
112681;-168783;48002;26315;2
123889;-193653;48703;24760;8
98770;-180942;47133;25555;4
122229;-194879;48599;24684;2
105394;-177752;47547;25754;8
105060;-181157;47526;25541;1
101583;-166522;47308;26456;1
110228;-165642;47849;26511;8
112772;-178269;48008;25722;1
98909;-184214;47141;25350;8
121009;-166861;48523;26435;1
119180;-196288;48408;24596;2
105043;-185246;47525;25286;4
110714;-175962;47879;25866;1
113697;-183018;48066;25425;4
121783;-192902;48571;24807;1
109668;-184943;47814;25305;2
120192;-184948;48472;25304;1
126830;-175385;48886;25902;8
115146;-164791;48156;26564;4
119224;-186561;48411;25203;8
121647;-166501;48562;26457;1
113496;-190576;48053;24953;2
120506;-180271;48491;25597;2
98624;-181907;47124;25494;1
128378;-175943;48983;25867;8
125786;-183268;48821;25409;2
122775;-166001;48633;26488;4
129559;-176568;49057;25828;1
104117;-192553;47467;24829;2
104127;-165042;47467;26548;2
101201;-196576;47285;24578;2
110505;-178618;47866;25700;4
118627;-194701;48374;24695;1
117311;-173956;48291;25991;8
112364;-178717;47982;25694;4
117991;-171266;48334;26159;1
111049;-168098;47900;26357;4
100970;-188547;47270;25079;4
110320;-181201;47855;25538;1
130709;-187107;49129;25169;4
129030;-179216;49024;25663;2
130027;-175726;49086;25881;8
106410;-188429;47610;25087;4
106860;-193606;47638;24763;8
109109;-175349;47779;25904;2
126911;-196452;48891;24585;4
123775;-167658;48695;26385;4
126777;-175036;48883;25924;4
127617;-166706;48936;26444;4
124210;-186718;48723;25194;1
105245;-187591;47537;25139;4
129385;-190686;49046;24946;1
124904;-167468;48766;26397;1
120956;-164653;48519;26573;4
127946;-179899;48956;25620;1
111789;-165826;47946;26499;8
126883;-165236;48890;26536;4
100383;-187475;47233;25146;1
109939;-180723;47831;25568;1
117751;-169908;48319;26244;1
104743;-167392;47506;26402;1
107832;-186285;47699;25221;2
100833;-189156;47262;25041;8
99885;-168659;47202;26322;2
103363;-166265;47420;26472;4
104262;-188281;47476;25096;1
98843;-165814;47137;26500;8
103625;-189614;47436;25013;1
112369;-183318;47983;25406;8
121663;-191759;48563;24879;1
121611;-184681;48560;25321;8
122787;-174234;48634;25974;4
102965;-190683;47395;24946;2
121996;-187674;48584;25134;4
123167;-193023;48657;24800;2
114281;-172703;48102;26070;4
112327;-186733;47980;25193;1
101474;-175648;47302;25886;2
120861;-169547;48513;26267;1
122859;-188228;48638;25099;4
124629;-187084;48749;25171;1
103843;-193609;47450;24763;8
109328;-167885;47793;26371;2
124468;-174435;48739;25961;1
107384;-192631;47671;24824;1
117003;-169706;48272;26257;1
130092;-168562;49090;26328;8
125145;-176258;48781;25847;2
108313;-192823;47729;24812;4
113444;-195299;48050;24657;1
112644;-166518;48000;26456;8
112899;-172188;48016;26102;1
115795;-185571;48197;25265;8
119725;-183864;48442;25372;1
120583;-179085;48496;25671;4
127246;-189617;48912;25012;4
118191;-164822;48346;26562;4
102687;-187391;47377;25152;2
103860;-175247;47451;25911;1
114676;-193101;48127;24795;2
106326;-168631;47605;26324;8
107110;-191460;47654;24897;1
125918;-193719;48829;24756;8
105504;-191681;47554;24883;8
99501;-187527;47178;25143;2
123486;-187121;48677;25168;4
112607;-172505;47997;26082;1
124078;-167217;48714;26412;1
131037;-173012;49149;26050;8
109155;-173099;47782;26045;8
127001;-189663;48897;25010;8
108953;-192524;47769;24831;8
117695;-192466;48315;24834;8
123362;-173475;48670;26021;1
114019;-193376;48086;24778;4
113917;-187275;48079;25159;4
114962;-193924;48145;24743;4
128625;-190247;48999;24973;2
123197;-165435;48659;26524;4
106450;-193626;47613;24762;2
125165;-169031;48782;26299;8
122923;-179111;48642;25669;8
127911;-175299;48954;25907;4
118214;-169970;48348;26240;4
124959;-189374;48769;25028;4
108726;-172671;47755;26072;8
117825;-190304;48324;24970;2
115630;-175834;48186;25874;2
121808;-195403;48573;24651;8
117868;-168540;48326;26330;4
115044;-190771;48150;24940;2
126367;-194073;48857;24734;2
106450;-164712;47613;26569;4
114037;-178603;48087;25701;1
130032;-179385;49087;25652;1
127685;-179567;48940;25641;4
101469;-173461;47301;26022;2
121784;-166188;48571;26477;4
104676;-180405;47502;25588;8
114563;-191183;48120;24915;8
123972;-164040;48708;26611;8
111477;-194669;47927;24697;4
104193;-192114;47472;24856;4
119174;-180484;48408;25583;8
108453;-175381;47738;25902;2
109253;-177049;47788;25798;2
98604;-176054;47122;25860;2
124525;-178839;48742;25686;1
107188;-191205;47659;24913;1
107619;-178547;47686;25704;2
98836;-181518;47137;25519;4
127790;-168338;48946;26342;2
101910;-165472;47329;26522;4
114913;-178581;48142;25702;4
109751;-171241;47819;26161;4
103165;-187280;47407;25159;2
114332;-163986;48105;26614;4
120365;-178712;48482;25694;8
105695;-177234;47565;25786;4
110061;-167418;47838;26400;4
122944;-182973;48644;25428;2
99593;-168309;47184;26344;1
127943;-168717;48956;26319;1
123950;-172982;48706;26052;2
119465;-194378;48426;24715;2
123999;-170741;48709;26192;4
109816;-166453;47823;26460;8
110933;-186895;47893;25183;1
104462;-177238;47488;25786;1
129149;-172426;49031;26087;4
122716;-171545;48629;26142;2
115946;-176503;48206;25832;8
106823;-180278;47636;25596;2
118483;-187263;48365;25160;2
130106;-193764;49091;24753;8
111113;-177739;47904;25755;1
112112;-177486;47967;25771;2
123932;-190970;48705;24928;4
115026;-195818;48149;24625;1
129032;-194903;49024;24682;8
130480;-164617;49115;26575;1
98638;-177646;47124;25761;8
121774;-190763;48570;24941;8
102723;-195865;47380;24622;1
121494;-195248;48553;24661;1
104545;-176781;47494;25815;4
105808;-164431;47573;26587;8
124135;-190480;48718;24959;2
99291;-189010;47165;25050;4
116204;-171854;48222;26123;2
122714;-192457;48629;24835;2
119707;-178864;48441;25685;2
110330;-179052;47855;25673;8
125384;-187019;48796;25175;2
124277;-168513;48727;26331;2
126661;-169300;48876;26282;1
113308;-172222;48041;26100;4
100960;-185946;47270;25242;4
115322;-181874;48167;25496;8
130627;-181478;49124;25521;1
114185;-191461;48096;24897;8
112165;-185281;47970;25283;1
115961;-172439;48207;26086;1
110970;-170039;47895;26236;4
112881;-191024;48015;24925;4
126548;-186993;48869;25176;2
128749;-167586;49006;26389;2
102027;-176500;47336;25832;8
121867;-183760;48576;25379;4
129270;-164957;49039;26554;1
123410;-163936;48673;26618;8
124478;-174822;48739;25937;1
105527;-186310;47555;25219;2
112559;-187109;47994;25169;2
126464;-195158;48864;24666;8
111448;-166311;47925;26469;1
125357;-187449;48794;25148;1
116671;-181823;48251;25500;8
108544;-164052;47744;26610;1
127907;-192557;48954;24829;1
101047;-180506;47275;25582;4
100191;-175473;47221;25896;2
109501;-165012;47803;26550;1
113908;-172881;48079;26058;8
108875;-181027;47764;25549;2
129346;-195810;49044;24625;1
116974;-179852;48270;25623;8
115687;-186838;48190;25186;2
107247;-168308;47662;26344;4
131032;-172416;49149;26088;4
110948;-182522;47894;25456;2
121721;-169870;48567;26247;4
130764;-190990;49132;24927;2
113860;-181751;48076;25504;2
114459;-189284;48113;25033;1
126253;-189447;48850;25023;2
103780;-172720;47446;26069;1
130213;-169124;49098;26293;1
114392;-195602;48109;24638;8
114810;-190652;48135;24948;1
117567;-170030;48307;26237;1
98525;-170847;47117;26186;8
107385;-182561;47671;25453;8
130949;-169529;49144;26268;2
113639;-168937;48062;26305;4
98446;-164705;47112;26569;2
120344;-187147;48481;25167;4
101597;-166305;47309;26469;4
108291;-188736;47728;25068;8
113549;-186398;48056;25214;1
112527;-180457;47992;25585;8
126083;-196383;48840;24590;4
118442;-175474;48362;25896;1
106038;-192552;47587;24829;8
118517;-174043;48367;25986;8
106517;-172187;47617;26102;8
99901;-186725;47203;25193;1
126866;-193652;48889;24760;1
130980;-170779;49146;26190;4
128257;-175598;48976;25889;2
121984;-173944;48584;25992;2
120130;-188726;48468;25068;8
107691;-191561;47690;24891;4
123392;-168580;48672;26327;1
119995;-165421;48459;26525;8
109835;-194602;47824;24701;2
114980;-181232;48146;25537;4
121152;-196542;48532;24580;4
125215;-169052;48785;26298;8
109667;-189599;47814;25014;4
129587;-183335;49059;25405;8
130361;-170333;49107;26218;2
118705;-172767;48379;26066;8
116270;-169162;48226;26291;8
108765;-191279;47757;24909;2
110699;-193733;47878;24755;8
100702;-181178;47253;25540;1
112331;-164026;47980;26612;4
105791;-173240;47571;26036;8
111525;-191536;47930;24893;4
120030;-169402;48461;26276;8
98915;-169045;47142;26298;1
115649;-177832;48188;25749;8
117854;-173569;48325;26015;8
98964;-175771;47145;25878;2
111107;-177607;47904;25763;8
103226;-169258;47411;26285;1
99178;-181645;47158;25511;2
100357;-189328;47232;25031;8
115998;-183212;48209;25413;1
119803;-192857;48447;24810;1
124683;-188485;48752;25083;4
120782;-188722;48508;25068;4
130828;-179328;49136;25656;1
128753;-184722;49007;25318;8
112315;-190362;47979;24966;2
102596;-165664;47372;26510;8
122709;-166575;48629;26453;1
123808;-164486;48698;26583;8
100095;-188119;47215;25106;8
117847;-189022;48325;25050;2
124994;-195543;48772;24642;4
106641;-184258;47625;25347;2
111905;-169155;47954;26291;1
117827;-184565;48324;25328;2
105811;-169681;47573;26258;4
116071;-178659;48214;25697;1
102579;-171052;47371;26173;8
112830;-183433;48011;25399;4
125850;-182053;48825;25485;4
113936;-193278;48081;24784;4
98584;-185658;47121;25260;1
106309;-187563;47604;25141;2
103519;-169912;47429;26244;8
129797;-174062;49072;25985;4
121576;-177205;48558;25788;1
105607;-174033;47560;25986;8
106220;-185505;47598;25269;8
105836;-186723;47574;25193;2
112943;-182801;48018;25438;8
106096;-178188;47591;25727;8
114276;-163854;48102;26623;2
112701;-183012;48003;25425;4
119832;-188566;48449;25078;2
105482;-170105;47552;26232;1
113278;-164527;48039;26581;2
106779;-185204;47633;25288;2
112674;-180105;48002;25607;1
99347;-167989;47169;26364;8
103335;-190354;47418;24966;2
127128;-185055;48905;25298;1
120732;-174961;48505;25928;4
104247;-172319;47475;26094;2
123963;-192906;48707;24807;2
111281;-187455;47915;25148;8
101228;-174288;47286;25971;4
123789;-170171;48696;26228;2
101641;-196149;47312;24604;8
101767;-172360;47320;26091;2
112996;-168654;48022;26323;2
113483;-166713;48052;26444;1
130011;-175438;49085;25899;2
120989;-171497;48521;26145;2
126050;-176231;48838;25849;4
113715;-190623;48067;24950;1
117677;-178866;48314;25684;4
102723;-192891;47380;24808;8
118544;-195270;48369;24659;2
122528;-165027;48618;26549;2
124735;-172881;48755;26058;8
122728;-175281;48630;25908;8
111581;-168151;47933;26354;4
128601;-178295;48997;25720;8
101563;-174571;47307;25953;8
101018;-182858;47273;25435;4
120294;-195026;48478;24674;2
105251;-173211;47538;26038;1
111534;-189545;47930;25017;1
105961;-174002;47582;25988;2
124142;-195176;48718;24665;4
128704;-181516;49004;25519;1
103097;-184092;47403;25358;1
119997;-192959;48459;24804;4
99602;-179992;47185;25614;1
129335;-185889;49043;25245;8
118694;-181390;48378;25527;8
116585;-187613;48246;25138;1
124722;-189222;48755;25037;2
118209;-170343;48348;26217;8
116657;-186250;48251;25223;2
109940;-171629;47831;26137;1
123875;-167801;48702;26376;8
102888;-170432;47390;26212;8
108167;-179940;47720;25617;2
109195;-189219;47784;25037;4
122300;-180000;48603;25614;1
104651;-174856;47500;25935;2
101905;-196413;47329;24588;8
111500;-166659;47928;26447;2
105546;-170694;47556;26195;2
122054;-175155;48588;25916;8
99883;-173081;47202;26046;8
106354;-187278;47607;25159;1
111531;-182270;47930;25472;8
128522;-164551;48992;26579;8
98326;-190234;47105;24974;4
122421;-189172;48611;25040;8
129415;-177994;49048;25739;2
123609;-189282;48685;25033;4
126034;-196549;48837;24579;2
115369;-176109;48170;25857;1
130011;-174903;49085;25932;8
125821;-173186;48823;26039;1
114681;-182071;48127;25484;8
128434;-178326;48987;25718;4
103399;-190138;47422;24980;4
118123;-196283;48342;24596;1
108649;-184351;47750;25342;8
126337;-176973;48856;25803;8
105823;-175967;47573;25866;8
121761;-165821;48570;26500;1
128388;-187218;48984;25162;8
99502;-186061;47178;25235;1
119303;-189445;48416;25023;8
113842;-179137;48075;25667;4
107538;-172581;47681;26077;8
108586;-196149;47746;24604;4
129679;-172438;49064;26086;1
103288;-178860;47415;25685;8
108395;-172499;47734;26082;4
106723;-182861;47630;25435;2
125161;-188078;48782;25109;8
130953;-179074;49144;25671;4
107352;-189224;47669;25037;2
103565;-179894;47432;25620;4
118003;-173294;48335;26033;8
108215;-178552;47723;25704;2
117194;-166050;48284;26485;2
117001;-192511;48272;24832;2
121823;-193734;48573;24755;2
109253;-174377;47788;25965;1
123826;-180059;48699;25610;2
101563;-194919;47307;24681;4
119889;-183892;48453;25370;2
110663;-170659;47876;26197;2
105627;-191972;47561;24865;2
126281;-176139;48852;25855;8
110099;-192893;47841;24808;4
109512;-171496;47804;26145;8
110364;-177084;47857;25796;1
123534;-190227;48680;24974;8
111522;-184403;47930;25338;1
108140;-192958;47718;24804;1
118760;-191813;48382;24875;8
99960;-183960;47207;25366;2
130865;-185073;49139;25296;2
116609;-193036;48248;24799;1
114385;-168066;48109;26359;1
121244;-176067;48537;25859;2
125618;-187066;48811;25172;1
115500;-176400;48178;25839;4
120123;-183641;48467;25386;4
124916;-189771;48767;25003;2
109948;-171722;47831;26131;4
99298;-165563;47166;26516;8
108434;-165880;47737;26496;8
104406;-180771;47485;25565;2
116665;-178947;48251;25679;4
101086;-189116;47277;25044;1
118878;-164719;48389;26569;1
112383;-174606;47983;25951;2
118606;-170413;48372;26213;2
114540;-169943;48118;26242;4
130959;-166991;49144;26427;4
123976;-191408;48708;24901;8
127013;-178955;48898;25679;1
113671;-182666;48064;25447;1
113550;-175793;48056;25876;8
108988;-172451;47771;26085;1
124621;-166567;48748;26453;1
112513;-184599;47992;25326;2
130092;-175591;49090;25889;1
106191;-173084;47596;26046;2
113774;-177248;48070;25786;8
126145;-186708;48844;25194;1
101810;-171635;47323;26136;4
122709;-179742;48629;25630;8
105056;-184340;47526;25342;4
127880;-177450;48952;25773;8
126052;-188960;48838;25054;1
124654;-177086;48750;25796;1
104102;-184143;47466;25355;1
117629;-196322;48311;24593;2
99113;-193054;47154;24798;4
117209;-176955;48285;25804;1
130328;-176274;49105;25846;2
129028;-188794;49024;25064;1
111220;-170390;47911;26214;8
125674;-195331;48814;24655;2
120858;-191843;48513;24873;4
123332;-188062;48668;25110;4
103493;-173061;47428;26047;4
115161;-195626;48157;24637;8
100922;-196385;47267;24589;4
117318;-187634;48292;25136;2
112129;-185194;47968;25289;2
119753;-173672;48444;26009;8
116299;-184332;48228;25343;2
121167;-166222;48532;26475;2
108178;-187169;47721;25165;1
127727;-174163;48942;25978;8
124770;-188028;48758;25112;8
109124;-191463;47780;24897;8
112133;-190986;47968;24927;4
112144;-165920;47969;26494;2
117733;-173215;48318;26038;4
105633;-173555;47562;26016;1
106600;-176765;47622;25816;2
122765;-165403;48632;26526;1
117063;-175150;48276;25917;1
130511;-186085;49116;25233;4
124957;-175215;48769;25913;4
121399;-173728;48547;26006;1
122555;-180188;48619;25602;8
114148;-178018;48094;25737;8
112778;-180158;48008;25604;4
115152;-175285;48157;25908;8
128699;-188687;49003;25071;1
111922;-175646;47955;25886;1
127237;-194039;48912;24736;4
103228;-183485;47411;25396;2
110529;-195509;47868;24644;1
120796;-193579;48509;24765;1
107949;-165167;47706;26541;2
101949;-178079;47331;25734;4
122533;-164143;48618;26605;2
128725;-186034;49005;25236;4
129124;-187696;49030;25133;8
111801;-167416;47947;26400;8
116357;-187130;48232;25168;8
105990;-171764;47584;26128;2
111666;-173613;47939;26013;2
119980;-180258;48458;25597;8
99601;-166434;47185;26461;2
105618;-170752;47561;26192;2
124979;-180544;48771;25580;4
101767;-180008;47320;25613;8
99799;-184114;47197;25356;1
100938;-191823;47268;24875;8
115337;-174023;48168;25987;1
109218;-181015;47786;25550;4
111714;-174996;47942;25926;4
99025;-166612;47149;26450;2
118362;-193475;48357;24771;1
104120;-186796;47467;25189;1
117592;-179640;48309;25636;8
100316;-185038;47229;25299;4
112356;-180770;47982;25565;1
111100;-174799;47903;25939;8
122772;-195138;48633;24667;1
120451;-177159;48488;25791;1
120162;-195660;48470;24635;2
117366;-171229;48295;26162;8
125016;-174563;48773;25953;8
107568;-193954;47683;24741;4
109369;-182709;47795;25444;4
109997;-173773;47834;26003;4
129744;-178907;49069;25682;4
128174;-172021;48970;26112;2
122685;-194788;48627;24689;4
119076;-165706;48402;26507;1
103975;-178913;47458;25681;8
110602;-174666;47872;25947;4
118486;-164515;48365;26581;2
126431;-185534;48861;25268;4
114645;-185989;48125;25239;1
101135;-167382;47280;26402;8
129935;-192035;49080;24861;2
124588;-192261;48746;24847;8
115888;-175233;48203;25911;4
119853;-168701;48450;26320;1
120539;-180906;48493;25557;1
109523;-196550;47805;24579;4
121875;-165837;48577;26499;1
130814;-169450;49135;26273;1
112892;-192474;48015;24834;4
99570;-169510;47183;26269;4
112169;-170758;47970;26191;4
126486;-190403;48865;24963;8
117117;-172388;48279;26089;1
111911;-189747;47954;25004;4
124520;-185209;48742;25288;4
109747;-179435;47819;25649;8
110440;-191060;47862;24922;1
99292;-169498;47165;26270;8
116496;-164575;48241;26578;2
103123;-195479;47405;24646;2
129498;-170252;49053;26223;2
99718;-196360;47192;24591;4
111297;-191837;47916;24874;8
120454;-164696;48488;26570;2
104223;-195239;47473;24661;2
129616;-189059;49061;25047;4
99778;-179645;47196;25636;1
120558;-183006;48494;25426;4
109758;-189612;47819;25013;1
107741;-184080;47693;25359;1
109129;-179770;47780;25628;2
104649;-173936;47500;25993;4
118623;-177065;48373;25797;1
114463;-192974;48113;24803;4
121205;-180087;48535;25608;4
127970;-179996;48958;25614;4
104609;-170912;47498;26182;2
118684;-165464;48377;26522;8
112305;-187455;47979;25148;1
126036;-173298;48837;26032;4
122049;-189304;48588;25032;8
127951;-184195;48956;25351;4
126034;-185790;48837;25252;2
103598;-187319;47434;25156;1
116179;-165073;48221;26546;8
103803;-175927;47447;25868;4
102360;-191678;47357;24884;8
110326;-194843;47855;24686;8
108111;-191656;47716;24885;1
99998;-195137;47209;24667;2
121088;-177767;48528;25753;1
130134;-177957;49093;25741;1
114050;-188166;48088;25103;1
113403;-176499;48047;25832;2
119523;-168488;48430;26333;1
118337;-185668;48356;25259;2
102027;-167040;47336;26424;1
103502;-193730;47428;24755;2
114655;-178428;48125;25712;1
121498;-195555;48553;24641;1
129289;-190001;49040;24988;4
114840;-172514;48137;26081;2
113266;-179796;48039;25626;8
102024;-177721;47336;25756;1
127872;-194279;48952;24721;1
99715;-188243;47192;25098;1
124086;-176338;48715;25842;8
130060;-175113;49088;25919;1
105711;-176255;47566;25848;8
98863;-184530;47138;25330;1
104348;-196029;47481;24612;8
130277;-182827;49102;25437;4
108458;-165621;47738;26512;8
110266;-181431;47851;25524;1
117163;-196005;48282;24613;8
103497;-166485;47428;26458;1
113967;-170187;48082;26227;4
124993;-193533;48772;24768;2
117699;-169269;48316;26284;4
125119;-174796;48779;25939;1
103261;-188952;47413;25054;4
105798;-164678;47572;26571;8
125099;-168384;48778;26340;4
109100;-187152;47778;25167;1
111346;-183945;47919;25367;8
107552;-170709;47682;26194;4
129942;-170018;49081;26237;8
116228;-177386;48224;25777;2
124127;-184956;48717;25304;2
104105;-188628;47466;25074;8
110768;-187651;47883;25135;4
110340;-173850;47856;25998;8
126410;-183886;48860;25371;4
124638;-185715;48749;25256;1
99233;-193114;47162;24794;4
104221;-176837;47473;25811;2
99208;-183286;47160;25408;8
107351;-189853;47669;24998;8
116870;-181589;48264;25514;4
99144;-183039;47156;25424;4
107752;-194728;47694;24693;1
127727;-170101;48942;26232;8
122714;-179517;48629;25644;4
127591;-172485;48934;26083;4
122990;-165324;48646;26531;2
116927;-168025;48267;26362;1
118005;-169308;48335;26282;1
105557;-189422;47557;25025;2
122656;-178118;48626;25731;1
118436;-192901;48362;24807;8
111517;-171128;47929;26168;1
124050;-170082;48713;26233;2
114054;-184819;48088;25312;2
121352;-185127;48544;25293;4
117875;-168832;48327;26312;4
108574;-170998;47745;26176;2
127619;-173879;48936;25996;1
114129;-168566;48093;26328;4
99784;-183220;47196;25412;1
120379;-177241;48483;25786;4
105021;-188845;47523;25061;2
98805;-167661;47135;26385;1
108238;-181162;47724;25541;8
126168;-192188;48845;24852;1
122614;-195527;48623;24643;8
130975;-168465;49145;26334;1
121144;-195355;48531;24654;8
112819;-165274;48011;26534;4
107247;-193973;47662;24740;8
121821;-192608;48573;24826;4
111471;-175893;47926;25870;4
113698;-180164;48066;25603;1
114955;-195636;48144;24636;8
105726;-164875;47567;26559;2
128171;-169328;48970;26281;8
103111;-171376;47404;26153;8
116431;-167732;48236;26380;1
105638;-174058;47562;25985;8
107786;-192083;47696;24858;4
107050;-164579;47650;26577;4
101646;-177719;47312;25756;2
121698;-176850;48566;25810;8
127414;-167683;48923;26383;2
103381;-181690;47421;25508;4
128529;-169308;48993;26282;8
127014;-193266;48898;24784;1
101896;-170572;47328;26203;8
98994;-182133;47147;25480;1
117737;-179759;48318;25629;2
108232;-186362;47724;25216;2
127117;-190969;48904;24928;8
104625;-190341;47499;24967;2
98405;-166480;47110;26459;8
117365;-185193;48295;25289;1
109802;-178621;47822;25700;2
104229;-175722;47474;25881;8
112250;-176770;47975;25815;4
130340;-174513;49106;25956;8
121493;-176277;48553;25846;4
101148;-185347;47281;25279;2
105012;-186526;47523;25206;1
131057;-171909;49151;26119;4
115817;-178613;48198;25700;1
113149;-176982;48031;25802;2
116082;-192048;48215;24861;1
103594;-193862;47434;24747;4
99996;-181087;47209;25546;1
113066;-194274;48026;24721;4
111881;-194985;47952;24677;2
98834;-182798;47137;25439;1
112412;-196568;47985;24578;8
105786;-178186;47571;25727;1
106158;-184707;47594;25319;8
105884;-182518;47577;25456;4
119206;-195983;48410;24615;1
111503;-193658;47928;24760;4
103998;-177055;47459;25798;8
107088;-188607;47653;25076;2
125668;-175765;48814;25878;8
127651;-193105;48938;24794;8
111351;-182711;47919;25444;8
106378;-188478;47608;25084;1
120754;-188125;48507;25106;8
120978;-186957;48521;25179;8
126121;-193740;48842;24755;8
112568;-181379;47995;25527;1
105599;-181131;47559;25543;4
110095;-176910;47840;25807;1
123204;-183263;48660;25410;8
100685;-172171;47252;26103;4
124886;-171733;48765;26130;1
109332;-185293;47793;25283;4
103681;-188577;47440;25077;1
128748;-167056;49006;26423;2
116688;-184748;48253;25317;4
123651;-195988;48688;24614;1
102170;-182720;47345;25444;4
104946;-193823;47519;24750;2
104347;-182814;47481;25438;8
100109;-182631;47216;25449;8
115257;-194957;48163;24679;2
112546;-187328;47994;25156;8
105954;-178452;47582;25710;1
118855;-167451;48388;26398;4
120733;-180726;48505;25568;1
118915;-181045;48392;25548;8
129420;-184181;49048;25352;4
110161;-191311;47845;24907;1
122347;-192894;48606;24808;8
116220;-175270;48223;25909;2
110023;-190312;47836;24969;1
128327;-179627;48980;25637;2
114020;-192483;48086;24833;2
102254;-164134;47350;26605;2
127827;-175676;48949;25884;8
106376;-191883;47608;24871;8
109257;-168404;47788;26338;2
112948;-179977;48019;25615;2
125329;-187479;48793;25146;8
102016;-174539;47336;25955;2
109881;-182862;47827;25435;2
104400;-177341;47485;25780;1
131000;-183769;49147;25378;4
125601;-173596;48810;26014;4
98648;-186860;47125;25185;1
105596;-188199;47559;25101;2
101722;-190086;47317;24983;8
102167;-173540;47345;26017;8
105002;-193122;47522;24793;8
126975;-180002;48895;25613;8
119190;-188765;48409;25066;4
109250;-184935;47788;25305;1
124348;-191140;48731;24917;1
98831;-177305;47136;25782;8
106969;-183819;47645;25375;4
106375;-181278;47608;25534;4
101843;-192430;47325;24837;4
110629;-189987;47874;24989;1
117881;-172054;48327;26110;1
129765;-164932;49070;26555;8
111430;-168842;47924;26311;2
121802;-173238;48572;26036;8
123162;-191011;48657;24925;1
119300;-176924;48416;25806;2
111005;-170081;47897;26233;2
102041;-195714;47337;24631;2
106611;-165893;47623;26495;2
106423;-170777;47611;26190;2
110815;-187759;47885;25129;4
110566;-170528;47870;26206;2
108384;-192740;47734;24817;1
106183;-181729;47596;25505;4
104521;-184228;47492;25349;8
122235;-189648;48599;25011;1
99954;-185461;47207;25272;8
114259;-178476;48101;25709;2
102321;-179392;47355;25652;4
127879;-176267;48952;25847;1
120587;-174119;48496;25981;2
119732;-178912;48443;25682;1
125245;-186131;48787;25230;1
129456;-191450;49051;24898;8
107278;-184081;47664;25358;2
118025;-186610;48336;25200;8
105376;-175292;47546;25908;1
98368;-186867;47108;25184;8
109166;-196511;47782;24582;8
127960;-179918;48957;25619;8
98617;-182938;47123;25430;4
127772;-172467;48945;26084;2
128438;-173870;48987;25997;2
129075;-164348;49027;26592;1
115548;-185195;48181;25289;8
113885;-167932;48077;26368;1
121468;-165176;48551;26540;4
101555;-178153;47307;25729;2
108153;-164111;47719;26607;4
128245;-190951;48975;24929;8
127630;-165726;48936;26506;4
129754;-172251;49069;26098;8
103487;-193807;47427;24751;8
109809;-166391;47823;26464;2
116244;-169208;48225;26288;8
116827;-171427;48261;26149;4
102514;-194197;47367;24726;8
109678;-193894;47814;24745;4
128374;-177716;48983;25756;4
124826;-176418;48761;25837;2
119844;-191558;48450;24891;4
110089;-179725;47840;25631;2
123190;-171778;48659;26127;4
130291;-164096;49103;26608;4
114079;-170121;48089;26231;4
105221;-178713;47536;25694;8
107812;-175127;47698;25918;8
103453;-179271;47425;25659;4
100863;-168751;47263;26317;4
111739;-174402;47943;25963;2
108602;-188052;47747;25110;2
109294;-192777;47790;24815;4
123935;-181595;48705;25514;8
125275;-181843;48789;25498;8
105763;-175181;47570;25915;1
116234;-175116;48224;25919;1
99286;-165948;47165;26492;8
122175;-194669;48595;24697;4
106279;-189942;47602;24992;4
115991;-169768;48209;26253;1
111629;-169411;47936;26275;1
126527;-196486;48867;24583;4
118324;-171200;48355;26164;2
124492;-168656;48740;26323;1
114532;-163999;48118;26614;1
107835;-176516;47699;25831;2
100742;-193494;47256;24770;1
114294;-179797;48103;25626;2
107712;-167731;47692;26380;2
111959;-193995;47957;24739;2
128099;-166969;48966;26428;2
121874;-186326;48577;25218;1
100495;-190558;47240;24954;2
100844;-191113;47262;24919;8
99165;-171887;47157;26121;4
111458;-194625;47926;24699;4
106652;-176736;47625;25818;4
122795;-194403;48634;24713;1
117431;-168915;48299;26306;2
116408;-174435;48235;25961;1
108396;-190333;47734;24968;8
115312;-192812;48167;24813;4
129081;-166290;49027;26470;2
103548;-178993;47431;25676;8
103636;-193342;47437;24780;1
114658;-194838;48126;24686;1
115849;-165153;48200;26541;1
105186;-176705;47534;25819;1
103824;-164311;47449;26594;4
107321;-164846;47667;26561;1
106862;-190794;47638;24939;2
99152;-172781;47157;26065;8
111974;-166637;47958;26449;8
103155;-178692;47407;25695;2
101536;-172835;47306;26061;2
109591;-185364;47809;25278;2
125135;-192152;48780;24854;2
104971;-189244;47520;25036;1
112869;-195525;48014;24643;8
102865;-194326;47389;24718;8
108380;-179789;47733;25627;8
110005;-181136;47835;25543;4
121541;-194843;48556;24686;4
125386;-168856;48796;26310;2
126901;-193137;48891;24792;2
99057;-167654;47151;26385;2
125500;-169950;48803;26242;1
118529;-178395;48368;25714;2
114109;-173902;48091;25995;2
124530;-165693;48743;26508;2
120959;-179926;48519;25618;2
101299;-194435;47291;24711;4
123475;-196317;48677;24594;4
123488;-195042;48678;24673;2
114689;-189987;48128;24989;1
130150;-180646;49094;25573;4
100375;-182585;47233;25452;2
125306;-190131;48791;24980;4
118257;-171753;48351;26129;8
104121;-186080;47467;25234;2
100422;-169768;47236;26253;1
119733;-187460;48443;25147;2
120622;-165751;48498;26504;4
127287;-191601;48915;24888;8
105313;-179030;47542;25674;8
99928;-189276;47205;25034;4
108610;-172059;47748;26110;4
100601;-194285;47247;24721;1
117497;-164625;48303;26574;8
112293;-168143;47978;26355;4
100211;-181400;47223;25526;2
102730;-187096;47380;25170;1
114823;-196586;48136;24577;8
121620;-167205;48561;26413;4
105209;-190421;47535;24962;4
104606;-189689;47497;25008;2
121204;-173381;48535;26027;4
121218;-170374;48536;26215;1
125622;-178715;48811;25694;8
120614;-173784;48498;26002;8
101911;-176215;47329;25850;4
102869;-166280;47389;26471;8
108053;-166012;47713;26488;8
116353;-175036;48232;25924;2
117096;-189136;48278;25043;1
100671;-195651;47251;24635;8
115438;-185530;48174;25268;4
115183;-178717;48158;25694;2
124083;-164295;48715;26595;2
109696;-177591;47816;25764;4
109307;-168657;47791;26322;2
103129;-188411;47405;25088;8
130872;-190336;49139;24968;1
103320;-173586;47417;26014;4
108877;-187108;47764;25169;4
98528;-168772;47118;26315;1
118879;-182472;48389;25459;2
104817;-194731;47511;24693;2
127591;-175858;48934;25872;1
124801;-164822;48760;26562;2
105768;-178648;47570;25698;2
123628;-190944;48686;24930;4
112189;-176419;47971;25837;2
128917;-194871;49017;24684;8
127663;-167103;48938;26420;1
99146;-185203;47156;25288;2
103929;-169374;47455;26278;2
116863;-191391;48263;24902;8
116697;-196555;48253;24579;1
126617;-195788;48873;24627;8
126410;-196504;48860;24582;8
110458;-195784;47863;24627;8
119948;-192248;48456;24848;4
130406;-171995;49110;26114;8
108567;-188301;47745;25095;2
102601;-172912;47372;26057;2
111875;-167084;47952;26421;2
116165;-165927;48220;26493;8
110697;-188337;47878;25092;1
130024;-176152;49086;25854;2
118772;-173032;48383;26049;4
120213;-178064;48473;25735;2
111924;-181583;47955;25515;4
126635;-184253;48874;25348;8
112339;-184043;47981;25361;2
130594;-165588;49122;26514;1
113702;-180698;48066;25570;8
131062;-174950;49151;25929;1
109840;-196549;47825;24579;4
127755;-192288;48944;24846;1
119231;-169691;48411;26258;1
129046;-173957;49025;25991;1
118109;-195444;48341;24648;8
117503;-174530;48303;25955;8
126670;-183237;48876;25411;1
124391;-183924;48734;25368;1
102247;-172697;47350;26070;8
115125;-191095;48155;24920;2
120886;-190152;48515;24979;4
101564;-193028;47307;24799;1
111957;-189172;47957;25040;8
128149;-191627;48969;24887;1
128399;-166052;48984;26485;1
127438;-175477;48924;25896;4
125711;-172646;48816;26073;2
112738;-184805;48006;25313;4
115505;-172520;48179;26081;1
119025;-189931;48399;24993;4
127375;-177206;48920;25788;8
119449;-186758;48425;25191;4
125708;-189775;48816;25003;4
109020;-180301;47773;25595;4
125751;-175381;48819;25902;8
102243;-186543;47350;25205;1
110444;-168081;47862;26358;2
121214;-189350;48535;25029;8
125772;-167288;48820;26408;2
118865;-178646;48389;25698;1
102658;-170820;47376;26187;8
104506;-178821;47491;25687;1
130621;-196154;49123;24604;2
113836;-186302;48074;25220;1
100863;-166916;47263;26431;4
108028;-182268;47711;25472;8
129859;-173388;49076;26027;8
121810;-169007;48573;26301;1
120549;-187883;48494;25121;4
109482;-191054;47802;24923;4
105842;-176082;47575;25858;1
115066;-194779;48151;24690;4
114545;-165552;48119;26517;8
115802;-163909;48197;26619;8
130005;-164488;49085;26583;4
128295;-191111;48978;24919;4
113441;-186036;48050;25236;2
128292;-171129;48978;26168;8
123123;-188337;48655;25092;4
115996;-168127;48209;26356;2
124992;-189208;48772;25038;2
126378;-171241;48858;26161;2
125671;-176436;48814;25836;8
122219;-171210;48598;26163;4
116969;-179400;48270;25651;2
127544;-183048;48931;25423;4
98921;-187947;47142;25117;1
122713;-184224;48629;25350;8
126981;-195026;48896;24674;1
104800;-187105;47510;25169;4
106582;-172432;47621;26087;2
108857;-177197;47763;25789;2
98451;-171633;47113;26136;4
113891;-183320;48078;25406;8
105362;-171307;47545;26157;8
119960;-188994;48457;25051;1
101485;-170946;47302;26179;1
125300;-163984;48791;26615;1
111623;-189606;47936;25013;2
111828;-172288;47949;26096;4
122152;-180881;48594;25558;8
121636;-183807;48562;25376;1
110539;-188868;47868;25059;8
122052;-194195;48588;24726;8
100751;-184973;47256;25303;1
126811;-194031;48885;24737;4
122102;-182507;48591;25457;2
109597;-172526;47809;26081;8
124320;-188836;48730;25061;4
98703;-175601;47128;25888;4
125475;-183549;48802;25392;8
122249;-186689;48600;25195;1
129376;-171522;49046;26143;2
106113;-177172;47592;25790;4
121027;-192503;48524;24832;1
99088;-172531;47153;26080;8
117933;-185916;48330;25244;8
126346;-171427;48856;26149;1
125842;-174941;48825;25930;8
116590;-166690;48246;26445;4
111705;-192968;47941;24803;4
118489;-164746;48365;26567;2
117180;-185677;48283;25259;1
122718;-186299;48629;25220;4
101983;-183767;47333;25378;2
99609;-171154;47185;26166;2
102225;-171372;47349;26153;2
99537;-179972;47181;25615;2
119167;-181164;48407;25541;8
128701;-165099;49003;26545;8
126787;-189636;48884;25011;2
102023;-186096;47336;25233;8
114403;-193469;48110;24772;1
109355;-164118;47794;26606;1
109992;-169533;47834;26268;8
106752;-174705;47632;25944;1
117866;-167780;48326;26377;2
114958;-174784;48144;25940;4
109340;-175611;47793;25888;4
112461;-168394;47988;26339;1
121374;-165881;48545;26496;1
110874;-175407;47889;25901;8
106362;-188344;47607;25092;4
130232;-193902;49099;24745;8
129026;-184699;49024;25320;8
121194;-171935;48534;26118;4
125983;-194804;48833;24688;1
98461;-196318;47113;24594;1
120809;-185787;48510;25252;2
130717;-168672;49129;26322;4
104283;-184106;47477;25357;2
101588;-188224;47309;25100;1
105727;-172027;47567;26112;8
112080;-167673;47965;26384;2
120078;-196295;48464;24595;1
125727;-177439;48817;25774;4
103751;-165083;47444;26546;2
127823;-187273;48948;25159;1
118579;-169803;48371;26251;1
114448;-188351;48113;25092;2
113513;-177094;48054;25795;4
117286;-191266;48290;24909;1
117990;-184310;48334;25344;4
103967;-185680;47457;25259;1
116409;-185102;48235;25295;1
107984;-187752;47709;25129;2
101254;-176107;47288;25857;4
112668;-173762;48001;26003;4
120495;-191196;48490;24914;2
126816;-169596;48886;26264;8
103338;-164064;47418;26610;8
105328;-165509;47543;26519;8
107676;-186911;47689;25182;1
130505;-166486;49116;26458;4
102387;-171465;47359;26147;2
109900;-187580;47828;25140;1
130053;-165879;49088;26496;1
122195;-182723;48597;25443;1
130453;-166744;49113;26442;2
104844;-172152;47512;26104;2
120382;-174413;48483;25963;2
112558;-174690;47994;25945;8
119439;-163920;48424;26619;2
107457;-192882;47676;24808;1
119596;-178476;48434;25709;1
123722;-175374;48692;25903;1
103492;-193382;47428;24777;4
124425;-187560;48736;25141;1
117993;-172167;48334;26103;8
109006;-165086;47772;26546;2
99860;-175440;47201;25899;4
122308;-169849;48604;26248;2
98745;-179096;47131;25670;8
102679;-187579;47377;25140;4
103448;-172966;47425;26053;1
114212;-167098;48098;26420;1
115795;-175410;48197;25900;1
107529;-168444;47680;26336;8
128289;-183762;48978;25378;1
112321;-181483;47980;25521;8
129453;-182059;49050;25485;1
114467;-196525;48114;24581;2
100885;-173269;47265;26034;8
105985;-189030;47584;25049;4
129534;-180403;49055;25588;2
130169;-192271;49095;24847;1
107268;-188856;47664;25060;2
105729;-177015;47568;25800;8
127947;-182817;48956;25437;4
121258;-173909;48538;25994;1
113874;-182929;48077;25430;8
111319;-183040;47917;25424;4
123282;-170475;48665;26209;8
117920;-169739;48330;26255;2
112809;-182966;48010;25428;2
114727;-189360;48130;25029;4
120576;-188603;48496;25076;2
98368;-192112;47108;24857;4
100704;-175666;47254;25884;8
106295;-179817;47603;25625;4
108586;-181077;47746;25546;4
101382;-184550;47296;25329;4
126669;-164317;48876;26594;4
125463;-170332;48801;26218;2
108013;-189019;47710;25050;8
127021;-175796;48898;25876;2
127779;-186219;48946;25225;4
99338;-173784;47168;26002;2
113953;-194667;48082;24697;1
104044;-187632;47462;25137;4
125072;-189889;48777;24995;4
118681;-172032;48377;26112;2
113716;-184818;48067;25312;2
118114;-176501;48342;25832;2
119834;-180486;48449;25583;2
128021;-177404;48961;25776;2
119551;-196028;48431;24612;2
115922;-174638;48205;25949;1
117719;-172531;48317;26080;2
128292;-190741;48978;24942;2
109905;-195714;47829;24631;2
111346;-193341;47919;24780;1
123126;-196325;48655;24593;8
107290;-166201;47665;26476;1
122699;-186246;48628;25223;1
102940;-181360;47393;25529;8
120654;-166763;48500;26441;8
101238;-179855;47287;25623;8
128747;-169217;49006;26287;2
98656;-191979;47126;24865;1
103196;-174378;47409;25965;1
115891;-170261;48203;26222;4
101529;-177130;47305;25793;4
118030;-179101;48336;25670;2
114671;-192495;48126;24833;2
124638;-185989;48749;25239;8
127232;-174606;48912;25951;8
108085;-188558;47715;25079;4
98390;-186144;47109;25230;8
109265;-171287;47789;26158;4
120332;-183833;48480;25374;8
105163;-195684;47532;24633;1
115249;-180666;48163;25572;4
125834;-167516;48824;26394;2
128604;-189983;48997;24990;2
103852;-178255;47450;25723;4
112345;-189274;47981;25034;4
116291;-172449;48228;26085;4
106533;-166132;47618;26480;8
99892;-193114;47203;24794;8
101780;-178928;47321;25681;8
129053;-193945;49025;24742;4
108603;-174113;47747;25981;8
123981;-168217;48708;26350;1
121337;-190730;48543;24943;4
112545;-166567;47994;26453;1
104064;-163850;47464;26623;1
100818;-185147;47261;25292;2
99046;-167817;47150;26375;2
130901;-170584;49141;26202;2
126959;-173756;48894;26004;4
121835;-180390;48574;25589;1
129677;-190870;49064;24934;2
106964;-194572;47645;24703;1
123632;-186084;48687;25233;2
125711;-172743;48816;26067;4
108681;-165573;47752;26515;2
106660;-178926;47626;25681;2
129549;-196006;49056;24613;2
101451;-164443;47300;26586;1
130024;-184312;49086;25344;1
125611;-196192;48810;24602;1
128555;-171828;48994;26124;2
122607;-185962;48622;25241;8
113097;-188526;48028;25081;4
108271;-170557;47726;26204;1
120433;-178385;48487;25714;8
111971;-173543;47958;26017;8
115967;-169548;48207;26267;2
100726;-169213;47255;26288;8
104126;-182021;47467;25487;2
117157;-196542;48282;24580;8
118953;-179304;48394;25657;2
123865;-177638;48701;25761;8
110842;-175652;47887;25885;8
130574;-169647;49120;26261;1
99087;-174252;47152;25973;4
126626;-192710;48874;24819;4
114484;-172373;48115;26090;8
129936;-167067;49081;26422;8
121864;-185904;48576;25245;8
124262;-165674;48726;26509;4
112391;-179043;47984;25673;2
112506;-175482;47991;25896;1
123330;-180050;48668;25610;4
127641;-180306;48937;25594;8
98446;-181137;47112;25542;1
104363;-195355;47482;24654;1
122358;-182428;48607;25462;1
98982;-182589;47146;25452;4
112093;-182826;47965;25437;4
127706;-164289;48941;26595;2
119525;-184450;48430;25335;1
103819;-189402;47448;25026;4
107127;-173003;47655;26051;1
118857;-186340;48388;25217;1
118900;-178353;48391;25716;2
111577;-194916;47933;24681;8
118447;-184628;48362;25324;4
125966;-187347;48832;25154;1
118256;-190897;48351;24932;1
109783;-182633;47821;25449;2
104143;-170961;47468;26178;8
123076;-195754;48652;24629;8
100618;-178565;47248;25703;2
104796;-190232;47509;24974;1
115927;-190071;48205;24984;1
115014;-195722;48148;24631;1
120339;-177673;48481;25759;1
124477;-166738;48739;26442;1
100998;-177740;47272;25755;4
105353;-183465;47544;25397;4
99867;-193916;47201;24744;4
130045;-177159;49087;25791;2
125809;-187031;48823;25174;2
105683;-174899;47565;25932;8
103289;-177960;47415;25741;8
117767;-183428;48320;25399;8
125409;-193456;48798;24773;8
101745;-171122;47319;26168;2
113310;-175191;48041;25914;2
127172;-169373;48908;26278;8
102270;-180944;47351;25555;2
121784;-187914;48571;25119;8
123666;-179146;48689;25667;4
110797;-169110;47884;26294;8
103047;-165263;47400;26535;2
104587;-166524;47496;26456;1
110518;-188380;47867;25090;1
106833;-164773;47637;26565;2
125996;-183154;48834;25416;8
120992;-187757;48522;25129;2
126439;-192152;48862;24854;4
105636;-170627;47562;26199;4
109071;-186284;47776;25221;2
98735;-183625;47130;25387;8
109952;-171025;47832;26174;8
100656;-180456;47251;25585;4
114443;-174442;48112;25961;1
120906;-193914;48516;24744;8
106472;-192123;47614;24856;1
98481;-164712;47115;26569;4
107506;-171727;47679;26131;4
114027;-189394;48086;25026;2
102089;-172652;47340;26073;4
114658;-185593;48126;25264;2
127504;-165495;48929;26520;1
106923;-173539;47642;26017;1
111541;-180254;47931;25598;2
104842;-169939;47512;26242;2
126435;-167485;48862;26396;1
119373;-173288;48420;26033;1
126389;-188985;48859;25052;8
108184;-171937;47721;26117;2
100825;-184355;47261;25341;8
102694;-181040;47378;25549;4
131020;-167780;49148;26377;1
99285;-186453;47165;25210;1
130622;-181585;49123;25514;1
124786;-188805;48759;25063;2
129414;-168783;49048;26315;8
100245;-174210;47225;25975;8
104107;-190080;47466;24984;1
127942;-174222;48956;25975;4
114462;-173589;48113;26014;8
104973;-173972;47520;25990;4
105438;-196516;47549;24581;4
102391;-175673;47359;25884;4
131045;-195251;49150;24660;4
124137;-175862;48718;25872;4
118488;-181327;48365;25531;1
109645;-191772;47812;24878;8
112100;-177174;47966;25790;2
114028;-194008;48086;24738;4
109429;-168640;47799;26324;8
103584;-192329;47434;24843;2
99978;-187353;47208;25154;8
121618;-182314;48561;25469;1
113076;-188176;48027;25103;2
102782;-166694;47383;26445;4
119152;-164810;48407;26563;1
110419;-194560;47861;24704;1
105106;-183594;47529;25389;4
124653;-193300;48750;24782;1
113678;-187284;48064;25158;1
105303;-166681;47541;26446;4
125515;-174637;48804;25949;2
104936;-166876;47518;26434;2
112635;-195707;47999;24632;2
105383;-194880;47546;24684;1
107661;-187265;47688;25159;4
100704;-179687;47254;25633;1
100678;-173276;47252;26034;8
104777;-189393;47508;25026;1
112996;-187667;48022;25134;4
116540;-169318;48243;26281;8
109553;-189200;47807;25039;4
124950;-181522;48769;25518;8
109102;-192707;47778;24819;4
103048;-174667;47400;25947;1
108148;-193044;47719;24798;2
103852;-174387;47450;25964;1
112278;-186659;47977;25197;8
120808;-175467;48510;25897;2
109623;-172072;47811;26109;1
116528;-195665;48243;24634;8
108756;-167933;47757;26368;8
98673;-174184;47127;25977;8
117297;-178282;48291;25721;1
112759;-195065;48007;24672;2
108668;-184502;47751;25332;4
103256;-171374;47413;26153;2
121143;-192923;48531;24806;4
127407;-190042;48922;24986;4
100957;-196134;47269;24605;2
123712;-177955;48692;25741;8
119259;-169337;48413;26280;4
125667;-178149;48814;25729;1
126007;-171402;48835;26151;1
100941;-174712;47268;25944;1
122089;-185328;48590;25281;1
115593;-193696;48184;24758;8
101146;-168888;47281;26308;1
117520;-174344;48305;25967;1
107986;-182844;47709;25436;1
104909;-176456;47516;25835;8
120045;-166266;48462;26472;4
123417;-179516;48673;25644;2
123405;-171807;48672;26126;4
118134;-179487;48343;25646;4
118670;-187982;48376;25115;8
120479;-190231;48489;24974;1
103940;-164123;47456;26606;4
128924;-174897;49017;25932;4
119771;-174386;48445;25964;8
112297;-174920;47978;25931;1
101702;-182491;47316;25458;4
112430;-173475;47986;26021;1
128973;-181108;49020;25544;2
125753;-174875;48819;25934;8
130409;-186247;49110;25223;8
113833;-165916;48074;26494;4
111143;-183655;47906;25385;1
117931;-167495;48330;26395;1
125145;-195902;48781;24620;4
102772;-186288;47383;25221;1
101032;-171614;47274;26138;2
131017;-170764;49148;26191;8
107888;-173678;47703;26009;4
115656;-178400;48188;25714;2
130464;-195477;49114;24646;2
111172;-194880;47908;24684;2
117301;-181595;48291;25514;4
127646;-187026;48937;25174;4
128768;-172847;49008;26061;4
109125;-181945;47780;25492;2
107654;-184192;47688;25352;1
112739;-196378;48006;24590;4
129541;-185464;49056;25272;2
100885;-190520;47265;24956;8
124556;-180814;48744;25563;2
125806;-188152;48822;25104;4
108049;-174855;47713;25935;8
114613;-182460;48123;25460;2
118104;-190489;48341;24958;4
121441;-182908;48550;25432;8
127101;-182958;48903;25429;8
102812;-195074;47385;24671;1
102943;-170437;47393;26211;1
101671;-187630;47314;25137;2
109897;-191761;47828;24878;4
108432;-176977;47737;25802;8
112191;-193862;47971;24747;2
107436;-172977;47674;26052;8
104297;-168235;47478;26349;8
98577;-188337;47121;25092;8
99339;-167903;47168;26370;8
122186;-172876;48596;26059;2
105266;-168253;47539;26348;8
101419;-164275;47298;26596;2
125706;-167708;48816;26382;8
121389;-174503;48546;25957;8
99516;-177542;47179;25767;4
108641;-192825;47750;24812;8
126644;-192809;48875;24813;8
110219;-187599;47848;25139;4
106119;-195143;47592;24667;1
119672;-196123;48439;24606;4
130371;-175230;49108;25912;4
118911;-171930;48391;26118;4
109932;-192311;47830;24844;4
109026;-164412;47774;26588;2
117537;-187904;48306;25120;1
125359;-187766;48794;25128;1
123717;-171377;48692;26152;2
115815;-191604;48198;24888;2
123233;-166653;48662;26448;8
116390;-191489;48234;24895;4
122033;-182621;48587;25450;2
125152;-189922;48782;24993;4
121811;-180076;48573;25609;4
121989;-180202;48584;25601;4
128402;-179917;48985;25619;2
126584;-184672;48871;25322;8
121254;-172381;48538;26090;1
99246;-176733;47162;25818;8
118336;-192895;48356;24808;8
110369;-166999;47858;26426;1
109059;-175230;47776;25912;2
108574;-194806;47745;24688;4
116376;-193067;48233;24797;1
119423;-187678;48423;25134;2
104863;-183812;47513;25375;4
122850;-189314;48638;25031;4
110215;-172692;47848;26070;1
111088;-182349;47903;25467;8
104019;-183723;47461;25381;8
123657;-167002;48688;26426;4
103372;-184593;47420;25326;1
126086;-186771;48840;25190;2
118643;-195917;48375;24619;2
102138;-178633;47343;25699;2
111796;-186398;47947;25214;2
130164;-169623;49095;26262;1
99388;-187055;47171;25173;1
128820;-195719;49011;24631;8
126254;-192275;48850;24846;8
104555;-195155;47494;24666;4
121472;-185988;48552;25239;8
100507;-170072;47241;26234;1
119334;-176688;48418;25821;8
121402;-177584;48547;25765;2
110056;-173547;47838;26017;2
110204;-189464;47847;25022;8
125838;-177834;48824;25749;1
121749;-169323;48569;26281;4
108800;-170267;47760;26222;2
128197;-175719;48972;25881;1
103250;-178095;47413;25733;2
109121;-194276;47780;24721;2
117811;-182087;48323;25483;8
115823;-189922;48198;24993;8
119752;-164190;48444;26602;2
124882;-170896;48765;26183;4
98452;-177713;47113;25756;8
98637;-168243;47124;26348;1
116320;-192791;48230;24814;2
100360;-194126;47232;24731;8
128257;-188194;48976;25101;8
110227;-181822;47849;25500;4
125065;-192196;48776;24851;2
109662;-171432;47813;26149;1
120847;-187821;48512;25125;4
130132;-178421;49093;25712;8
117798;-174773;48322;25940;4
128335;-185054;48980;25298;4
122927;-170186;48642;26227;4
106527;-167341;47617;26405;4
100416;-177847;47236;25748;2
99199;-183771;47159;25378;2
123606;-174195;48685;25976;2
130916;-192292;49142;24845;4
106517;-166383;47617;26465;4
107662;-168775;47688;26315;4
108981;-166520;47771;26456;4
104749;-166651;47506;26448;1
125173;-193462;48783;24772;4
130122;-176601;49092;25826;4
98466;-181327;47114;25531;8
122284;-181712;48602;25507;1
107576;-165432;47683;26524;2
110951;-172108;47894;26107;4
107996;-184293;47709;25345;2
103610;-190643;47435;24948;2
118892;-174982;48390;25927;2
125321;-175041;48792;25923;4
126606;-166116;48872;26481;1
124793;-172505;48759;26082;4
104094;-180911;47465;25557;1
129421;-172284;49048;26096;4
127642;-180959;48937;25554;2
107503;-184136;47678;25355;2
101057;-175178;47276;25915;2
114601;-169714;48122;26256;8
121000;-173952;48522;25992;4
125940;-179034;48831;25674;8
116107;-178823;48216;25687;4
124375;-168118;48733;26356;1
106326;-164996;47605;26551;1
129173;-179046;49033;25673;4
106052;-175533;47588;25893;8
124234;-193980;48724;24740;8
116092;-178876;48215;25684;1
111019;-178546;47898;25704;2
106577;-175829;47621;25874;8
116870;-170769;48264;26190;8
101066;-172025;47276;26112;1
101305;-181592;47291;25514;8
118659;-165396;48376;26526;4
125688;-169140;48815;26292;4
116571;-185675;48245;25259;4
124289;-178284;48728;25721;8
107228;-182574;47661;25453;1
99064;-173330;47151;26030;2
128188;-192196;48971;24851;8
110799;-169073;47884;26296;1
128118;-175267;48967;25909;4
108504;-169979;47741;26240;4
125238;-184916;48787;25306;2
114441;-170691;48112;26195;8
119328;-193370;48418;24778;4
125512;-192275;48804;24846;1
112576;-167236;47996;26411;8
98532;-171716;47118;26131;2
121459;-176562;48551;25828;1
129667;-171779;49064;26127;2
126827;-169018;48886;26300;1
118882;-196523;48390;24581;4
102397;-194824;47359;24687;1
122780;-190099;48633;24982;8
109885;-171172;47827;26165;4
105641;-172989;47562;26052;1
106081;-184333;47590;25343;4
124513;-166513;48742;26456;1
114393;-168379;48109;26340;8
108305;-170768;47729;26191;8
128361;-173364;48982;26028;8
116236;-168612;48224;26325;1
123995;-181909;48709;25494;8
118630;-165232;48374;26537;1
117545;-178669;48306;25697;2
128799;-194577;49009;24702;4
102136;-166849;47343;26435;2
101000;-193789;47272;24752;8
106956;-176539;47644;25830;4
126340;-164245;48856;26598;4
103092;-193915;47403;24744;4
106541;-180867;47618;25559;2
122490;-183734;48615;25380;4
113957;-178256;48082;25723;8
128506;-166222;48991;26475;4
115771;-182349;48195;25467;4
100071;-166820;47214;26437;2
110321;-180827;47855;25562;2
129998;-195296;49084;24658;2
121281;-186417;48540;25212;2
129111;-192201;49029;24851;8
120611;-186457;48498;25210;2
122923;-180558;48642;25579;2
128131;-184771;48968;25315;2
108754;-173686;47757;26008;8
119723;-180116;48442;25606;2
129731;-191576;49068;24890;4
99623;-180664;47186;25572;8
128519;-186361;48992;25216;2
120352;-187367;48482;25153;8
105948;-191840;47581;24874;8
100012;-189149;47210;25042;4
102843;-184085;47387;25358;8
128747;-181814;49006;25500;1
122785;-185927;48634;25243;8
114112;-172081;48092;26108;2
101718;-187783;47317;25127;1
121492;-190856;48553;24935;2
124363;-170693;48732;26195;2
122331;-193871;48605;24747;2
121231;-179171;48536;25665;8
122276;-171355;48602;26154;8
127086;-164365;48902;26591;4
108908;-185255;47766;25285;4
108866;-179604;47764;25638;4
103036;-195520;47399;24644;2
127966;-193009;48957;24800;2
119777;-183742;48446;25380;8
104879;-187837;47514;25124;8
116284;-186533;48227;25205;8
103351;-193665;47419;24759;8
113170;-193535;48033;24768;8
118166;-183949;48345;25367;1
115077;-172348;48152;26092;1
118366;-169898;48357;26245;4
104932;-194087;47518;24733;8
128347;-183728;48981;25381;1
126680;-195128;48877;24668;1
129345;-194576;49044;24703;1
110978;-173521;47896;26018;4
107242;-168933;47662;26305;8
112033;-194101;47962;24732;1
112197;-179563;47972;25641;8
129674;-195127;49064;24668;2
100228;-167646;47224;26386;8
99912;-167224;47204;26412;8
129860;-195704;49076;24632;1
109489;-179576;47803;25640;2
98579;-164408;47121;26588;8
129963;-182419;49082;25462;1
121140;-176568;48531;25828;1
123966;-186706;48707;25194;1
100093;-180516;47215;25581;2
125120;-171353;48780;26154;8
127231;-185659;48911;25260;4
112272;-196597;47977;24576;8
121386;-165018;48546;26550;1
119042;-182363;48400;25466;4
99889;-181095;47203;25545;4
98661;-168983;47126;26302;2
117373;-183721;48295;25381;1
126698;-185312;48878;25282;8
115179;-190020;48158;24987;8
113190;-169802;48034;26251;4
117878;-173483;48327;26021;1
110625;-179628;47874;25637;1
124968;-169504;48770;26270;2
130019;-169137;49086;26292;2
99789;-166699;47196;26445;1
111376;-167480;47921;26396;8
112314;-171323;47979;26156;8
108198;-195955;47722;24616;8
122355;-169930;48607;26243;4
126888;-195897;48890;24620;4
107499;-170131;47678;26230;1
120883;-193348;48515;24779;8
107001;-185580;47647;25265;2
99648;-194008;47188;24738;4
117690;-175227;48315;25912;8
100763;-177996;47257;25739;4
129103;-178285;49028;25721;8
113767;-179189;48070;25664;1
108837;-174137;47762;25980;8
105415;-180529;47548;25580;2
127637;-168860;48937;26310;8
120026;-195899;48461;24620;1
108179;-187359;47721;25154;2
118374;-177616;48358;25763;1
108709;-168820;47754;26312;1
114778;-193142;48133;24792;8
102502;-168072;47366;26359;1
111044;-169976;47900;26240;4
115262;-181328;48163;25531;8
105176;-174368;47533;25966;1
116550;-190888;48244;24933;8
100800;-170637;47260;26199;8
125462;-187407;48801;25151;2
100754;-178258;47257;25722;8
98920;-196314;47142;24594;1
112644;-172579;48000;26077;8
114949;-171714;48144;26131;1
118179;-178509;48346;25707;8
105195;-189742;47534;25005;2
115427;-190840;48174;24936;1
122682;-182646;48627;25448;1
114068;-188234;48089;25099;1
122633;-177856;48624;25748;1
101911;-177746;47329;25754;8
116577;-170054;48246;26235;1
105582;-169873;47558;26246;4
113846;-172858;48075;26060;2
112774;-190483;48008;24958;2
119312;-181931;48417;25493;8
120489;-171567;48490;26141;1
109729;-183584;47818;25390;2
108205;-190057;47722;24985;8
106705;-173570;47629;26015;4
105829;-192437;47574;24836;2
126992;-191292;48897;24908;1
107248;-165852;47663;26498;1
106162;-191714;47595;24881;2
102935;-182995;47393;25426;2
115400;-193426;48172;24774;2
113545;-169593;48056;26264;2
108887;-183727;47765;25381;8
114438;-194210;48112;24725;4
111850;-180894;47950;25558;2
126893;-180072;48890;25609;2
119078;-184668;48402;25322;2
120645;-195165;48500;24666;1
107953;-190420;47707;24962;2
105246;-182466;47537;25459;8
129391;-182441;49046;25461;8
109205;-176883;47785;25808;2
116104;-183018;48216;25425;2
124602;-172953;48747;26054;2
113406;-182220;48047;25475;1
112968;-188121;48020;25106;2
106871;-192055;47639;24860;1
120350;-183857;48481;25372;4
107560;-178726;47682;25693;4
121472;-167083;48552;26421;2
119688;-196022;48440;24612;2
103468;-190415;47426;24963;8
104859;-187285;47513;25158;8
116057;-188640;48213;25074;1
124751;-186466;48756;25209;2
105207;-193518;47535;24769;1
109440;-179701;47800;25632;2
128266;-165316;48976;26531;1
128957;-176203;49019;25851;2
111792;-174599;47947;25951;1
102983;-191094;47396;24920;1
105002;-181190;47522;25539;1
112725;-195807;48005;24626;1
101333;-170232;47293;26224;4
116543;-188916;48243;25056;8
98475;-180447;47114;25586;8
130860;-176026;49138;25862;4
114273;-169293;48102;26283;8
118168;-195696;48345;24633;8
116014;-170618;48210;26200;4
101466;-175682;47301;25883;8
119707;-184306;48441;25344;1
125649;-192828;48813;24812;8
115946;-190268;48206;24972;1
101718;-193525;47317;24768;4
127689;-193261;48940;24785;4
120724;-175358;48505;25904;4
105506;-193316;47554;24781;1
105722;-177105;47567;25794;2
109851;-185230;47825;25287;1
106222;-185522;47598;25268;1
106428;-168654;47611;26323;4
127618;-189084;48936;25046;2
111140;-178262;47906;25722;8
106168;-178919;47595;25681;4
113306;-190263;48041;24972;8
118775;-163855;48383;26623;8
128840;-171323;49012;26156;4
115732;-176466;48193;25834;1
115838;-171263;48199;26160;4
103142;-184844;47406;25311;4
101143;-195960;47281;24616;4
128984;-171096;49021;26170;8
128082;-175455;48965;25898;8
107886;-189586;47702;25014;4
118861;-188420;48388;25087;8
109325;-186782;47792;25190;8
114500;-169617;48116;26262;4
119163;-167080;48407;26421;8
114075;-167237;48089;26411;2
127322;-181739;48917;25505;1
126568;-189106;48870;25044;4
102780;-183561;47383;25391;4
100546;-164559;47244;26579;1
106787;-170997;47634;26176;8
111612;-178326;47935;25718;8
106572;-187429;47620;25149;4
105130;-192363;47530;24841;1
130147;-175062;49094;25922;4
109272;-196578;47789;24577;8
98954;-171561;47144;26141;4
102222;-194377;47348;24715;2
103855;-193679;47450;24759;2
108181;-184967;47721;25303;2
105832;-179933;47574;25618;2
120310;-188557;48479;25079;4
100075;-189821;47214;25000;2
107250;-186198;47663;25226;1
116745;-176189;48256;25852;4
113812;-193645;48073;24761;4
122626;-175773;48624;25878;8
108105;-169185;47716;26289;2
98943;-181988;47143;25489;2
98775;-174990;47133;25927;2
101823;-181253;47323;25535;8
104070;-166044;47464;26486;2
104359;-196431;47482;24587;8
108075;-175404;47714;25901;2
122136;-167079;48593;26421;1
129947;-170942;49081;26180;1
107328;-182658;47668;25447;4
100601;-179361;47247;25653;8
127498;-171430;48928;26149;8
128753;-167261;49007;26410;8
102656;-169516;47376;26269;8
120549;-169408;48494;26276;2
116842;-173373;48262;26028;1
128436;-182423;48987;25462;8
115917;-193657;48204;24760;2
101569;-169046;47308;26298;1
129498;-165883;49053;26496;4
118396;-189404;48359;25026;2
121482;-191443;48552;24898;8
129504;-175065;49054;25922;8
123842;-179600;48700;25639;4
108851;-183770;47763;25378;1
114373;-169276;48108;26284;2
105030;-194209;47524;24725;2
120732;-179288;48505;25658;1
112002;-189122;47960;25043;2
115753;-189950;48194;24992;8
109794;-196455;47822;24585;2
100370;-168034;47233;26361;4
122777;-183048;48633;25423;8
103635;-187615;47437;25138;4
109380;-184272;47796;25347;4
123063;-190998;48651;24926;1
118883;-192906;48390;24807;8
116370;-194020;48233;24737;4
118312;-191450;48354;24898;1
104842;-171160;47512;26166;1
105441;-195521;47550;24643;2
101835;-176790;47324;25814;4
123807;-183994;48697;25364;8
114606;-183106;48122;25419;8
127572;-178437;48933;25711;2
112805;-184134;48010;25355;1
110767;-166687;47882;26446;1
124293;-183125;48728;25418;2
128502;-182212;48991;25475;2
113593;-177383;48059;25777;4
126761;-172479;48882;26084;2
125536;-190758;48806;24941;2
121433;-188079;48549;25109;8
110119;-167047;47842;26423;1
110948;-191892;47894;24870;8
110851;-195141;47888;24667;2
107531;-193982;47680;24740;4
126562;-188634;48870;25074;1
118495;-170311;48365;26219;1
129366;-171669;49045;26134;2
102693;-165322;47378;26531;1
107947;-175439;47706;25899;4
110343;-166876;47856;26434;1
122804;-179091;48635;25670;1
120332;-188048;48480;25111;8
108581;-193806;47746;24751;1
116666;-176374;48251;25840;8
108883;-167677;47765;26384;4
112542;-172151;47993;26104;4
128382;-180225;48983;25599;4
124303;-178483;48728;25708;2
103409;-190907;47423;24932;8
101547;-180823;47306;25562;4
123696;-167208;48691;26413;2
98517;-173485;47117;26021;4
119910;-194977;48454;24677;4
104271;-168789;47476;26314;4
117242;-176374;48287;25840;2
107859;-169674;47701;26259;4
129037;-164415;49024;26588;4
119507;-183388;48429;25402;8
115609;-172332;48185;26093;2
110996;-183549;47897;25392;1
101455;-166259;47300;26472;8
130791;-183652;49134;25385;4
98696;-175451;47128;25898;8
118099;-174622;48341;25950;1
100831;-169652;47261;26260;4
111970;-190132;47958;24980;2
112803;-166617;48010;26450;1
101352;-186350;47294;25217;8
111619;-164474;47936;26584;1
124587;-179692;48746;25633;1
116000;-180751;48210;25567;1
120678;-180851;48502;25560;8
115038;-166128;48149;26481;1
98945;-178772;47144;25690;4
101974;-192980;47333;24802;8
119277;-166106;48414;26482;1
98935;-194251;47143;24723;1
98675;-164369;47127;26590;2
124477;-188907;48739;25057;1
107559;-183017;47682;25425;1
115677;-176949;48189;25804;4
114451;-170919;48113;26181;2
99902;-165455;47203;26523;1
115099;-174598;48153;25951;8
113959;-195946;48082;24617;4
114829;-178947;48136;25679;1
118131;-182612;48343;25450;4
101328;-164026;47293;26612;4
99625;-168591;47186;26327;2
122347;-176161;48606;25853;8
113868;-180385;48076;25589;8
111638;-180266;47937;25597;8
111851;-179863;47950;25622;2
125373;-179740;48795;25630;8
106268;-182255;47601;25473;2
100489;-181939;47240;25492;1
114792;-165353;48134;26529;1
104930;-183371;47518;25403;8
124651;-193242;48750;24786;8
129511;-166392;49054;26464;2
107531;-166259;47680;26472;4
110596;-177998;47872;25739;8
110045;-185321;47837;25281;2
103859;-194788;47451;24689;8
103125;-178532;47405;25705;4
123110;-190001;48654;24988;1
119177;-186422;48408;25212;2
106582;-187249;47621;25160;1
129215;-167922;49035;26368;2
116998;-190105;48272;24982;8
122096;-191787;48591;24877;2
106303;-177435;47603;25774;8
113262;-188963;48038;25053;8
99252;-195401;47163;24651;4
99148;-193822;47156;24750;2
124759;-182674;48757;25446;1
121707;-185999;48566;25239;4
113225;-186548;48036;25204;2
112228;-180573;47974;25578;8
103224;-165542;47411;26517;4
101205;-164702;47285;26570;4
121516;-193831;48554;24749;8
126632;-166162;48874;26478;8
115481;-190618;48177;24950;2
121940;-187950;48581;25117;8
103028;-187075;47399;25171;2
111585;-177310;47934;25782;2
120516;-181644;48492;25511;1
104052;-168606;47463;26326;2
116255;-191402;48225;24901;2
117002;-166556;48272;26454;2
118529;-169214;48368;26288;2
108715;-167700;47754;26382;4
128102;-192788;48966;24814;8
100987;-191819;47271;24875;8
100256;-181005;47226;25551;2
113806;-193901;48072;24745;1
122119;-171871;48592;26122;4
121295;-173108;48540;26044;2
105344;-187595;47544;25139;1
127757;-193791;48944;24752;4
115432;-182292;48174;25470;8
111810;-181310;47948;25532;4
102823;-167723;47386;26381;1
98543;-196552;47118;24579;1
115399;-174678;48172;25946;8
125493;-192422;48803;24837;4
113504;-173317;48054;26031;4
122861;-191690;48638;24883;4
122119;-192238;48592;24849;1
129039;-165231;49024;26537;8
112603;-179347;47997;25654;8
122704;-184101;48629;25357;8
129451;-176536;49050;25830;1
126367;-179332;48857;25655;2
124974;-169047;48770;26298;8
115326;-195825;48167;24624;1
111776;-174775;47946;25940;8
113832;-180153;48074;25604;4
114468;-166443;48114;26461;4
110763;-170721;47882;26193;8
105783;-185628;47571;25262;2
130973;-165002;49145;26551;2
98547;-172550;47119;26079;2
117515;-176924;48304;25806;1
104843;-186587;47512;25202;2
115298;-195931;48166;24618;8
127154;-180998;48907;25551;4
117505;-186229;48304;25224;2
113749;-178097;48069;25732;2
127939;-184336;48956;25343;8
100730;-189959;47255;24991;8
127977;-166249;48958;26473;2
122222;-173918;48598;25994;4
99773;-172368;47195;26091;2
108717;-194459;47754;24710;1
98411;-186020;47110;25237;1
102696;-179307;47378;25657;2
125236;-176911;48787;25807;4
109486;-191674;47802;24884;2
130656;-165660;49126;26510;2
128313;-188666;48979;25072;4
101284;-184497;47290;25332;8
105878;-191611;47577;24888;1
127458;-189341;48926;25030;2
102642;-164484;47375;26583;8
107109;-178704;47654;25695;1
102381;-188050;47358;25110;1
109867;-166143;47826;26480;4
128697;-174950;49003;25929;1
115808;-180657;48198;25572;8
129957;-179396;49082;25651;1
119455;-177843;48425;25748;2
115784;-179351;48196;25654;2
116599;-169291;48247;26283;4
109645;-180656;47812;25573;4
106125;-188025;47592;25112;1
115145;-187676;48156;25134;1
116815;-165091;48260;26545;2
120559;-178246;48494;25723;8
112893;-164156;48015;26604;1
99516;-179168;47179;25666;4
112700;-167602;48003;26388;1
126497;-194895;48866;24683;4
111621;-176458;47936;25835;2
118314;-163944;48354;26617;1
121730;-188387;48568;25089;8
120348;-194279;48481;24721;1
127556;-179870;48932;25622;4
107111;-191420;47654;24900;8
108751;-188072;47756;25109;1
121964;-191605;48582;24888;8
121370;-196190;48545;24602;4
129010;-176346;49023;25842;2
124747;-170889;48756;26183;2
118540;-193753;48368;24754;1
130743;-191650;49131;24885;1
102722;-165281;47380;26533;4
127512;-180663;48929;25572;4
99545;-191278;47181;24909;2
114392;-179996;48109;25614;2
114188;-180238;48096;25599;8
127825;-178757;48949;25691;1
122275;-183444;48602;25398;2
123877;-182695;48702;25445;4
103193;-194890;47409;24683;4
116226;-182360;48224;25466;4
110720;-196488;47880;24583;4
104948;-181061;47519;25547;2
112471;-194193;47989;24726;4
104916;-190017;47517;24987;2
115873;-183736;48202;25380;8
123649;-179253;48688;25660;2
122990;-188632;48646;25074;8
120044;-178402;48462;25713;1
98447;-185561;47112;25266;1
103853;-173089;47450;26045;2
101470;-185694;47301;25258;4
130326;-166279;49105;26471;2
108347;-180575;47731;25578;4
121285;-168991;48540;26302;8
104407;-187417;47485;25150;1
125101;-164345;48778;26592;4
110233;-181773;47849;25503;2
109526;-174767;47805;25941;4
99473;-193571;47177;24765;1
124453;-191762;48738;24878;4
123356;-173646;48669;26011;2
107572;-191000;47683;24926;1
112752;-186913;48007;25181;8
100198;-174887;47222;25933;4
114486;-192812;48115;24813;4
124601;-195317;48747;24656;2
110498;-194640;47866;24699;2
126830;-192192;48886;24852;4
128847;-168241;49012;26348;4
114216;-196486;48098;24583;1
106889;-175143;47640;25917;1
120493;-190351;48490;24967;4
98564;-189485;47120;25021;2
125338;-186314;48793;25219;8
124012;-174249;48710;25973;2
126950;-186472;48894;25209;2
110355;-173781;47857;26002;2
107406;-173293;47672;26033;8
130734;-178178;49130;25727;1
112133;-191919;47968;24869;2
111981;-169172;47958;26290;1
127288;-187035;48915;25174;1
112731;-184523;48005;25331;4
116139;-173450;48218;26023;4
106698;-186361;47628;25216;2
100031;-186938;47211;25180;2
109716;-181490;47817;25520;4
122265;-196052;48601;24610;1
113581;-187192;48058;25164;4
106598;-166917;47622;26431;2
111471;-196594;47926;24576;2
106843;-167820;47637;26375;2
131055;-172080;49150;26109;1
123982;-168140;48708;26355;1
98469;-174199;47114;25976;4
113841;-167840;48075;26374;8
100842;-169005;47262;26301;1
125359;-189028;48794;25049;8
122424;-175597;48611;25889;2
101783;-166694;47321;26445;1
100918;-166639;47267;26449;8
115773;-177140;48195;25792;8
127547;-167269;48931;26409;2
121162;-193983;48532;24740;1
109423;-190096;47798;24983;4
113336;-183433;48043;25399;2
120945;-194795;48519;24689;4
106592;-195773;47622;24628;1
98896;-175040;47141;25924;1
104576;-188775;47496;25065;2
127401;-174731;48922;25943;1
102624;-189879;47374;24996;2
122452;-189544;48613;25017;1
113295;-169804;48040;26251;1
126976;-196294;48896;24595;1
101981;-183215;47333;25413;4
106496;-165948;47616;26492;1
106773;-165835;47633;26499;4
114337;-164460;48106;26585;4
118861;-178280;48388;25721;1
116264;-190006;48226;24988;2
127078;-175531;48902;25893;4
110991;-183254;47896;25410;2
113180;-174021;48033;25987;4
120228;-175153;48474;25916;2
101980;-194129;47333;24730;8
117946;-176412;48331;25838;1
108342;-190128;47731;24981;2
130140;-167138;49093;26417;2
99391;-191405;47171;24901;8
107814;-194911;47698;24682;2
119766;-181857;48445;25497;2
113337;-180788;48043;25564;4
115267;-181516;48164;25519;2
113170;-188694;48033;25070;2
98682;-179257;47127;25660;4
103068;-183345;47401;25404;2
130941;-195893;49143;24620;4
121392;-187749;48547;25129;2
110723;-170010;47880;26238;4
119269;-169049;48414;26298;8
102753;-189057;47382;25047;8
100660;-179118;47251;25669;2
118696;-194935;48378;24680;1
122420;-179636;48611;25636;8
130957;-166519;49144;26456;4
102426;-171299;47361;26157;1
108799;-195032;47759;24674;8
114824;-183042;48136;25423;4
114012;-196506;48085;24582;2
111847;-167269;47950;26409;1
130408;-173143;49110;26042;8
106303;-180628;47603;25574;8
110840;-181435;47887;25524;4
108882;-166835;47765;26436;2
103584;-176023;47434;25862;4
124188;-170224;48721;26225;1
102901;-165868;47391;26497;1
119164;-189024;48407;25050;8
115507;-169500;48179;26270;1
117077;-172178;48277;26102;8
107905;-179905;47704;25619;1
110668;-195991;47876;24614;1
117943;-166264;48331;26472;4
100496;-181716;47241;25506;2
104105;-184587;47466;25327;8
115905;-168617;48204;26325;1
108303;-191343;47728;24905;1
122561;-194647;48620;24698;4
109668;-187576;47814;25140;2
100099;-172561;47216;26078;2
104586;-192180;47496;24852;8
110226;-176738;47849;25817;2
108230;-176217;47724;25850;2
109222;-168448;47786;26336;2
122364;-187046;48607;25173;8
127650;-178373;48938;25715;2
114571;-168142;48120;26355;2
123611;-164495;48685;26583;4
125916;-175292;48829;25908;4
116613;-164464;48248;26585;8
129644;-177017;49062;25800;4
115273;-187007;48164;25176;2
112202;-170688;47972;26196;2
98676;-188128;47127;25106;2
122224;-166320;48599;26469;2
129042;-164018;49025;26612;2
99388;-185173;47171;25290;8
114289;-168850;48103;26310;1
113342;-183401;48043;25401;4
113663;-193841;48063;24748;2
114960;-193695;48145;24758;2
123604;-190348;48685;24967;8
115488;-192897;48178;24807;8
110853;-166548;47888;26454;1
109439;-170429;47799;26212;1
101443;-182380;47300;25465;8
107601;-188137;47685;25105;8
128605;-194417;48997;24712;8
104310;-183926;47479;25368;8
107151;-174667;47656;25947;4
126547;-187444;48869;25148;4
130810;-181566;49135;25516;4
112669;-181019;48001;25550;4
106777;-195219;47633;24662;1
129694;-180653;49065;25573;1
107935;-182203;47705;25476;1
120466;-163964;48489;26616;4
102979;-190862;47396;24935;1
105408;-167221;47548;26412;1
113475;-171207;48052;26163;2
118404;-179099;48360;25670;2
103302;-169654;47416;26260;2
108533;-193137;47743;24792;8
99765;-172075;47195;26109;8
115459;-165974;48176;26490;1
122931;-191593;48643;24889;2
104986;-183510;47521;25394;1
110825;-164139;47886;26605;8
125018;-176705;48773;25819;2
105716;-163941;47567;26617;8
120133;-192777;48468;24815;4
103652;-168167;47438;26353;2
127871;-180166;48951;25603;2
127736;-189095;48943;25045;2
116297;-171781;48228;26127;8
114710;-169745;48129;26254;8
115058;-181772;48151;25503;4
129449;-187577;49050;25140;2
101794;-193023;47322;24800;4
125420;-178240;48798;25724;4
124953;-168357;48769;26341;1
111955;-174733;47957;25943;1
121311;-183560;48541;25391;8
106008;-183045;47585;25423;2
130029;-194584;49086;24702;8
117230;-183473;48286;25396;2
106889;-187957;47640;25116;2
99806;-164359;47197;26591;8
102885;-182032;47390;25487;8
122917;-183523;48642;25393;8
123082;-187777;48652;25127;1
130449;-165304;49113;26532;1
104333;-194285;47480;24721;1
102793;-193011;47384;24800;1
128538;-188885;48993;25058;4
100135;-164781;47218;26565;8
99634;-191856;47187;24873;1
109677;-174584;47814;25952;4
110559;-181726;47869;25506;2
126023;-178059;48836;25735;2
113287;-164341;48040;26592;8
125296;-184945;48791;25304;1
113874;-172384;48077;26090;4
123060;-194058;48651;24735;1
122535;-165056;48618;26548;4
109016;-188343;47773;25092;2
102820;-186834;47386;25186;2
126100;-168255;48841;26348;2
115754;-169704;48194;26257;8
124777;-184570;48758;25328;4
112798;-166057;48009;26485;2
109810;-188886;47823;25058;4
117189;-171034;48284;26174;2
115218;-190232;48161;24974;2
103288;-179661;47415;25635;8
115314;-165797;48167;26501;8
111651;-185780;47938;25252;4
108034;-195245;47712;24661;8
111923;-166931;47955;26430;4
123396;-184129;48672;25355;8
103885;-180638;47452;25574;4
111645;-181366;47937;25528;4
125209;-191040;48785;24924;8
103602;-176052;47435;25860;4
105304;-166420;47541;26462;2
112381;-187155;47983;25166;1
110082;-172399;47840;26089;2
102856;-175408;47388;25901;1
121838;-176420;48574;25837;2
101953;-191617;47332;24887;8
114948;-171598;48144;26139;2
124083;-170047;48715;26236;2
101748;-169178;47319;26290;8
106853;-188952;47638;25054;2
119366;-174641;48420;25948;4
130342;-176161;49106;25853;4
124997;-195633;48772;24636;8
122973;-175367;48645;25903;4
106563;-194859;47620;24685;2
128986;-165464;49021;26522;1
124099;-164283;48716;26596;8
121722;-174393;48567;25964;8
105463;-165347;47551;26529;2
104436;-171142;47487;26167;1
122135;-195674;48593;24634;1
101285;-196245;47290;24598;8
127140;-184927;48906;25306;2
106344;-188663;47606;25072;1
105468;-192796;47551;24814;1
129134;-167614;49030;26388;8
102304;-165931;47354;26493;4
108401;-183367;47735;25403;2
124472;-180196;48739;25601;8
112676;-172492;48002;26083;2
120934;-184693;48518;25320;8
119975;-174226;48458;25974;8
101339;-172049;47293;26110;4
98492;-176032;47115;25862;2
127853;-170656;48950;26198;8
125676;-180940;48814;25555;4
116908;-182086;48266;25483;2
103310;-184557;47416;25329;4
112353;-177934;47982;25743;2
122992;-167590;48647;26389;8
130303;-181151;49103;25542;1
107329;-180904;47668;25557;2
121829;-190297;48574;24970;2
113515;-183927;48054;25368;4
108762;-186624;47757;25200;1
102440;-170965;47362;26178;4
114088;-180553;48090;25579;4
114288;-172374;48103;26090;4
112700;-171786;48003;26127;1
105619;-178360;47561;25716;8
120101;-165369;48466;26528;8
115738;-166571;48193;26453;1
100310;-190427;47229;24962;8
124376;-178833;48733;25686;2
102970;-169685;47395;26258;2
105929;-165585;47580;26514;8
102969;-178072;47395;25734;1
121158;-184437;48532;25336;4
110478;-182664;47864;25447;2
123643;-168138;48687;26355;2
112322;-165481;47980;26521;4
105145;-180284;47531;25596;8
110642;-175197;47875;25914;4
117244;-193497;48287;24770;1
121187;-183089;48534;25420;2
128773;-195751;49008;24629;1
102226;-195196;47349;24664;8
124457;-182922;48738;25431;8
120103;-174475;48466;25959;8
119703;-171460;48441;26147;4
125075;-174317;48777;25969;2
124972;-188650;48770;25073;1
102206;-178596;47347;25701;1
122790;-169728;48634;26256;1
118329;-195756;48355;24629;4
112513;-173035;47992;26049;1
122311;-166446;48604;26461;1
106604;-184779;47622;25315;1
120492;-190106;48490;24982;1
118272;-164001;48352;26613;1
127140;-189336;48906;25030;4
116926;-186946;48267;25179;8
100221;-171545;47223;26142;8
105902;-183878;47578;25371;1
117603;-183698;48310;25382;1
123794;-194751;48697;24692;1
128907;-183694;49016;25383;4
117003;-172661;48272;26072;8
99003;-171134;47147;26168;1
125263;-166114;48788;26481;1
116161;-167872;48220;26372;2
100058;-189058;47213;25047;2
130397;-178649;49109;25698;1
120377;-175587;48483;25889;4
113963;-192560;48082;24829;8
128567;-195572;48995;24640;2
107614;-176068;47685;25859;2
112260;-194181;47976;24727;2
115564;-186101;48182;25232;4
120417;-193399;48486;24776;4
113214;-172949;48035;26054;2
100258;-185331;47226;25280;8
129715;-163866;49067;26622;2
117418;-183036;48298;25424;2
99955;-173167;47207;26041;2
126885;-189728;48890;25006;2
130523;-186839;49117;25186;2
126076;-167345;48839;26404;8
130171;-192417;49095;24837;1
100302;-190848;47228;24936;1
123766;-191503;48695;24895;4
108611;-189098;47748;25045;1
124789;-187566;48759;25141;1
110790;-182148;47884;25479;1
99401;-165626;47172;26512;4
103345;-177521;47419;25768;2
105502;-195470;47553;24647;8
113115;-164658;48029;26572;1
101029;-178218;47274;25725;2
117105;-195830;48279;24624;4
98553;-191008;47119;24926;8
109235;-165282;47787;26533;8
125796;-195666;48822;24634;4
109916;-176025;47829;25862;8
124416;-195920;48736;24619;4
101701;-189349;47316;25029;1
122293;-190945;48603;24929;2
129336;-170575;49043;26203;2
114716;-192975;48129;24803;2
130625;-184272;49124;25347;4
108246;-196342;47725;24592;8
121814;-181675;48573;25509;4
116709;-193028;48254;24799;4
104591;-192123;47496;24856;8
129037;-176806;49024;25813;8
126329;-184436;48855;25336;2
107564;-181787;47682;25502;4
102395;-190666;47359;24947;2
113235;-166215;48037;26475;4
99807;-180516;47197;25581;2
124569;-164356;48745;26591;8
115515;-188896;48179;25058;2
125566;-187476;48807;25146;8
111335;-174501;47918;25957;4
129228;-192310;49036;24844;8
129208;-167785;49035;26377;8
113625;-176772;48061;25815;1
124001;-167421;48710;26400;2
113091;-186249;48028;25223;4
120855;-186257;48513;25222;2
107906;-187283;47704;25158;8
125762;-171184;48820;26165;2
103306;-177599;47416;25764;8
130766;-187134;49132;25168;1
98639;-177933;47124;25743;8
121024;-184272;48524;25347;8
108349;-181170;47731;25540;2
130073;-166948;49089;26429;1
106833;-185574;47637;25265;1
108477;-177799;47739;25751;8
116379;-189878;48233;24996;1
115379;-192286;48171;24846;2
101277;-193928;47289;24743;1
102191;-178507;47346;25707;1
101892;-177293;47328;25783;1
106881;-184634;47640;25324;2
107348;-184848;47669;25311;4
125600;-181628;48810;25512;4
122161;-191185;48595;24914;8
98638;-189723;47124;25006;4
119272;-182783;48414;25440;2
126426;-172180;48861;26102;1
114453;-191878;48113;24871;1
106967;-187583;47645;25140;2
105585;-187925;47559;25118;2
119941;-177701;48456;25757;1
110519;-170497;47867;26207;4
130408;-174964;49110;25928;4
128926;-183405;49017;25401;8
100052;-172014;47213;26113;4
100575;-174707;47245;25944;4
111884;-187732;47952;25130;8
102460;-179963;47363;25616;2
111336;-186776;47918;25190;2
110769;-194181;47883;24727;4
116966;-189704;48270;25007;2
112750;-171368;48006;26153;4
110590;-167148;47871;26417;1
112633;-185334;47999;25280;2
130798;-186805;49134;25188;4
114974;-167160;48145;26416;8
102073;-195733;47339;24630;8
113991;-164856;48084;26560;8
116139;-164852;48218;26560;8
126296;-169975;48853;26240;8
100745;-177312;47256;25782;2
116316;-176895;48229;25808;1
124785;-190099;48759;24982;2
98782;-194494;47133;24708;2
129857;-167614;49076;26388;2
130716;-180528;49129;25581;1
118129;-193825;48343;24749;8
130681;-193675;49127;24759;1
104611;-169727;47498;26256;4
122981;-171961;48646;26116;1
124357;-175160;48732;25916;4
100662;-172868;47251;26059;1
114322;-170192;48105;26227;8
115572;-178919;48183;25681;2
130795;-177177;49134;25790;1
122172;-173531;48595;26018;4
110968;-184082;47895;25358;2
126246;-196359;48850;24591;4
119055;-166656;48400;26448;2
129099;-173534;49028;26018;4
130608;-190654;49123;24948;4
125916;-180076;48829;25609;8
112101;-165814;47966;26500;8
115468;-195826;48176;24624;1
112799;-192990;48009;24802;2
124416;-163965;48736;26616;1
109905;-191334;47829;24905;2
127298;-187082;48916;25171;8
123859;-174585;48701;25952;1
117445;-171998;48300;26114;4
111449;-195217;47925;24662;2
125121;-192234;48780;24849;4
117133;-192793;48280;24814;8
130931;-193898;49143;24745;4
116182;-191542;48221;24892;8
106320;-191621;47605;24887;8
110423;-170057;47861;26235;2
115665;-169421;48189;26275;8
127384;-187256;48921;25160;2
113493;-174806;48053;25938;4
101571;-195304;47308;24657;8
127902;-182371;48953;25465;2
113178;-175935;48033;25868;4
126428;-176978;48861;25802;8
123966;-170762;48707;26191;4
124351;-186120;48731;25231;1
102414;-177178;47360;25790;2
113315;-166913;48042;26431;8
130476;-189310;49114;25032;2
107750;-168803;47694;26313;1
126237;-195165;48849;24666;1
123062;-181508;48651;25519;8
111209;-188079;47910;25109;8
119853;-171057;48450;26172;1
108828;-175598;47761;25889;2
110378;-186542;47858;25205;8
101758;-188722;47319;25068;1
118205;-168290;48347;26345;1
101007;-180456;47272;25585;1
101238;-187360;47287;25154;8
123595;-192990;48684;24802;2
130488;-188712;49115;25069;8
115788;-184013;48196;25363;2
113728;-174737;48068;25942;1
128369;-182108;48983;25482;8
100471;-175900;47239;25870;8
102458;-192216;47363;24850;8
100958;-166692;47269;26445;8
127575;-164733;48933;26568;4
122256;-192911;48601;24807;1
126370;-184543;48858;25330;1
99339;-185098;47168;25295;2
108637;-194598;47749;24701;1
108705;-183629;47754;25387;2
130477;-195853;49114;24623;2
105363;-168056;47545;26360;4
106104;-171668;47591;26134;4
123407;-189945;48672;24992;8
117468;-170720;48301;26194;2
105249;-166354;47538;26466;2
108618;-194852;47748;24685;4
107876;-187793;47702;25126;2
128761;-191413;49007;24900;8
101193;-193154;47284;24791;1
128926;-174301;49017;25970;4
99325;-168272;47167;26347;2
118275;-165813;48352;26500;4
125405;-178542;48797;25705;2
103068;-193078;47401;24796;8
111314;-188879;47917;25059;4
117506;-179609;48304;25638;4
103004;-165180;47397;26540;2
104428;-194634;47486;24699;8
107651;-164038;47688;26611;2
124016;-179699;48711;25632;1
119186;-182715;48409;25444;8
129555;-188994;49057;25051;8
106016;-195775;47586;24628;4
125148;-193761;48781;24753;4
100985;-187846;47271;25123;4
122087;-166900;48590;26432;4
125426;-170813;48799;26188;4
112718;-184797;48004;25314;4
130115;-187774;49092;25128;1
107399;-164000;47672;26614;8
102206;-176402;47347;25838;8
123639;-188316;48687;25094;8
128924;-178170;49017;25728;1
130242;-185407;49100;25276;1
101863;-172015;47326;26113;8
117280;-183759;48290;25379;8
107902;-169100;47703;26295;8
126767;-169552;48882;26267;1
129097;-172834;49028;26061;8
109123;-178184;47780;25727;2
121545;-184517;48556;25331;4
98493;-196101;47115;24607;2
123239;-179950;48662;25617;1
118513;-165686;48367;26508;8
125848;-166207;48825;26476;4
108018;-169308;47711;26282;1
113093;-176202;48028;25851;8
110206;-178804;47847;25688;8
101912;-180527;47329;25581;2
104315;-189508;47479;25019;1
112146;-182407;47969;25463;4
122631;-186270;48624;25222;4
118864;-191498;48389;24895;8
100094;-186607;47215;25201;4
120988;-193900;48521;24745;8
101456;-186425;47301;25212;4
102028;-194194;47336;24726;2
119686;-172915;48440;26056;2
122227;-195539;48599;24642;4
104569;-191315;47495;24906;1
98454;-185742;47113;25255;4
118670;-181276;48376;25534;1
102746;-191737;47381;24880;2
124155;-171302;48719;26157;1
103502;-195941;47428;24617;8
115512;-182677;48179;25446;8
100880;-184060;47265;25360;1
124889;-186538;48765;25205;8
115472;-172912;48177;26057;4
101333;-190778;47293;24940;4
104960;-172980;47520;26052;8
124585;-176714;48746;25819;2
110128;-193671;47843;24759;2
123070;-181671;48651;25509;1
102347;-173767;47356;26003;8
110811;-171243;47885;26161;8
101775;-195010;47320;24675;8
118074;-196467;48339;24584;2
98978;-172557;47146;26079;1
126884;-173833;48890;25999;8
115111;-174099;48154;25982;4
107039;-166146;47649;26479;8
117663;-185800;48313;25251;8
102314;-191883;47354;24871;8
113039;-184063;48024;25360;8
124790;-176088;48759;25858;4
121461;-167604;48551;26388;4
102938;-184050;47393;25360;4
119977;-164639;48458;26574;4
127551;-181449;48931;25523;2
122103;-189970;48591;24990;1
123743;-165396;48693;26526;4
106593;-179582;47622;25640;4
103243;-175887;47412;25871;4
101908;-179648;47329;25636;8
102678;-168088;47377;26358;8
123639;-180432;48687;25587;4
103791;-183678;47446;25384;8
120041;-172857;48462;26060;8
114873;-179426;48139;25649;1
102346;-176718;47356;25819;1
117463;-175255;48301;25910;2
121127;-186000;48530;25239;1
113391;-194461;48046;24710;4
111836;-165337;47949;26530;8
126183;-194144;48846;24730;4
102996;-169261;47397;26285;8
119828;-176811;48449;25813;2
100352;-193950;47232;24742;4
123068;-187399;48651;25151;4
107684;-194896;47690;24683;2
116808;-178565;48260;25703;2
113006;-185358;48022;25279;4
112212;-173582;47973;26015;1
109441;-171821;47800;26125;8
104525;-189049;47492;25048;1
101481;-194090;47302;24733;4
112782;-180425;48008;25587;8
114799;-185272;48134;25284;8
107081;-172809;47652;26063;8
117451;-170739;48300;26192;2
116051;-196031;48213;24612;4
100562;-180439;47245;25586;8
106462;-176518;47613;25831;4
98463;-177509;47113;25769;1
107625;-192606;47686;24826;4
103917;-189297;47454;25032;1
108004;-168212;47710;26350;1
130791;-163878;49134;26621;2
118372;-175094;48358;25920;1
109993;-166397;47834;26464;4
130219;-188411;49098;25088;8
103262;-175933;47413;25868;1
114821;-176914;48136;25806;1
112361;-178999;47982;25676;8
107806;-175756;47697;25879;8
113614;-187421;48060;25150;1
109538;-191326;47806;24906;2
106364;-175340;47607;25905;4
104976;-189900;47521;24995;1
104849;-171212;47513;26163;4
111392;-181904;47922;25495;4
101085;-196258;47277;24597;1
101067;-175517;47276;25894;8
111263;-184281;47913;25346;8
102103;-179828;47341;25624;1
124125;-179533;48717;25643;2
105518;-186376;47554;25215;4
127912;-196169;48954;24603;1
130102;-166388;49091;26464;1
119418;-192317;48423;24844;4
106531;-170273;47618;26221;4
108676;-182546;47752;25454;2
118499;-176131;48366;25855;2
112842;-169115;48012;26294;4
102058;-191795;47338;24876;1
108472;-191743;47739;24880;2
130495;-165428;49115;26524;4
116718;-185399;48254;25276;4
100125;-174176;47217;25978;1
102740;-181079;47381;25546;2
99698;-180390;47191;25589;4
116898;-165899;48266;26495;1
121931;-170209;48580;26225;4
115527;-185131;48180;25293;1
105066;-170467;47526;26209;1
116845;-179445;48262;25648;2
100243;-177466;47225;25772;4
127956;-169242;48957;26286;2
119289;-176330;48415;25843;1
107933;-169545;47705;26267;4
110616;-163902;47873;26620;2
120744;-183305;48506;25407;4
112186;-166610;47971;26450;4
111062;-171326;47901;26156;2
118900;-168586;48391;26327;1
121783;-172158;48571;26104;1
101916;-165613;47329;26513;2
130181;-194146;49096;24729;8
131040;-179074;49150;25671;8
130118;-170859;49092;26185;4
100677;-189433;47252;25024;2
128394;-166072;48984;26484;8
117166;-165434;48282;26524;1
115119;-184443;48154;25336;8
121262;-166159;48538;26479;8
108833;-195557;47762;24641;8
104338;-192882;47481;24808;8
111201;-188577;47910;25077;8
103060;-184762;47401;25316;8
118731;-188967;48380;25053;4
99963;-170094;47207;26233;8
118362;-189363;48357;25028;8
114742;-188570;48131;25078;1
119945;-169672;48456;26259;4
101223;-187453;47286;25148;4
118251;-189837;48350;24999;2
101865;-172627;47326;26074;8
104757;-174448;47507;25961;2
119596;-179890;48434;25620;4
110795;-173797;47884;26001;2
117313;-182058;48292;25485;8
98402;-184549;47110;25329;2
130827;-176281;49136;25846;1
108472;-175922;47739;25868;4
105684;-175127;47565;25918;1
116281;-176714;48227;25819;4
113884;-174093;48077;25983;1
126448;-190994;48863;24926;2
104104;-191234;47466;24911;4
109226;-167176;47786;26415;1
110157;-176586;47844;25827;1
120082;-180747;48465;25567;2
120959;-171759;48519;26129;4
122508;-193634;48616;24761;2
117858;-169066;48326;26297;2
102963;-175015;47395;25925;1
104621;-176404;47498;25838;8
104603;-194229;47497;24724;4
105401;-194284;47547;24721;8
127332;-188681;48918;25071;4
114410;-176630;48110;25824;4
99597;-185373;47184;25278;8
98692;-176074;47128;25859;2
101109;-175635;47279;25886;4
119174;-170728;48408;26193;1
118980;-164971;48396;26553;8
112756;-165848;48007;26498;8
110245;-191220;47850;24912;4
123830;-176714;48699;25819;1
102030;-178746;47336;25692;8
124508;-188174;48741;25103;2
106957;-191736;47644;24880;1
117961;-187860;48332;25122;1
122720;-174272;48630;25972;8
114723;-164168;48130;26603;1
123295;-188072;48665;25109;1
129414;-177034;49048;25799;8
107639;-167751;47687;26379;8
120378;-182879;48483;25434;2
106429;-176013;47611;25863;4
118934;-174399;48393;25964;4
108972;-184796;47770;25314;2
123553;-188963;48682;25053;4
104255;-195390;47475;24652;1
110261;-165488;47851;26521;2
99906;-177748;47204;25754;1
118454;-177823;48363;25750;1
98989;-182026;47146;25487;4
103366;-176357;47420;25841;4
120701;-172288;48503;26096;4
109784;-195915;47821;24619;8
127109;-190031;48904;24987;4
128223;-173442;48973;26023;1
109366;-192898;47795;24807;8
119938;-191769;48456;24878;2
125928;-188465;48830;25084;2
124249;-184408;48725;25338;2
111776;-186152;47946;25229;1
127261;-183537;48913;25392;8
101095;-179902;47278;25620;1
106618;-195540;47623;24642;4
117737;-176493;48318;25833;1
106829;-165555;47636;26516;4
98921;-176167;47142;25853;4
98752;-164949;47132;26554;4
122266;-183837;48601;25374;1
112299;-167569;47978;26390;1
105212;-165808;47535;26501;2
121469;-181616;48551;25513;1
113003;-175942;48022;25867;1
127702;-191796;48941;24876;1
127031;-175474;48899;25896;1
121846;-165464;48575;26522;1
103904;-194623;47454;24700;2
128856;-172060;49013;26110;2
104443;-189390;47487;25027;4
107461;-183458;47676;25397;2
122409;-186500;48610;25207;4
126666;-183116;48876;25419;1
124460;-194203;48738;24726;8
123269;-167646;48664;26386;1
116641;-183320;48250;25406;8
108927;-168131;47767;26355;2
124497;-175553;48741;25891;1
108261;-193378;47726;24777;8
119525;-164144;48430;26605;8
107080;-192915;47652;24806;1
110018;-164054;47836;26610;4
113078;-172566;48027;26078;8
124838;-177016;48762;25800;1
115631;-178580;48186;25702;1
120895;-169894;48515;26245;2
117330;-183221;48293;25412;4
104523;-166187;47492;26477;8
110332;-191636;47855;24886;1
115928;-174508;48205;25957;8
111022;-185042;47898;25298;2
117239;-168060;48287;26360;8
102077;-195522;47339;24643;2
105339;-171989;47543;26114;1
123463;-195965;48676;24616;1
115716;-171855;48192;26123;2
113489;-173479;48053;26021;2
117659;-184229;48313;25349;1
127045;-169810;48900;26250;2
122448;-175612;48613;25888;2
113206;-193625;48035;24762;4
115464;-185941;48176;25242;1
100016;-187453;47211;25148;8
116327;-168942;48230;26305;2
112131;-192048;47968;24861;4
110819;-173653;47886;26010;8
110012;-172759;47835;26066;2
118122;-195365;48342;24653;4
114246;-167609;48100;26388;1
101617;-172739;47311;26067;8
126745;-187084;48881;25171;4
121860;-178988;48576;25677;4
127264;-180865;48914;25559;1
99788;-168743;47196;26317;1
99491;-177996;47178;25739;2
101078;-181547;47277;25517;4
107940;-188665;47706;25072;8
117639;-194420;48312;24712;8
117602;-196323;48310;24593;1
115887;-177729;48202;25755;2
99162;-190313;47157;24969;1
111930;-164124;47955;26606;2
98973;-166278;47145;26471;2
106719;-179336;47629;25655;4
123145;-173883;48656;25996;4
129591;-172879;49059;26059;8
122276;-168474;48602;26334;4
128999;-170404;49022;26213;1
115220;-181060;48161;25547;8
100541;-180770;47243;25565;1
125133;-172717;48780;26069;2
116359;-194051;48232;24735;4
116042;-164988;48212;26552;1
130636;-180337;49124;25592;8
106144;-168353;47594;26341;8
115879;-183443;48202;25398;1
98725;-194822;47130;24687;8
124904;-181679;48766;25509;4
101685;-172284;47315;26096;1
111066;-180880;47901;25559;4
117789;-190803;48321;24938;4
123908;-168628;48704;26324;4
127891;-182767;48953;25441;8
104670;-175499;47501;25895;8
105638;-186795;47562;25189;2
105471;-173292;47551;26033;1
100117;-186843;47217;25186;8
103162;-175029;47407;25924;8
106269;-172763;47601;26066;4
102622;-165278;47373;26534;8
127328;-171810;48918;26125;1
103276;-196019;47414;24612;8
101987;-177635;47334;25761;4
103875;-181628;47452;25512;4
115269;-173849;48164;25998;8
112303;-171273;47978;26159;2
121735;-171410;48568;26150;4
123917;-187996;48704;25114;2
120410;-179883;48485;25621;1
98590;-185375;47121;25278;2
110497;-194547;47866;24704;1
114556;-171205;48119;26163;8
114215;-170136;48098;26230;1
129366;-181783;49045;25502;1
122080;-186863;48590;25185;1
104050;-172756;47463;26066;1
116990;-187088;48271;25171;8
130051;-188566;49088;25078;8
122989;-176965;48646;25803;8
117211;-192045;48285;24861;4
106084;-187339;47590;25155;4
128397;-166531;48984;26455;4
111481;-191000;47927;24926;8
121719;-175053;48567;25923;1
100275;-170942;47227;26180;2
103001;-169024;47397;26300;2
105635;-165087;47562;26546;1
105987;-178114;47584;25731;8
117976;-190978;48333;24927;4
111577;-190802;47933;24938;8
113499;-168404;48053;26338;8
117972;-185567;48333;25266;2
100908;-173689;47266;26008;2
106654;-187721;47625;25131;2
107591;-177643;47684;25761;8
111602;-188714;47935;25069;8
113984;-194067;48084;24734;4
103236;-171740;47412;26130;8
102205;-183205;47347;25413;4
101101;-180652;47278;25573;8
107254;-193768;47663;24753;1
125099;-164219;48778;26600;1
99327;-167686;47167;26383;4
129087;-174595;49027;25951;4
126099;-172551;48841;26079;2
109722;-190332;47817;24968;1
119443;-165840;48425;26499;2
111726;-179314;47942;25656;2
128125;-179845;48967;25623;8
124400;-182860;48735;25435;1
124224;-176344;48724;25842;1
110764;-181466;47882;25522;1
128785;-179446;49009;25648;2
103623;-177222;47436;25787;2
99488;-193419;47178;24775;2
124758;-182024;48757;25487;2
100974;-187578;47270;25140;8
126219;-173030;48848;26049;1
106732;-169058;47630;26297;4
125718;-165228;48817;26537;1
104837;-174341;47512;25967;8
105619;-185665;47561;25259;1
114241;-194738;48100;24692;1
124531;-168935;48743;26305;1
105804;-190931;47572;24930;4
117637;-165671;48312;26509;4
105084;-166622;47527;26450;1
128719;-166138;49004;26480;2
107316;-168261;47667;26347;1
130694;-169947;49128;26242;2
123643;-192445;48687;24836;1
114227;-180667;48099;25572;1
127906;-185616;48954;25263;4
121414;-165294;48548;26533;1
126218;-176921;48848;25806;4
111712;-182457;47942;25460;8
116600;-182003;48247;25488;4
120314;-170670;48479;26197;8
126259;-176059;48851;25860;4
121897;-188571;48578;25078;1
129316;-182838;49042;25436;4
117787;-169295;48321;26283;1
126645;-188375;48875;25090;1
109638;-169673;47812;26259;8
122633;-193861;48624;24747;8
113782;-172739;48071;26067;2
103641;-180670;47437;25572;8
130211;-195838;49098;24624;8
98714;-169662;47129;26260;4
126832;-182168;48887;25478;1
98879;-186481;47139;25208;1
121103;-171791;48528;26127;2
98922;-187088;47142;25171;2
99538;-168172;47181;26353;8
106201;-196316;47597;24594;4
105053;-174325;47525;25968;2
115342;-174716;48168;25944;1
106742;-192605;47631;24826;4
104937;-176827;47518;25812;2
124439;-173604;48737;26013;1
129022;-188207;49023;25101;4
114154;-176345;48094;25842;1
109336;-182689;47793;25445;2
109569;-180532;47808;25580;4
121850;-191816;48575;24875;8
117488;-187697;48303;25132;4
111070;-181024;47901;25550;8
118701;-190695;48378;24945;8
113096;-174964;48028;25928;4
127164;-196117;48907;24606;1
120281;-189869;48477;24997;8
128002;-194593;48960;24701;4
118115;-190243;48342;24973;4
99153;-173705;47157;26007;2
123842;-181572;48700;25515;4
120388;-176277;48484;25846;4
120777;-189324;48508;25031;2
127028;-173552;48899;26017;2
129209;-174580;49035;25952;8
128816;-165323;49011;26531;8
127550;-173000;48931;26051;4
108797;-184780;47759;25315;1
100392;-191925;47234;24868;2
102988;-190323;47396;24968;8
111993;-179891;47959;25620;4
101152;-163870;47282;26622;2
116420;-191393;48236;24901;8
120542;-178295;48493;25720;4
103815;-183974;47448;25365;1
116405;-193145;48235;24792;1
108021;-166518;47711;26456;8
109178;-179017;47783;25675;8
102885;-164979;47390;26552;4
99064;-193164;47151;24791;2
124465;-166324;48739;26468;4
117645;-165466;48312;26522;4
121287;-180185;48540;25602;1
98466;-178013;47114;25738;2
111400;-177755;47922;25754;2
113363;-172907;48045;26057;4
127858;-189426;48951;25024;8
119935;-178097;48455;25732;2
100822;-193248;47261;24786;4
120182;-175486;48471;25896;2
104477;-169567;47489;26266;4
124778;-186192;48758;25227;8
124240;-190660;48725;24947;4
122551;-192750;48619;24817;4
127277;-176787;48914;25814;8
106840;-182595;47637;25451;1
123736;-186677;48693;25196;8
125044;-189418;48775;25025;8
128486;-165823;48990;26500;8
113236;-172046;48037;26111;1
99283;-186562;47165;25203;2
101550;-190534;47306;24955;2
126262;-188156;48851;25104;1
123940;-181304;48706;25532;2
104132;-166034;47468;26486;4
123139;-169651;48656;26260;4
116266;-180485;48226;25583;1
124900;-163866;48766;26622;2
121014;-180497;48523;25582;4
100043;-181378;47212;25527;4
107718;-183602;47692;25388;8
101073;-193926;47277;24743;8
106217;-196360;47598;24591;2
127101;-179042;48903;25673;8
121056;-168066;48526;26359;2
129779;-181169;49071;25540;8
98446;-167761;47112;26378;4
102113;-191701;47342;24882;2
99280;-188494;47165;25083;8
105732;-188881;47568;25058;4
119221;-194460;48411;24710;8
124583;-181228;48746;25537;8
106420;-168916;47611;26306;8
104494;-189295;47490;25033;2
128223;-192338;48973;24842;2
119238;-169488;48412;26271;4
125729;-175606;48818;25888;1
112366;-165154;47982;26541;8
125583;-168425;48808;26337;8
118615;-186916;48373;25181;1
101603;-184645;47310;25323;8
114281;-176619;48102;25825;8
114677;-192654;48127;24823;1
104839;-164448;47512;26586;8
102825;-178089;47386;25733;4
121581;-178789;48558;25689;1
110641;-172774;47875;26065;1
115376;-173159;48171;26041;2
116302;-194370;48228;24715;1
107108;-191613;47654;24888;2
119805;-178676;48447;25696;8
117305;-168531;48291;26330;4
121412;-167301;48548;26407;2
126644;-177441;48875;25773;4
127645;-165001;48937;26551;1
100156;-195034;47219;24674;2
111597;-194738;47934;24692;1
113850;-176693;48075;25820;4
99080;-187844;47152;25123;8
129456;-189206;49051;25038;2
123147;-192011;48656;24863;4
107257;-178882;47663;25683;2
113982;-191508;48083;24894;8
113921;-170383;48080;26215;8
103964;-188505;47457;25082;4
128815;-174658;49010;25947;1
102433;-189701;47362;25007;8
104052;-181835;47463;25499;2
107589;-183833;47684;25374;2
100046;-185176;47212;25290;8
110648;-190584;47875;24952;1
112921;-175205;48017;25913;8
109989;-164217;47834;26600;1
119971;-176816;48458;25813;4
116128;-169960;48218;26241;4
102045;-194814;47337;24688;4
99913;-177165;47204;25791;2
107064;-195776;47651;24628;1
99199;-175049;47159;25923;1
98737;-169572;47131;26265;4
103496;-171933;47428;26118;1
128316;-181789;48979;25502;1
124803;-187922;48760;25118;8
113542;-171956;48056;26116;2
128754;-194776;49007;24690;2
107914;-165235;47704;26536;8
113972;-175355;48083;25904;1
129615;-188678;49060;25071;8
111157;-180974;47907;25553;8
128693;-190134;49003;24980;4
113728;-184241;48068;25348;1
99176;-177740;47158;25755;4
122016;-184701;48586;25320;2
99764;-169855;47195;26248;2
107631;-163914;47686;26619;2
116924;-185493;48267;25270;2
115175;-176814;48158;25813;2
124609;-180922;48748;25556;4
115096;-177603;48153;25763;4
108108;-185213;47716;25288;8
120236;-195347;48474;24654;4
114575;-173703;48120;26007;1
127084;-196315;48902;24594;1
117532;-175012;48305;25925;4
102662;-195271;47376;24659;2
117761;-194118;48320;24731;8
128558;-181754;48994;25504;2
100367;-186390;47232;25214;2
107748;-164735;47694;26568;1
128682;-190100;49002;24982;1
107443;-194495;47675;24708;1
106459;-174141;47613;25980;2
107112;-193888;47654;24746;4
110596;-181299;47872;25532;8
125951;-187442;48831;25148;4
130359;-189204;49107;25038;8
101510;-192609;47304;24825;4
112224;-175168;47974;25916;4
125387;-175667;48796;25884;8
114858;-177991;48138;25739;1
98937;-167164;47143;26416;4
103222;-188205;47411;25101;8
105202;-184652;47535;25323;8
109797;-175237;47822;25911;8
99511;-194023;47179;24737;2
116232;-170345;48224;26217;4
109946;-187095;47831;25170;4
100745;-179031;47256;25674;8
99410;-184209;47173;25350;2
117208;-189055;48285;25048;8
108089;-185596;47715;25264;4
130592;-178597;49122;25701;4
105340;-165523;47543;26518;4
115610;-181393;48185;25526;2
128194;-180029;48972;25612;8
112060;-167106;47963;26419;1
113555;-194221;48057;24725;1
126794;-190724;48884;24943;4
129556;-187838;49057;25124;4
115546;-177531;48181;25768;2
124312;-181507;48729;25519;2
102957;-170886;47394;26183;8
122607;-171256;48622;26160;4
123930;-178650;48705;25698;1
121753;-179325;48569;25656;1
123711;-182094;48691;25483;2
119618;-186394;48436;25214;4
125655;-170578;48813;26202;4
112896;-182402;48016;25463;2
105468;-171248;47551;26161;4
125054;-166684;48775;26446;1
103687;-169599;47440;26264;4
111274;-176451;47914;25835;1
107194;-183554;47659;25391;2
123969;-179188;48708;25664;8
124733;-180351;48755;25592;1
127642;-177331;48937;25780;8
127483;-173818;48927;26000;1
120775;-177879;48508;25746;2
117781;-178042;48321;25736;8
113748;-182468;48069;25459;8
115944;-169977;48206;26240;1
124925;-169058;48767;26297;2
116667;-186442;48251;25211;4
117404;-187589;48297;25139;8
128302;-164891;48978;26558;1
126090;-169363;48840;26278;8
102440;-166516;47362;26456;1
115685;-164492;48190;26583;8
127528;-193150;48930;24792;1
99519;-185460;47179;25272;2
103243;-183613;47412;25388;2
111550;-166385;47931;26464;8
127008;-168392;48898;26339;4
105438;-192683;47549;24821;1
126088;-186405;48840;25213;2
115941;-189446;48206;25023;8
119248;-191726;48413;24881;4
126307;-166104;48854;26482;1
126747;-168397;48881;26339;2
127712;-165171;48942;26540;2
121175;-186232;48533;25224;4
117026;-195796;48274;24626;8
120382;-172900;48483;26057;2
107729;-194315;47693;24719;2
108960;-188774;47770;25065;8
111141;-169006;47906;26301;2
123950;-187234;48706;25161;2
99878;-177043;47202;25798;1
123293;-173928;48665;25993;2
101356;-188600;47294;25076;2
127147;-164887;48906;26558;2
100007;-172823;47210;26062;2
114646;-186202;48125;25226;4
109975;-174505;47833;25957;1
113809;-190237;48073;24974;8
103280;-191561;47415;24891;1
127844;-191727;48950;24881;2
109069;-174131;47776;25980;2
105781;-184857;47571;25310;8
120286;-164709;48477;26569;2
130895;-183128;49140;25418;8
126334;-173868;48855;25997;2
126185;-194780;48846;24690;2
126928;-176029;48893;25862;4
123560;-171852;48682;26123;1
130112;-172915;49092;26056;1
100740;-176299;47256;25845;8
113662;-184266;48063;25347;2
123734;-177678;48693;25759;8
123592;-181747;48684;25504;2
119593;-190046;48434;24986;4
123475;-167280;48677;26409;1
114472;-191064;48114;24922;2
129798;-170707;49072;26194;1
102554;-184313;47369;25344;4
98509;-166350;47116;26467;2
118469;-183460;48364;25397;4
100021;-186019;47211;25237;4
114580;-174481;48121;25958;2
101938;-186800;47331;25189;2
99517;-164206;47179;26601;4
110766;-168467;47882;26334;2
113350;-165588;48044;26514;1
121568;-189295;48558;25033;1
108755;-187079;47757;25171;4
130800;-189242;49135;25036;4
115073;-173408;48152;26026;8
127348;-181525;48919;25518;2
116786;-179064;48259;25672;1
115915;-167791;48204;26377;4
129335;-179109;49043;25669;1
127758;-180404;48944;25588;4
124845;-181778;48762;25502;8
105811;-171814;47573;26125;2
101763;-164232;47320;26599;8
106080;-167950;47590;26367;8
129271;-166393;49039;26464;1
115812;-195748;48198;24629;8
123337;-192567;48668;24828;4
119514;-182477;48429;25459;1
104338;-180404;47481;25588;8
123734;-164773;48693;26565;1
100035;-180822;47212;25562;8
116565;-185763;48245;25253;8
123498;-169858;48678;26247;2
111019;-180722;47898;25568;2
110637;-174302;47874;25970;4
107300;-178037;47666;25736;8
125736;-192620;48818;24825;1
128150;-185367;48969;25278;8
98781;-166498;47133;26457;4
122373;-187342;48608;25155;1
115128;-187625;48155;25137;1
115971;-175248;48208;25911;1
108964;-185354;47770;25279;4
99706;-164568;47191;26578;1
129100;-185683;49028;25258;2
106220;-166895;47598;26433;8
113535;-181367;48055;25528;2
124921;-192093;48767;24858;4
100217;-182060;47223;25485;2
106680;-166965;47627;26428;2
110803;-183422;47885;25400;4
126951;-194095;48894;24733;2
127621;-166630;48936;26449;2
119258;-189795;48413;25001;1
113034;-183656;48024;25385;2
115712;-166292;48192;26470;4
112264;-170708;47976;26194;2
100260;-177324;47226;25781;2
122749;-167037;48631;26424;1
116791;-169183;48259;26290;1
129747;-169097;49069;26295;2
100997;-179736;47272;25630;1
123261;-169354;48663;26279;8
126195;-164107;48847;26607;2
115683;-171088;48190;26171;1
126598;-178834;48872;25686;4
121894;-175542;48578;25892;4
100562;-193969;47245;24740;8
129691;-181555;49065;25516;8
121939;-171109;48581;26169;1
129924;-170720;49080;26194;8
118716;-188285;48379;25096;1
124225;-173977;48724;25990;8
130823;-185270;49136;25284;4
121313;-187884;48542;25121;2
130774;-182659;49133;25447;1
128460;-194842;48988;24686;8
121313;-196050;48542;24610;8
105813;-167270;47573;26409;4
101322;-193414;47292;24775;2
122624;-183305;48624;25407;1
121467;-179616;48551;25638;4
114907;-165218;48141;26537;1
110114;-191630;47842;24887;8
118426;-181905;48361;25494;1
111905;-189719;47954;25006;2
103581;-190434;47433;24961;1
126519;-187782;48867;25127;1
105334;-177213;47543;25788;1
104927;-192098;47517;24857;4
124502;-194737;48741;24692;2
105772;-177438;47570;25774;4
105306;-164452;47541;26585;1
129153;-185252;49032;25285;1
122111;-182350;48591;25467;4
108903;-195110;47766;24669;8
108707;-171127;47754;26168;2
110528;-171445;47868;26148;1
129832;-177299;49074;25782;2
112663;-175679;48001;25884;1
126302;-193142;48853;24792;4
114357;-194676;48107;24696;1
129418;-187283;49048;25158;4
111552;-177471;47932;25772;8
107301;-187589;47666;25139;8
126982;-189899;48896;24995;4
126986;-183971;48896;25365;8
106340;-168159;47606;26354;1
114143;-184411;48093;25338;2
117079;-189393;48277;25026;4
110155;-180560;47844;25579;2
121310;-174087;48541;25983;2
104330;-169721;47480;26256;2
104623;-185753;47498;25254;2
130844;-195400;49137;24651;2
103423;-170337;47423;26217;4
107603;-183338;47685;25405;2
117384;-195872;48296;24622;8
103031;-189647;47399;25011;1
125290;-189917;48790;24994;4
130477;-191258;49114;24910;4
116227;-184177;48224;25352;8
119456;-181562;48426;25516;1
116662;-183169;48251;25415;8
131001;-169701;49147;26257;4
106570;-183803;47620;25376;4
116780;-190839;48258;24936;8
125776;-164384;48821;26590;1
107416;-176123;47673;25856;2
115698;-194831;48191;24687;1
123046;-186441;48650;25211;4
108105;-184874;47716;25309;1
121545;-170519;48556;26206;8
107561;-193337;47682;24780;4
119520;-192827;48430;24812;1
109870;-174512;47826;25957;1
108554;-167937;47744;26367;1
109934;-185258;47830;25285;8
101426;-167279;47299;26409;2
110740;-191639;47881;24886;8
100605;-190841;47247;24936;8
101518;-174714;47304;25944;1
100848;-177406;47263;25776;1
121609;-172626;48560;26074;8
100042;-169298;47212;26282;2
115225;-183407;48161;25401;8
126011;-179005;48835;25676;1
114836;-181711;48137;25507;4
116963;-174576;48270;25953;4
110753;-163971;47882;26615;2
98532;-171720;47118;26131;2
107462;-172518;47676;26081;4
111427;-172815;47924;26063;2
117126;-178078;48280;25734;4
115038;-174653;48149;25948;1
98885;-173932;47140;25993;4
106051;-172034;47588;26111;1
117454;-170614;48300;26200;8
127840;-186206;48950;25226;8
119773;-177971;48445;25740;8
118785;-168988;48384;26302;4
115423;-176686;48173;25821;2
107307;-192985;47666;24802;2
105115;-177190;47529;25789;8
103669;-186022;47439;25237;2
104737;-192937;47506;24805;4
118504;-163993;48366;26614;8
129857;-191926;49076;24868;8
113724;-178886;48067;25683;4
130770;-186272;49133;25222;8
116366;-192207;48232;24851;4
121595;-178845;48559;25686;8
111468;-185883;47926;25246;1
128552;-171959;48994;26116;1
121023;-173917;48523;25994;4
103587;-191945;47434;24867;4
127605;-182075;48935;25484;1
104684;-168815;47502;26313;2
126600;-194893;48872;24683;1
130340;-179295;49106;25658;1
103023;-176412;47398;25838;2
112655;-165351;48000;26529;2
109238;-184418;47787;25337;4
113979;-170474;48083;26209;8
101809;-175524;47323;25893;8
103643;-169776;47437;26253;2
106839;-195925;47637;24618;2
112721;-194858;48005;24685;8
120173;-181651;48470;25510;2
118536;-176444;48368;25836;4
120231;-189417;48474;25025;4
122363;-168476;48607;26334;2
113927;-196427;48080;24587;8
109370;-174213;47795;25975;2
105406;-171218;47547;26162;2
101866;-174541;47326;25955;1
105818;-191675;47573;24884;8
114531;-186811;48118;25188;2
124133;-173353;48718;26029;1
110545;-169387;47869;26277;2
128888;-183614;49015;25388;2
102634;-166727;47374;26443;8
111873;-167836;47952;26374;2
127312;-170557;48917;26204;2
99879;-195896;47202;24620;4
110277;-180610;47852;25575;4
115165;-185094;48157;25295;8
116280;-193438;48227;24774;1
123972;-169261;48708;26285;2
113413;-181884;48048;25496;1
128464;-166500;48989;26457;8
125797;-196047;48822;24611;8
118068;-192695;48339;24820;8
118619;-165387;48373;26527;4
103358;-166006;47419;26488;2
115802;-170452;48197;26210;2
108064;-191617;47714;24887;8
119032;-189510;48399;25019;8
101684;-168490;47315;26333;8
102363;-175234;47357;25911;2
124211;-177396;48723;25776;2
130851;-174987;49138;25927;4
109294;-193410;47790;24775;2
103045;-187006;47400;25176;1
100919;-170011;47267;26238;4
107869;-169619;47701;26262;8
101936;-181936;47331;25493;8
100247;-193511;47225;24769;1
129660;-175940;49063;25867;2
128119;-182358;48967;25466;4
119924;-164587;48455;26577;8
119471;-175994;48426;25864;1
99754;-164324;47194;26593;1
109968;-187478;47833;25146;4
129469;-187184;49051;25165;4
104587;-182811;47496;25438;8
114885;-180269;48140;25597;8
117916;-179111;48329;25669;2
103884;-178872;47452;25684;1
128059;-170689;48963;26195;2
126711;-165971;48879;26490;4
100143;-187573;47218;25140;1
100415;-174377;47235;25965;1
127181;-195790;48908;24627;4
119208;-172907;48410;26057;2
115679;-182595;48189;25451;4
118211;-194903;48348;24682;4
106576;-180963;47621;25553;8
129709;-194214;49066;24725;8
109019;-175924;47773;25868;4
126608;-165390;48873;26527;1
102409;-191036;47360;24924;2
125314;-188291;48792;25095;2
117391;-182508;48296;25457;8
101178;-169759;47283;26254;4
117102;-168527;48278;26331;8
111882;-167735;47952;26380;2
125705;-176627;48816;25824;4
129652;-182594;49063;25451;2
128841;-191938;49012;24867;1
126616;-169688;48873;26258;8
101632;-185945;47312;25242;2
104193;-193312;47472;24782;8
127512;-192473;48929;24834;1
130220;-193593;49098;24764;1
129211;-188557;49035;25079;1
121554;-179336;48557;25655;4
117981;-191819;48333;24875;1
124004;-193224;48710;24787;8
122915;-169080;48642;26296;8
111143;-176350;47906;25842;8
114604;-171721;48122;26131;1
124007;-189965;48710;24991;8
124756;-186365;48757;25216;8
112680;-165351;48002;26529;2
122600;-188627;48622;25074;1
113577;-168017;48058;26362;2
120729;-173049;48505;26048;8
124532;-172840;48743;26061;1
108489;-193617;47740;24762;4
122032;-180366;48587;25591;8
122361;-185810;48607;25250;4
125464;-194221;48801;24725;8
124072;-180403;48714;25588;2
120220;-183366;48473;25403;4
103719;-189288;47442;25033;1
129762;-172351;49070;26092;4
129010;-186436;49023;25211;4
104304;-187463;47479;25147;8
119850;-166529;48450;26455;2
104186;-167946;47471;26367;4
101310;-164719;47291;26569;4
102195;-166920;47347;26431;1
107791;-191631;47696;24887;8
109115;-183315;47779;25406;8
106539;-194160;47618;24729;4
115491;-195202;48178;24663;2
111234;-166014;47912;26488;1
123588;-195172;48684;24665;8
115670;-177994;48189;25739;4
114559;-173663;48119;26010;8
128417;-166027;48986;26487;2
106062;-170514;47588;26206;1
101073;-171487;47277;26146;1
130171;-175700;49095;25882;2
131015;-193442;49148;24773;2
99045;-172400;47150;26089;8
120989;-184286;48521;25346;8
115353;-188099;48169;25107;1
109583;-164370;47808;26590;2
126563;-186633;48870;25199;1
124141;-166645;48718;26448;1
110589;-182116;47871;25481;8
103109;-185827;47404;25249;1
103569;-172968;47433;26053;1
114375;-193362;48108;24778;1
127095;-195689;48903;24633;2
115532;-185039;48180;25299;2
127941;-177655;48956;25760;8
101316;-180531;47292;25580;4
104271;-171511;47476;26144;1
100490;-174178;47240;25977;8
127989;-182430;48959;25462;2
99995;-192269;47209;24847;4
114134;-189619;48093;25012;2
99731;-173732;47193;26005;8
111505;-181201;47929;25538;1
122186;-174329;48596;25968;2
100395;-180840;47234;25561;2
130580;-176497;49121;25832;8
100906;-179818;47266;25625;2
109413;-196374;47798;24590;8
113386;-182241;48046;25473;4
101336;-169328;47293;26281;1
123171;-191134;48658;24918;1
125651;-187813;48813;25125;2
126266;-195896;48851;24620;1
115583;-184824;48183;25312;4
104612;-193273;47498;24784;4
128130;-180040;48968;25611;2
111246;-187704;47912;25132;1
98859;-180609;47138;25575;1
104691;-172391;47503;26089;2
99902;-194556;47203;24704;2
129842;-180036;49075;25611;2
126507;-179820;48866;25625;8
127227;-195375;48911;24653;4
119350;-192808;48419;24813;4
119348;-189154;48419;25041;8
129794;-179939;49072;25617;2
124793;-185832;48759;25249;1
119613;-174215;48435;25975;4
100110;-171222;47216;26162;4
120468;-190773;48489;24940;1
116683;-171533;48252;26143;8
101693;-179490;47315;25645;8
98732;-169046;47130;26298;8
106156;-181544;47594;25517;8
130206;-191986;49097;24864;2
126869;-173426;48889;26024;2
117806;-176313;48322;25844;2
110010;-169530;47835;26268;4
125487;-182085;48802;25483;1
116194;-178483;48222;25708;1
124835;-168172;48762;26353;1
130963;-177007;49145;25801;8
102341;-188157;47356;25104;2
124545;-182053;48744;25485;4
127947;-184137;48956;25355;1
126286;-174311;48852;25969;8
101706;-186624;47316;25200;4
105516;-183174;47554;25415;2
99954;-178952;47207;25679;4
118556;-187315;48369;25156;2
128340;-192823;48981;24812;8
130189;-175749;49096;25879;2
116984;-181333;48271;25530;1
128273;-180232;48977;25599;8
112549;-168368;47994;26341;2
127007;-193136;48897;24793;8
123506;-192247;48679;24848;1
104976;-188570;47521;25078;8
113286;-189511;48040;25019;2
127620;-194464;48936;24710;8
112408;-192850;47985;24810;8
110361;-171039;47857;26174;8
123984;-196410;48709;24588;4
128634;-169932;48999;26243;4
115236;-167773;48162;26378;2
104204;-175745;47472;25879;4
116901;-185439;48266;25274;2
108366;-183112;47732;25419;2
129702;-164882;49066;26558;4
103385;-171794;47421;26126;4
129089;-181706;49028;25507;8
123690;-186547;48690;25204;1
118218;-183254;48348;25410;8
126042;-179773;48837;25628;4
103732;-192349;47443;24842;4
98798;-170421;47134;26212;2
118401;-174350;48360;25967;8
122411;-191888;48610;24871;1
127548;-185644;48931;25261;8
108653;-169724;47750;26256;8
107303;-177483;47666;25771;8
108077;-187911;47714;25119;4
114813;-180798;48135;25564;2
116204;-190543;48222;24955;1
121414;-167702;48548;26382;8
110295;-187461;47853;25147;4
124473;-164982;48739;26552;8
114324;-179480;48105;25646;1
120771;-174553;48508;25954;8
123162;-176734;48657;25818;4
112797;-174046;48009;25986;1
124356;-189512;48732;25019;2
112745;-183462;48006;25397;1
116226;-187614;48224;25138;8
120111;-192586;48466;24827;1
103813;-186658;47448;25197;2
123554;-188789;48682;25064;2
127057;-196330;48901;24593;1
99082;-174851;47152;25935;2
102476;-187264;47364;25160;2
103648;-178828;47438;25687;1
121056;-168053;48526;26360;2
117402;-189723;48297;25006;4
112292;-169798;47978;26251;4
130167;-191177;49095;24915;2
98814;-167103;47135;26420;4
111389;-196132;47921;24605;1
104230;-185576;47474;25265;4
108506;-172407;47741;26088;8
122984;-196322;48646;24593;8
121147;-168754;48531;26316;1
113341;-176066;48043;25859;8
111540;-177822;47931;25750;8
128939;-176466;49018;25834;8
118808;-164936;48385;26555;1
124305;-180589;48729;25577;2
108977;-174965;47771;25928;2
101830;-177154;47324;25791;4
104675;-182080;47502;25484;8
101649;-168014;47313;26363;1
112647;-190249;48000;24973;2
119751;-167737;48444;26380;2
98764;-182025;47132;25487;8
102484;-173588;47365;26014;1
118788;-189648;48384;25011;1
120856;-175608;48513;25888;1
108343;-190202;47731;24976;4
98722;-189550;47130;25017;8
114457;-194282;48113;24721;2
114798;-173936;48134;25993;8
116416;-171680;48236;26134;1
102503;-176093;47366;25858;1
126402;-178817;48860;25687;2
120414;-170237;48485;26224;2
124372;-196041;48733;24611;4
100940;-173110;47268;26044;1
121518;-192971;48554;24803;4
118585;-178105;48371;25732;2
113534;-180590;48055;25577;1
130006;-186739;49085;25192;1
127625;-184135;48936;25355;1
118767;-184120;48382;25356;1
114746;-178866;48131;25684;8
119661;-195692;48438;24633;4
108133;-190976;47718;24928;4
107711;-176207;47691;25851;2
104065;-190841;47464;24936;4
100564;-174815;47245;25938;2
114599;-176918;48122;25806;2
105638;-193734;47562;24755;4
109655;-187638;47813;25136;1
116251;-177928;48225;25743;4
121303;-166046;48541;26486;8
118228;-180502;48349;25582;4
127156;-179911;48907;25619;4
121064;-172756;48526;26066;8
105357;-164735;47544;26568;8
103863;-184770;47451;25315;4
121011;-176649;48523;25823;4
121609;-181892;48560;25495;1
100790;-170212;47259;26225;8
131066;-170974;49151;26178;1
114370;-179848;48108;25623;8
127721;-166157;48942;26479;4
128664;-179757;49001;25629;2
128748;-179761;49006;25628;2
103304;-193523;47416;24768;8
118475;-178824;48364;25687;2
112952;-177114;48019;25794;2
98651;-167819;47125;26375;4
99177;-190352;47158;24967;2
128005;-180503;48960;25582;4
112256;-170388;47976;26214;2
108419;-167151;47736;26417;8
124466;-166944;48739;26430;2
107786;-176092;47696;25858;2
117493;-180383;48303;25590;4
125001;-167204;48772;26413;4
114609;-167300;48123;26407;4
121099;-177226;48528;25787;8
120766;-166521;48507;26456;8
127269;-189718;48914;25006;2
108784;-195383;47759;24652;8
130496;-180623;49116;25575;8
124654;-185467;48750;25272;2
118077;-196094;48339;24608;1
129474;-185514;49052;25269;4
119486;-168434;48427;26336;2
124608;-178180;48748;25727;1
111260;-189065;47913;25047;4
127684;-191379;48940;24902;1
101545;-171264;47306;26160;1
100747;-171204;47256;26163;2
126360;-167881;48857;26371;4
122765;-164194;48632;26601;8
123128;-193491;48655;24770;1
105680;-164450;47565;26585;8
105270;-174189;47539;25977;2
115162;-180329;48157;25593;2
100478;-171506;47239;26144;2
107929;-189174;47705;25040;1
104656;-180468;47501;25584;2
102065;-194207;47339;24726;8
127415;-191883;48923;24871;4
118506;-191274;48366;24909;8
127748;-182784;48944;25440;4
100606;-182430;47247;25462;4
107677;-181245;47689;25536;4
102830;-191144;47386;24917;1
103624;-165326;47436;26531;8
124740;-194542;48756;24705;8
129669;-175262;49064;25910;8
120561;-172339;48495;26092;1
123751;-167896;48694;26370;2
128711;-170251;49004;26223;2
105774;-189963;47570;24991;1
122759;-188225;48632;25099;8
127316;-185425;48917;25274;2
99170;-164834;47158;26561;2
127953;-169712;48957;26257;2
111104;-175176;47904;25915;2
105106;-174490;47529;25958;2
117676;-194172;48314;24728;2
101114;-181400;47279;25526;4
113191;-181883;48034;25496;2
99923;-180863;47205;25560;2
129426;-189668;49049;25009;2
116485;-181552;48240;25517;2
112841;-178237;48012;25724;8
99309;-183732;47166;25380;4
125974;-173262;48833;26035;8
104837;-196330;47512;24593;1
130529;-193335;49118;24780;2
103126;-174276;47405;25971;2
128164;-190186;48970;24977;8
106911;-183915;47641;25369;1
104766;-182542;47507;25455;2
108190;-172700;47721;26070;4
101411;-189672;47298;25009;2
120574;-195485;48495;24646;4
125848;-181023;48825;25550;8
108331;-190377;47730;24965;8
124769;-194903;48758;24682;1
112757;-170424;48007;26212;4
103150;-177432;47406;25774;2
100983;-167588;47271;26389;2
121535;-190589;48555;24952;2
109370;-165900;47795;26495;2
106190;-165930;47596;26493;2
110303;-165371;47853;26528;4
112432;-189760;47987;25004;2
120825;-185021;48511;25300;8
125396;-171201;48797;26163;1
117563;-177518;48307;25769;4
127537;-165580;48931;26515;1
102349;-183904;47356;25370;4
117840;-187862;48325;25122;8
103162;-186883;47407;25183;4
107693;-174245;47690;25973;2
108352;-175504;47732;25895;4
101776;-178655;47321;25698;1
114906;-195467;48141;24647;4
101443;-166586;47300;26452;8
125137;-181690;48781;25508;4
116137;-184542;48218;25330;8
100359;-185998;47232;25239;8
130498;-194685;49116;24696;4
115921;-187932;48205;25118;8
103742;-183264;47443;25410;4
121619;-189125;48561;25043;4
100536;-165671;47243;26509;8
121637;-191283;48562;24908;4
117658;-175791;48313;25877;1
110262;-188894;47851;25058;2
114869;-189366;48139;25028;2
122332;-165657;48605;26510;2
125530;-170108;48805;26232;8
130509;-193313;49116;24781;4
113834;-179005;48074;25676;1
111095;-190219;47903;24975;1
122938;-166080;48643;26484;2
112957;-185006;48019;25301;2
117818;-168500;48323;26332;8
102701;-191534;47378;24893;8
118649;-193368;48375;24778;1
119498;-175802;48428;25876;2
115180;-177422;48158;25775;8
119568;-179233;48433;25661;8
100248;-194251;47225;24723;2
117380;-183560;48296;25391;4
99485;-173003;47177;26051;8
121080;-189167;48527;25041;4
121264;-164367;48539;26591;2
107715;-180184;47692;25602;2
103866;-167392;47451;26402;2
124468;-181368;48739;25528;4
113638;-190823;48062;24937;1
114694;-179832;48128;25624;4
129651;-181168;49063;25541;2
120681;-185787;48502;25252;2
128506;-195666;48991;24634;2
126713;-174826;48879;25937;4
116272;-184293;48227;25345;1
110963;-166050;47895;26485;4
116890;-191858;48265;24872;2
100840;-173802;47262;26001;1
105322;-171417;47542;26150;8
113531;-174982;48055;25927;2
110102;-195404;47841;24651;2
121798;-184166;48572;25353;2
112205;-184900;47972;25307;1
115001;-193541;48147;24767;2
116217;-169844;48223;26248;8
106617;-176423;47623;25837;8
117291;-164559;48290;26579;1
99486;-167776;47177;26378;1
103008;-165226;47398;26537;2
127938;-191626;48956;24887;8
106656;-171196;47626;26164;8
114857;-164750;48138;26567;8
101639;-191707;47312;24882;2
100706;-187370;47254;25153;2
124529;-177632;48743;25762;2
111899;-188937;47953;25055;4
129262;-190201;49038;24976;8
114301;-176304;48103;25845;4
129212;-176426;49035;25837;1
125807;-184353;48822;25341;8
111067;-165792;47901;26502;8
113173;-170464;48033;26210;1
119476;-165013;48427;26550;2
99390;-169981;47171;26240;2
107492;-168607;47678;26326;1
101619;-168830;47311;26312;1
105523;-191967;47555;24866;2
114689;-180742;48128;25567;1
123057;-188376;48651;25090;1
129091;-187655;49028;25135;8
123163;-168045;48657;26361;2
121536;-189880;48556;24996;4
121725;-178012;48567;25738;8
103723;-187718;47442;25131;4
125833;-170102;48824;26232;8
101932;-183801;47330;25376;4
122969;-171312;48645;26157;2
107634;-194393;47687;24714;1
116108;-190153;48216;24979;2
120047;-189473;48462;25021;2
105133;-193706;47530;24757;2
126389;-182113;48859;25481;1
124047;-165269;48712;26534;2
109373;-186525;47795;25206;8
129736;-168269;49068;26347;8
105963;-170154;47582;26229;8
112400;-184965;47985;25303;4
110483;-181887;47865;25496;8
104217;-169949;47473;26242;1
120543;-168769;48493;26315;8
110347;-179934;47856;25618;1
129594;-180376;49059;25590;2
107253;-164524;47663;26581;2
109238;-194337;47787;24717;1
118495;-172420;48365;26087;1
124301;-185128;48728;25293;1
110530;-170232;47868;26224;2
104172;-184212;47470;25350;4
114036;-195829;48087;24624;2
103411;-170884;47423;26183;1
122180;-179811;48596;25625;8
98627;-187833;47124;25124;2
126925;-192957;48892;24804;4
122293;-167939;48603;26367;8
108477;-171912;47739;26119;2
130465;-181431;49114;25524;2
109412;-182340;47798;25467;2
110558;-189814;47869;25000;2
112168;-196066;47970;24609;8
113906;-192948;48079;24804;2
103662;-194950;47438;24679;4
121190;-195427;48534;24649;2
99538;-176928;47181;25806;8
125694;-174921;48815;25931;2
123859;-169993;48701;26239;2
130045;-179925;49087;25618;1
127178;-167064;48908;26422;8
108975;-196068;47770;24609;1
119450;-174141;48425;25980;8
122304;-178687;48604;25696;4
127943;-187837;48956;25124;8
127940;-188829;48956;25062;4
119157;-185280;48407;25284;1
120664;-186297;48501;25220;4
101822;-180266;47323;25597;4
126533;-194630;48868;24699;2
104781;-191654;47508;24885;1
103083;-186867;47402;25184;2
112325;-192759;47980;24816;2
128605;-183929;48997;25368;2
125833;-176126;48824;25856;4
122816;-185355;48636;25279;2
120880;-181385;48515;25527;1
110635;-181303;47874;25532;2
124385;-190324;48734;24968;1
101356;-174848;47294;25936;8
121869;-184803;48576;25313;4
106811;-164137;47635;26605;4
121374;-195662;48545;24635;2
129228;-182046;49036;25486;8
118303;-193553;48353;24766;8
120531;-190802;48493;24938;8
130849;-184586;49138;25327;4
107023;-177055;47648;25798;4
118272;-174618;48352;25950;1
103300;-190707;47416;24944;4
109749;-171160;47819;26166;8
122745;-188806;48631;25063;2
128612;-193184;48998;24790;4
104412;-169170;47485;26290;8
109805;-188973;47822;25053;2
125412;-195192;48798;24664;4
112418;-171799;47986;26126;2
122890;-176035;48640;25861;8
112250;-169268;47975;26284;1
98984;-167772;47146;26378;2
101815;-166196;47323;26476;8
127131;-180433;48905;25586;2
129308;-172131;49041;26105;4
129705;-177009;49066;25800;2
112517;-179220;47992;25662;8
119182;-187468;48408;25147;4
103358;-181686;47419;25508;1
112256;-168232;47976;26349;2
123378;-183930;48671;25368;1
107752;-183026;47694;25424;2
100110;-165666;47216;26509;4
101481;-188218;47302;25100;2
99063;-167165;47151;26416;4
122588;-189908;48621;24994;4
107605;-174852;47685;25935;2
126324;-167230;48855;26412;8
112963;-196469;48020;24584;1
116247;-170305;48225;26219;8
123516;-174086;48679;25983;1
100597;-169019;47247;26300;8
111033;-164882;47899;26558;2
115827;-181718;48199;25506;1
124664;-181805;48751;25501;4
126826;-176930;48886;25805;2
114940;-166427;48143;26462;8
108699;-174646;47753;25948;8
119573;-165086;48433;26546;8
127881;-194364;48952;24716;1
120744;-173709;48506;26007;8
112779;-192199;48008;24851;1
104914;-168540;47517;26330;8
101417;-183899;47298;25370;2
112193;-176766;47972;25816;2
100782;-168546;47258;26329;1
116189;-169719;48221;26256;8
101398;-188922;47297;25056;4
120844;-173843;48512;25998;1
107971;-180633;47708;25574;2
120042;-182426;48462;25462;4
99390;-168390;47171;26339;4
116934;-190970;48268;24928;4
129520;-194568;49055;24703;4
113234;-176180;48037;25852;1
117918;-185810;48329;25250;4
124574;-165883;48745;26496;1
116692;-180519;48253;25581;8
129804;-167237;49072;26411;8
120800;-194635;48510;24699;4
106061;-190080;47588;24984;8
126213;-168619;48848;26325;1
120060;-172765;48463;26066;2
118856;-172034;48388;26111;2
112719;-170417;48004;26212;2
126208;-183101;48848;25420;1
122430;-165773;48611;26503;4
121214;-185219;48535;25287;2
121777;-181968;48571;25491;1
102760;-168548;47382;26329;8
116166;-189946;48220;24992;1
122105;-165160;48591;26541;8
102643;-175259;47375;25910;1
130591;-168191;49121;26352;2
118032;-184385;48337;25339;4
116241;-165032;48225;26549;4
110220;-169824;47848;26250;1
118562;-170113;48370;26231;4
103499;-179430;47428;25649;4
108946;-188700;47769;25070;4
105692;-170101;47565;26232;2
116362;-188917;48232;25056;4
126542;-170441;48868;26211;4
115522;-190461;48180;24960;4
98516;-186932;47117;25180;1
130852;-170175;49138;26228;2
106732;-180550;47630;25579;1
103496;-190511;47428;24957;2
122889;-183773;48640;25378;4
115784;-171793;48196;26126;1
121034;-192521;48524;24831;1
129073;-175734;49027;25880;2
116245;-183033;48225;25424;8
104528;-167968;47493;26366;8
114050;-167833;48088;26374;8
118162;-171645;48345;26136;1
128627;-164272;48999;26597;1
102433;-185449;47362;25273;8
111960;-193455;47957;24773;8
99118;-179509;47154;25644;1
110590;-194301;47871;24720;4
111221;-195638;47911;24636;8
109768;-179989;47820;25614;8
99752;-174551;47194;25954;2
125828;-173135;48824;26043;1
109721;-166542;47817;26455;1
127284;-164085;48915;26608;2
119766;-175698;48445;25882;2
101997;-190444;47334;24961;1
121590;-189263;48559;25035;8
105471;-179847;47551;25623;4
125846;-187009;48825;25175;4
102641;-180716;47375;25569;8
115190;-186774;48159;25190;2
104285;-181994;47477;25489;2
126567;-178653;48870;25698;8
109907;-167557;47829;26391;2
117154;-166910;48282;26432;2
116310;-174167;48229;25978;4
116331;-173737;48230;26005;1
128866;-170923;49014;26181;2
130233;-174688;49099;25946;1
118694;-192768;48378;24816;2
119350;-172585;48419;26077;1
108784;-184707;47759;25319;2
102440;-178118;47362;25731;1
124432;-172282;48737;26096;2
106975;-187496;47645;25145;2
130479;-181211;49114;25538;8
125775;-187307;48820;25157;8
115349;-174372;48169;25965;2
109187;-178622;47784;25700;2
126812;-172953;48885;26054;2
123150;-185090;48656;25295;8
123770;-187246;48695;25161;2
127389;-196034;48921;24611;4
120194;-183025;48472;25424;4
120520;-176868;48492;25809;2
112954;-189862;48019;24997;1
103997;-179594;47459;25639;1
130130;-182787;49093;25439;1
100124;-168266;47217;26347;1
120363;-192641;48482;24823;2
110355;-168402;47857;26338;8
122567;-169175;48620;26290;8
109013;-170476;47773;26209;2
114844;-174860;48137;25935;1
110686;-166200;47877;26476;1
117419;-166993;48298;26426;4
104626;-187339;47499;25155;2
125231;-183827;48786;25374;1
118579;-177705;48371;25757;4
120129;-180635;48468;25574;8
100481;-175392;47240;25902;1
122987;-173615;48646;26013;4
104434;-171933;47487;26118;1
130330;-187451;49105;25148;8
122468;-183446;48614;25398;1
100089;-173170;47215;26040;1
130796;-189213;49134;25038;4
130551;-175860;49119;25872;8
115269;-165500;48164;26520;4
103718;-182381;47442;25465;1
99309;-171240;47166;26161;2
122353;-172968;48607;26053;1
116456;-176025;48238;25862;4
122430;-188588;48611;25077;8
122349;-173427;48606;26024;2
117892;-195264;48328;24660;2
116592;-164988;48247;26552;2
112061;-187354;47963;25154;1
128107;-191411;48966;24900;1
101410;-183647;47298;25386;2
106004;-174069;47585;25984;8
120142;-193361;48468;24778;8
127260;-165803;48913;26501;2
121449;-170398;48550;26214;4
115190;-165181;48159;26540;4
114039;-187013;48087;25175;4
118785;-164452;48384;26585;4
129447;-183257;49050;25410;8
102293;-173508;47353;26019;4
122172;-187406;48595;25151;4
114417;-165087;48111;26546;1
99563;-165722;47182;26506;4
123210;-176111;48660;25857;2
105124;-176277;47530;25846;1
110889;-164199;47890;26601;2
116253;-186430;48225;25212;2
117146;-183957;48281;25366;2
117521;-176935;48305;25805;8
129368;-173813;49045;26000;2
104488;-184750;47490;25317;2
118711;-192660;48379;24822;8
107364;-193906;47670;24744;8
120068;-182032;48464;25487;1
130609;-189078;49123;25046;2
120461;-186434;48488;25211;4
125178;-176806;48783;25813;4
115224;-188841;48161;25061;8
104534;-180374;47493;25590;4
108360;-179118;47732;25669;1
108928;-169333;47768;26280;4
98798;-192873;47134;24809;8
122657;-176809;48626;25813;1
98446;-170917;47112;26181;2
120299;-168393;48478;26339;2
128933;-185219;49018;25287;1
130154;-174645;49094;25948;2
103272;-166207;47414;26476;8
120593;-186846;48497;25186;1
121250;-184850;48538;25310;2
125837;-165894;48824;26495;8
115822;-184977;48198;25302;1
99929;-187920;47205;25119;2
102904;-185825;47391;25249;1
100260;-168743;47226;26317;2
105374;-178262;47545;25722;2
99767;-178638;47195;25699;8
122873;-166894;48639;26433;4
124213;-171591;48723;26139;2
99645;-166423;47187;26462;8
118004;-187897;48335;25120;2
124883;-175289;48765;25908;1
123283;-169630;48665;26262;2
121623;-177677;48561;25759;1
107063;-189392;47651;25027;1
101479;-192106;47302;24857;4
105855;-186757;47575;25191;1
119984;-184241;48459;25348;4
114302;-193056;48103;24798;2
114312;-177792;48104;25752;4
104125;-177322;47467;25781;1
108544;-185486;47744;25271;8
124679;-195572;48752;24640;4
98767;-173458;47132;26022;4
99549;-165264;47181;26535;8
114698;-165427;48128;26524;2
100408;-187024;47235;25175;8
116518;-177295;48242;25783;2
118264;-167822;48351;26375;4
124080;-178353;48715;25716;8
116772;-171942;48258;26117;2
99675;-164369;47189;26590;2
126795;-164163;48884;26603;1
107551;-171120;47681;26169;4
126063;-179790;48838;25627;4
107929;-173027;47705;26049;8
112869;-185363;48014;25278;4
123980;-173613;48708;26013;1
119538;-187575;48431;25140;1
98909;-192522;47141;24831;4
109237;-190006;47787;24988;2
104123;-169445;47467;26273;4
101671;-185465;47314;25272;4
118596;-173581;48372;26015;4
104570;-164649;47495;26573;4
127824;-179315;48949;25656;1
99676;-192068;47189;24859;4
120445;-175951;48487;25867;2
115168;-179098;48158;25670;2
128661;-193276;49001;24784;2
129289;-169618;49040;26262;2
129007;-174503;49022;25957;1
104515;-169522;47492;26268;8
111667;-190408;47939;24963;2
112444;-179838;47987;25624;4
116384;-164694;48234;26570;8
105739;-166349;47568;26467;8
110194;-167090;47847;26420;4
103136;-193706;47406;24757;8
124228;-186806;48724;25188;1
116179;-164351;48221;26592;8
104211;-189429;47473;25024;2
106957;-188770;47644;25065;8
121426;-187669;48549;25134;2
106397;-176965;47609;25803;4
109345;-189594;47794;25014;8
125035;-171185;48774;26164;8
121359;-187090;48544;25170;1
99254;-192302;47163;24845;4
115455;-176099;48175;25857;1
121008;-194828;48523;24687;2
127163;-193671;48907;24759;8
125043;-183727;48775;25381;2
126877;-180362;48889;25591;4
123234;-165627;48662;26512;2
121855;-165072;48575;26547;1
100774;-170358;47258;26216;4
118407;-178916;48360;25681;2
108740;-178449;47756;25710;8
110406;-189316;47860;25031;2
129168;-185683;49033;25258;1
103781;-173731;47446;26005;1
121783;-172773;48571;26065;1
122819;-169847;48636;26248;4
118259;-174627;48351;25949;2
107631;-190065;47686;24984;1
116973;-166664;48270;26447;1
126853;-169790;48888;26252;4
113268;-195399;48039;24651;2
123569;-193584;48683;24765;8
118444;-175864;48362;25872;2
125067;-188534;48776;25080;8
104034;-167105;47462;26419;4
125119;-176300;48779;25845;4
104808;-174949;47510;25929;8
102166;-186758;47345;25191;8
111156;-196072;47907;24609;2
127845;-186310;48950;25219;2
125496;-164113;48803;26606;4
123232;-190601;48662;24951;1
125150;-176057;48781;25860;4
106920;-196078;47642;24609;1
120419;-193036;48486;24799;4
129404;-181929;49047;25493;4
99620;-192922;47186;24806;1
113832;-191621;48074;24887;8
122035;-181133;48587;25543;8
124913;-165272;48767;26534;2
108252;-187750;47725;25129;8
118485;-164137;48365;26605;2
107245;-188247;47662;25098;2
127276;-180358;48914;25591;4
99770;-171736;47195;26130;1
128658;-168569;49001;26328;1
128247;-193847;48975;24748;8
125346;-171827;48794;26124;2
116778;-187610;48258;25138;2
129325;-177385;49042;25777;8
108916;-193155;47767;24791;4
98888;-185137;47140;25292;2
100057;-172314;47213;26094;4
111206;-189806;47910;25001;2
113477;-182963;48052;25428;4
120084;-166605;48465;26451;8
126127;-185432;48842;25274;4
105508;-176203;47554;25851;4
114531;-181178;48118;25540;4
108258;-166729;47726;26443;2
124885;-180474;48765;25584;2
104247;-188843;47475;25061;2
120748;-190595;48506;24951;8
113502;-173172;48053;26040;2
120382;-195165;48483;24666;1
104710;-189713;47504;25006;1
98735;-186395;47130;25214;2
129425;-192957;49049;24804;1
102606;-170697;47372;26195;4
125423;-187271;48798;25159;4
110791;-183800;47884;25376;8
101837;-176390;47324;25839;2
118380;-195718;48358;24631;2
109573;-196043;47808;24611;1
114734;-174973;48130;25928;2
123085;-179413;48652;25650;8
128270;-164180;48976;26602;1
108850;-191663;47763;24885;2
104969;-176546;47520;25829;4
110024;-173599;47836;26014;2
99927;-173779;47205;26002;2
104919;-173238;47517;26036;8
116288;-194543;48228;24705;1
123493;-182664;48678;25447;2
108504;-177064;47741;25797;4
106603;-188311;47622;25094;8
109794;-164090;47822;26608;1
116278;-175136;48227;25918;2
106613;-180238;47623;25599;8
99361;-193982;47170;24740;2
106263;-186366;47601;25216;4
117738;-171145;48318;26167;8
105867;-191245;47576;24911;8
125199;-192366;48784;24841;2
99460;-175509;47176;25894;1
122504;-167484;48616;26396;2
118530;-181074;48368;25546;1
98855;-180168;47138;25603;8
121979;-195935;48583;24618;2
102913;-196005;47392;24613;1
121373;-195956;48545;24616;4
121855;-190630;48575;24949;4
100367;-193229;47232;24787;8
117048;-185412;48275;25275;1
115639;-170229;48187;26224;8
115287;-164668;48165;26572;8
108308;-187027;47729;25174;2
112078;-179259;47964;25660;1
101236;-184119;47287;25356;8
129122;-185280;49030;25284;1
113513;-182257;48054;25472;2
129140;-192948;49031;24804;4
104383;-177237;47483;25786;1
104629;-183640;47499;25386;8
128891;-182919;49015;25431;8
107797;-184075;47697;25359;1
124112;-169393;48717;26276;8
114818;-186874;48136;25184;2
111364;-181068;47920;25547;1
124213;-183601;48723;25388;4
120091;-165471;48465;26522;2
128321;-174581;48980;25952;2
116635;-194119;48249;24731;8
124595;-183682;48747;25383;8
130753;-195404;49132;24651;8
98436;-164129;47112;26605;4
115549;-183174;48181;25415;8
101887;-189299;47327;25032;4
124154;-165792;48719;26502;2
117978;-190097;48333;24982;2
119822;-193902;48448;24745;1
129659;-177238;49063;25786;2
99556;-166888;47182;26433;4
122359;-176541;48607;25830;1
121091;-169305;48528;26282;4
107517;-192608;47679;24826;8
121011;-178021;48523;25737;2
99898;-183254;47203;25410;4
107958;-191155;47707;24916;4
106658;-164632;47626;26574;2
104871;-192406;47514;24838;4
127645;-178037;48937;25736;1
102986;-169074;47396;26296;2
116317;-186568;48229;25203;1
118088;-184366;48340;25341;1
130049;-181287;49088;25533;4
103315;-174813;47417;25938;1
115296;-164871;48166;26559;2
101843;-188512;47325;25082;4
102379;-169165;47358;26291;2
112671;-177929;48001;25743;8
109802;-165630;47822;26512;1
101316;-171113;47292;26169;4
105476;-171915;47552;26119;2
114074;-184586;48089;25327;4
127579;-195403;48933;24651;1
120942;-194124;48518;24731;1
105487;-166459;47552;26460;2
102305;-195740;47354;24630;2
121960;-166975;48582;26428;1
99031;-182592;47149;25452;2
105273;-182095;47539;25483;2
108837;-196580;47762;24577;2
127205;-167537;48910;26392;4
106851;-187384;47638;25152;2
115871;-175874;48201;25871;1
111181;-178355;47908;25716;2
127028;-172226;48899;26099;8
116848;-184322;48263;25343;1
105735;-179478;47568;25646;2
108555;-193628;47744;24762;2
118112;-192680;48342;24821;2
110563;-179327;47870;25656;4
99873;-184532;47202;25330;2
108300;-170922;47728;26181;2
110112;-166843;47842;26436;8
130107;-168282;49091;26346;1
101333;-176936;47293;25805;2
101327;-195328;47292;24656;8
107309;-181323;47666;25531;2
107382;-180836;47671;25561;1
115463;-170200;48176;26226;1
121446;-191481;48550;24896;2
129659;-169132;49063;26293;8
108111;-165991;47716;26489;1
112660;-189784;48001;25002;1
120368;-183793;48483;25376;1
101857;-175519;47326;25894;4
101691;-183774;47315;25378;2
120836;-172312;48512;26094;8
118915;-176981;48392;25802;2
121838;-188158;48574;25104;2
100208;-167521;47223;26393;4
107041;-170919;47650;26181;4
106748;-187912;47631;25119;8
116198;-181954;48222;25491;4
115911;-171945;48204;26117;2
116374;-179077;48233;25671;1
98315;-164790;47104;26564;8
102265;-194699;47351;24695;8
115362;-164460;48170;26585;1
105160;-190874;47532;24934;2
120639;-167648;48499;26386;4
123789;-163929;48696;26618;4
111239;-169018;47912;26300;2
111170;-174375;47908;25965;1
110777;-188709;47883;25069;1
112293;-193427;47978;24774;2
119316;-183227;48417;25412;1
107824;-184049;47699;25360;2
102897;-194975;47391;24678;4
101446;-196163;47300;24603;8
114636;-176630;48124;25824;8
100339;-190013;47231;24988;4
130410;-183759;49110;25379;1
125694;-171126;48815;26168;4
121702;-169751;48566;26254;2
113795;-186383;48072;25215;4
129712;-188358;49067;25091;4
117373;-175012;48295;25925;4
109225;-179166;47786;25666;1
113244;-195948;48037;24617;2
111865;-192177;47951;24852;2
129823;-178935;49073;25680;2
111112;-189318;47904;25031;4
118450;-179793;48363;25626;8
130937;-168821;49143;26312;8
99955;-169168;47207;26291;8
107134;-176310;47655;25844;8
100708;-166437;47254;26461;4
117236;-180228;48287;25599;4
116492;-186120;48240;25231;1
108577;-191652;47746;24885;8
124140;-184908;48718;25307;1
123410;-180155;48673;25604;2
99050;-168449;47150;26335;8
118720;-171436;48380;26149;1
118233;-176108;48349;25857;8
118120;-186666;48342;25197;1
105117;-174142;47529;25980;2
112947;-181196;48019;25539;4
102896;-174972;47391;25928;1
116414;-174115;48235;25981;4
124527;-192759;48742;24816;4
114751;-193017;48131;24800;4
114213;-184874;48098;25309;8
103650;-184480;47438;25334;1
99888;-176016;47203;25863;4
105333;-193590;47543;24764;1
120081;-176850;48465;25810;8
120208;-174935;48473;25930;8
112364;-169919;47982;26244;4
106291;-167946;47603;26367;8
103326;-181695;47417;25508;1
108709;-190833;47754;24936;8
102111;-195071;47341;24672;4
122778;-188617;48633;25075;1
110793;-171898;47884;26120;1
117295;-168370;48290;26340;8
115300;-167526;48166;26393;4
108203;-175911;47722;25869;4
123796;-166767;48697;26441;4
125608;-185360;48810;25279;4
106763;-176916;47632;25806;8
129140;-173310;49031;26032;8
113168;-190069;48033;24984;8
126490;-193792;48865;24752;1
113979;-194878;48083;24684;2
120357;-180127;48482;25606;8
123539;-188373;48681;25090;4
103370;-193924;47420;24743;4
129249;-196006;49038;24613;4
118456;-173388;48363;26027;4
124370;-192505;48733;24832;2
127394;-187351;48922;25154;1
123767;-184597;48695;25326;2
110719;-190977;47879;24927;8
107284;-168853;47665;26310;1
108631;-186483;47749;25208;2
112155;-164126;47969;26606;4
124606;-173555;48747;26016;2
118882;-171736;48390;26130;8
124971;-194382;48770;24715;4
108477;-168531;47739;26330;1
102780;-192723;47383;24818;4
111797;-175080;47947;25921;2
123352;-173149;48669;26042;1
100698;-178468;47253;25709;4
104727;-176644;47505;25823;8
109187;-186395;47784;25214;1
119937;-184025;48456;25362;8
126972;-176152;48895;25854;8
102787;-176868;47384;25809;4
119780;-180655;48446;25573;1
114634;-178195;48124;25726;4
121505;-187786;48554;25127;1
127063;-186136;48901;25230;8
122543;-180951;48618;25554;2
111152;-166575;47907;26453;4
101671;-185265;47314;25284;1
126055;-183069;48838;25422;8
105814;-193211;47573;24788;2
130443;-183621;49112;25387;8
127462;-174057;48926;25985;8
125243;-179450;48787;25648;1
122998;-190911;48647;24932;4
115000;-195088;48147;24671;1
98362;-185596;47107;25264;2
128610;-184682;48998;25321;2
127937;-196342;48956;24592;1
102362;-187323;47357;25156;2
101327;-185358;47292;25279;8
103509;-191315;47429;24906;1
126780;-180729;48883;25568;8
100770;-190240;47258;24974;1
113812;-189327;48073;25031;2
120939;-167722;48518;26381;2
129495;-186504;49053;25207;4
100484;-183171;47240;25415;1
122348;-194647;48606;24698;4
127669;-172547;48939;26079;2
124093;-187473;48715;25146;1
103599;-182073;47434;25484;8
126073;-167122;48839;26418;2
103345;-168004;47419;26363;8
109907;-164920;47829;26556;8
119624;-189976;48436;24990;8
122663;-178860;48626;25685;1
121149;-164804;48531;26563;2
126701;-176074;48878;25859;8
113076;-187171;48027;25165;4
117236;-173644;48287;26011;8
109043;-186554;47775;25204;4
119707;-173222;48441;26037;2
109278;-188293;47789;25095;4
111149;-194168;47906;24728;8
110748;-193857;47881;24747;8
119888;-196107;48453;24607;1
103660;-188230;47438;25099;4
123829;-174025;48699;25987;4
114378;-175466;48108;25897;8
99183;-192770;47158;24815;8
125374;-180444;48795;25586;8
119044;-172040;48400;26111;8
100911;-196019;47266;24612;2
104656;-183374;47501;25403;1
118447;-164066;48362;26609;4
107151;-175166;47656;25916;2
103515;-183641;47429;25386;1
109150;-173442;47781;26023;1
128558;-194165;48994;24728;8
102932;-168220;47393;26350;2
113709;-174265;48066;25972;2
100490;-183482;47240;25396;8
115182;-190972;48158;24928;4
104862;-173159;47513;26041;2
125899;-176029;48828;25862;8
129086;-176529;49027;25830;2
130441;-181500;49112;25520;4
118880;-193162;48390;24791;2
100825;-189441;47261;25023;8
120142;-187987;48468;25114;4
119023;-186986;48398;25177;8
104544;-180636;47494;25574;4
102549;-186596;47369;25201;1
105939;-165301;47581;26532;2
130780;-192808;49133;24813;4
125359;-173647;48794;26011;1
116416;-169449;48236;26273;2
103091;-195312;47403;24657;8
118666;-192819;48376;24812;8
105244;-181086;47537;25546;4
109455;-172577;47800;26077;8
116522;-190565;48242;24953;1
117072;-194218;48277;24725;2
124622;-191840;48748;24874;1
124448;-177456;48738;25773;2
127972;-165073;48958;26546;8
121468;-196146;48551;24604;2
103294;-171397;47415;26151;1
125238;-186575;48787;25203;8
109988;-173937;47834;25992;8
102120;-181141;47342;25542;8
129887;-164906;49077;26557;1
98816;-195699;47136;24632;4
114099;-190157;48091;24979;1
113543;-192701;48056;24820;8
104520;-188683;47492;25071;8
99495;-194525;47178;24706;8
100498;-184501;47241;25332;8
98470;-167532;47114;26393;2
105377;-170093;47546;26233;2
104355;-192236;47482;24849;2
124533;-189503;48743;25020;8
105055;-179372;47525;25653;4
120934;-191765;48518;24878;4
124708;-186175;48754;25228;1
100028;-187168;47211;25166;2
103692;-165275;47440;26534;8
110662;-183052;47876;25423;2
98653;-181964;47125;25491;8
122051;-182052;48588;25485;8
111315;-187393;47917;25151;1
111319;-176496;47917;25833;8
115294;-169647;48165;26261;8
120437;-183929;48487;25368;2
106116;-182253;47592;25473;1
127310;-190451;48916;24960;1
104423;-167970;47486;26365;8
124199;-185581;48722;25265;4
104570;-190492;47495;24958;2
102975;-178099;47395;25732;2
121256;-177909;48538;25744;1
103655;-165425;47438;26524;2
111430;-183886;47924;25371;4
109142;-171546;47781;26142;1
122823;-173572;48636;26015;2
126526;-169015;48867;26300;1
112862;-172600;48013;26076;2
106489;-179184;47615;25665;8
103622;-183320;47436;25406;2
116942;-172365;48268;26091;4
105632;-176106;47562;25857;4
105469;-182596;47551;25451;8
112991;-164525;48021;26581;2
106981;-194369;47646;24715;8
118041;-173963;48337;25991;8
102421;-186715;47361;25194;2
128294;-192756;48978;24816;2
118726;-167737;48380;26380;2
102349;-193175;47356;24790;2
120615;-184108;48498;25357;2
111801;-185735;47947;25255;1
121215;-192731;48535;24818;8
115737;-195169;48193;24665;2
109731;-177033;47818;25799;1
105645;-175164;47562;25916;1
123101;-192257;48653;24847;2
120499;-190948;48491;24929;4
118870;-174365;48389;25966;2
125996;-171391;48834;26152;4
127583;-185115;48933;25294;4
122669;-196083;48626;24608;1
123909;-167958;48704;26366;2
115515;-181509;48179;25519;1
129566;-173123;49057;26043;4
117589;-163929;48309;26618;1
98929;-193295;47143;24783;2
107376;-169984;47671;26240;8
118495;-170287;48365;26221;8
115349;-196574;48169;24578;8
127842;-166082;48950;26483;2
114367;-171034;48107;26174;1
113205;-170728;48035;26193;8
105624;-173779;47561;26002;2
117111;-180492;48279;25583;4
121507;-176236;48554;25849;1
104377;-190214;47483;24975;1
105491;-192136;47553;24855;2
119643;-186761;48437;25191;2
106357;-196089;47607;24608;4
117358;-176220;48294;25850;8
114642;-167656;48125;26385;1
108355;-166699;47732;26445;4
102269;-179757;47351;25629;4
102582;-170922;47371;26181;1
113106;-190646;48029;24948;1
119438;-184859;48424;25310;8
120971;-165915;48520;26494;2
104610;-171750;47498;26129;2
112209;-181700;47973;25507;1
124195;-178326;48722;25718;4
100501;-182880;47241;25434;4
101039;-183429;47274;25399;8
130069;-190269;49089;24972;4
116394;-171437;48234;26149;4
129918;-174797;49079;25939;2
111588;-169307;47934;26282;8
125582;-179713;48808;25631;2
130806;-176491;49135;25833;2
115079;-182499;48152;25457;8
109695;-188885;47815;25058;8
128155;-188040;48969;25111;2
127483;-190517;48927;24956;4
111265;-165879;47914;26496;2
109032;-187190;47774;25164;2
122109;-186202;48591;25226;8
128301;-190266;48978;24972;2
122973;-174919;48645;25931;2
127849;-185935;48950;25243;1
116356;-186980;48232;25177;1
108751;-189313;47756;25031;4
124383;-191859;48733;24872;8
116380;-196331;48233;24593;8
107679;-195623;47689;24637;2
101567;-193452;47307;24773;1
100203;-194292;47222;24720;8
125704;-183640;48816;25386;8
127531;-181039;48930;25549;8
124693;-184962;48753;25303;2
117407;-192715;48297;24819;1
102988;-168433;47396;26336;8
125852;-195901;48825;24620;1
107782;-181352;47696;25529;1
121018;-168549;48523;26329;1
111570;-183694;47933;25383;2
108661;-176268;47751;25847;2
123896;-167175;48703;26415;2
101938;-180371;47331;25590;4
122438;-189389;48612;25027;8
101585;-191843;47309;24873;8
107778;-183139;47696;25417;1
105087;-184396;47527;25339;8
130742;-192146;49131;24854;4
100677;-190986;47252;24927;1
116355;-188822;48232;25062;4
118874;-169633;48389;26261;1
105213;-164679;47535;26571;8
117453;-188041;48300;25111;2
103050;-184872;47400;25309;1
106071;-186944;47589;25180;1
109445;-176913;47800;25806;4
119087;-195450;48402;24648;1
125828;-186160;48824;25229;4
115163;-185592;48157;25264;8
103937;-166481;47456;26458;1
116200;-166788;48222;26439;1
110426;-188077;47861;25109;1
120627;-196337;48499;24592;2
112359;-170425;47982;26212;1
127650;-167664;48938;26385;1
111142;-168985;47906;26302;8
127225;-179732;48911;25630;2
104777;-188287;47508;25096;1
121436;-174589;48549;25952;4
129288;-167892;49040;26370;2
126003;-168744;48835;26317;2
105561;-174462;47557;25960;4
124714;-168805;48754;26313;4
98812;-170758;47135;26191;8
105571;-190426;47558;24962;4
112815;-173327;48010;26031;1
126034;-186545;48837;25204;8
107096;-194493;47653;24708;1
102639;-165678;47374;26509;4
114511;-188255;48116;25098;4
109920;-168921;47830;26306;4
111259;-172876;47913;26059;4
117532;-196470;48305;24584;8
124327;-164791;48730;26564;8
121794;-188235;48572;25099;8
101742;-180600;47318;25576;1
130492;-167213;49115;26413;1
120432;-191880;48487;24871;1
125123;-165684;48780;26508;8
109013;-167130;47773;26418;1
124452;-176879;48738;25809;1
107641;-187625;47687;25137;4
124455;-179587;48738;25639;1
128994;-188325;49022;25093;1
101677;-176060;47314;25860;1
111249;-175499;47913;25895;2
127134;-183852;48905;25373;1
125745;-185397;48819;25276;1
108293;-171028;47728;26174;4
129426;-177731;49049;25755;1
106635;-186411;47624;25213;8
125614;-170301;48810;26220;2
116137;-164538;48218;26580;2
103147;-164115;47406;26606;1
117639;-166177;48312;26477;8
127058;-194210;48901;24725;1
122017;-186172;48586;25228;2
121023;-187693;48523;25133;2
127136;-191344;48906;24905;2
104805;-166261;47510;26472;1
127200;-174845;48910;25936;2
100028;-171573;47211;26140;1
105803;-191666;47572;24884;4
128844;-191071;49012;24922;1
118213;-165596;48348;26514;1
101193;-186358;47284;25216;8
130957;-182891;49144;25433;2
109921;-167812;47830;26375;1
119973;-185515;48458;25269;1
107553;-192088;47682;24858;4
126253;-180310;48850;25594;1
98611;-174693;47123;25945;2
122713;-189398;48629;25026;2
107871;-177934;47701;25743;2
101873;-187581;47327;25140;4
98974;-178872;47145;25684;4
109347;-184883;47794;25308;4
105227;-178257;47536;25722;8
123645;-180044;48687;25611;8
98367;-186682;47107;25196;1
105067;-172367;47526;26091;4
114246;-179962;48100;25616;8
119837;-179184;48449;25665;2
105872;-194316;47577;24719;2
105156;-166152;47532;26479;8
123519;-182295;48679;25470;4
108842;-174290;47762;25970;2
111219;-174531;47911;25955;2
113684;-186679;48065;25196;1
111150;-176454;47906;25835;8
112259;-182978;47976;25427;8
105000;-171612;47522;26138;8
108567;-164835;47745;26561;1
126359;-174164;48857;25978;2
101131;-190777;47280;24940;4
121497;-168208;48553;26351;4
106558;-191935;47619;24868;2
114592;-176257;48122;25847;4
100876;-172435;47264;26086;8
99776;-170440;47196;26211;8
126617;-195865;48873;24622;4
130275;-183202;49102;25413;8
108017;-191088;47711;24921;4
128751;-180132;49006;25605;1
103865;-182942;47451;25430;8
120308;-186628;48479;25199;2
127113;-177065;48904;25797;2
130748;-192217;49131;24850;4
120607;-194076;48497;24734;8
114731;-177448;48130;25773;2
105648;-182039;47563;25486;2
113135;-165028;48030;26549;8
98550;-178121;47119;25731;2
124225;-175656;48724;25885;2
129445;-172535;49050;26080;4
103960;-191400;47457;24901;1
99654;-195665;47188;24634;1
103330;-182791;47418;25439;2
109776;-184351;47821;25342;1
124674;-166139;48752;26480;4
106667;-196096;47626;24608;8
127901;-190726;48953;24943;2
110857;-182430;47888;25462;2
116764;-173269;48257;26034;2
118605;-167411;48372;26400;4
111400;-194220;47922;24725;2
118116;-168342;48342;26342;4
117259;-181337;48288;25530;8
118255;-193591;48350;24764;8
108249;-166931;47725;26430;2
104058;-177484;47463;25771;8
127718;-172100;48942;26107;4
116243;-175228;48225;25912;1
115984;-179485;48209;25646;2
106360;-182331;47607;25468;8
118291;-174495;48353;25958;2
110508;-175094;47866;25920;2
120001;-187389;48460;25152;1
108863;-187734;47763;25130;1
129726;-186110;49067;25232;8
105761;-167139;47570;26417;1
105863;-168616;47576;26325;2
127058;-165321;48901;26531;8
113814;-183309;48073;25407;2
102267;-186642;47351;25198;2
100293;-165070;47228;26547;4
111641;-170739;47937;26192;4
118055;-176209;48338;25850;8
107783;-164003;47696;26613;8
103084;-175520;47402;25894;4
122405;-169768;48610;26253;2
125981;-174677;48833;25946;2
117822;-180309;48323;25594;2
112778;-180002;48008;25613;1
123756;-176667;48694;25822;1
109864;-178282;47826;25721;1
99456;-173401;47176;26026;1
108763;-165173;47757;26540;1
120813;-171043;48510;26173;4
105023;-188534;47523;25080;4
118039;-192275;48337;24846;8
116910;-180196;48266;25601;8
123821;-187917;48698;25119;4
107624;-170998;47686;26176;2
126729;-172918;48880;26056;4
116176;-184118;48221;25356;8
110958;-173308;47894;26032;8
121383;-179419;48546;25650;2
120197;-179363;48472;25653;2
101863;-170510;47326;26207;4
119289;-176433;48415;25836;2
105969;-188983;47583;25052;2
115186;-182080;48159;25484;1
129150;-178611;49031;25700;2
122040;-169781;48587;26252;1
124481;-170296;48740;26220;4
111041;-171351;47900;26154;2
129041;-163885;49025;26621;2
109949;-188945;47831;25054;8
102596;-194316;47372;24719;1
111357;-166457;47919;26460;4
113408;-194434;48048;24711;2
101033;-167788;47274;26377;8
114858;-189224;48138;25037;4
123065;-171346;48651;26154;8
102421;-164042;47361;26611;8
111635;-194734;47937;24693;1
113040;-185739;48025;25255;4
103987;-177551;47459;25767;2
123583;-194870;48683;24684;1
130082;-193276;49090;24784;4
123763;-193654;48695;24760;4
108348;-192612;47731;24825;1
112779;-192227;48008;24849;4
108872;-176171;47764;25853;8
111661;-166960;47938;26429;4
111221;-172349;47911;26092;8
113362;-185638;48045;25261;2
110101;-190687;47841;24946;1
118523;-177837;48367;25749;4
120340;-189131;48481;25043;2
113795;-173348;48072;26029;4
127641;-182725;48937;25443;1
118474;-189173;48364;25040;1
108264;-177655;47726;25760;8
99124;-193371;47155;24778;4
115344;-196082;48169;24608;2
100804;-168223;47260;26350;8
99171;-171384;47158;26152;1
119809;-178291;48448;25720;4
112796;-196245;48009;24598;2
111053;-172961;47900;26053;1
99657;-180986;47188;25552;2
116561;-166852;48245;26435;4
104825;-183720;47511;25381;2
107167;-183505;47657;25394;1
99650;-171842;47188;26123;4
121075;-195628;48527;24637;2
120958;-177773;48519;25753;1
127198;-189482;48909;25021;2
131004;-191370;49147;24903;1
109833;-190140;47824;24980;4
127875;-173240;48952;26036;1
129821;-191679;49073;24884;1
107141;-164638;47656;26574;4
127650;-192503;48938;24832;4
124400;-174822;48735;25937;1
117426;-178965;48299;25678;8
121560;-191116;48557;24919;8
99605;-170503;47185;26207;8
113307;-178281;48041;25721;2
101766;-193906;47320;24744;4
109655;-174669;47813;25947;4
98579;-183562;47121;25391;4
117117;-173698;48279;26007;2
116324;-193817;48230;24750;2
114344;-175486;48106;25896;8
99465;-175546;47176;25892;2
107246;-178551;47662;25704;4
100047;-180728;47212;25568;8
100790;-174104;47259;25982;2
101551;-192131;47306;24855;2
109509;-172097;47804;26107;8
130722;-179042;49130;25673;1
99370;-185066;47170;25297;8
108245;-175762;47725;25878;1
116777;-179891;48258;25620;2
125529;-184458;48805;25335;1
109650;-187239;47813;25161;1
127553;-179693;48932;25633;2
121411;-167244;48548;26411;8
115672;-170339;48189;26217;8
112260;-191217;47976;24912;1
116362;-177377;48232;25777;1
111264;-180210;47914;25600;8
100968;-189593;47270;25014;2
126001;-194964;48835;24678;4
126491;-172839;48865;26061;2
108168;-189037;47720;25049;2
118825;-194804;48386;24688;1
111036;-193419;47899;24775;2
98974;-184571;47145;25328;8
118895;-171718;48390;26131;8
126367;-194543;48857;24705;8
124439;-191505;48737;24894;2
101581;-177242;47308;25786;2
126193;-190581;48847;24952;2
102633;-195369;47374;24653;4
103146;-191673;47406;24884;1
99614;-171965;47185;26116;8
124644;-165688;48750;26508;8
114422;-178243;48111;25723;1
110260;-182702;47851;25445;2
123656;-166052;48688;26485;4
128120;-177895;48967;25745;2
101080;-166967;47277;26428;8
102426;-166813;47361;26438;2
112524;-164802;47992;26563;4
118938;-182130;48393;25480;2
107238;-178739;47662;25692;1
129775;-189154;49070;25041;1
115045;-171422;48150;26150;8
111878;-188774;47952;25065;1
104294;-176182;47478;25852;2
116810;-165451;48260;26523;1
122930;-172331;48643;26093;2
99637;-170499;47187;26207;2
115152;-171706;48157;26132;1
115691;-184104;48190;25357;2
123927;-177640;48705;25761;1
116316;-173271;48229;26034;4
109233;-183997;47787;25364;1
110147;-175311;47844;25907;2
101173;-181303;47283;25532;1
124830;-181052;48761;25548;2
99546;-172943;47181;26055;2
125846;-174166;48825;25978;4
123389;-193660;48671;24760;1
116137;-174616;48218;25950;2
129786;-176770;49071;25815;2
121673;-165539;48564;26517;2
98645;-183319;47125;25406;2
110623;-184016;47873;25363;2
124863;-195276;48763;24659;4
130267;-173977;49101;25990;4
121208;-179775;48535;25628;2
123938;-181481;48706;25521;8
115675;-166510;48189;26457;2
121029;-194208;48524;24726;1
124284;-167283;48727;26408;8
128978;-176035;49021;25861;4
122705;-184846;48629;25311;8
118980;-173677;48396;26009;2
101610;-170291;47310;26220;1
101731;-192065;47318;24859;2
129151;-194845;49031;24686;8
117359;-195125;48294;24668;2
123278;-188898;48664;25057;8
127808;-163985;48948;26614;4
108972;-173266;47770;26034;1
108609;-171199;47748;26164;4
117736;-185929;48318;25243;2
108643;-170538;47750;26205;4
100729;-173923;47255;25993;2
119976;-193345;48458;24779;1
102953;-181037;47394;25549;2
117277;-174469;48289;25959;2
125520;-184746;48805;25317;2
108600;-168972;47747;26303;1
108902;-184474;47766;25334;2
123438;-193030;48674;24799;2
125988;-188013;48834;25113;4
107777;-167683;47696;26383;1
106565;-189191;47620;25039;8
111220;-178461;47911;25710;2
113078;-191940;48027;24867;4
105498;-175666;47553;25884;4
105078;-193182;47527;24790;1
112076;-191669;47964;24884;1
119473;-189883;48427;24996;2
107797;-182007;47697;25488;4
110313;-174505;47854;25957;8
99792;-186316;47197;25219;1
118007;-195999;48335;24614;4
127308;-183613;48916;25388;2
109663;-196495;47813;24583;8
98547;-177923;47119;25743;1
130339;-180423;49106;25587;1
105020;-174995;47523;25926;4
127556;-190324;48932;24968;1
126742;-185914;48881;25244;4
102332;-167433;47355;26399;1
99326;-172132;47167;26105;1
101406;-185655;47297;25260;2
125291;-188257;48790;25097;2
113914;-192585;48079;24827;2
116421;-172825;48236;26062;1
126215;-184213;48848;25350;8
102438;-195886;47362;24621;1
128879;-173014;49014;26050;4
103448;-186657;47425;25197;4
105630;-194464;47561;24710;2
107361;-180425;47670;25587;2
110159;-166498;47844;26457;2
101302;-166434;47291;26461;1
126916;-164667;48892;26572;4
104060;-193126;47463;24793;8
130157;-171195;49094;26164;4
102320;-168413;47355;26338;2
119860;-179864;48451;25622;4
117980;-178509;48333;25707;2
117391;-185616;48296;25263;1
101427;-175497;47299;25895;1
101789;-167649;47321;26385;2
108128;-178722;47718;25693;8
99019;-190306;47148;24969;1
118264;-196298;48351;24595;2
101689;-190955;47315;24929;4
102200;-184771;47347;25315;8
119352;-167351;48419;26404;8
126497;-190651;48866;24948;1
116888;-179402;48265;25651;8
117879;-170551;48327;26204;8
102838;-191646;47387;24886;4
121998;-186327;48584;25218;2
123053;-178091;48650;25733;8
101210;-171111;47285;26169;1
105499;-176300;47553;25845;8
99736;-183751;47193;25379;1
114530;-166293;48118;26470;8
116111;-190467;48216;24959;4
99784;-171821;47196;26125;8
106176;-166352;47596;26467;8
99690;-185653;47190;25260;8
115173;-178575;48158;25703;2
107041;-189215;47650;25038;4
99129;-171895;47155;26120;4
107870;-186788;47701;25189;1
124194;-169851;48722;26248;8
126883;-191410;48890;24900;8
111897;-172827;47953;26062;8
100658;-174430;47251;25962;4
109757;-172488;47819;26083;2
107674;-170384;47689;26215;1
106389;-168076;47609;26359;2
115995;-182186;48209;25477;8
111352;-177756;47919;25754;1
101800;-175524;47322;25893;4
127314;-171947;48917;26117;4
101545;-164945;47306;26554;8
105363;-167358;47545;26404;1
128646;-177392;49000;25777;2
112646;-175539;48000;25892;8
113881;-165526;48077;26518;4
98472;-187128;47114;25168;8
115921;-189019;48205;25050;8
98675;-175648;47127;25886;1
128522;-177909;48992;25744;8
104789;-169242;47509;26286;4
128615;-170003;48998;26238;8
123849;-168684;48700;26321;2
101253;-187089;47288;25170;8
112671;-193379;48001;24777;8
109016;-167580;47773;26390;4
129735;-182008;49068;25488;8
119330;-192940;48418;24805;8
109722;-189946;47817;24992;4
123005;-173786;48647;26002;2
111189;-167779;47909;26377;1
123982;-172121;48708;26106;4
130121;-183770;49092;25378;4
102707;-175912;47379;25869;8
99311;-193944;47166;24742;2
120287;-167972;48477;26365;4
108961;-182222;47770;25475;2
100494;-178295;47240;25720;1
99839;-173573;47199;26015;2
103913;-175430;47454;25899;1
124290;-174239;48728;25974;2
113061;-170049;48026;26235;8
101158;-164193;47282;26601;2
108160;-173350;47720;26029;4
100422;-193701;47236;24757;8
107170;-181671;47658;25509;2
120964;-191324;48520;24906;4
106998;-172484;47647;26083;1
109445;-168911;47800;26307;2
129628;-187439;49061;25149;2
113818;-179229;48073;25662;2
112966;-176095;48020;25858;8
115970;-177488;48208;25771;2
103223;-164780;47411;26565;4
108856;-171079;47763;26171;4
124983;-188557;48771;25079;2
126690;-193716;48878;24756;8
125660;-175142;48813;25917;4
117370;-170354;48295;26216;4
114441;-188689;48112;25070;1
114711;-169178;48129;26290;2
116960;-175208;48270;25913;4
122506;-191439;48616;24899;1
100493;-195689;47240;24633;4
101457;-165579;47301;26515;4
114746;-174875;48131;25934;4
102098;-186951;47341;25179;4
109366;-179428;47795;25649;1
119349;-192801;48419;24813;4
123497;-191494;48678;24895;8
100226;-192815;47224;24813;4
120259;-188735;48476;25068;1
128065;-183138;48964;25417;8
104540;-185719;47493;25256;1
105893;-165162;47578;26541;1
129295;-177043;49040;25798;8
125528;-173783;48805;26002;4
122323;-183266;48605;25409;4
107324;-184739;47667;25317;2
123623;-188609;48686;25075;8
125335;-193924;48793;24743;4
106819;-193713;47636;24756;1
99280;-171026;47165;26174;1
122161;-164097;48595;26607;2
130240;-169947;49100;26242;2
114141;-195262;48093;24660;8
124788;-179372;48759;25653;8
121725;-169154;48567;26291;1
117375;-165043;48295;26548;4
128927;-168247;49017;26348;8
109949;-196184;47831;24602;8
103601;-180496;47435;25583;4
120603;-185321;48497;25281;2
130270;-164207;49101;26601;2
125152;-168953;48782;26304;2
128695;-178874;49003;25684;4
106163;-191880;47595;24871;2
113947;-194840;48081;24686;4
116046;-175216;48212;25913;1
130656;-175129;49126;25918;8
102989;-179233;47396;25661;4
116000;-183144;48210;25417;8
101011;-172786;47273;26064;8
126174;-181764;48845;25503;2
104092;-189512;47465;25019;1
115769;-179626;48195;25637;8
117651;-176594;48313;25826;4
105981;-187652;47583;25135;4
120473;-168613;48489;26325;2
114701;-191017;48128;24925;4
111622;-171189;47936;26164;8
124221;-190431;48723;24962;4
126768;-170505;48883;26207;2
115875;-196008;48202;24613;8
109340;-184392;47793;25339;2
103536;-186343;47431;25217;1
129746;-166021;49069;26487;2
122584;-172570;48621;26078;8
130897;-176626;49141;25824;8
121423;-177719;48548;25756;2
118419;-164323;48361;26593;2
120900;-191962;48516;24866;1
110452;-173664;47863;26010;4
129872;-181751;49077;25504;1
111614;-165025;47935;26549;4
116868;-171905;48264;26119;8
121757;-193292;48569;24783;2
127273;-191455;48914;24898;1
107930;-163931;47705;26618;8
99982;-185674;47208;25259;1
128703;-192950;49003;24804;1
126281;-164212;48852;26600;2
102059;-167750;47338;26379;1
105032;-174500;47524;25957;2
98818;-187730;47136;25130;2
112682;-194176;48002;24728;4
127731;-179206;48943;25663;1
123082;-171571;48652;26140;1
116579;-179338;48246;25655;2
120873;-170415;48514;26213;2
116624;-165526;48249;26518;1
123091;-182824;48653;25437;1
103759;-189744;47444;25005;1
110733;-174249;47880;25973;2
126076;-172811;48839;26063;4
108375;-176281;47733;25846;8
104487;-179344;47490;25655;2
98468;-191826;47114;24874;1
118168;-164115;48345;26606;2
107007;-173684;47647;26008;2
120674;-166377;48502;26465;8
126301;-192419;48853;24837;2
103422;-171493;47423;26145;8
105753;-165672;47569;26509;1
104363;-190500;47482;24957;1
123688;-186034;48690;25236;2
115510;-166889;48179;26433;8
128971;-178262;49020;25722;4
100635;-164330;47249;26593;8
127454;-188146;48925;25104;8
103545;-185536;47431;25268;1
103346;-184950;47419;25304;2
103998;-183614;47459;25388;4
120911;-174998;48516;25926;4
113056;-181156;48026;25541;8
106181;-174972;47596;25928;8
117767;-186848;48320;25186;8
118920;-179381;48392;25652;8
128384;-188746;48984;25067;4
120845;-166691;48512;26445;4
123745;-165042;48694;26548;8
104077;-196595;47464;24576;1
105592;-171684;47559;26133;4
127793;-189545;48947;25017;1
112458;-193369;47988;24778;2
121602;-195650;48560;24635;4
113301;-181152;48041;25542;2
130172;-165461;49095;26522;1
128682;-176860;49002;25810;2
120448;-176247;48488;25848;1
121038;-172365;48524;26091;8
108976;-171482;47771;26146;8
115586;-174661;48184;25947;4
129737;-179646;49068;25636;2
123971;-194019;48708;24737;2
100956;-195686;47269;24633;1
104891;-189827;47515;24999;1
98784;-178114;47134;25731;4
112319;-171229;47979;26162;4
104712;-170220;47504;26225;1
113540;-166851;48056;26435;1
100738;-195444;47256;24648;2
98711;-165517;47129;26519;1
125711;-193809;48816;24750;2
114552;-181678;48119;25509;2
127174;-177870;48908;25747;4
106715;-166513;47629;26456;1
109686;-169058;47815;26297;1
98888;-193334;47140;24780;4
112394;-165721;47984;26506;4
102437;-177808;47362;25751;2
119997;-178201;48459;25726;1
115418;-164534;48173;26580;4
117779;-190189;48321;24977;1
110892;-167042;47890;26423;4
102050;-171755;47338;26129;1
112714;-169293;48004;26283;8
113353;-187581;48044;25140;1
119195;-177381;48409;25777;2
113938;-177524;48081;25768;4
126415;-168660;48860;26322;2
112370;-188719;47983;25069;4
118712;-172534;48379;26080;8
118519;-188438;48367;25086;2
105823;-195480;47573;24646;1
111851;-169051;47950;26298;1
130519;-177647;49117;25761;2
114967;-185203;48145;25288;2
124714;-189418;48754;25025;4
124127;-181557;48717;25516;2
129686;-171673;49065;26134;4
109654;-172976;47813;26053;4
128414;-177638;48985;25761;8
115565;-195107;48182;24669;4
118967;-184845;48395;25311;2
104119;-177476;47467;25771;2
130214;-187982;49098;25115;8
113844;-184019;48075;25362;4
128005;-167305;48960;26407;4
119020;-182877;48398;25434;1
113367;-168283;48045;26346;4
124471;-188008;48739;25113;8
123710;-183059;48691;25422;4
129436;-186366;49049;25216;2
109630;-174551;47811;25954;1
105596;-186337;47559;25217;2
102184;-178915;47346;25681;4
107771;-180951;47695;25554;8
130552;-194600;49119;24701;4
122013;-179575;48585;25640;4
100305;-169371;47229;26278;8
105081;-186357;47527;25216;2
120464;-195677;48489;24634;8
113970;-170297;48083;26220;4
108635;-180957;47749;25554;2
126672;-185898;48877;25245;2
101884;-177984;47327;25740;2
110084;-180875;47840;25559;4
98682;-182114;47127;25481;4
124126;-183292;48717;25408;1
107040;-186271;47650;25222;2
104624;-179112;47499;25669;8
98866;-175347;47139;25904;2
114692;-188851;48128;25060;2
115847;-182868;48200;25434;2
102042;-195789;47337;24627;2
124572;-186661;48745;25197;2
128321;-190458;48980;24960;8
118121;-164622;48342;26575;2
102229;-192377;47349;24840;2
115852;-183009;48200;25425;8
110857;-168179;47888;26352;4
113226;-194875;48036;24684;4
116802;-186056;48260;25235;2
118660;-196261;48376;24597;4
120266;-164825;48476;26562;2
130119;-179450;49092;25648;4
122419;-183998;48611;25364;4
112506;-183214;47991;25413;8
107876;-182569;47702;25453;4
106400;-164938;47610;26555;4
114493;-164462;48115;26585;1
104872;-177358;47514;25779;1
101898;-178098;47328;25732;8
127786;-169272;48946;26284;4
115182;-181358;48158;25529;4
100277;-177101;47227;25795;4
115770;-180376;48195;25590;1
100405;-186453;47235;25210;1
102665;-169390;47376;26277;8
100491;-166464;47240;26460;1
114349;-195024;48106;24675;1
110840;-172578;47887;26077;2
124254;-167991;48725;26364;4
126704;-177211;48879;25788;2
129549;-174792;49056;25939;1
107145;-181646;47656;25511;2
109480;-165179;47802;26540;8
124330;-168819;48730;26312;1
124902;-167657;48766;26385;4
126638;-182178;48874;25477;1
128710;-181361;49004;25528;1
130635;-174881;49124;25933;1
113088;-195343;48028;24655;4
104104;-196381;47466;24590;4
102989;-165087;47396;26546;1
127190;-192659;48909;24822;2
103951;-174229;47456;25974;8
113190;-169611;48034;26263;8
127288;-182670;48915;25447;2
99765;-192845;47195;24811;8
117821;-196184;48323;24602;8
106870;-179316;47639;25656;1
119787;-169633;48446;26261;4
129753;-182142;49069;25480;4
99739;-180730;47193;25568;8
108412;-188813;47735;25063;8
119646;-165889;48437;26495;8
108273;-194713;47727;24694;2
118647;-193777;48375;24752;1
128072;-176038;48964;25861;4
130902;-179091;49141;25670;2
124001;-170393;48710;26214;8
122023;-173608;48586;26013;4
127734;-164726;48943;26568;1
106449;-186236;47613;25224;8
102295;-174081;47353;25983;2
102003;-189619;47335;25012;8
125652;-173872;48813;25997;1
106463;-183031;47613;25424;1
127864;-190840;48951;24936;8
122245;-167828;48600;26374;4
123802;-194951;48697;24679;8
106150;-178174;47594;25728;1
104779;-185101;47508;25295;1
105901;-168948;47578;26304;2
117637;-171026;48312;26174;1
99490;-192038;47178;24861;2
98837;-178572;47137;25703;2
127777;-195526;48946;24643;1
117920;-189242;48330;25036;8
125684;-173819;48815;26000;4
109547;-172782;47806;26065;4
106514;-195844;47617;24623;8
98522;-172049;47117;26110;2
115696;-172388;48191;26089;8
127103;-166195;48903;26476;1
109849;-172561;47825;26078;2
111210;-175997;47910;25864;2
123498;-170168;48678;26228;1
111006;-182308;47897;25469;2
117304;-168488;48291;26333;4
101472;-170658;47302;26197;4
103284;-189325;47415;25031;8
99999;-170733;47209;26193;4
110320;-194541;47855;24705;1
120299;-179825;48478;25624;1
102444;-179083;47362;25671;2
112840;-185560;48012;25266;1
107199;-186710;47659;25194;4
122445;-165300;48612;26532;4
109857;-192567;47826;24828;1
100200;-195247;47222;24661;8
113335;-184678;48043;25321;4
114545;-165159;48119;26541;4
108458;-176304;47738;25845;8
99439;-176156;47174;25854;2
106458;-180000;47613;25614;8
114429;-190048;48111;24986;1
102389;-195025;47359;24674;1
109049;-192635;47775;24824;1
122111;-194433;48591;24711;4
118834;-184281;48387;25346;2
104219;-185278;47473;25284;4
116645;-175028;48250;25924;4
105343;-196501;47543;24582;2
102820;-168019;47386;26362;4
129805;-187075;49072;25171;8
128039;-182183;48962;25477;8
120075;-164543;48464;26580;8
125000;-169398;48772;26276;1
107710;-163870;47691;26622;4
105700;-190035;47566;24986;4
108743;-175102;47756;25920;4
125450;-187720;48800;25131;1
100565;-171664;47245;26135;2
103048;-170127;47400;26231;8
106866;-189195;47639;25039;8
117973;-192535;48333;24830;1
126251;-164074;48850;26609;2
128617;-183574;48998;25390;2
106088;-173012;47590;26050;2
112973;-189717;48020;25006;8
118521;-169389;48367;26277;8
115258;-167610;48163;26388;1
106198;-180906;47597;25557;2
110706;-175579;47879;25890;4
128067;-196128;48964;24606;1
117038;-180201;48274;25601;8
109408;-184125;47798;25356;4
112575;-191746;47995;24879;8
122782;-188510;48633;25082;4
110825;-195184;47886;24665;4
123706;-187674;48691;25134;4
101958;-174640;47332;25949;4
118153;-182053;48344;25485;8
102354;-169239;47357;26286;4
99370;-166134;47170;26480;4
109665;-178289;47814;25720;4
128777;-196299;49008;24595;8
122858;-186724;48638;25193;8
128551;-194269;48994;24722;8
126531;-165125;48868;26543;4
109554;-184519;47807;25331;8
128952;-194845;49019;24686;8
108593;-191863;47747;24872;4
115921;-171814;48205;26125;1
100489;-196170;47240;24603;1
104285;-190209;47477;24975;1
111286;-188084;47915;25108;8
108425;-170469;47736;26209;2
126080;-170629;48840;26199;2
103990;-192663;47459;24822;8
124987;-177342;48771;25780;2
121452;-184466;48550;25334;4
113796;-183653;48072;25385;8
118436;-176506;48362;25832;2
99861;-181410;47201;25525;1
117705;-170245;48316;26223;4
125493;-193710;48803;24757;1
125006;-168644;48772;26323;4
112658;-185340;48001;25280;2
115720;-194063;48192;24735;2
116962;-170547;48270;26204;8
106450;-173436;47613;26024;8
121405;-179951;48547;25617;8
103749;-193733;47444;24755;1
105761;-183939;47570;25367;4
105411;-191496;47548;24895;8
126636;-189485;48874;25021;2
109987;-194775;47834;24690;8
121893;-188412;48578;25088;2
123779;-196461;48696;24585;4
119260;-166104;48413;26482;2
128699;-191716;49003;24881;2
111013;-182663;47898;25447;8
111642;-186501;47937;25207;2
125311;-176701;48791;25820;2
123314;-166716;48667;26444;2
105229;-193343;47536;24780;4
127907;-169314;48954;26281;8
100258;-189094;47226;25045;1
117587;-188194;48309;25101;1
124986;-183475;48771;25396;4
101138;-167805;47281;26376;2
102612;-191811;47373;24875;2
129601;-178002;49060;25738;2
126852;-191643;48888;24886;4
117484;-195125;48302;24668;1
116868;-196233;48264;24599;8
105069;-175134;47526;25918;8
108865;-178224;47764;25725;4
126867;-166184;48889;26477;1
130100;-171797;49091;26126;4
102847;-172080;47387;26109;1
106269;-183603;47601;25388;4
116719;-167578;48254;26390;8
114083;-168247;48090;26348;8
127440;-191928;48925;24868;2
117674;-173997;48314;25989;1
115485;-188744;48177;25067;4
126845;-195348;48887;24654;4
116286;-185686;48227;25258;4
118425;-170125;48361;26231;4
115296;-176602;48166;25826;2
110562;-192825;47870;24812;8
130744;-193298;49131;24782;4
104599;-190376;47497;24965;1
125251;-186784;48788;25190;4
104929;-169731;47518;26255;2
111539;-168690;47931;26320;4
114426;-190942;48111;24930;4
123279;-190651;48664;24948;4
130133;-174975;49093;25928;8
117932;-193846;48330;24748;4
104721;-188204;47505;25101;4
108960;-174066;47770;25984;8
125442;-184654;48800;25323;8
128048;-166937;48963;26430;8
110668;-179355;47876;25654;1
113521;-196027;48055;24612;4
128550;-169890;48994;26245;8
124681;-179665;48752;25634;4
112301;-177586;47978;25764;1
116857;-183361;48263;25403;2
125738;-163869;48818;26622;1
112479;-190222;47989;24975;1
126230;-178534;48849;25705;1
111545;-184967;47931;25303;2
118659;-180684;48376;25571;2
100566;-166028;47245;26487;8
109233;-191095;47787;24920;4
104150;-181408;47469;25526;2
129254;-164859;49038;26560;4
105620;-190038;47561;24986;1
102680;-187086;47377;25171;2
121536;-186234;48556;25224;4
112839;-193595;48012;24764;2
101446;-179748;47300;25629;4
107210;-190508;47660;24957;2
102107;-169112;47341;26294;4
108498;-164094;47741;26608;4
109906;-185367;47829;25278;1
107723;-173733;47692;26005;2
109639;-189051;47812;25048;1
111092;-181766;47903;25503;2
125387;-182011;48796;25488;2
124371;-187900;48733;25120;8
114083;-179950;48090;25617;8
101188;-184508;47284;25332;8
106540;-174081;47618;25983;2
108234;-166551;47724;26454;4
99919;-191368;47204;24903;2
102394;-186430;47359;25212;1
117985;-170493;48334;26208;2
105984;-183349;47584;25404;4
114658;-164211;48126;26600;4
98586;-178043;47121;25736;2
126484;-166605;48865;26451;4
103214;-173183;47410;26040;1
98468;-166322;47114;26468;2
128185;-186091;48971;25233;2
103111;-187139;47404;25167;2
115036;-180521;48149;25581;4
127775;-187173;48945;25165;8
124393;-165458;48734;26522;8
114390;-183562;48109;25391;8
125003;-188553;48772;25079;4
128451;-190584;48988;24952;2
126338;-190032;48856;24987;8
126425;-185104;48861;25295;1
122020;-178175;48586;25728;8
110899;-173480;47891;26021;4
99665;-171075;47189;26171;4
115492;-172478;48178;26084;2
102294;-188714;47353;25069;4
101961;-184774;47332;25315;2
104811;-188777;47510;25065;4
124508;-183051;48741;25423;8
116674;-190851;48252;24935;2
129148;-185332;49031;25280;4
115490;-173952;48178;25992;2
114040;-192547;48087;24829;4
127106;-169602;48904;26263;8
129011;-185823;49023;25250;2
105995;-176586;47584;25827;4
100285;-186582;47227;25202;8
99974;-173153;47208;26041;2
116446;-178390;48237;25714;2
121762;-172110;48570;26107;8
113849;-186998;48075;25176;4
117409;-181381;48298;25527;1
107009;-167695;47648;26383;1
118336;-169229;48356;26287;2
112558;-195814;47994;24625;1
117590;-192507;48309;24832;2
109158;-168058;47782;26360;8
111160;-177750;47907;25754;8
124496;-174753;48741;25941;4
115536;-194897;48181;24682;4
123010;-195579;48648;24640;2
113653;-186272;48063;25222;2
129725;-165319;49067;26531;8
113924;-185136;48080;25293;2
106110;-190753;47591;24941;1
128779;-184632;49008;25324;4
106315;-176193;47604;25851;1
121553;-171597;48557;26139;4
112819;-192476;48011;24834;1
129864;-190615;49076;24950;8
116761;-167192;48257;26414;8
115686;-169334;48190;26280;4
112805;-192472;48010;24834;2
128424;-185547;48986;25267;2
126582;-179793;48871;25626;4
113549;-188647;48056;25073;1
118954;-173297;48394;26032;1
107136;-175574;47656;25890;4
99524;-166128;47180;26481;1
114168;-177984;48095;25740;1
126025;-169660;48836;26260;8
106380;-168285;47608;26346;4
103385;-188779;47421;25065;8
101832;-174442;47324;25961;4
101592;-168451;47309;26335;8
102255;-175015;47350;25925;2
117861;-187105;48326;25169;4
101542;-174998;47306;25926;4
117064;-164629;48276;26574;8
122646;-174011;48625;25988;8
101294;-170614;47290;26200;1
108854;-178151;47763;25729;2
118308;-180425;48354;25587;4
110727;-190114;47880;24981;1
119928;-195779;48455;24627;2
129641;-168756;49062;26316;4
101628;-176754;47311;25816;1
127113;-176375;48904;25840;4
99838;-189479;47199;25021;2
107785;-182581;47696;25452;4
99234;-165760;47162;26504;2
130186;-189054;49096;25048;2
128123;-191026;48967;24924;2
129399;-186057;49047;25235;1
109078;-183936;47777;25368;2
124887;-174396;48765;25964;2
116075;-167102;48214;26420;1
124560;-186315;48745;25219;2
121657;-177410;48563;25775;1
125343;-181278;48793;25534;2
111724;-175185;47942;25914;8
112671;-164862;48001;26560;8
102297;-178216;47353;25725;4
109420;-193782;47798;24752;4
121530;-194522;48555;24706;4
124247;-173475;48725;26021;2
117937;-193350;48331;24779;4
102744;-190706;47381;24944;8
110763;-195656;47882;24635;2
129672;-179841;49064;25623;2
127871;-191351;48951;24904;2
99670;-186195;47189;25226;2
117817;-175943;48323;25867;8
125817;-179843;48823;25623;1
99059;-188646;47151;25073;1
115888;-178590;48203;25702;2
108841;-182175;47762;25478;8
103688;-191518;47440;24894;1
113207;-196131;48035;24605;4
130401;-186564;49110;25203;8
125715;-181279;48817;25534;2
106402;-166790;47610;26439;2
116611;-173902;48248;25995;4
106596;-170333;47622;26218;1
110428;-163887;47861;26621;1
116022;-164023;48211;26612;4
114641;-172962;48125;26053;1
129033;-191492;49024;24895;8
123454;-189624;48675;25012;8
107969;-189055;47708;25048;1
101496;-171907;47303;26119;8
112369;-169882;47983;26246;8
105821;-166021;47573;26487;8
99177;-193694;47158;24758;1
117889;-184933;48328;25305;2
104287;-169954;47477;26241;1
126309;-177710;48854;25757;8
105107;-177596;47529;25764;8
98678;-191674;47127;24884;8
107267;-193731;47664;24755;1
118360;-179194;48357;25664;8
112982;-196003;48021;24613;2
121321;-188033;48542;25111;2
103483;-166842;47427;26436;4
106538;-193377;47618;24777;4
105867;-174659;47576;25947;1
116857;-184384;48263;25340;8
117373;-171836;48295;26124;4
128760;-166046;49007;26486;4
103921;-170192;47455;26227;8
99134;-171734;47155;26130;1
112475;-183397;47989;25401;2
112774;-167406;48008;26401;2
99225;-189542;47161;25017;2
122736;-188210;48631;25100;8
116500;-166150;48241;26479;2
129685;-184291;49065;25345;2
129479;-184501;49052;25332;1
99909;-195211;47204;24663;4
115557;-169748;48182;26254;1
106821;-168030;47636;26362;8
109795;-183419;47822;25400;4
109540;-175934;47806;25868;2
118582;-170624;48371;26200;1
110679;-182703;47877;25445;2
111246;-192950;47912;24804;2
106415;-167283;47610;26408;8
98734;-175945;47130;25867;2
101289;-183169;47290;25415;8
118426;-190211;48361;24975;4
116288;-164961;48228;26553;1
104151;-168514;47469;26331;1
113019;-193568;48023;24766;2
126814;-166845;48885;26436;8
117100;-191135;48278;24918;4
114025;-167169;48086;26415;4
123364;-191448;48670;24898;2
119108;-171384;48404;26152;8
109198;-165443;47784;26523;2
128302;-185861;48978;25247;1
118902;-176452;48391;25835;2
99111;-177725;47154;25756;8
128464;-189775;48989;25003;1
117165;-182175;48282;25478;2
116219;-192097;48223;24857;2
109370;-196261;47795;24597;1
119934;-166066;48455;26484;4
108972;-169009;47770;26300;1
120500;-168587;48491;26327;1
109854;-166250;47825;26473;4
118479;-176355;48364;25841;1
112718;-174662;48004;25947;4
121608;-167747;48560;26379;8
122442;-167742;48612;26380;8
99635;-196459;47187;24585;1
122758;-170327;48632;26218;4
122135;-194717;48593;24694;2
113446;-173349;48050;26029;4
115845;-170390;48200;26214;2
108671;-169376;47751;26278;2
112926;-177937;48017;25742;2
128671;-179470;49001;25647;2
98615;-182822;47123;25437;2
101577;-190659;47308;24947;1
127361;-171282;48920;26158;2
126150;-191457;48844;24897;2
119542;-167964;48431;26366;2
101849;-176979;47325;25802;2
108103;-171697;47716;26132;4
104553;-190721;47494;24943;8
130415;-172671;49110;26072;4
130743;-195321;49131;24656;2
107013;-184811;47648;25313;1
100551;-183714;47244;25381;2
121500;-181103;48553;25545;2
98589;-165523;47121;26518;2
98630;-187457;47124;25147;1
119015;-181712;48398;25507;1
111127;-170591;47905;26202;2
119521;-164030;48430;26612;8
124051;-180741;48713;25567;8
105156;-171188;47532;26164;2
111660;-167014;47938;26425;4
103881;-169349;47452;26279;2
111880;-183854;47952;25373;8
130761;-195360;49132;24654;4
107251;-181730;47663;25505;4
115032;-175349;48149;25904;2
124989;-181207;48771;25538;2
117072;-191439;48277;24899;4
117705;-196560;48316;24579;8
118917;-179858;48392;25622;4
101938;-189610;47331;25013;8
113948;-169572;48081;26265;1
105564;-188627;47557;25074;8
129474;-185225;49052;25287;2
115551;-188184;48181;25102;4
108640;-189169;47750;25040;1
101491;-169051;47303;26298;8
111555;-183465;47932;25397;8
124396;-171040;48734;26174;1
117540;-185511;48306;25269;8
109783;-195666;47821;24634;4
125523;-171794;48805;26126;2
129083;-195663;49027;24635;2
120598;-183744;48497;25380;1
112752;-191037;48007;24924;8
125232;-165166;48787;26541;1
116715;-169537;48254;26267;4
127694;-178760;48940;25691;8
99148;-165428;47156;26524;2
103651;-178948;47438;25679;1
124933;-185403;48768;25276;4
105295;-189587;47540;25014;1
129011;-191403;49023;24901;1
120824;-178684;48511;25696;2
99210;-172486;47160;26083;8
126658;-180020;48876;25612;1
102930;-182320;47393;25469;2
105361;-168856;47545;26310;8
98867;-170926;47139;26181;2
100431;-194145;47236;24729;1
125792;-175471;48822;25897;4
129195;-188902;49034;25057;2
129580;-175139;49058;25917;4
116773;-167950;48258;26367;1
108394;-184814;47734;25313;4
125923;-178320;48830;25719;2
117937;-169798;48331;26251;8
102802;-174098;47385;25982;8
125633;-176155;48812;25854;2
127365;-186730;48920;25193;8
128873;-166574;49014;26453;4
103306;-165496;47416;26520;8
119829;-171398;48449;26151;1
123923;-164810;48705;26563;8
116562;-178463;48245;25710;4
112053;-193299;47963;24782;4
118895;-189158;48390;25041;1
128613;-177547;48998;25767;4
127407;-181234;48922;25536;2
121774;-164967;48570;26553;2
129332;-172789;49043;26064;8
130067;-188442;49089;25086;4
109439;-174436;47799;25961;8
110768;-191282;47883;24908;2
112902;-168428;48016;26337;2
102781;-164410;47383;26588;1
113741;-164934;48068;26555;4
124955;-184344;48769;25342;8
110212;-195515;47848;24644;8
123022;-192736;48648;24818;8
106259;-172377;47601;26090;4
122907;-170235;48641;26224;2
100093;-178810;47215;25688;1
121539;-187756;48556;25129;8
128557;-177096;48994;25795;2
124053;-190517;48713;24956;1
123556;-175252;48682;25910;1
101328;-190044;47293;24986;1
106471;-184144;47614;25355;8
112436;-189479;47987;25021;8
111778;-170169;47946;26228;1
114083;-172053;48090;26110;4
121509;-177775;48554;25753;2
114191;-166177;48096;26477;8
106272;-174060;47602;25985;1
114024;-196272;48086;24597;8
111487;-168090;47927;26358;2
117674;-171792;48314;26127;8
103248;-172730;47413;26068;2
114001;-175470;48085;25897;2
101402;-178615;47297;25700;1
118929;-181902;48393;25495;2
113209;-172179;48035;26102;4
114414;-167713;48110;26381;1
115891;-175453;48203;25898;1
108437;-180692;47737;25570;1
99083;-167357;47152;26404;2
111082;-168287;47902;26346;4
129636;-169514;49062;26269;8
115002;-175581;48147;25890;2
129225;-184556;49036;25329;1
108858;-193768;47763;24753;2
102282;-190714;47352;24944;1
108563;-182767;47745;25441;8
127457;-191309;48926;24907;1
112951;-183792;48019;25377;4
108862;-177615;47763;25763;2
104017;-188349;47461;25092;4
111283;-192355;47915;24841;1
121607;-194747;48560;24692;4
100713;-174162;47254;25978;2
115555;-163929;48182;26618;1
102074;-189559;47339;25016;2
102303;-169973;47353;26240;1
120077;-172856;48464;26060;8
118540;-192837;48368;24811;8
128172;-173574;48970;26015;8
100024;-164843;47211;26561;2
121442;-173583;48550;26015;1
105609;-171610;47560;26138;2
102280;-170548;47352;26204;1
112345;-182940;47981;25430;1
116470;-188342;48239;25092;8
123784;-175688;48696;25883;1
121458;-165780;48551;26502;1
109253;-164236;47788;26599;8
113223;-175100;48036;25920;8
118217;-190164;48348;24978;1
112349;-178901;47981;25682;8
112952;-166216;48019;26475;8
103156;-188905;47407;25057;8
111880;-166096;47952;26483;4
128144;-174411;48969;25963;8
126230;-191044;48849;24923;2
121543;-167615;48556;26388;1
118410;-184192;48360;25352;4
125317;-191746;48792;24879;1
129455;-188173;49050;25103;8
130385;-174279;49109;25971;8
101769;-170720;47320;26194;8
130417;-179546;49111;25642;1
110372;-181403;47858;25526;2
128444;-178345;48987;25717;4
117866;-181109;48326;25544;8
106625;-182706;47624;25444;2
121335;-174788;48543;25939;4
122597;-172495;48622;26083;1
122173;-172505;48595;26082;8
125255;-181928;48788;25493;4
116192;-186303;48222;25220;2
105835;-190082;47574;24983;2
113296;-187905;48041;25119;4
120964;-179961;48520;25616;2
102745;-183885;47381;25371;1
102876;-179144;47389;25667;4
125810;-181343;48823;25530;8
130294;-181091;49103;25545;4
101783;-191080;47321;24921;1
100969;-186458;47270;25210;2
114063;-178851;48088;25685;2
117772;-188110;48320;25107;1
120869;-190387;48514;24964;4
113393;-189087;48047;25046;4
110574;-181604;47870;25513;8
102471;-194714;47364;24694;1
104262;-174866;47476;25934;4
121172;-171744;48533;26130;8
128371;-171168;48983;26166;8
117086;-183564;48277;25391;1
101581;-184884;47308;25308;2
107850;-183059;47700;25422;8
98548;-164029;47119;26612;8
126923;-187830;48892;25124;2
125495;-182977;48803;25427;4
129186;-187591;49034;25139;2
129696;-179847;49066;25623;2
119349;-178479;48419;25709;4
110863;-183635;47888;25386;2
123275;-190485;48664;24958;1
110904;-175998;47891;25864;2
129889;-164759;49078;26566;4
117202;-190246;48285;24973;8
126269;-182834;48851;25436;2
110024;-167870;47836;26372;4
124648;-168155;48750;26354;8
102105;-192409;47341;24838;4
125629;-171630;48811;26137;1
106666;-195574;47626;24640;4
106041;-178123;47587;25731;4
105690;-171187;47565;26164;2
103040;-165680;47400;26509;1
114181;-164795;48096;26564;2
125768;-188650;48820;25073;4
130479;-195184;49114;24665;8
114159;-183756;48094;25379;8
106964;-188160;47645;25104;4
103854;-168202;47450;26351;8
129188;-195842;49034;24623;4
102661;-184516;47376;25331;1
99314;-187540;47167;25142;1
128903;-175005;49016;25926;8
107207;-179320;47660;25656;2
103423;-168271;47423;26347;2
126216;-170497;48848;26207;1
109710;-165594;47816;26514;4
126994;-176552;48897;25829;1
128337;-195325;48981;24656;1
99137;-165945;47156;26492;1
107484;-185178;47677;25290;8
106265;-192311;47601;24844;1
116413;-175175;48235;25915;2
109039;-189148;47774;25042;2
104567;-176938;47495;25805;4
105239;-182091;47537;25483;8
103959;-174381;47457;25965;2
102428;-179489;47361;25645;8
127418;-170461;48923;26210;4
127028;-189655;48899;25010;2
122203;-193214;48597;24788;8
122583;-164008;48621;26613;4
100185;-188739;47221;25067;8
121158;-194708;48532;24694;4
120780;-171042;48508;26173;8
112761;-164246;48007;26598;1
123361;-171214;48670;26163;2
119168;-191109;48408;24919;1
116201;-172017;48222;26112;8
120086;-174560;48465;25954;4
107380;-170570;47671;26203;4
104143;-185441;47468;25273;8
119260;-169223;48413;26287;4
109823;-175566;47823;25891;1
100989;-174402;47271;25963;2
109866;-195477;47826;24646;4
123978;-194503;48708;24707;4
112711;-192119;48004;24856;1
123966;-193586;48707;24764;1
120976;-181822;48521;25500;8
124805;-178773;48760;25690;4
129092;-182108;49028;25482;4
105767;-178311;47570;25719;2
107791;-180597;47696;25576;4
121057;-181029;48526;25549;4
124462;-186873;48738;25184;2
125709;-165110;48816;26544;8
100702;-187419;47253;25150;8
101687;-172771;47315;26065;4
122492;-182746;48615;25442;8
114840;-190766;48137;24941;8
126289;-189463;48853;25022;8
111582;-176479;47933;25834;8
101280;-181145;47290;25542;1
125562;-163936;48807;26618;1
126895;-171953;48890;26116;1
110872;-174608;47889;25951;4
115408;-167608;48173;26388;8
126512;-184393;48867;25339;4
105303;-187998;47541;25114;8
111615;-191571;47935;24890;1
117392;-193516;48297;24769;8
110539;-177073;47868;25796;8
120879;-196126;48514;24606;8
103410;-194195;47423;24726;8
125707;-166792;48816;26439;4
108495;-167765;47740;26378;2
109944;-188871;47831;25059;2
111103;-177906;47903;25744;4
113775;-188842;48070;25061;4
120310;-182030;48479;25487;8
122599;-164787;48622;26564;4
118196;-175198;48347;25914;4
126288;-167002;48853;26426;8
120443;-177203;48487;25788;2
125074;-185383;48777;25277;8
128065;-180516;48964;25581;1
111392;-182423;47922;25462;8
127460;-190817;48926;24937;1
120336;-173520;48481;26019;4
114499;-170170;48116;26228;4
130812;-189675;49135;25009;4
128757;-166198;49007;26476;2
113213;-170620;48035;26200;4
120915;-194157;48517;24729;8
107112;-182170;47654;25478;4
108570;-184360;47745;25341;4
104135;-192627;47468;24824;2
119116;-181872;48404;25497;4
114398;-184725;48109;25318;4
124193;-173081;48722;26046;8
104314;-176883;47479;25808;2
100929;-192427;47268;24837;8
105109;-165016;47529;26550;1
103418;-180578;47423;25577;8
101647;-176349;47312;25842;2
104016;-183981;47461;25365;4
127122;-190098;48905;24982;2
105441;-177029;47550;25799;2
119011;-170165;48398;26228;2
123905;-187094;48704;25170;1
111800;-167541;47947;26392;2
112942;-176778;48018;25815;4
101879;-172607;47327;26076;8
111660;-190981;47938;24927;8
127367;-194999;48920;24676;8
105183;-181063;47533;25547;2
102117;-166700;47342;26445;2
100709;-171687;47254;26133;8
114621;-186250;48123;25223;1
122866;-189517;48639;25019;2
130010;-177524;49085;25768;2
122797;-179102;48634;25670;2
130029;-190685;49086;24946;1
120908;-192649;48516;24823;2
104816;-170672;47511;26197;2
124718;-178808;48754;25688;2
124176;-175164;48721;25916;8
114022;-182145;48086;25479;1
125420;-182360;48798;25466;4
111398;-167831;47922;26374;8
102092;-195742;47340;24630;4
110736;-184232;47881;25349;1
112669;-183277;48001;25409;8
124527;-189903;48742;24995;8
121575;-195501;48558;24645;2
106744;-189546;47631;25017;1
120221;-165114;48473;26544;4
114412;-183311;48110;25407;2
101829;-191754;47324;24879;8
109201;-169558;47785;26266;1
121069;-179044;48526;25673;2
124733;-179589;48755;25639;2
102689;-172455;47378;26085;4
102557;-193132;47369;24793;4
108951;-175342;47769;25905;8
123199;-172894;48659;26058;8
122470;-179082;48614;25671;4
107246;-193885;47662;24746;2
115926;-190923;48205;24931;4
127039;-188203;48899;25101;1
103767;-172819;47445;26062;1
116113;-182974;48217;25428;2
103229;-182391;47411;25464;8
112927;-175251;48017;25910;4
128000;-174858;48960;25935;4
99667;-191996;47189;24864;4
129770;-180812;49070;25563;4
127704;-175721;48941;25881;4
111038;-194542;47899;24705;8
121751;-189840;48569;24999;8
114945;-167217;48144;26412;8
124374;-189966;48733;24991;1
122473;-171308;48614;26157;1
108245;-186313;47725;25219;4
119778;-195297;48446;24657;1
101841;-172658;47325;26072;4
100807;-167741;47260;26380;8
113916;-171491;48079;26145;8
124173;-185236;48720;25286;8
113526;-183527;48055;25393;1
101148;-164109;47281;26607;1
104701;-179364;47503;25653;4
119075;-173852;48402;25998;2
121528;-189575;48555;25015;1
110235;-177043;47849;25798;4
124427;-167181;48736;26415;8
120036;-171632;48462;26137;2
107107;-172667;47654;26072;8
129962;-183789;49082;25377;1
125139;-174334;48781;25968;4
127911;-177507;48954;25769;1
101517;-179068;47304;25672;1
120079;-186431;48464;25212;8
98948;-191344;47144;24905;2
119829;-166702;48449;26445;2
130765;-176197;49132;25851;2
114530;-178628;48118;25699;4
111157;-167830;47907;26374;8
108651;-169539;47750;26267;8
129073;-178824;49027;25687;2
130438;-172308;49112;26094;8
108601;-166164;47747;26478;4
99635;-195957;47187;24616;1
113317;-186600;48042;25201;1
98707;-194940;47129;24680;2
113455;-190603;48050;24951;2
114992;-195938;48147;24617;2
100831;-191683;47261;24883;2
130518;-174179;49117;25977;2
100893;-171291;47265;26158;4
106901;-195734;47641;24630;4
123724;-166919;48692;26431;1
129277;-188018;49039;25112;1
127018;-181287;48898;25533;2
102849;-164690;47388;26570;2
109710;-180558;47816;25579;2
128082;-172212;48965;26100;8
126761;-188464;48882;25085;1
128398;-165081;48984;26546;1
113247;-180546;48037;25579;2
129068;-168580;49026;26327;2
103744;-172768;47444;26066;1
107270;-192273;47664;24846;1
115461;-184036;48176;25361;8
113241;-192825;48037;24812;8
98576;-172675;47121;26071;1
111666;-164450;47939;26585;1
106235;-193951;47599;24742;1
117209;-166304;48285;26470;8
120262;-165021;48476;26550;8
130715;-169539;49129;26267;2
99352;-172118;47169;26106;8
128057;-185889;48963;25245;1
108179;-185039;47721;25299;2
99014;-182155;47148;25479;4
119707;-181520;48441;25519;1
124820;-196021;48761;24612;4
100153;-182761;47219;25441;4
122545;-168515;48619;26331;8
120357;-171572;48482;26140;1
121655;-188210;48563;25100;4
103899;-178346;47453;25717;4
106875;-168908;47639;26307;2
121445;-172248;48550;26098;8
128087;-192405;48965;24838;2
129223;-176879;49036;25809;1
102248;-163983;47350;26615;4
108541;-185519;47743;25269;2
120299;-188734;48478;25068;4
105315;-194798;47542;24689;8
119846;-175212;48450;25913;1
127081;-184887;48902;25308;2
112571;-177393;47995;25776;2
99671;-163896;47189;26620;1
100341;-173151;47231;26042;2
114606;-182113;48122;25481;4
123508;-168108;48679;26357;2
113180;-186390;48033;25214;2
107232;-170965;47662;26178;1
104007;-192344;47460;24842;1
106978;-168351;47646;26342;4
119228;-195212;48411;24663;1
111421;-165678;47923;26509;8
100843;-180108;47262;25607;4
113949;-165050;48081;26548;8
117228;-168682;48286;26321;2
112615;-190477;47998;24959;8
103211;-173974;47410;25990;4
107385;-178132;47671;25730;1
109927;-192404;47830;24838;1
100537;-173484;47243;26021;2
106230;-164893;47599;26558;8
101741;-185727;47318;25256;1
102847;-168611;47387;26325;1
99633;-193752;47187;24754;1
128296;-184963;48978;25303;1
122944;-184567;48644;25328;2
126943;-164332;48893;26593;4
128963;-183907;49020;25369;8
128105;-177482;48966;25771;8
113341;-188355;48043;25091;1
101047;-177810;47275;25750;4
129386;-184690;49046;25320;4
114772;-195665;48133;24634;8
128507;-187983;48991;25115;1
125366;-164842;48795;26561;1
114867;-169706;48139;26257;2
101661;-170194;47313;26226;8
121072;-195598;48527;24639;4
98876;-190961;47139;24928;1
123252;-189910;48663;24994;1
115740;-180364;48193;25591;8
113875;-185979;48077;25240;2
103391;-193831;47421;24749;8
108630;-177272;47749;25784;2
125713;-196114;48817;24606;2
124078;-171964;48714;26116;4
110834;-180557;47887;25579;8
106623;-184089;47623;25358;4
126156;-172814;48844;26063;1
100728;-189101;47255;25045;2
103542;-172982;47431;26052;4
129973;-169046;49083;26298;4
102713;-164978;47379;26552;8
116329;-192709;48230;24819;2
103665;-190375;47439;24965;4
110164;-179791;47845;25627;1
122204;-179700;48597;25632;2
103571;-164878;47433;26559;4
128135;-189038;48968;25049;8
105284;-182341;47540;25467;1
99686;-194818;47190;24687;1
117270;-184002;48289;25363;4
126352;-178301;48857;25720;8
116886;-186613;48265;25200;4
109489;-166354;47803;26466;4
114248;-178089;48100;25733;4
130653;-179922;49125;25618;2
114106;-178951;48091;25679;1
130236;-176945;49099;25804;2
125216;-177430;48786;25774;2
106437;-163875;47612;26621;4
129243;-191938;49037;24867;1
114711;-179265;48129;25659;1
126960;-189647;48895;25011;2
110660;-172399;47876;26089;2
117859;-174233;48326;25974;8
110471;-185061;47864;25297;8
125780;-173162;48821;26041;2
100865;-164106;47264;26607;8
130802;-183451;49135;25398;4
104116;-178135;47467;25730;2
123207;-196579;48660;24577;4
130017;-183473;49086;25396;1
107422;-165286;47673;26533;1
113454;-165241;48050;26536;2
98955;-193276;47144;24784;8
124612;-166167;48748;26478;4
119749;-177086;48444;25796;2
129037;-184057;49024;25360;8
98698;-184561;47128;25328;2
110238;-179879;47849;25621;8
107454;-186752;47675;25192;8
129967;-164208;49082;26601;4
105583;-195907;47558;24619;1
118165;-169741;48345;26255;1
120500;-168075;48491;26359;2
109557;-174604;47807;25951;1
112780;-179065;48008;25672;2
121764;-168713;48570;26319;8
120730;-167292;48505;26408;2
122898;-179133;48641;25668;8
111785;-176630;47946;25824;8
109046;-183454;47775;25398;2
117805;-181651;48322;25510;4
110698;-194567;47878;24703;8
106138;-178783;47593;25690;4
128129;-172963;48968;26053;2
100228;-187501;47224;25145;4
126811;-193551;48885;24767;1
129324;-188032;49042;25112;4
106625;-175803;47624;25876;4
107004;-181135;47647;25543;1
105571;-175986;47558;25864;2
109952;-164070;47832;26609;1
125283;-183781;48790;25377;2
120927;-187619;48517;25137;2
130609;-170104;49123;26232;1
102801;-193140;47385;24792;8
119384;-164392;48421;26589;2
127667;-165547;48939;26517;1
101487;-166984;47302;26427;8
116838;-186136;48262;25230;1
110208;-193834;47848;24749;8
104482;-170023;47490;26237;1
128842;-174921;49012;25931;1
119217;-174715;48411;25944;2
114566;-190321;48120;24968;2
130787;-193837;49134;24749;2
116126;-173631;48217;26012;1
117546;-185886;48306;25246;2
122939;-168485;48643;26333;2
102900;-180248;47391;25598;2
103178;-182570;47408;25453;4
102124;-177357;47342;25779;1
110839;-177635;47887;25761;1
116782;-176228;48258;25849;8
106820;-192899;47636;24807;1
105814;-171593;47573;26139;1
127974;-188495;48958;25083;2
112037;-187818;47962;25125;4
126263;-173978;48851;25990;1
112319;-191305;47979;24907;1
103228;-195046;47411;24673;1
108409;-173139;47735;26042;2
119391;-178899;48421;25682;2
100346;-196323;47231;24593;2
126811;-164715;48885;26569;4
100166;-180569;47220;25578;1
102796;-190309;47384;24969;1
107684;-176299;47690;25845;1
99113;-190473;47154;24959;1
105640;-165544;47562;26517;2
109507;-177815;47804;25750;4
116993;-183576;48272;25390;4
99773;-184180;47195;25352;2
109866;-169705;47826;26257;1
121449;-188647;48550;25073;8
101494;-186451;47303;25210;4
130568;-166556;49120;26454;1
111533;-164086;47930;26608;4
113760;-166250;48070;26473;8
102857;-185690;47388;25258;1
111636;-177781;47937;25752;2
101220;-179565;47286;25641;4
120623;-172770;48498;26065;4
105876;-180722;47577;25568;8
110330;-191645;47855;24886;2
110575;-194050;47870;24735;4
122168;-182018;48595;25487;1
117244;-190531;48287;24955;1
101550;-180285;47306;25596;4
110002;-191557;47835;24891;1
123365;-178046;48670;25736;2
117439;-195521;48299;24643;4
111534;-166241;47930;26473;4
113712;-175600;48067;25889;1
109265;-181167;47789;25541;4
103214;-164303;47410;26595;2
117839;-186590;48324;25202;4
117111;-179587;48279;25639;4
103976;-189857;47458;24997;1
123219;-184361;48661;25341;1
125605;-185613;48810;25263;4
107153;-178274;47657;25721;2
121413;-178863;48548;25685;8
107643;-192344;47687;24842;1
104649;-176999;47500;25801;2
123649;-192016;48688;24863;4
130445;-167842;49112;26373;4
119357;-171288;48419;26158;8
126342;-182041;48856;25486;8
101708;-196585;47316;24577;4
124997;-178959;48772;25679;8
108865;-173767;47764;26003;4
124003;-194382;48710;24715;8
105069;-164717;47526;26569;8
98306;-164645;47104;26573;4
114192;-177494;48097;25770;4
115279;-191562;48164;24891;2
99912;-187763;47204;25128;1
116387;-164622;48234;26575;4
121042;-177875;48525;25746;2
124468;-192393;48739;24839;4
120263;-167636;48476;26386;4
129242;-166040;49037;26486;8
130254;-185765;49100;25253;4
101988;-174761;47334;25941;1
120998;-194144;48522;24730;2
125741;-192727;48818;24818;1
98445;-185929;47112;25243;8
123739;-195354;48693;24654;8
124754;-193848;48757;24748;1
113512;-181151;48054;25542;4
129414;-190815;49048;24938;1
110280;-167618;47852;26387;4
105691;-185243;47565;25286;2
129289;-194169;49040;24728;1
111813;-171468;47948;26147;1
108984;-167887;47771;26371;2
126970;-195429;48895;24649;8
119934;-163923;48455;26618;2
118962;-193542;48395;24767;1
100613;-175612;47248;25888;4
103682;-191436;47440;24899;1
109522;-167197;47805;26414;8
118901;-189780;48391;25002;1
104593;-178247;47497;25723;8
104297;-185629;47478;25262;2
127030;-187460;48899;25147;1
110598;-194270;47872;24722;1
110721;-190164;47880;24978;2
103543;-183936;47431;25368;2
111113;-195314;47904;24656;2
120485;-169098;48490;26295;1
124980;-169874;48771;26246;8
115799;-171523;48197;26143;2
130483;-185496;49115;25270;4
130353;-168852;49107;26310;4
105546;-166997;47556;26426;8
129770;-178653;49070;25698;4
115411;-187778;48173;25127;2
109537;-193196;47806;24789;2
101809;-173312;47323;26032;1
116968;-193237;48270;24786;4
128223;-173467;48973;26022;2
116876;-196219;48264;24600;8
106921;-186135;47642;25230;2
118901;-174144;48391;25980;8
127209;-184599;48910;25326;4
129358;-174257;49044;25972;2
105463;-164835;47551;26561;4
129075;-186646;49027;25198;4
99415;-168641;47173;26323;4
100327;-167142;47230;26417;1
112626;-182959;47999;25429;2
118111;-184028;48341;25362;1
101169;-179372;47283;25653;2
122419;-177604;48611;25763;1
122924;-168823;48642;26312;2
119671;-181053;48439;25548;8
124919;-172248;48767;26098;4
99560;-183737;47182;25380;4
111199;-170806;47909;26188;1
101793;-170555;47322;26204;2
115084;-180330;48152;25593;2
122858;-166978;48638;26427;1
109305;-168967;47791;26303;8
126559;-182015;48869;25488;2
113349;-165622;48044;26512;4
119187;-173099;48409;26045;4
105736;-164710;47568;26569;2
122211;-192805;48598;24813;4
115393;-164770;48172;26565;2
117675;-191228;48314;24912;1
115967;-165681;48207;26508;2
119650;-166755;48438;26441;8
114977;-171343;48146;26155;8
128265;-183875;48976;25371;8
115224;-190592;48161;24952;8
127204;-191091;48910;24920;4
106081;-173551;47590;26017;2
129179;-183367;49033;25403;2
127224;-180685;48911;25571;8
102994;-166816;47397;26438;8
125571;-187405;48808;25151;8
121231;-170664;48536;26197;1
101627;-171498;47311;26145;8
128916;-175536;49017;25893;1
123985;-189913;48709;24994;1
101386;-193048;47296;24798;8
104936;-196285;47518;24596;8
113773;-166890;48070;26433;1
107569;-167656;47683;26385;2
119894;-185018;48453;25300;4
100636;-169766;47249;26253;8
118634;-191124;48374;24918;4
115013;-173585;48148;26014;1
101600;-175182;47310;25915;1
123018;-172775;48648;26065;4
123534;-165077;48680;26546;2
100510;-179424;47241;25650;2
124611;-165908;48748;26494;8
105040;-187323;47525;25156;1
109216;-175821;47786;25875;1
112168;-186674;47970;25196;1
112264;-193505;47976;24769;8
108277;-183002;47727;25426;2
111478;-186822;47927;25187;2
98696;-190110;47128;24982;4
104455;-165361;47488;26528;8
116015;-171290;48210;26158;4
114505;-189838;48116;24999;4
130684;-164548;49127;26579;2
104167;-187273;47470;25159;4
130545;-175134;49119;25918;8
104740;-190139;47506;24980;1
103635;-174129;47437;25980;4
130371;-172288;49108;26096;4
126447;-189316;48862;25031;8
103870;-194538;47451;24705;4
116759;-191130;48257;24918;2
103984;-173084;47459;26046;4
127882;-183301;48952;25407;2
110009;-184663;47835;25322;4
118482;-196125;48365;24606;1
112053;-164279;47963;26596;2
121952;-189355;48582;25029;8
114559;-186581;48119;25202;8
99499;-186123;47178;25231;2
103074;-194751;47402;24692;2
112371;-167806;47983;26376;2
102781;-168164;47383;26353;8
102023;-190511;47336;24957;4
116596;-184110;48247;25357;1
103480;-176998;47427;25801;1
110110;-181119;47841;25544;4
121886;-172181;48577;26102;2
114046;-193699;48087;24757;2
119218;-175987;48411;25864;8
103632;-184547;47437;25329;1
123630;-190285;48686;24971;8
125151;-184843;48781;25311;4
108781;-180418;47758;25587;4
99965;-169524;47207;26268;4
105662;-178365;47563;25716;8
123324;-170474;48667;26209;1
121483;-175713;48552;25881;2
117330;-174411;48293;25963;8
109171;-188004;47783;25113;1
121280;-180473;48540;25584;2
107657;-172900;47688;26057;1
109109;-163857;47779;26622;1
128121;-183433;48967;25399;2
110685;-184021;47877;25362;1
99047;-164992;47150;26552;4
126560;-173930;48870;25993;1
114718;-176389;48129;25839;4
130715;-190942;49129;24930;2
123233;-171210;48662;26163;4
116251;-174906;48225;25932;4
115964;-164243;48207;26598;1
104790;-183446;47509;25398;1
111472;-186481;47927;25208;4
107220;-182854;47661;25435;1
111639;-169305;47937;26282;4
129012;-185504;49023;25270;8
120469;-188686;48489;25071;8
98850;-174415;47138;25963;1
98887;-191444;47140;24898;4
105326;-174119;47542;25981;4
104759;-181112;47507;25544;4
116357;-189647;48232;25011;8
120708;-192948;48504;24804;8
126535;-183871;48868;25372;8
118724;-167494;48380;26395;1
128011;-174933;48960;25930;4
115197;-180360;48159;25591;2
118940;-181257;48393;25535;2
100511;-184465;47241;25334;8
111117;-184379;47904;25340;2
116216;-182425;48223;25462;1
115481;-165019;48177;26550;1
120902;-167249;48516;26410;2
111580;-195157;47933;24666;1
126890;-195000;48890;24676;8
118699;-165636;48378;26511;4
128977;-171754;49021;26129;8
121825;-194667;48574;24697;2
102623;-174380;47373;25965;2
116315;-195857;48229;24622;2
117496;-193561;48303;24766;1
124330;-178543;48730;25705;8
98473;-169094;47114;26295;8
116537;-174598;48243;25951;8
100002;-184500;47210;25332;2
120698;-169019;48503;26300;1
115621;-185445;48186;25273;4
128754;-178671;49007;25697;8
128842;-189790;49012;25002;2
113279;-177662;48039;25760;4
98415;-185089;47110;25295;2
129376;-183520;49046;25394;8
103916;-178235;47454;25724;8
117881;-183026;48327;25424;2
106891;-182885;47640;25433;1
111690;-185401;47940;25276;2
107830;-186231;47699;25224;8
118360;-192059;48357;24860;2
123985;-192857;48709;24810;1
129680;-182131;49065;25480;4
120037;-165280;48462;26534;8
123844;-172147;48700;26104;4
114794;-179680;48134;25634;8
105990;-174451;47584;25960;2
127299;-172007;48916;26113;1
124776;-164446;48758;26586;1
115771;-167051;48195;26423;8
117105;-187025;48279;25174;2
124697;-168145;48753;26354;4
115237;-180402;48162;25588;4
130496;-196188;49116;24602;4
110199;-196163;47847;24603;1
98997;-171639;47147;26136;4
126787;-194589;48884;24702;4
121776;-167929;48571;26368;2
98512;-194977;47117;24677;1
121289;-179094;48540;25670;1
129226;-174987;49036;25927;4
114145;-181459;48094;25522;1
123708;-172317;48691;26094;2
130463;-190296;49113;24970;4
101479;-169033;47302;26299;2
103734;-187780;47443;25127;8
100339;-189393;47231;25026;1
101379;-184467;47296;25334;4
122324;-184631;48605;25324;8
126753;-192753;48882;24816;2
100161;-174469;47220;25959;8
117610;-186462;48310;25210;1
100247;-168347;47225;26342;4
120829;-166668;48511;26447;8
114902;-174425;48141;25962;2
127154;-177397;48907;25776;4
131014;-190399;49148;24964;2
126271;-176110;48851;25857;2
124949;-191040;48769;24924;1
123917;-170603;48704;26201;2
107963;-174093;47707;25983;8
122437;-196225;48612;24599;1
116515;-165656;48242;26510;4
110200;-178901;47847;25682;8
122988;-172358;48646;26091;8
105349;-178388;47544;25714;2
127009;-167624;48898;26387;2
109305;-175257;47791;25910;1
119868;-174975;48451;25928;2
98567;-190667;47120;24947;1
122353;-178339;48607;25717;8
103672;-189368;47439;25028;2
119991;-193275;48459;24784;4
122452;-181409;48613;25525;8
116338;-173513;48231;26019;1
111258;-179133;47913;25668;1
127796;-164912;48947;26557;1
107449;-171619;47675;26137;8
109993;-196233;47834;24599;4
109562;-191156;47807;24916;1
118895;-183345;48390;25404;8
100103;-174987;47216;25927;1
111581;-167008;47933;26426;4
119231;-177487;48411;25771;2
110056;-190348;47838;24967;4
115016;-168748;48148;26317;4
126574;-171081;48870;26171;1
115881;-196339;48202;24592;2
99829;-193718;47199;24756;2
116588;-170877;48246;26184;2
107758;-182144;47694;25480;1
124532;-178611;48743;25700;1
110371;-164691;47858;26570;2
100754;-183814;47257;25375;4
102191;-196433;47346;24586;4
127374;-176099;48920;25857;1
105284;-182672;47540;25447;4
121944;-175724;48581;25881;8
110279;-187069;47852;25172;8
125449;-183990;48800;25364;2
103616;-180440;47436;25586;2
99589;-196415;47184;24588;8
119799;-169499;48447;26270;2
106059;-175393;47588;25901;4
116479;-177846;48239;25748;8
119007;-180774;48397;25565;4
99538;-169276;47181;26284;2
105041;-194417;47525;24712;4
119364;-188987;48420;25052;2
119350;-164778;48419;26565;2
117327;-171024;48292;26175;8
109585;-173276;47809;26034;4
127297;-171084;48916;26171;1
99934;-185789;47205;25252;4
117787;-171924;48321;26118;1
128102;-173065;48966;26047;8
112731;-196263;48005;24597;4
116591;-165130;48246;26543;2
117963;-181480;48332;25521;1
130153;-179323;49094;25656;4
128373;-181674;48983;25509;2
102247;-187331;47350;25155;8
110735;-184079;47880;25359;2
101741;-180234;47318;25599;8
103345;-184040;47419;25361;1
102587;-169801;47371;26251;8
107225;-180124;47661;25606;1
110549;-186242;47869;25223;8
121703;-178184;48566;25727;1
124427;-189135;48736;25043;4
102260;-189528;47351;25018;8
130596;-164648;49122;26573;1
117584;-184077;48309;25359;2
116935;-174203;48268;25976;4
103628;-196402;47436;24588;8
102941;-172585;47393;26077;2
118615;-190120;48373;24981;4
104521;-176404;47492;25838;1
127465;-189831;48926;24999;4
104004;-167129;47460;26418;4
103347;-194000;47419;24739;1
100780;-186528;47258;25206;1
102241;-169203;47350;26288;2
113335;-171301;48043;26157;8
117195;-182765;48284;25441;1
110461;-193059;47863;24797;2
127300;-177496;48916;25770;1
124144;-180200;48719;25601;1
110863;-173573;47888;26015;8
100487;-185550;47240;25267;1
109918;-175533;47829;25893;2
117594;-178533;48309;25705;4
112988;-192136;48021;24855;2
121386;-188653;48546;25073;8
128653;-189122;49000;25043;1
119768;-182282;48445;25471;4
123017;-166448;48648;26461;4
130386;-172046;49109;26111;8
110883;-192875;47890;24809;8
127890;-191239;48953;24911;4
104890;-184785;47515;25314;8
112995;-191149;48022;24917;4
103790;-192066;47446;24859;4
105114;-176144;47529;25855;2
120157;-179761;48469;25628;2
122511;-183081;48616;25421;1
107284;-170594;47665;26201;2
128066;-195469;48964;24647;2
111773;-182272;47945;25472;4
107968;-172647;47708;26073;2
100962;-191399;47270;24901;8
110768;-193602;47883;24763;2
115764;-165496;48195;26520;1
120457;-195383;48488;24652;8
126290;-169513;48853;26269;1
117262;-183353;48288;25404;1
119433;-178346;48424;25717;1
117158;-196366;48282;24591;2
107248;-194854;47663;24685;8
105459;-166139;47551;26480;2
113702;-186435;48066;25211;8
118365;-181644;48357;25511;1
124992;-190879;48772;24934;1
125511;-174612;48804;25950;4
123482;-177613;48677;25763;8
102714;-182657;47379;25447;2
101965;-196094;47332;24608;8
100966;-189060;47270;25047;8
100902;-172519;47266;26081;4
129293;-185983;49040;25240;2
122523;-187844;48617;25123;1
104923;-183785;47517;25377;4
104490;-184692;47490;25320;2
109144;-184813;47781;25313;2
115614;-165114;48185;26544;1
101860;-174066;47326;25984;2
104655;-169465;47500;26272;1
126776;-167691;48883;26383;8
105287;-176550;47540;25829;2
121398;-172909;48547;26057;4
111876;-171399;47952;26151;4
106854;-196435;47638;24586;4
119469;-184469;48426;25334;1
102632;-188221;47374;25100;4
109540;-178208;47806;25726;4
109139;-181320;47781;25531;8
103947;-174886;47456;25933;2
111698;-195362;47941;24653;1
103005;-192866;47397;24809;4
102875;-167494;47389;26395;8
103163;-194706;47407;24694;8
111504;-167461;47929;26397;4
130030;-167331;49086;26405;8
99437;-168531;47174;26330;8
118738;-189960;48381;24991;2
118314;-187359;48354;25154;2
109932;-190571;47830;24953;2
123825;-188124;48699;25106;8
113735;-195155;48068;24666;4
110687;-196457;47877;24585;2
103345;-172033;47419;26111;2
118754;-180989;48382;25552;2
123464;-175802;48676;25876;2
111478;-180467;47927;25584;4
116650;-167036;48250;26424;4
108894;-165083;47765;26546;8
99095;-173859;47153;25997;8
110770;-170331;47883;26218;2
124560;-193377;48745;24777;8
106636;-171902;47624;26120;4
111056;-166855;47901;26435;2
101979;-176965;47333;25803;8
115515;-182026;48179;25487;4
123854;-190269;48700;24972;4
121558;-181597;48557;25514;8
104617;-194309;47498;24719;2
123919;-175728;48704;25881;2
130619;-172781;49123;26065;1
103462;-186046;47426;25236;2
112985;-185347;48021;25279;2
109314;-164730;47792;26568;4
113811;-171945;48073;26117;2
130700;-166698;49128;26445;2
117518;-180805;48304;25563;4
119259;-193782;48413;24752;8
126638;-191031;48874;24924;4
104781;-191282;47508;24908;4
104407;-172204;47485;26101;4
120711;-189619;48504;25012;1
108609;-193697;47748;24757;4
120895;-185113;48515;25294;8
112010;-172440;47960;26086;4
127820;-189034;48948;25049;1
103222;-191726;47411;24881;4
128892;-196583;49015;24577;8
130786;-192655;49134;24823;2
121624;-167974;48561;26365;4
122283;-179293;48602;25658;4
118416;-167143;48361;26417;4
105998;-190852;47584;24935;8
129575;-173351;49058;26029;1
130228;-164124;49099;26606;8
124450;-177281;48738;25783;2
109601;-191738;47810;24880;1
118953;-186327;48394;25218;4
106635;-176288;47624;25846;1
124722;-194116;48755;24731;1
109168;-173540;47783;26017;8
125437;-194318;48799;24719;2
120543;-191188;48493;24914;1
128867;-178990;49014;25677;8
120069;-167386;48464;26402;8
119410;-195829;48423;24624;2
100501;-179953;47241;25616;2
101392;-170311;47297;26219;1
127866;-195670;48951;24634;8
130207;-168904;49097;26307;2
106901;-180085;47641;25608;4
113265;-183329;48039;25405;1
113842;-193890;48075;24745;2
114249;-187454;48100;25148;1
110651;-174890;47875;25933;1
104585;-190465;47496;24959;1
107760;-187860;47695;25122;8
111460;-186581;47926;25202;2
122360;-176799;48607;25814;4
107707;-179686;47691;25633;8
129860;-187908;49076;25119;4
100139;-169232;47218;26287;2
102529;-191786;47368;24877;4
107241;-167502;47662;26395;8
111718;-195060;47942;24672;2
103994;-192342;47459;24842;1
121504;-195137;48554;24667;2
125676;-177101;48814;25795;2
111953;-175833;47957;25874;4
107665;-173074;47689;26046;1
115116;-167184;48154;26415;1
114203;-179416;48097;25650;1
104655;-191369;47500;24903;8
110286;-178922;47852;25681;2
108756;-185745;47757;25254;2
103938;-184588;47456;25327;8
126650;-176969;48875;25803;4
112992;-194990;48022;24677;8
123564;-189530;48682;25018;8
110131;-180724;47843;25568;4
107821;-172691;47698;26070;2
103223;-183624;47411;25387;2
113377;-190841;48046;24936;4
113684;-181582;48065;25515;8
125033;-189296;48774;25033;8
118180;-183511;48346;25394;1
101266;-169211;47289;26288;8
115262;-179901;48163;25620;2
112833;-173211;48012;26038;8
119025;-182658;48399;25447;8
113111;-168959;48029;26304;4
120722;-185547;48505;25267;8
103522;-172985;47430;26052;8
126820;-182744;48886;25442;4
125289;-178675;48790;25696;8
111775;-174229;47945;25974;8
122791;-186654;48634;25198;4
114202;-194003;48097;24738;1
116578;-167596;48246;26389;1
115484;-177171;48177;25790;8
106544;-189078;47619;25046;1
114751;-181545;48131;25517;8
128072;-184347;48964;25342;1
105152;-168206;47532;26351;4
114375;-179322;48108;25656;4
107570;-177796;47683;25751;1
106083;-177901;47590;25745;8
123675;-175432;48689;25899;2
123355;-164942;48669;26555;4
122520;-182649;48617;25448;1
105078;-170072;47527;26234;1
101352;-188348;47294;25092;8
114288;-163986;48103;26614;8
122102;-184432;48591;25337;4
121746;-170478;48569;26209;8
98764;-166498;47132;26457;4
104367;-171343;47482;26155;4
113295;-176233;48040;25849;8
114149;-180017;48094;25612;8
114313;-181133;48104;25543;8
120612;-186125;48498;25231;2
120539;-171274;48493;26159;2
107868;-192640;47701;24824;1
120190;-175521;48471;25893;8
124815;-169080;48760;26296;2
114685;-193744;48127;24755;1
129926;-190615;49080;24950;4
125524;-172686;48805;26071;4
109655;-187909;47813;25119;2
101469;-183781;47301;25377;4
127132;-167426;48905;26399;4
103442;-169832;47425;26249;4
122558;-190287;48619;24971;1
118844;-169277;48387;26284;4
124425;-186701;48736;25195;8
115918;-178521;48204;25706;1
114967;-191593;48145;24889;4
116300;-194877;48228;24684;1
114207;-189495;48097;25020;2
121343;-185893;48543;25245;4
122673;-193294;48627;24783;1
118649;-175433;48375;25899;2
108584;-186950;47746;25179;2
126297;-191629;48853;24887;8
101124;-182376;47280;25465;8
99988;-191739;47209;24880;8
123594;-173272;48684;26034;2
99975;-164586;47208;26577;1
125918;-185862;48829;25247;1
101041;-189414;47275;25025;4
124036;-171258;48712;26160;4
103636;-166114;47437;26481;1
129034;-173770;49024;26003;1
112174;-176422;47970;25837;4
113423;-178155;48048;25729;1
98754;-195292;47132;24658;2
106927;-177584;47642;25765;1
128208;-191647;48973;24886;1
107473;-186971;47677;25178;4
105538;-184311;47556;25344;8
107425;-175840;47674;25874;2
108131;-177859;47718;25747;8
102379;-177508;47358;25769;4
109745;-195522;47819;24643;4
122606;-194192;48622;24727;4
109180;-172426;47783;26087;1
111528;-172305;47930;26094;4
118079;-178639;48339;25699;4
129177;-172958;49033;26054;4
107127;-191393;47655;24901;8
127636;-183969;48937;25365;4
130714;-173872;49129;25997;2
108403;-179092;47735;25670;8
120151;-174951;48469;25929;1
99154;-182811;47157;25438;2
110070;-181386;47839;25527;4
120008;-179927;48460;25618;1
111678;-184186;47939;25352;1
125364;-170913;48795;26181;8
101928;-177686;47330;25758;2
112584;-185252;47996;25285;8
125198;-181552;48784;25517;4
118133;-185855;48343;25248;1
117261;-165361;48288;26528;1
128011;-180439;48960;25586;8
121727;-176767;48567;25816;8
129447;-167464;49050;26397;4
129089;-185313;49028;25281;1
128546;-169144;48994;26292;2
118094;-190452;48340;24960;4
112741;-165654;48006;26510;4
104647;-193490;47500;24770;1
127092;-176828;48903;25812;2
117994;-194840;48334;24686;4
120637;-189447;48499;25023;2
115077;-175677;48152;25884;1
99283;-164949;47165;26554;2
121219;-168914;48536;26306;1
100472;-190636;47239;24949;4
126987;-164397;48896;26589;4
99736;-188241;47193;25098;4
121610;-171174;48560;26165;1
127720;-184447;48942;25336;4
127690;-181306;48940;25532;4
106154;-169612;47594;26263;4
102393;-195219;47359;24662;4
101033;-169245;47274;26286;8
111460;-182249;47926;25473;2
130368;-168544;49108;26330;1
127136;-173146;48906;26042;8
98405;-178988;47110;25677;1
117803;-189812;48322;25000;4
116058;-179408;48213;25651;2
116669;-165895;48251;26495;4
130937;-194525;49143;24706;1
107757;-185429;47694;25274;2
113717;-181118;48067;25544;2
98605;-195950;47122;24617;2
109866;-188946;47826;25054;1
130415;-171889;49110;26120;1
110273;-194310;47852;24719;2
126311;-173097;48854;26045;8
100544;-195427;47244;24649;4
126419;-180672;48861;25572;2
118168;-192022;48345;24862;1
100756;-191888;47257;24871;2
122440;-189124;48612;25043;2
122333;-167239;48605;26411;4
104417;-170501;47486;26207;8
111775;-168650;47945;26323;4
126699;-167218;48878;26412;4
105202;-187146;47535;25167;2
101404;-195865;47297;24622;4
108604;-185858;47747;25247;1
101512;-175532;47304;25893;1
106689;-170838;47628;26186;1
112824;-165653;48011;26510;8
130293;-164909;49103;26557;4
130251;-173451;49100;26023;4
125317;-187343;48792;25155;8
106551;-187756;47619;25129;2
129273;-172522;49039;26081;4
109509;-175337;47804;25905;8
130872;-186025;49139;25237;2
119892;-172346;48453;26092;8
118410;-180714;48360;25569;1
111382;-166553;47921;26454;4
120615;-191646;48498;24886;2
129765;-196402;49070;24588;8
114350;-165338;48106;26530;8
129291;-194385;49040;24714;4
115480;-183597;48177;25389;8
120013;-189832;48460;24999;8
109436;-189170;47799;25040;4
110353;-186841;47857;25186;1
128887;-196190;49015;24602;4
113850;-182927;48075;25431;8
129404;-174695;49047;25945;2
102632;-179878;47374;25621;1
100843;-186852;47262;25185;1
112663;-175234;48001;25911;1
99596;-170366;47184;26216;8
119319;-195947;48417;24617;8
104749;-168417;47506;26337;2
104784;-184642;47509;25323;2
120290;-194412;48478;24713;4
118210;-181968;48348;25491;8
129636;-194001;49062;24738;2
114370;-181104;48108;25545;1
125999;-195938;48834;24617;4
98820;-169309;47136;26282;8
115568;-182825;48183;25437;1
114509;-185198;48116;25289;8
124455;-194923;48738;24681;2
107640;-170721;47687;26193;1
98768;-183335;47133;25405;8
119301;-179502;48416;25645;4
104114;-175375;47467;25903;4
113816;-165891;48073;26495;2
101291;-188917;47290;25056;2
105890;-164467;47578;26584;8
120041;-181733;48462;25505;2
99173;-189222;47158;25037;4
98894;-187916;47140;25119;4
127724;-168654;48942;26323;4
101191;-179971;47284;25615;1
111219;-188214;47911;25100;2
111441;-179869;47925;25622;2
99985;-182647;47209;25448;2
111810;-186340;47948;25217;4
106112;-177788;47592;25752;8
107997;-194536;47709;24705;2
112709;-191772;48004;24878;8
112681;-181695;48002;25508;4
110659;-185046;47876;25298;1
123959;-189483;48707;25021;1
111047;-182318;47900;25469;2
114239;-170229;48099;26224;2
102776;-196532;47383;24580;8
118182;-170026;48346;26237;1
126376;-178385;48858;25714;4
123193;-169820;48659;26250;8
116500;-189413;48241;25025;4
115059;-163968;48151;26616;8
128657;-170247;49001;26223;4
111276;-175896;47914;25870;4
120517;-169679;48492;26259;4
118749;-175341;48381;25905;8
117254;-194567;48288;24703;8
111488;-172606;47928;26076;4
124695;-177723;48753;25756;4
121324;-171190;48542;26164;8
116715;-192681;48254;24821;1
112501;-177102;47991;25795;1
114951;-195643;48144;24636;4
125499;-179155;48803;25666;4
127006;-171100;48897;26170;2
124365;-186301;48732;25220;2
129598;-190871;49059;24934;4
121114;-181786;48529;25502;4
99308;-172417;47166;26087;8
119574;-175097;48433;25920;4
125545;-179055;48806;25673;1
129540;-171306;49056;26157;4
98350;-169378;47106;26277;4
106149;-171408;47594;26151;4
130658;-167312;49126;26407;1
104838;-174469;47512;25959;4
100575;-168647;47245;26323;8
115156;-193592;48157;24764;1
125886;-186525;48827;25206;2
110056;-192784;47838;24815;4
126339;-174617;48856;25950;8
123333;-181852;48668;25498;4
108794;-192146;47759;24854;1
130058;-175579;49088;25890;1
113173;-182048;48033;25486;2
105930;-186673;47580;25196;4
107378;-185395;47671;25276;8
98649;-187196;47125;25164;2
102362;-171453;47357;26148;1
100366;-182727;47232;25443;1
114826;-189717;48136;25006;2
106004;-168958;47585;26304;8
110351;-173065;47856;26047;2
119536;-179890;48431;25620;8
123568;-179577;48683;25640;1
123919;-188310;48704;25094;4
99246;-173795;47162;26001;8
114257;-185300;48101;25282;2
102983;-164515;47396;26581;1
112667;-164987;48001;26552;2
110533;-182111;47868;25482;2
101708;-167095;47316;26420;4
130393;-165011;49109;26550;1
130026;-192449;49086;24835;8
123342;-175951;48668;25867;4
112806;-183172;48010;25415;4
113823;-193343;48073;24780;8
103751;-179391;47444;25652;4
123156;-187850;48657;25123;2
113715;-169153;48067;26291;2
128897;-178828;49016;25687;1
127576;-186196;48933;25226;8
107026;-190876;47649;24934;2
110879;-172022;47889;26112;1
127407;-175253;48922;25910;1
111596;-180118;47934;25606;4
105604;-170265;47560;26222;8
125831;-181762;48824;25503;1
123315;-177494;48667;25770;8
113128;-178771;48030;25690;1
106942;-185184;47643;25290;4
125408;-164711;48798;26569;4
120500;-167576;48491;26390;4
112197;-165462;47972;26522;2
122627;-170621;48624;26200;1
102480;-184917;47365;25306;2
123691;-170971;48690;26178;2
109518;-182058;47804;25485;1
115242;-185732;48162;25255;2
115767;-178944;48195;25680;2
114720;-191680;48130;24884;1
121260;-176584;48538;25827;8
98910;-188766;47141;25066;2
130017;-186855;49086;25185;4
128959;-177528;49019;25768;2
116855;-168773;48263;26315;8
125068;-185574;48776;25265;1
102147;-184891;47344;25308;4
113637;-168224;48062;26350;8
111139;-173049;47906;26048;8
103758;-169024;47444;26300;1
128450;-184131;48988;25355;1
99633;-194213;47187;24725;2
117068;-186094;48276;25233;8
119857;-175585;48451;25889;2
129155;-184366;49032;25341;2
108024;-175514;47711;25894;1
124661;-179519;48751;25644;8
106169;-181724;47595;25506;2
98756;-166132;47132;26480;8
107024;-174960;47649;25929;4
101751;-189224;47319;25037;4
115793;-181912;48197;25494;4
102564;-165167;47370;26541;1
124224;-186974;48724;25178;1
107738;-176444;47693;25836;8
124995;-175484;48772;25896;1
103718;-188908;47442;25057;4
112242;-184120;47975;25356;8
114231;-178596;48099;25701;2
115546;-171038;48181;26174;4
98816;-173729;47136;26005;2
125293;-176974;48790;25803;4
125111;-166343;48779;26467;8
103762;-173587;47445;26014;1
127640;-187789;48937;25127;8
99631;-169914;47186;26244;4
119554;-173310;48432;26032;1
106859;-192415;47638;24838;1
104804;-177848;47510;25748;4
103519;-188629;47429;25074;4
110068;-194490;47839;24708;8
117572;-175309;48308;25907;1
103059;-196586;47401;24577;2
109153;-194671;47782;24697;1
123038;-167155;48649;26416;2
111698;-164194;47941;26601;4
122023;-173481;48586;26021;2
123942;-187254;48706;25160;1
125494;-164707;48803;26569;8
100439;-164878;47237;26559;8
123457;-192138;48676;24855;1
111175;-190891;47908;24933;4
121304;-165929;48541;26493;8
120651;-170036;48500;26236;2
119503;-176501;48428;25832;1
128195;-164889;48972;26558;4
104355;-165835;47482;26499;4
128658;-169206;49001;26288;4
114930;-195052;48143;24673;4
104923;-167455;47517;26398;1
105372;-187092;47545;25170;8
123193;-191611;48659;24888;1
112929;-182631;48018;25449;4
117539;-179657;48306;25635;8
122412;-173646;48610;26011;2
102574;-173558;47370;26016;4
129271;-189303;49039;25032;4
118986;-190360;48396;24966;2
117122;-173861;48280;25997;1
121924;-192306;48580;24844;8
110973;-172505;47895;26082;4
118021;-168049;48336;26360;1
111502;-166168;47928;26478;8
118471;-164381;48364;26590;4
130603;-167842;49122;26373;2
111218;-174896;47911;25933;4
107285;-168583;47665;26327;1
112117;-183634;47967;25386;1
98319;-177362;47104;25778;4
119775;-196317;48445;24594;8
100582;-187771;47246;25128;1
117083;-178466;48277;25709;8
98735;-186232;47130;25224;2
123441;-191293;48675;24908;4
103783;-165866;47446;26497;1
123698;-164247;48691;26598;2
110427;-172985;47861;26052;8
125624;-173304;48811;26032;1
119838;-190543;48449;24955;8
119013;-177451;48398;25773;2
124787;-186573;48759;25203;2
99647;-179363;47187;25653;1
122823;-167350;48636;26404;4
102377;-179878;47358;25621;8
125713;-183814;48817;25375;8
98756;-189955;47132;24991;8
127626;-194725;48936;24693;2
123142;-163842;48656;26623;8
122845;-194498;48637;24707;1
129696;-177027;49066;25799;4
109980;-187163;47833;25166;1
124415;-195801;48735;24626;8
103220;-194746;47411;24692;4
111645;-191839;47937;24874;8
100720;-181946;47255;25492;2
103966;-177734;47457;25755;8
119898;-180326;48453;25593;4
127029;-168512;48899;26332;2
101044;-194272;47275;24722;8
115735;-196444;48193;24586;4
127629;-168457;48936;26335;4
108251;-165652;47725;26510;4
108648;-196285;47750;24596;1
124082;-185225;48715;25287;1
129984;-195242;49084;24661;4
100785;-183413;47259;25400;2
103070;-175848;47401;25873;1
122906;-177484;48641;25771;8
107624;-193679;47686;24759;2
101007;-188449;47272;25085;4
100545;-184541;47244;25330;4
115242;-178071;48162;25734;2
116726;-167645;48255;26386;4
113938;-167474;48081;26396;8
110293;-173560;47853;26016;4
118432;-193564;48362;24766;1
102170;-167128;47345;26418;1
123575;-168284;48683;26346;4
119898;-188900;48453;25057;4
112265;-164195;47976;26601;8
128018;-183396;48961;25401;2
101915;-183979;47329;25365;4
107209;-166567;47660;26453;1
113603;-174418;48060;25962;2
125395;-191522;48797;24893;2
125121;-193113;48780;24794;8
124301;-188682;48728;25071;2
126807;-172321;48885;26093;4
116471;-180352;48239;25592;8
127130;-169043;48905;26298;4
100390;-182339;47234;25467;1
118444;-182892;48362;25433;2
101799;-172749;47322;26067;4
109239;-169113;47787;26294;8
127298;-186862;48916;25185;8
123862;-184264;48701;25347;4
107574;-167495;47683;26395;1
118667;-194257;48376;24722;4
112826;-174142;48011;25980;4
111947;-195206;47956;24663;8
119536;-177292;48431;25783;8
124847;-193049;48762;24798;1
99116;-168692;47154;26320;1
125736;-192209;48818;24850;1
115102;-173307;48153;26032;1
99740;-170590;47193;26202;4
128780;-190576;49008;24953;8
111024;-169506;47899;26269;4
128342;-170113;48981;26231;8
108159;-183529;47719;25393;8
107427;-191039;47674;24924;4
118042;-176134;48337;25855;4
118226;-181691;48349;25508;1
129372;-186015;49045;25238;2
127345;-180267;48919;25597;8
112427;-169437;47986;26274;8
125488;-196334;48803;24593;4
103782;-194643;47446;24698;2
124421;-175424;48736;25900;8
120485;-182712;48490;25444;4
98499;-165092;47116;26545;1
101957;-195026;47332;24674;1
130829;-175092;49136;25920;2
110876;-164449;47889;26585;4
114185;-165343;48096;26530;1
125874;-181988;48827;25489;8
130344;-186443;49106;25211;4
119640;-190628;48437;24949;8
128232;-186304;48974;25220;4
110942;-172043;47893;26111;1
110936;-171363;47893;26153;8
127493;-164762;48928;26566;4
126840;-171563;48887;26141;4
116863;-172869;48263;26059;1
117608;-165387;48310;26527;4
130383;-165227;49108;26537;2
115893;-182901;48203;25432;8
128786;-189626;49009;25012;8
100302;-187024;47228;25175;1
99695;-192235;47190;24849;8
120477;-172461;48489;26085;8
123912;-191660;48704;24885;1
111224;-169839;47911;26249;4
130407;-180299;49110;25595;8
114010;-175634;48085;25886;4
99755;-183247;47194;25411;1
114444;-191966;48112;24866;2
111495;-170051;47928;26235;4
129508;-164727;49054;26568;2
121702;-166519;48566;26456;1
110305;-182139;47854;25480;8
128432;-191132;48987;24918;2
99623;-191075;47186;24921;4
124483;-171566;48740;26141;2
120692;-165169;48503;26540;2
127401;-168674;48922;26321;8
113134;-168562;48030;26328;1
125052;-183569;48775;25390;1
100840;-192347;47262;24842;4
116866;-193087;48264;24796;4
121056;-172768;48526;26066;8
117874;-171059;48327;26172;8
101135;-165090;47280;26545;8
114480;-196477;48115;24584;2
130998;-196287;49147;24596;8
129640;-171340;49062;26155;1
107570;-178488;47683;25708;4
122517;-194515;48617;24706;4
98553;-166338;47119;26467;4
127684;-186276;48940;25221;4
130395;-188648;49109;25073;8
100909;-196089;47266;24608;1
102766;-176550;47382;25829;1
122094;-175558;48590;25891;2
100973;-188922;47270;25056;2
104185;-193949;47471;24742;4
119931;-167983;48455;26365;4
118996;-179497;48397;25645;1
129850;-164876;49075;26559;8
109572;-186834;47808;25186;1
123765;-167933;48695;26368;2
126847;-187661;48887;25135;1
109784;-193515;47821;24769;4
117740;-164181;48318;26602;8
101643;-171532;47312;26143;1
110000;-185379;47835;25277;2
107543;-174904;47681;25932;4
121331;-168213;48543;26350;2
107666;-192086;47689;24858;1
120555;-178579;48494;25702;4
110966;-169414;47895;26275;2
126951;-188471;48894;25084;1
119895;-171977;48453;26115;2
124853;-164534;48763;26580;2
119057;-172052;48401;26110;8
100881;-190044;47265;24986;1
124232;-185941;48724;25242;2
104163;-172947;47470;26054;2
127015;-172993;48898;26051;4
112193;-186681;47972;25196;4
119021;-164942;48398;26555;8
112956;-176667;48019;25822;2
98761;-175256;47132;25910;1
117044;-182092;48275;25483;8
103387;-179209;47421;25663;1
105153;-187302;47532;25157;4
112400;-182690;47985;25445;1
99146;-192026;47156;24862;1
101667;-178392;47314;25714;4
116633;-165539;48249;26517;2
98793;-194122;47134;24731;8
119530;-192872;48430;24809;1
104320;-190998;47480;24926;8
124766;-190321;48757;24968;8
130307;-179929;49104;25618;4
131051;-190643;49150;24948;8
123038;-183396;48649;25401;2
125006;-195876;48772;24621;8
122320;-175666;48605;25884;4
125031;-190561;48774;24953;8
106143;-178975;47593;25678;2
129493;-170209;49053;26225;4
108261;-169782;47726;26252;2
107769;-194254;47695;24723;1
100819;-174090;47261;25983;1
114319;-173693;48104;26008;2
104400;-174040;47485;25986;8
124927;-164103;48767;26607;2
111959;-175778;47957;25877;8
113009;-175792;48023;25877;1
130067;-185534;49089;25268;8
123596;-189296;48684;25033;8
123429;-177489;48674;25770;1
106855;-190603;47638;24951;4
123598;-194517;48684;24706;1
98998;-196002;47147;24613;4
127615;-165738;48935;26505;4
122183;-194621;48596;24700;4
120182;-166069;48471;26484;8
111083;-186673;47902;25196;4
101608;-188261;47310;25097;8
106762;-172759;47632;26066;2
127596;-176052;48934;25860;2
106966;-194671;47645;24697;2
129766;-190740;49070;24942;2
112676;-172301;48002;26095;4
129449;-187341;49050;25155;1
121280;-196158;48540;24604;2
110125;-169917;47842;26244;2
98365;-185238;47107;25286;8
111602;-174902;47935;25932;2
105147;-172596;47531;26076;4
115609;-186956;48185;25179;4
100297;-183090;47228;25420;2
129121;-182063;49030;25485;8
103068;-173836;47401;25999;8
105507;-191138;47554;24917;4
101589;-188657;47309;25072;1
130700;-174164;49128;25978;8
111395;-174970;47922;25928;2
122191;-174315;48596;25969;2
108210;-191185;47723;24914;4
110113;-172457;47842;26085;2
121007;-184779;48522;25315;1
105109;-179080;47529;25671;4
127163;-194731;48907;24693;2
130220;-168280;49098;26346;1
111810;-165832;47948;26499;1
109671;-191747;47814;24879;4
121290;-190259;48540;24972;1
125099;-190044;48778;24986;2
118149;-170311;48344;26219;4
99748;-193853;47194;24748;4
121590;-167818;48559;26375;2
113567;-194080;48057;24734;4
123617;-170717;48686;26194;2
115212;-184171;48160;25353;2
124393;-188725;48734;25068;8
125933;-181150;48830;25542;1
124482;-184981;48740;25302;1
122343;-185718;48606;25256;2
114327;-190511;48105;24957;4
127393;-175937;48922;25867;1
102745;-182468;47381;25459;4
103507;-182394;47429;25464;8
107225;-172333;47661;26093;2
120376;-168675;48483;26321;1
122054;-169434;48588;26274;1
126340;-196363;48856;24591;8
121768;-176155;48570;25854;1
108031;-166820;47711;26437;8
122912;-184938;48642;25305;2
103562;-180980;47432;25552;8
123995;-170302;48709;26220;2
104991;-185347;47521;25279;8
125501;-165640;48803;26511;8
113371;-174598;48045;25951;2
119904;-176195;48454;25851;8
129542;-177887;49056;25746;8
113474;-188623;48052;25075;1
105473;-192345;47552;24842;4
117592;-171027;48309;26174;2
127800;-174094;48947;25983;4
113142;-184406;48031;25338;2
111344;-171122;47919;26168;8
112458;-181576;47988;25515;1
122112;-179301;48592;25657;8
111335;-172600;47918;26076;8
121068;-170787;48526;26189;4
123972;-188984;48708;25052;4
123542;-168343;48681;26342;2
115573;-189641;48183;25011;2
123568;-168527;48683;26331;2
107800;-184897;47697;25307;4
129082;-174384;49027;25965;2
101343;-189649;47293;25010;2
118352;-167815;48357;26375;1
123234;-179083;48662;25671;4
122572;-193046;48620;24798;8
119564;-183850;48432;25373;2
113562;-188230;48057;25099;8
102235;-173996;47349;25989;8
105457;-185245;47551;25286;2
101588;-175027;47309;25924;1
105214;-185058;47535;25297;1
115271;-185531;48164;25268;1
129725;-185824;49067;25250;1
129146;-196137;49031;24605;4
114066;-188421;48089;25087;1
129870;-190211;49076;24975;8
125125;-179875;48780;25621;1
100584;-185172;47246;25290;4
103689;-174062;47440;25985;8
119819;-183169;48448;25415;2
120219;-172497;48473;26082;2
121713;-186256;48567;25223;2
128192;-181560;48972;25516;4
113272;-180717;48039;25569;2
122063;-189318;48588;25031;1
130228;-195483;49099;24646;4
120927;-183613;48517;25388;2
108504;-190261;47741;24972;2
110030;-171909;47836;26119;8
103894;-190664;47453;24947;2
100331;-187814;47230;25125;1
108740;-168717;47756;26319;1
118437;-191160;48362;24916;1
114326;-169570;48105;26265;1
110658;-184249;47876;25348;1
124879;-175590;48764;25889;1
126872;-177903;48889;25745;8
109626;-171546;47811;26142;4
104588;-182501;47496;25457;1
112220;-177427;47973;25774;1
113635;-164487;48062;26583;8
116738;-174573;48256;25953;1
115943;-178731;48206;25693;1
119931;-178437;48455;25711;4
102346;-187796;47356;25126;8
101616;-165472;47311;26522;2
127901;-190372;48953;24965;2
119169;-174936;48408;25930;4
107502;-167893;47678;26370;1
129323;-167870;49042;26372;2
110458;-166879;47863;26434;8
110416;-171883;47861;26121;2
127434;-189859;48924;24997;1
108165;-172546;47720;26079;4
100081;-193149;47215;24792;8
109283;-173628;47790;26012;4
127787;-191224;48946;24912;2
126265;-178361;48851;25716;1
100405;-174110;47235;25982;1
125130;-165152;48780;26542;2
131031;-188636;49149;25074;4
108203;-170171;47722;26228;2
113741;-187344;48068;25155;2
118154;-175130;48344;25918;8
116158;-178273;48219;25721;8
98530;-182414;47118;25463;2
109414;-188408;47798;25088;4
103260;-189519;47413;25019;4
129837;-179417;49074;25650;1
117483;-171793;48302;26126;2
114949;-165138;48144;26542;8
104729;-177803;47505;25751;4
99485;-176845;47177;25811;4
102937;-174818;47393;25937;8
119673;-184191;48439;25352;4
122408;-191808;48610;24876;2
123246;-170042;48662;26236;2
121984;-182751;48584;25442;8
122234;-187322;48599;25156;8
121865;-188981;48576;25052;1
103050;-190997;47400;24926;8
113467;-171394;48051;26151;4
114549;-165784;48119;26502;8
111914;-192057;47954;24860;8
103342;-168404;47418;26338;4
129336;-166459;49043;26460;8
120264;-173424;48476;26025;2
102721;-190063;47380;24985;1
125491;-167890;48803;26370;8
123078;-166868;48652;26434;8
126576;-189691;48871;25008;4
104022;-167595;47461;26389;4
111317;-195790;47917;24627;8
109414;-168290;47798;26345;4
121262;-171860;48538;26122;8
107253;-190596;47663;24951;8
111024;-190596;47899;24951;1
119990;-163904;48459;26620;2
98817;-165089;47136;26545;1
112101;-183316;47966;25406;1
123951;-194135;48706;24730;4
101150;-190692;47281;24945;8
118610;-169885;48373;26246;8
101096;-189747;47278;25004;1
123608;-187846;48685;25123;2
104155;-188693;47469;25070;1
105105;-196527;47529;24581;1
110005;-168299;47835;26345;1
125041;-185175;48775;25290;2
111423;-171990;47923;26114;8
115080;-185494;48152;25270;1
112202;-186862;47972;25185;8
113527;-195566;48055;24641;1
120301;-173929;48478;25993;4
129592;-192894;49059;24808;1
110202;-193794;47847;24751;2
106148;-179795;47594;25626;8
113960;-166623;48082;26450;1
126868;-192510;48889;24832;4
113147;-167378;48031;26402;4
111394;-187155;47922;25166;1
117056;-179918;48276;25619;2
125810;-188475;48823;25084;4
129872;-172858;49077;26060;1
111488;-173920;47928;25994;1
112121;-178564;47967;25703;1
125388;-182597;48796;25451;4
106947;-186699;47644;25195;8
112714;-168256;48004;26348;2
116497;-181738;48241;25505;2
119491;-179969;48428;25615;4
123558;-180065;48682;25609;4
122192;-186854;48597;25185;1
104650;-192505;47500;24832;4
117606;-185602;48310;25263;2
130017;-168479;49086;26334;1
127194;-184675;48909;25321;4
106518;-194626;47617;24699;2
127837;-173470;48949;26022;1
125373;-167629;48795;26387;8
105332;-173436;47543;26024;4
117067;-174393;48276;25964;2
130904;-187352;49141;25154;4
110607;-184330;47872;25343;1
110165;-182353;47845;25466;8
115910;-172746;48204;26067;4
116746;-185231;48256;25287;1
129607;-169154;49060;26291;8
131066;-166166;49151;26478;1
119439;-189015;48424;25050;4
103214;-175734;47410;25880;4
112539;-169282;47993;26283;2
110697;-171728;47878;26131;4
101716;-173346;47317;26029;1
123678;-179443;48689;25648;8
103336;-188630;47418;25074;8
102635;-178566;47374;25703;1
118303;-177221;48353;25787;8
124959;-192636;48769;24824;4
125587;-165036;48809;26549;8
111724;-181617;47942;25512;1
108916;-174683;47767;25946;8
102720;-176121;47380;25856;2
117759;-177158;48319;25791;4
118358;-175563;48357;25891;1
118648;-167523;48375;26393;8
104419;-188279;47486;25096;1
117724;-177766;48317;25753;4
109323;-185579;47792;25265;2
115046;-193761;48150;24753;2
130056;-170271;49088;26222;1
118568;-183149;48370;25417;8
123178;-169419;48658;26275;1
98459;-178355;47113;25716;1
106497;-190252;47616;24973;1
101556;-190987;47307;24927;8
115031;-187150;48149;25167;2
110048;-184789;47838;25314;8
115486;-166939;48177;26430;8
99332;-168573;47168;26328;8
124520;-180593;48742;25576;2
115816;-172402;48198;26088;1
121742;-190458;48568;24960;8
124468;-183505;48739;25394;4
111832;-189041;47949;25048;4
123053;-166117;48650;26481;1
127770;-196408;48945;24588;2
103149;-178464;47406;25710;2
110908;-165952;47891;26492;2
111556;-188046;47932;25111;4
98476;-184301;47114;25345;4
124304;-182376;48729;25465;1
110170;-188598;47845;25076;4
107598;-190063;47684;24985;8
125777;-169643;48821;26261;8
111170;-175379;47908;25902;4
114192;-176888;48097;25808;8
107220;-178192;47661;25727;2
113718;-166643;48067;26448;1
122428;-185908;48611;25244;8
104867;-195773;47514;24628;1
113881;-183976;48077;25365;1
107636;-193771;47687;24753;8
122904;-180352;48641;25592;8
124828;-180902;48761;25557;1
101340;-165249;47293;26535;4
107364;-186912;47670;25182;2
123731;-172362;48693;26091;8
107561;-183369;47682;25403;4
110819;-172236;47886;26099;8
123796;-181594;48697;25514;8
101066;-187012;47276;25175;8
114326;-176744;48105;25817;1
116090;-173311;48215;26032;8
100435;-185876;47237;25246;4
126910;-186448;48891;25211;8
112558;-179704;47994;25632;4
103728;-168650;47443;26323;2
112108;-171421;47966;26150;1
105440;-190782;47550;24940;2
109425;-195252;47799;24660;4
117324;-186220;48292;25225;4
117704;-179183;48316;25665;1
115465;-192290;48176;24845;1
125213;-189025;48785;25049;2
107135;-169444;47655;26273;8
105359;-189019;47544;25050;4
123757;-192412;48694;24838;4
115034;-175840;48149;25874;8
102473;-186844;47364;25186;8
101274;-174136;47289;25980;8
126698;-177889;48878;25745;2
126773;-175362;48883;25903;2
106672;-181772;47627;25503;8
100317;-168839;47229;26311;1
99331;-193500;47168;24770;4
122984;-165694;48646;26508;8
130627;-174423;49124;25962;4
100995;-167651;47272;26385;1
106468;-172485;47614;26083;8
116684;-168704;48252;26320;2
118526;-187982;48367;25115;1
120917;-181296;48517;25533;4
113074;-181911;48027;25494;1
128147;-166934;48969;26430;2
128626;-195187;48999;24664;4
123736;-168773;48693;26315;8
119175;-179935;48408;25618;4
114115;-173090;48092;26045;8
124198;-175404;48722;25901;8
103216;-166290;47411;26470;4
108779;-169175;47758;26290;1
116247;-188231;48225;25099;1
109810;-168816;47823;26313;2
100082;-188032;47215;25112;2
122147;-194730;48594;24693;8
99559;-186226;47182;25224;8
103879;-167172;47452;26415;8
108724;-187626;47755;25137;8
117758;-195173;48319;24665;8
126747;-185428;48881;25274;4
104849;-189375;47513;25028;1
108842;-177886;47762;25746;1
108590;-190463;47746;24960;8
105568;-183139;47558;25417;4
106005;-193733;47585;24755;2
103305;-181035;47416;25549;4
104620;-185454;47498;25273;2
107002;-172077;47647;26109;1
115816;-190785;48198;24939;4
106184;-189974;47596;24990;4
107876;-170995;47702;26176;8
105332;-173687;47543;26008;2
125917;-183948;48829;25367;1
101649;-167356;47313;26404;1
102669;-190243;47376;24973;1
129627;-191479;49061;24896;8
128256;-176019;48976;25862;1
115516;-192639;48179;24824;2
123531;-167305;48680;26407;8
128923;-170934;49017;26180;1
112260;-188930;47976;25055;4
105664;-175826;47564;25874;1
107949;-164851;47706;26560;4
105226;-196530;47536;24580;1
125979;-195352;48833;24654;4
117399;-178839;48297;25686;4
129663;-169296;49063;26283;2
112225;-185235;47974;25286;4
103483;-182656;47427;25448;8
102935;-191466;47393;24897;4
104621;-180362;47498;25591;1
121152;-166749;48532;26442;8
116816;-196076;48261;24609;2
125169;-196190;48783;24602;8
129435;-171889;49049;26120;4
120927;-171985;48517;26114;2
104649;-170320;47500;26219;8
129653;-176301;49063;25845;4
128050;-194980;48963;24677;2
110032;-184085;47837;25358;2
99859;-182665;47201;25447;2
128599;-187800;48997;25126;2
102648;-166293;47375;26470;4
106082;-192185;47590;24852;2
124832;-170397;48762;26214;2
122137;-189463;48593;25022;4
106671;-184174;47626;25353;1
103245;-164949;47412;26554;8
111586;-167171;47934;26415;8
109304;-192964;47791;24803;2
121582;-167113;48558;26419;2
103573;-190397;47433;24964;1
120590;-177132;48496;25793;1
129262;-190924;49038;24931;4
113032;-164870;48024;26559;1
122930;-193572;48643;24765;1
127916;-169007;48954;26301;1
113892;-194153;48078;24729;8
127444;-185399;48925;25276;8
103198;-194835;47409;24686;4
118461;-196128;48363;24606;4
125200;-190689;48785;24945;8
125239;-173893;48787;25995;2
101051;-170002;47275;26238;4
113319;-190700;48042;24945;4
101873;-167454;47327;26398;8
110579;-190577;47871;24952;2
106157;-189491;47594;25020;1
126945;-171374;48894;26153;8
128528;-166258;48993;26472;4
120851;-181734;48513;25505;8
105394;-195897;47547;24620;1
127257;-191630;48913;24887;2
111967;-175689;47957;25883;4
106006;-189828;47585;24999;2
116421;-164889;48236;26558;4
119240;-169136;48412;26293;8
127845;-170483;48950;26208;8
103219;-189638;47411;25011;1
124075;-189071;48714;25047;1
105472;-179197;47552;25664;8
99937;-192923;47206;24806;2
121931;-166179;48580;26477;8
117485;-171693;48302;26133;1
110998;-193068;47897;24797;8
121255;-193806;48538;24751;2
115476;-191433;48177;24899;1
120138;-177493;48468;25770;8
105059;-177701;47526;25757;2
115098;-191670;48153;24884;1
110244;-165035;47850;26549;4
127718;-167903;48942;26370;1
122996;-178575;48647;25703;4
120678;-168027;48502;26362;2
103464;-181900;47426;25495;1
100990;-172151;47271;26104;8
112840;-166091;48012;26483;4
124216;-173170;48723;26040;1
118288;-173491;48353;26020;1
106913;-164647;47642;26573;1
130947;-186276;49144;25221;2
119762;-185417;48445;25275;1
120113;-191491;48467;24895;2
125426;-187666;48799;25134;2
126259;-179375;48851;25653;4
101472;-192729;47302;24818;8
109493;-185995;47803;25239;4
114080;-179613;48090;25638;2
111936;-190038;47956;24986;8
120687;-179526;48502;25643;1
100927;-176318;47267;25844;8
117533;-185473;48305;25271;4
128640;-186083;49000;25233;2
99263;-191405;47163;24901;2
129840;-175800;49075;25876;4
103677;-176308;47439;25844;4
130103;-165810;49091;26500;2
98467;-183726;47114;25381;2
99517;-180800;47179;25564;1
120465;-191913;48489;24869;4
121381;-182660;48546;25447;1
108234;-165135;47724;26543;1
104149;-182884;47469;25433;2
124452;-174966;48738;25928;8
128832;-174098;49012;25982;2
103109;-165919;47404;26494;2
129943;-191696;49081;24883;4
123777;-168275;48696;26346;4
119701;-170798;48441;26189;1
114160;-195759;48095;24629;2
108229;-190057;47724;24985;1
111117;-165303;47904;26532;2
121737;-165834;48568;26499;1
118779;-164199;48383;26601;4
106709;-186281;47629;25221;1
111277;-166638;47914;26449;8
112846;-188720;48012;25069;4
127865;-182671;48951;25447;1
123484;-183603;48677;25388;2
126873;-167552;48889;26392;4
130361;-165317;49107;26531;8
108328;-170234;47730;26224;8
117717;-177744;48317;25755;1
128296;-191703;48978;24882;2
106461;-189679;47613;25009;2
100953;-192063;47269;24860;2
117109;-194515;48279;24706;1
107326;-187624;47667;25137;4
122754;-181525;48632;25518;1
118931;-167603;48393;26388;1
98862;-166045;47138;26486;2
103567;-166207;47432;26476;8
110941;-168507;47893;26332;4
118463;-185124;48363;25293;4
119142;-189680;48406;25009;8
115000;-188403;48147;25088;4
120110;-192600;48466;24826;4
113952;-195681;48082;24633;4
127736;-189870;48943;24997;8
111033;-188944;47899;25055;4
101417;-170117;47298;26231;4
114270;-164915;48101;26556;4
112586;-167513;47996;26394;4
105440;-176148;47550;25854;8
115523;-167547;48180;26392;8
113982;-176453;48083;25835;1
121529;-194772;48555;24690;4
116231;-175235;48224;25911;1
126693;-196111;48878;24607;4
107204;-170774;47660;26190;8
129885;-169109;49077;26294;8
127710;-176816;48941;25813;2
127801;-169233;48947;26286;2
130538;-167309;49118;26407;8
114822;-182817;48136;25437;8
115374;-173673;48170;26009;2
99327;-180423;47167;25587;2
118271;-176837;48351;25811;2
123299;-175742;48666;25880;4
99185;-169352;47159;26279;4
104118;-173465;47467;26022;4
125783;-181121;48821;25543;4
102133;-173883;47343;25996;1
127181;-165139;48908;26542;2
109900;-165143;47828;26542;8
120492;-195855;48490;24623;1
126467;-174574;48864;25953;1
113881;-165363;48077;26528;1
109297;-174904;47791;25932;8
111150;-185309;47906;25282;8
112089;-164758;47965;26566;8
111642;-178058;47937;25735;2
99449;-180250;47175;25598;4
103941;-194156;47456;24729;1
116119;-184567;48217;25328;2
128954;-183636;49019;25386;2
118322;-188323;48355;25093;2
129390;-176780;49046;25815;8
115732;-193079;48193;24796;1
108903;-167834;47766;26374;2
128471;-179959;48989;25616;1
116629;-180290;48249;25595;1
108787;-185903;47759;25245;2
115212;-174655;48160;25948;8
120322;-169592;48480;26264;8
100446;-180422;47237;25587;4
115405;-191907;48172;24869;2
125298;-173718;48791;26006;2
123723;-191013;48692;24925;4
130982;-187755;49146;25129;8
127844;-164117;48950;26606;8
130241;-185134;49100;25293;8
100604;-167731;47247;26380;4
122143;-176451;48593;25835;2
101868;-195981;47326;24615;2
130977;-195858;49146;24622;4
105829;-174097;47574;25982;4
113305;-190613;48041;24950;2
126393;-176747;48859;25817;1
109428;-167323;47799;26406;2
117591;-194152;48309;24729;2
115146;-195336;48156;24655;4
126889;-191628;48890;24887;4
123790;-189944;48696;24992;1
112869;-184130;48014;25355;1
101541;-188390;47306;25089;2
112733;-196456;48005;24585;1
127380;-174631;48921;25949;2
119217;-176130;48411;25855;4
110374;-177921;47858;25743;4
124819;-174786;48761;25939;2
129971;-182164;49083;25478;1
120637;-175378;48499;25902;8
128712;-183525;49004;25393;2
106337;-168121;47606;26356;2
117754;-164839;48319;26561;1
100746;-195749;47256;24629;4
116077;-173141;48214;26042;8
114502;-175441;48116;25898;1
122511;-171675;48616;26134;4
123072;-180867;48652;25559;1
105182;-189343;47533;25030;8
119008;-174541;48398;25955;2
106719;-186125;47629;25231;4
121745;-167305;48569;26407;4
119968;-169810;48458;26250;8
123347;-169236;48669;26286;8
110301;-194876;47853;24684;1
126873;-196032;48889;24612;1
128532;-175997;48993;25864;4
109716;-179000;47817;25676;4
115597;-188564;48184;25078;1
112576;-172622;47996;26075;2
120679;-181823;48502;25500;2
119939;-174543;48456;25955;2
102144;-184758;47344;25316;2
115405;-189307;48172;25032;2
126540;-165969;48868;26490;2
113109;-174498;48029;25957;2
99420;-179859;47173;25622;2
130994;-187808;49147;25126;8
124033;-180081;48712;25608;1
111204;-180733;47910;25568;4
114335;-182796;48105;25439;1
98492;-184309;47115;25344;8
121887;-185740;48577;25255;4
114475;-164328;48114;26593;4
121000;-194169;48522;24728;1
122868;-169447;48639;26273;1
128050;-185226;48963;25287;1
108026;-164318;47711;26594;4
99575;-183281;47183;25408;8
121095;-177319;48528;25781;4
118904;-170392;48391;26214;1
130341;-174432;49106;25962;2
102935;-187439;47393;25149;2
130317;-165874;49104;26496;8
124995;-190119;48772;24981;1
102099;-194373;47341;24715;1
102803;-195001;47385;24676;8
112060;-195507;47963;24644;1
107033;-187088;47649;25171;1
109646;-178225;47812;25724;2
130837;-185084;49137;25296;8
99731;-195251;47193;24660;8
102019;-191204;47336;24913;2
117489;-195215;48303;24663;1
130124;-175916;49092;25869;8
107562;-165766;47682;26503;4
119913;-181131;48454;25543;1
103483;-168567;47427;26328;4
109191;-165554;47784;26516;8
114299;-168805;48103;26313;2
120515;-179857;48492;25622;1
130628;-190353;49124;24966;2
99534;-166526;47180;26456;4
126434;-170367;48862;26216;8
108156;-179789;47719;25627;1
122915;-164695;48642;26570;1
115477;-182624;48177;25450;1
129928;-184951;49080;25304;2
110309;-182252;47854;25473;1
109729;-177256;47818;25785;8
106738;-169892;47631;26245;8
98960;-182105;47145;25482;2
101893;-190177;47328;24977;4
113550;-169084;48056;26296;2
130678;-178088;49127;25733;1
108939;-193145;47768;24792;1
125011;-192565;48773;24828;8
101621;-173712;47311;26007;1
118995;-180720;48397;25569;2
119753;-166863;48444;26435;1
102346;-189733;47356;25005;4
114667;-170648;48126;26198;4
102350;-172902;47356;26057;1
105647;-174747;47562;25942;1
111625;-167829;47936;26374;2
108205;-190885;47722;24933;2
101960;-172450;47332;26085;8
105509;-191381;47554;24902;8
117720;-174515;48317;25956;2
119333;-194209;48418;24725;1
99267;-166498;47164;26457;1
112970;-173957;48020;25991;2
107270;-193271;47664;24784;8
101497;-169384;47303;26277;8
99623;-169160;47186;26291;4
113400;-171194;48047;26164;1
110906;-168085;47891;26358;1
114088;-186945;48090;25179;2
100381;-166935;47233;26430;2
117155;-189894;48282;24995;4
111301;-189682;47916;25008;4
123374;-181668;48670;25509;2
102558;-185514;47369;25269;2
120477;-170748;48489;26192;2
107112;-172518;47654;26081;8
106538;-193651;47618;24760;2
118767;-190417;48382;24962;1
124895;-195043;48765;24673;1
114214;-166506;48098;26457;4
117695;-178745;48315;25692;2
115049;-189092;48150;25045;2
120647;-170172;48500;26228;4
122962;-164853;48645;26560;2
104543;-182882;47493;25433;1
125095;-166356;48778;26466;1
118512;-178922;48367;25681;2
111817;-193361;47948;24778;4
128115;-173621;48967;26012;8
126903;-178457;48891;25710;8
99496;-182376;47178;25465;4
120805;-177702;48510;25757;4
106355;-173803;47607;26001;4
126856;-168970;48888;26303;2
109084;-177424;47777;25775;8
113639;-194553;48062;24704;2
127454;-175714;48925;25881;8
103180;-173784;47408;26002;2
106708;-167870;47629;26372;4
125565;-186353;48807;25216;4
99257;-195178;47163;24665;8
109145;-171170;47781;26165;4
104114;-180908;47467;25557;1
120077;-187055;48464;25173;8
102867;-186392;47389;25214;1
117098;-171337;48278;26155;1
115558;-184883;48182;25308;4
130916;-168573;49142;26328;2
106784;-178880;47634;25684;1
102761;-168588;47382;26327;2
131033;-174764;49149;25941;1
120911;-175487;48516;25896;1
124583;-171355;48746;26154;4
106138;-164630;47593;26574;8
128921;-173371;49017;26028;8
104861;-178127;47513;25731;2
111170;-184969;47908;25303;1
121885;-185772;48577;25253;8
116881;-175168;48265;25916;1
129253;-175006;49038;25926;1
120506;-171890;48491;26120;8
115538;-184104;48181;25357;2
112885;-191848;48015;24873;2
119409;-183698;48423;25382;4
125738;-193825;48818;24749;8
105658;-169548;47563;26267;4
121946;-192621;48581;24825;1
109630;-167323;47811;26406;4
127981;-195664;48958;24635;4
129942;-182591;49081;25452;8
121272;-170132;48539;26230;8
128633;-165331;48999;26530;1
130339;-179165;49106;25666;4
125694;-195850;48815;24623;2
113443;-193206;48050;24788;4
107744;-188267;47694;25097;2
129729;-171344;49068;26155;4
105112;-184159;47529;25354;8
108323;-189823;47730;25000;4
104496;-170861;47491;26185;1
108819;-182166;47761;25478;8
100580;-193132;47246;24793;1
125292;-168712;48790;26319;1
107468;-165626;47676;26512;1
101028;-192727;47274;24818;2
125413;-190732;48798;24943;2
114516;-192146;48117;24854;1
112697;-172987;48003;26052;4
107619;-180326;47686;25593;4
118675;-170682;48377;26196;8
121265;-175021;48539;25925;4
109628;-195001;47811;24676;1
127873;-189250;48952;25035;1
121025;-180952;48524;25554;4
99650;-195031;47188;24674;8
108777;-174840;47758;25936;8
117353;-193602;48294;24763;4
101953;-180420;47332;25587;2
125074;-177894;48777;25745;1
108219;-169846;47723;26248;1
120505;-169442;48491;26273;8
116695;-190154;48253;24979;4
126753;-189719;48882;25006;2
102339;-187489;47356;25145;1
123560;-164813;48682;26563;8
120761;-194523;48507;24706;4
123234;-182378;48662;25465;8
113199;-180322;48034;25593;8
119799;-181757;48447;25504;2
111794;-174033;47947;25986;2
103463;-188899;47426;25057;4
122108;-166650;48591;26448;1
109197;-164726;47784;26568;8
100001;-176901;47210;25807;4
111856;-188396;47951;25089;8
102963;-164873;47395;26559;4
101552;-168006;47307;26363;8
126908;-180224;48891;25600;4
122514;-170479;48617;26209;1
114200;-174964;48097;25928;4
118653;-177652;48375;25760;1
99253;-191779;47163;24877;2
104645;-189044;47500;25048;1
127953;-177856;48957;25748;2
127770;-180220;48945;25600;8
124567;-168819;48745;26312;8
106313;-180458;47604;25585;4
128606;-177091;48997;25795;2
105537;-166782;47556;26440;8
103601;-181183;47435;25540;1
108848;-186649;47763;25198;8
123555;-184999;48682;25301;2
105474;-173009;47552;26050;8
123923;-189214;48705;25038;4
127136;-167384;48906;26402;8
107679;-188481;47689;25083;2
117537;-188505;48306;25082;2
109966;-168850;47832;26310;1
124103;-191614;48716;24888;8
111031;-182616;47899;25450;4
107717;-193854;47692;24748;4
128531;-195790;48993;24627;4
122363;-168587;48607;26327;4
119679;-168559;48439;26329;1
111716;-166855;47942;26435;4
125228;-179212;48786;25663;1
126027;-193804;48836;24751;2
109794;-185070;47822;25297;2
110924;-178660;47892;25697;2
127301;-171817;48916;26125;1
108110;-191672;47716;24884;1
114278;-186549;48102;25204;8
126676;-175922;48877;25868;8
127443;-175202;48925;25913;1
122378;-188626;48608;25074;2
102478;-186068;47364;25234;8
102369;-174349;47358;25967;8
117078;-186988;48277;25177;8
108511;-186595;47741;25201;4
129689;-176835;49065;25811;2
126623;-187470;48873;25147;1
113890;-180982;48078;25552;1
124971;-172170;48770;26103;8
116087;-180915;48215;25556;2
111408;-166556;47923;26454;8
109571;-176213;47808;25850;1
103344;-181241;47419;25536;8
110928;-184666;47893;25322;8
113835;-169839;48074;26249;4
102576;-185638;47371;25261;1
117141;-181794;48281;25501;4
120290;-164701;48478;26570;4
126157;-177864;48844;25747;1
130147;-169793;49094;26251;1
126823;-169316;48886;26281;8
117902;-189607;48328;25013;2
100124;-193114;47217;24794;1
120462;-191401;48488;24901;8
126263;-196569;48851;24578;2
111913;-187247;47954;25161;4
107786;-186761;47696;25191;4
127772;-183971;48945;25365;1
109750;-167945;47819;26367;8
124490;-165768;48740;26503;2
100834;-195178;47262;24665;2
114245;-187713;48100;25131;4
104448;-172990;47488;26052;2
126299;-164688;48853;26571;4
112399;-188089;47984;25108;4
116579;-173109;48246;26044;8
112011;-185673;47960;25259;8
126493;-195135;48865;24668;1
107579;-195464;47683;24647;1
111502;-194379;47928;24715;8
116164;-167966;48220;26366;8
121252;-185723;48538;25256;1
105056;-194291;47526;24720;8
121869;-189322;48576;25031;4
113801;-182808;48072;25438;2
120673;-174757;48502;25941;1
122561;-174218;48620;25975;8
104811;-184693;47510;25320;2
118246;-179780;48350;25627;2
128181;-182874;48971;25434;8
105807;-194575;47572;24703;8
129802;-174870;49072;25934;2
125335;-187080;48793;25171;1
112293;-195485;47978;24646;4
109395;-167950;47797;26367;1
109148;-180134;47781;25605;8
113769;-165261;48070;26535;8
119163;-175674;48407;25884;4
108053;-194207;47713;24726;4
110853;-183167;47888;25416;8
105097;-188152;47528;25104;4
99020;-186762;47148;25191;2
116466;-189321;48239;25031;2
114622;-168661;48123;26322;1
129241;-177577;49037;25765;8
106011;-183268;47585;25409;8
113280;-186557;48040;25204;4
121359;-174095;48544;25983;1
124959;-175086;48769;25921;1
111422;-191749;47923;24879;2
121712;-195948;48567;24617;4
105968;-196475;47583;24584;1
120886;-188316;48515;25094;1
102961;-179735;47395;25630;8
127079;-183599;48902;25389;1
124810;-182410;48760;25463;4
126969;-178219;48895;25725;1
111097;-174327;47903;25968;8
118124;-180635;48342;25574;4
112123;-167368;47967;26403;8
103335;-187847;47418;25123;1
123590;-178647;48684;25698;1
123755;-165003;48694;26551;1
120509;-192158;48491;24854;8
101411;-167962;47298;26366;4
101742;-165099;47318;26545;1
100638;-191055;47249;24923;4
104671;-191909;47501;24869;4
119250;-191516;48413;24894;8
116635;-191314;48249;24906;1
122539;-181511;48618;25519;8
112311;-166623;47979;26450;8
106840;-180245;47637;25598;4
99205;-192567;47160;24828;1
106197;-168554;47597;26329;1
105399;-190069;47547;24984;8
130303;-191040;49103;24924;8
116368;-192205;48233;24851;4
103275;-193552;47414;24767;1
129935;-188147;49080;25104;4
99653;-181549;47188;25517;8
123944;-192100;48706;24857;1
103980;-185536;47458;25268;8
124768;-188387;48758;25089;2
99443;-176692;47175;25820;2
121702;-165579;48566;26515;8
128981;-195516;49021;24644;8
111617;-193625;47936;24762;4
110139;-166503;47843;26457;8
124708;-186569;48754;25203;4
101738;-173765;47318;26003;2
123239;-175941;48662;25867;4
123791;-181973;48696;25490;1
109352;-192655;47794;24823;4
115564;-165083;48182;26546;8
99826;-184554;47199;25329;2
124465;-193894;48739;24745;8
124507;-193883;48741;24746;8
98427;-175030;47111;25924;4
100137;-191080;47218;24921;4
122315;-196172;48604;24603;2
115661;-171900;48188;26120;8
127157;-186646;48907;25198;2
105878;-195603;47577;24638;2
105208;-166321;47535;26468;2
129669;-192055;49064;24860;2
127353;-171058;48919;26172;4
128957;-196278;49019;24596;2
117364;-177456;48295;25773;1
127506;-178165;48929;25728;8
112185;-189319;47971;25031;8
129532;-194913;49055;24681;2
106014;-177907;47585;25744;8
114162;-178499;48095;25707;1
107218;-165078;47661;26546;1
99323;-176431;47167;25837;4
102349;-165880;47356;26496;1
129161;-186866;49032;25184;1
101125;-176275;47280;25846;2
112986;-186072;48021;25234;2
112332;-195356;47980;24654;8
128547;-174850;48994;25935;1
106828;-167228;47636;26412;4
110434;-194926;47862;24681;4
100628;-166162;47249;26478;4
126032;-174886;48837;25933;8
99594;-164090;47184;26608;2
112224;-184100;47974;25357;8
118914;-171536;48392;26143;4
105009;-181109;47523;25544;4
98988;-176021;47146;25862;2
104507;-188410;47491;25088;4
100183;-191143;47221;24917;2
109821;-170139;47823;26230;2
111163;-196227;47907;24599;1
126826;-182706;48886;25444;8
119236;-192850;48412;24810;4
104727;-180133;47505;25605;4
129950;-182169;49081;25478;8
114663;-173418;48126;26025;1
125273;-170987;48789;26177;2
120504;-194340;48491;24717;8
128838;-189330;49012;25030;8
118608;-177216;48373;25788;1
114135;-174837;48093;25936;2
125099;-171559;48778;26141;1
116253;-173727;48225;26006;4
108590;-196122;47746;24606;8
125632;-191082;48812;24921;8
110209;-164321;47848;26593;4
98582;-192934;47121;24805;4
100146;-183129;47219;25418;1
111930;-173978;47955;25990;2
115391;-168130;48171;26355;1
114591;-190738;48121;24942;2
109872;-170905;47827;26182;4
116571;-184550;48245;25329;8
123406;-177614;48672;25763;8
127149;-189817;48906;25000;4
112518;-190692;47992;24945;4
110736;-171105;47881;26169;1
101260;-182527;47288;25456;2
109731;-172170;47818;26103;4
126754;-168691;48882;26320;8
107343;-179586;47668;25639;8
99830;-176430;47199;25837;2
105208;-176729;47535;25818;2
110120;-186804;47842;25188;8
127481;-165392;48927;26527;8
108940;-174425;47768;25962;4
109933;-164931;47830;26555;8
98842;-191627;47137;24887;2
120155;-180831;48469;25562;1
99784;-167203;47196;26413;8
98462;-176364;47113;25841;8
130656;-167093;49126;26420;4
106806;-192454;47635;24835;1
105575;-174141;47558;25980;8
108048;-180427;47713;25587;4
128358;-184364;48982;25341;2
111763;-185333;47945;25280;4
113536;-171986;48056;26114;1
99325;-170070;47167;26234;1
110342;-174143;47856;25980;4
120583;-163862;48496;26622;8
122252;-171562;48600;26141;8
109081;-175633;47777;25886;8
104311;-183663;47479;25385;8
124726;-192956;48755;24804;2
105595;-177397;47559;25776;2
122301;-166822;48603;26437;8
109079;-177044;47777;25798;4
99485;-170043;47177;26236;1
100985;-183180;47271;25415;4
123497;-174610;48678;25950;4
108050;-177843;47713;25748;4
124059;-185854;48713;25248;4
121732;-168620;48568;26325;2
123607;-180204;48685;25601;8
98472;-167048;47114;26423;4
107535;-177649;47680;25760;8
99859;-171822;47201;26125;1
123432;-169227;48674;26287;8
122480;-188997;48615;25051;1
124976;-168646;48771;26323;4
100638;-167915;47249;26369;4
121039;-180804;48524;25563;2
128230;-185082;48974;25296;4
128831;-177405;49011;25776;8
107345;-174435;47669;25961;2
128465;-193227;48989;24787;2
105382;-191336;47546;24905;4
129052;-184947;49025;25304;2
105409;-170450;47548;26210;4
120701;-176096;48503;25858;4
103286;-183693;47415;25383;4
117366;-164487;48295;26583;1
100668;-177193;47251;25789;4
107952;-164734;47707;26568;1
124197;-178778;48722;25690;2
122397;-183116;48609;25419;8
123865;-181482;48701;25521;1
102878;-181443;47389;25523;2
128133;-167098;48968;26420;1
112842;-184503;48012;25332;8
120064;-175113;48464;25919;4
125821;-179480;48823;25646;2
129665;-176276;49064;25846;8
99692;-185868;47190;25247;1
114613;-192244;48123;24848;2
119167;-164034;48407;26611;4
99430;-178993;47174;25676;2
118796;-187988;48384;25114;4
101498;-188760;47303;25066;8
129232;-191835;49037;24874;1
101542;-185320;47306;25281;8
105730;-163934;47568;26618;1
126372;-165327;48858;26531;1
129700;-181502;49066;25520;2
127602;-171075;48935;26171;2
109244;-193112;47787;24794;4
112817;-175412;48011;25900;2
123544;-193260;48681;24785;4
127010;-178450;48898;25710;2
106866;-189610;47639;25013;1
105255;-180143;47538;25605;1
102720;-177881;47380;25746;8
105610;-176786;47560;25814;2
108132;-180359;47718;25591;1
130294;-176452;49103;25835;8
103381;-191222;47421;24912;8
108366;-179212;47732;25663;1
101905;-166348;47329;26467;4
117137;-192653;48281;24823;1
127290;-190525;48915;24956;1
130179;-191332;49096;24905;2
116019;-166077;48211;26484;2
111794;-179520;47947;25644;2
102467;-190350;47364;24967;8
110156;-182832;47844;25437;4
125288;-167280;48790;26409;8
119278;-176309;48414;25844;2
114390;-180116;48109;25606;2
115776;-193641;48196;24761;2
100822;-190286;47261;24971;8
102154;-188579;47344;25077;2
118212;-180607;48348;25576;4
128607;-172003;48997;26113;8
109813;-189741;47823;25005;8
113346;-178086;48044;25733;4
130556;-187606;49119;25138;8
128110;-168846;48966;26311;8
111834;-195031;47949;24674;2
115967;-185102;48207;25295;1
115082;-188257;48152;25097;2
129255;-188770;49038;25065;4
109724;-168664;47817;26322;8
111598;-173779;47934;26002;8
115146;-181138;48156;25542;2
119016;-193134;48398;24793;2
113434;-176193;48049;25851;1
123797;-174434;48697;25961;1
109698;-186949;47816;25179;2
114181;-189427;48096;25024;4
106152;-180548;47594;25579;4
124444;-196342;48737;24592;4
131017;-189649;49148;25010;4
107892;-184444;47703;25336;4
103678;-188080;47439;25109;2
112946;-180587;48019;25577;2
112739;-179958;48006;25616;2
105939;-184975;47581;25303;8
112880;-188346;48015;25092;1
119858;-172757;48451;26066;1
115844;-179759;48200;25629;1
119861;-194728;48451;24693;1
108178;-190988;47721;24927;4
115275;-190912;48164;24932;8
103786;-182761;47446;25441;8
124567;-169665;48745;26259;4
99469;-195275;47176;24659;8
120505;-170480;48491;26209;8
119161;-173725;48407;26006;2
108313;-174459;47729;25960;2
129216;-177390;49036;25777;4
128754;-167717;49007;26381;8
130731;-189025;49130;25049;1
126319;-169024;48854;26300;8
101722;-180778;47317;25565;1
113247;-179517;48037;25644;8
102028;-166808;47336;26438;1
119828;-186302;48449;25220;8
117803;-182334;48322;25468;4
104447;-173200;47487;26039;1
121206;-182312;48535;25469;1
123457;-185265;48676;25284;8
126714;-189380;48879;25027;4
115694;-170009;48190;26238;8
111508;-185550;47929;25267;8
103412;-185876;47423;25246;8
112245;-167703;47975;26382;4
102350;-167604;47356;26388;8
100916;-187894;47267;25120;2
101139;-175721;47281;25881;4
128322;-173397;48980;26026;2
118077;-167652;48339;26385;4
106627;-188023;47624;25112;4
102946;-193869;47394;24747;1
129779;-188986;49071;25052;4
108502;-169871;47741;26247;8
104411;-178584;47485;25702;2
118265;-191260;48351;24910;2
102957;-192023;47394;24862;2
120871;-183554;48514;25391;1
99673;-196069;47189;24609;1
121739;-172852;48568;26060;4
108577;-167056;47746;26423;4
113040;-184961;48025;25303;1
117952;-174383;48332;25965;4
109637;-164098;47812;26607;1
118721;-181060;48380;25547;1
120188;-168804;48471;26313;8
113893;-183835;48078;25374;2
117171;-190251;48283;24973;1
111427;-190046;47924;24986;1
106100;-189654;47591;25010;8
111178;-175143;47908;25917;2
99514;-189595;47179;25014;8
106645;-168622;47625;26325;8
128868;-180348;49014;25592;4
104441;-169271;47487;26284;2
112212;-187864;47973;25122;2
119833;-172584;48449;26077;8
129025;-187080;49024;25171;1
101148;-193779;47281;24752;4
105932;-186200;47580;25226;8
99778;-165762;47196;26503;1
112572;-184954;47995;25304;2
116887;-192071;48265;24859;2
101241;-196276;47287;24596;4
115347;-191067;48169;24922;4
128541;-167021;48993;26425;2
118147;-190302;48344;24970;4
105528;-176288;47555;25846;8
126349;-167423;48856;26400;4
115817;-177212;48198;25788;8
108335;-165306;47730;26532;2
98993;-165942;47147;26492;4
110803;-195685;47885;24633;2
100145;-170514;47219;26206;8
103980;-175662;47458;25885;8
107932;-195865;47705;24622;8
127495;-170946;48928;26179;8
115880;-187682;48202;25133;2
110117;-172392;47842;26089;1
105915;-190727;47579;24943;2
125948;-164266;48831;26597;1
121554;-176886;48557;25808;2
104865;-192881;47514;24808;8
98750;-171570;47131;26140;2
113523;-183026;48055;25424;1
123828;-175062;48699;25922;4
115194;-188420;48159;25087;2
102935;-187990;47393;25114;2
128700;-164988;49003;26552;8
120077;-175449;48464;25898;8
114942;-191896;48143;24870;1
104595;-182812;47497;25438;2
114210;-186199;48098;25226;8
114293;-191404;48103;24901;8
110302;-169589;47853;26264;2
100369;-182604;47233;25451;2
110666;-164664;47876;26572;4
130377;-193141;49108;24792;2
122051;-174638;48588;25949;4
110200;-190975;47847;24928;4
120875;-169284;48514;26283;1
113421;-173085;48048;26046;2
110263;-193605;47851;24763;1
109891;-192311;47828;24844;4
111462;-184549;47926;25329;8
104857;-189621;47513;25012;8
110308;-185843;47854;25248;8
113402;-186849;48047;25185;4
128816;-166586;49011;26452;8
127582;-174494;48933;25958;2
117915;-172881;48329;26058;4
111047;-193000;47900;24801;8
100544;-173881;47244;25996;2
99317;-176698;47167;25820;8
129870;-187549;49076;25142;4
109077;-195478;47777;24646;2
125686;-191567;48815;24891;2
109792;-190148;47822;24979;2
103797;-190793;47447;24939;8
120432;-184160;48487;25354;4
102549;-166576;47369;26453;4
121977;-194993;48583;24676;1
119959;-172395;48457;26089;4
115451;-189392;48175;25027;1
122273;-188364;48602;25091;1
99711;-195696;47191;24633;2
112472;-191670;47989;24884;4
113101;-172472;48028;26084;2
108415;-190001;47735;24988;1
100593;-180950;47247;25554;1
129188;-190588;49034;24952;1
119460;-173549;48426;26017;2
104134;-167742;47468;26380;8
101950;-173950;47331;25992;1
129934;-172433;49080;26086;4
102602;-174587;47372;25952;2
99002;-168056;47147;26360;4
128770;-167997;49008;26364;1
116559;-188255;48244;25098;2
103367;-190785;47420;24939;2
111297;-182332;47916;25468;2
119762;-184885;48445;25308;2
125331;-167085;48793;26421;1
126781;-191042;48883;24923;1
102540;-180762;47368;25566;8
119789;-179009;48446;25675;8
109427;-189572;47799;25015;8
106726;-163853;47630;26623;8
119769;-170914;48445;26181;2
120473;-186213;48489;25225;2
121723;-196462;48567;24585;2
111552;-177504;47932;25770;1
119122;-188418;48405;25087;2
123314;-188210;48667;25100;4
111854;-172900;47950;26057;4
100527;-175652;47242;25885;2
100155;-176813;47219;25813;8
98404;-181510;47110;25519;2
122466;-174230;48614;25974;4
102766;-173028;47382;26049;2
106113;-189110;47592;25044;8
114427;-185360;48111;25279;2
106608;-187006;47623;25176;4
122834;-174873;48637;25934;1
107474;-186258;47677;25222;4
116784;-187322;48259;25156;2
123901;-186673;48703;25196;1
102816;-184365;47386;25341;1
109719;-167832;47817;26374;1
121898;-171391;48578;26152;2
106536;-173732;47618;26005;4
124663;-176509;48751;25832;1
118137;-196571;48343;24578;8
103860;-172136;47451;26105;4
101472;-174013;47302;25988;4
114339;-169216;48106;26288;4
116182;-175657;48221;25885;4
128356;-179655;48982;25635;1
124587;-196117;48746;24606;8
102028;-170608;47336;26201;2
99109;-163859;47154;26622;1
102453;-169232;47363;26287;4
108933;-175708;47768;25882;2
129045;-183228;49025;25412;2
115511;-188404;48179;25088;8
114315;-168169;48104;26353;2
113583;-171129;48058;26168;8
118159;-170642;48344;26198;4
111331;-192684;47918;24821;1
120150;-169321;48469;26281;1
102472;-195437;47364;24649;2
112712;-176416;48004;25838;8
109024;-181906;47774;25494;8
129890;-175945;49078;25867;2
114779;-196492;48133;24583;1
123799;-176933;48697;25805;8
113389;-177414;48046;25775;8
105879;-189389;47577;25027;8
120008;-192241;48460;24848;1
119270;-174398;48414;25964;1
101184;-176118;47284;25856;4
99165;-187233;47157;25161;8
130918;-179037;49142;25674;8
113054;-184283;48025;25346;8
99085;-165413;47152;26525;2
103875;-174785;47452;25939;8
111203;-174503;47910;25957;2
123849;-169245;48700;26286;8
120414;-169468;48485;26272;2
110044;-174444;47837;25961;1
127794;-187175;48947;25165;2
108660;-186283;47751;25221;8
128553;-187243;48994;25161;1
109979;-169724;47833;26256;1
104901;-189877;47516;24996;2
127140;-183846;48906;25373;2
110890;-187117;47890;25169;4
121040;-189455;48525;25023;1
119449;-178990;48425;25677;2
128722;-175269;49005;25909;8
104378;-166999;47483;26426;1
118106;-177582;48341;25765;1
111037;-166731;47899;26443;1
110332;-173371;47855;26028;1
110784;-184667;47884;25322;1
108806;-175249;47760;25910;4
111413;-181871;47923;25497;2
124018;-177323;48711;25781;8
114006;-167728;48085;26381;2
118025;-193162;48336;24791;4
98785;-169619;47134;26262;8
116104;-193847;48216;24748;2
122885;-182939;48640;25430;1
116875;-194778;48264;24690;8
124461;-182693;48738;25445;8
103064;-166515;47401;26456;1
104659;-182570;47501;25453;4
108949;-190657;47769;24947;1
98319;-192226;47104;24849;2
114452;-193089;48113;24795;2
128000;-170948;48960;26179;1
115972;-187775;48208;25128;8
123660;-171073;48688;26171;1
101887;-189497;47327;25020;2
113523;-195912;48055;24619;2
118063;-178657;48338;25697;2
119912;-172544;48454;26080;1
102479;-188664;47364;25072;4
120270;-181726;48476;25506;8
115924;-165280;48205;26534;2
104935;-177716;47518;25756;2
108829;-168742;47761;26317;4
102204;-165922;47347;26493;2
119162;-181625;48407;25512;8
121203;-168171;48535;26353;1
102719;-182939;47379;25430;4
117293;-176848;48290;25811;8
104309;-185901;47479;25245;4
107769;-190632;47695;24949;4
112927;-179237;48017;25661;2
126822;-180042;48886;25611;2
125815;-191428;48823;24899;8
108608;-196210;47748;24600;2
117562;-169121;48307;26293;4
128740;-181514;49006;25519;8
109134;-196096;47780;24608;8
100260;-185887;47226;25246;8
107295;-168147;47665;26354;8
101761;-195582;47320;24640;4
111158;-196039;47907;24611;8
123625;-170669;48686;26197;8
127927;-171099;48955;26170;1
120463;-183588;48488;25389;8
108801;-171982;47760;26115;4
128801;-193913;49010;24744;4
129630;-187548;49061;25142;8
109761;-168295;47820;26345;1
109255;-171183;47788;26165;2
125408;-170209;48798;26225;2
121627;-170134;48561;26230;2
119711;-185573;48441;25265;2
99584;-186067;47184;25234;1
102309;-188907;47354;25057;1
113571;-176220;48058;25850;1
127359;-175970;48919;25865;8
128239;-168544;48974;26330;1
113297;-170152;48041;26229;4
130702;-167258;49128;26410;8
115574;-169017;48183;26300;8
118209;-168675;48348;26321;8
120457;-194770;48488;24690;8
128250;-185336;48975;25280;8
102140;-195554;47343;24641;4
105872;-171121;47577;26168;4
123036;-175432;48649;25899;4
117366;-167757;48295;26379;4
119573;-184670;48433;25322;4
108540;-175131;47743;25918;8
98526;-183568;47117;25391;8
124011;-191429;48710;24899;4
98782;-195902;47133;24620;8
130259;-178940;49101;25680;8
107682;-170364;47690;26216;8
127727;-192053;48942;24860;2
108203;-188966;47722;25053;8
118720;-170602;48380;26201;4
107378;-181828;47671;25499;8
117618;-191700;48311;24882;1
115194;-182496;48159;25458;1
106382;-185391;47608;25277;8
130596;-190534;49122;24955;4
104116;-171963;47467;26116;4
128505;-164071;48991;26609;1
124507;-192695;48741;24820;2
112685;-186623;48002;25200;1
122956;-168260;48644;26347;4
125549;-182872;48806;25434;4
101456;-189784;47301;25002;4
114756;-190061;48132;24985;4
108540;-191836;47743;24874;1
118656;-175307;48376;25907;1
121419;-169791;48548;26252;2
115275;-173037;48164;26049;1
125279;-195423;48789;24650;1
115459;-188335;48176;25093;1
114232;-166356;48099;26466;2
99140;-172742;47156;26067;1
120435;-195126;48487;24668;4
124069;-186742;48714;25192;2
130232;-181404;49099;25526;4
119240;-189551;48412;25017;2
109140;-171021;47781;26175;1
121464;-194700;48551;24695;1
127097;-186425;48903;25212;1
126725;-165483;48880;26521;2
126023;-175893;48836;25870;4
119184;-182022;48409;25487;2
120137;-188530;48468;25080;1
111663;-173117;47938;26044;2
122279;-179934;48602;25618;1
130337;-188018;49106;25112;2
118520;-193970;48367;24740;1
115962;-182429;48207;25462;4
114659;-195804;48126;24626;4
113473;-194619;48052;24700;1
129569;-183982;49058;25365;8
116603;-178166;48247;25728;8
98502;-185298;47116;25282;4
116714;-183594;48254;25389;1
119230;-182050;48411;25485;2
121403;-195751;48547;24629;4
99037;-175985;47149;25864;2
122649;-188689;48625;25070;8
106378;-171492;47608;26145;8
106956;-173481;47644;26021;4
113667;-175221;48064;25912;4
123864;-166723;48701;26443;4
127477;-186289;48927;25220;1
105669;-179034;47564;25674;4
120368;-179302;48483;25657;1
116492;-169223;48240;26287;4
112506;-177977;47991;25740;2
104205;-184561;47472;25328;1
109291;-190484;47790;24958;1
105056;-181013;47526;25550;8
100528;-189435;47243;25024;2
114951;-193464;48144;24772;8
107220;-168788;47661;26314;1
116215;-192806;48223;24813;2
120574;-195035;48495;24674;2
103403;-186628;47422;25199;4
113877;-178218;48077;25725;8
126799;-193973;48884;24740;8
98486;-194740;47115;24692;4
118586;-180734;48371;25568;4
115989;-194182;48209;24727;2
108516;-195146;47742;24667;2
109646;-172033;47812;26111;4
117661;-191421;48313;24900;4
118958;-195611;48394;24638;1
114972;-164331;48145;26593;2
103962;-179110;47457;25669;2
129591;-181820;49059;25500;4
106637;-183650;47624;25385;2
107092;-191804;47653;24876;8
105959;-190161;47582;24978;1
119914;-192454;48454;24835;4
102998;-192800;47397;24814;1
105677;-188884;47564;25058;8
108377;-181615;47733;25513;8
127954;-186076;48957;25234;1
110954;-176830;47894;25812;2
100546;-182994;47244;25426;8
110622;-177902;47873;25745;8
99577;-183849;47183;25373;4
129817;-186548;49073;25204;4
128728;-193292;49005;24783;1
105780;-191041;47571;24923;4
120020;-169510;48461;26269;1
108396;-179191;47734;25664;4
104934;-196333;47518;24593;2
101369;-194115;47295;24731;2
111291;-185094;47915;25295;4
109081;-165397;47777;26526;4
120486;-185712;48490;25257;2
108440;-192400;47737;24839;1
108824;-189546;47761;25017;1
99799;-169643;47197;26261;8
123525;-171566;48680;26141;1
128802;-180320;49010;25594;2
120849;-168776;48513;26315;8
103586;-178340;47434;25717;8
112271;-175512;47976;25894;8
130855;-193653;49138;24760;8
115337;-189297;48168;25032;8
109362;-173334;47795;26030;1
111325;-170651;47917;26198;2
113274;-196015;48039;24613;4
108280;-164953;47727;26554;4