127734;-170678;48943;26196;8
120902;-166341;48516;26467;8
106541;-163853;47618;26623;8
119153;-176781;48407;25815;4
109255;-193120;47788;24794;1
123182;-178821;48658;25687;1
126746;-169173;48881;26290;4
122795;-171085;48634;26171;2
105014;-190241;47523;24973;4
124779;-186561;48758;25203;2
103149;-177977;47406;25740;8
112256;-165384;47976;26527;2
127245;-171993;48912;26114;8
109617;-189453;47811;25023;1
108092;-192416;47715;24838;4
117789;-195899;48321;24620;8
123038;-170731;48649;26193;8
125279;-187392;48789;25152;4
104034;-170213;47462;26225;1
126059;-190208;48838;24976;2
107420;-184928;47673;25306;1
108526;-187806;47742;25126;4
125708;-188340;48816;25092;1
130728;-170497;49130;26207;8
120494;-167722;48490;26381;1
107397;-178076;47672;25734;8
124438;-180578;48737;25577;4
99978;-170982;47208;26177;2
108312;-188851;47729;25060;2
129708;-178333;49066;25718;2
123939;-170708;48706;26194;4
114277;-186981;48102;25177;4
108259;-180375;47726;25590;4
107232;-171577;47662;26140;2
111988;-188762;47959;25066;1
109511;-183758;47804;25379;1
99381;-183390;47171;25402;1
112220;-178061;47973;25735;1
113558;-196273;48057;24596;1
113552;-178261;48057;25722;2
116056;-163986;48213;26614;1
116428;-187196;48236;25164;4
117203;-169286;48285;26283;1
104176;-177907;47471;25744;4
118016;-167553;48336;26391;8
111718;-189830;47942;24999;1
121107;-175873;48529;25871;2
123025;-167288;48649;26408;4
111445;-175363;47925;25903;8
108384;-192101;47734;24857;2
126196;-187863;48847;25122;4
114119;-165686;48092;26508;1
106382;-168912;47608;26307;2
100638;-176596;47249;25826;1
112068;-181217;47964;25537;1
125774;-164420;48820;26587;8
114093;-179102;48090;25670;2
111337;-196039;47918;24611;2
114714;-193179;48129;24790;2
125624;-182142;48811;25480;1
111152;-194293;47907;24720;2
120520;-171915;48492;26119;8
110018;-182608;47836;25451;4
112521;-183239;47992;25411;1
100405;-179643;47235;25636;1
99375;-176194;47170;25851;4
125227;-165501;48786;26520;4
112829;-172210;48011;26100;2
124201;-186532;48722;25205;2
100747;-183632;47256;25387;4
109460;-183352;47801;25404;4
114823;-167352;48136;26404;1
116280;-164768;48227;26566;4
124427;-183191;48736;25414;8
126904;-180948;48891;25554;2
101048;-185961;47275;25241;1
100234;-173530;47224;26018;1
108973;-191163;47770;24916;2
117592;-188434;48309;25086;1
109409;-189857;47798;24997;2
110111;-175586;47841;25889;4
109434;-176464;47799;25835;4
118608;-181756;48373;25504;4
105998;-195055;47584;24673;8
116071;-164753;48214;26566;1
124368;-165018;48733;26550;1
127100;-164025;48903;26612;4
109277;-182392;47789;25464;4
111547;-183820;47931;25375;4
101744;-173444;47319;26023;1
106870;-183802;47639;25376;4
115044;-187120;48150;25169;8
102975;-164297;47395;26595;4
112955;-175034;48019;25924;2
111986;-176501;47959;25832;2
105444;-164425;47550;26587;8
117506;-185521;48304;25268;2
100887;-173813;47265;26000;1
100875;-174467;47264;25959;1
99763;-176209;47195;25850;4
125610;-192927;48810;24806;1
111431;-177388;47924;25777;4
110075;-194445;47839;24711;2
100202;-181762;47222;25503;4
115476;-169221;48177;26287;4
112170;-195794;47970;24626;8
109417;-187372;47798;25153;2
129754;-177351;49069;25779;2
127945;-180221;48956;25600;1
130573;-166552;49120;26454;1
109317;-165374;47792;26528;8
102562;-169319;47370;26281;4
107957;-167871;47707;26372;2
117435;-178342;48299;25717;8
111912;-186529;47954;25205;2
101682;-170346;47315;26217;2
126305;-163969;48854;26615;8
108554;-178435;47744;25711;8
126910;-169208;48891;26288;2
122247;-182626;48600;25449;8
124997;-191215;48772;24913;8
120794;-171863;48509;26122;8
118903;-172621;48391;26075;1
99530;-179340;47180;25655;2
126516;-164241;48867;26598;1
102117;-174999;47342;25926;2
126018;-192852;48836;24810;2
109017;-167148;47773;26417;1
108086;-188148;47715;25104;8
118383;-180329;48358;25593;2
105518;-183130;47554;25418;4
115222;-168232;48161;26349;8
107694;-182192;47690;25477;1
129326;-168301;49042;26345;8
101117;-168544;47279;26330;8
110911;-182135;47891;25480;4
110356;-176426;47857;25837;8
113419;-166399;48048;26464;8
109120;-191670;47780;24884;4
113565;-188749;48057;25067;4
127856;-178450;48951;25710;1
105552;-191534;47557;24893;2
111548;-192367;47931;24841;4
114857;-188969;48138;25053;1
100178;-171251;47221;26160;2
119647;-190180;48437;24977;1
117099;-187392;48278;25152;2
112067;-184294;47964;25345;1
109921;-177296;47830;25783;8
125701;-186092;48816;25233;4
125619;-185308;48811;25282;8
117324;-171172;48292;26165;4
118319;-191837;48354;24874;8
100157;-168778;47219;26315;1
105292;-174482;47540;25958;8
126714;-172690;48879;26070;8
107262;-170361;47663;26216;2
128582;-183234;48996;25411;4
125955;-166340;48832;26467;1
122970;-167653;48645;26385;4
99886;-171665;47202;26134;8
122202;-177912;48597;25744;1
110440;-194396;47862;24714;1
125819;-179301;48823;25657;1
102543;-173511;47368;26019;8
105061;-189631;47526;25012;2
114674;-193633;48127;24761;1
110630;-186676;47874;25196;8
100828;-182516;47261;25456;2
102988;-169383;47396;26277;1
124957;-182408;48769;25463;8
120318;-185066;48479;25297;2
124538;-184629;48743;25324;4
124943;-166034;48768;26486;4
116351;-170635;48231;26199;8
109254;-186288;47788;25221;8
106601;-182537;47622;25455;8
129869;-172740;49076;26067;2
126891;-177443;48890;25773;8
123004;-181655;48647;25510;1
99450;-174575;47175;25953;4
121411;-179169;48548;25665;8
113526;-168199;48055;26351;8
127390;-173102;48921;26045;1
107838;-171314;47699;26156;2
103621;-176342;47436;25842;1
117344;-165650;48294;26510;1
111380;-191689;47921;24883;4
124909;-187659;48766;25135;8
105127;-186419;47530;25212;2
117812;-180896;48323;25558;4
129389;-172805;49046;26063;4
123350;-164763;48669;26566;8
124255;-186245;48725;25223;4
115681;-180343;48190;25592;8
122320;-182710;48605;25444;1
112528;-186770;47993;25190;8
107829;-179764;47699;25628;2
122488;-176559;48615;25829;1
101930;-166186;47330;26477;8
111690;-184946;47940;25304;8
122447;-183629;48612;25387;1
111368;-192247;47920;24848;8
100050;-171213;47213;26163;4
100919;-174736;47267;25943;4
107380;-185292;47671;25283;2
113485;-183523;48052;25393;8
104781;-172500;47508;26082;1
102446;-173247;47362;26036;2
119549;-181360;48431;25529;2
123494;-188023;48678;25112;4
107748;-166144;47694;26480;4
110894;-181361;47890;25528;1
127232;-180287;48912;25596;2
123101;-182648;48653;25448;2
115257;-187081;48163;25171;2
113788;-186985;48071;25177;8
99506;-177184;47179;25790;4
117160;-192157;48282;24854;8
101583;-166522;47308;26456;1
110228;-165642;47849;26511;8
112772;-178269;48008;25722;1
128051;-166781;48963;26440;4
98624;-178595;47124;25701;4
109666;-187621;47814;25137;2
118950;-175890;48394;25870;2
121783;-192902;48571;24807;1
109668;-184943;47814;25305;2
120192;-184948;48472;25304;1
128411;-180600;48985;25576;1
128378;-175943;48983;25867;8
129559;-176568;49057;25828;1
112076;-184407;47964;25338;2
117991;-171266;48334;26159;1
113472;-193942;48052;24742;1
106943;-184592;47643;25327;8
105450;-188052;47550;25110;2
108045;-167295;47712;26408;4
105245;-187591;47537;25139;4
116399;-170008;48234;26238;1
116940;-194529;48268;24705;2
117751;-169908;48319;26244;1
110166;-187080;47845;25171;8
129098;-164613;49028;26575;8
105298;-174585;47541;25952;4
121663;-191759;48563;24879;1
108966;-180631;47770;25574;8
101032;-170283;47274;26221;4
120477;-171423;48489;26150;2
112899;-172188;48016;26102;1
115795;-185571;48197;25265;8
115827;-193305;48199;24782;8
103860;-175247;47451;25911;1
126281;-166813;48852;26438;1
112607;-172505;47997;26082;1
121900;-171085;48578;26171;8
121813;-187705;48573;25132;4
105249;-177405;47538;25776;1
102388;-172296;47359;26095;2
100925;-180893;47267;25558;4
121964;-176698;48582;25820;2
100302;-177087;47228;25796;2
122233;-177044;48599;25798;1
102798;-176561;47384;25828;8
128178;-167122;48971;26418;4
110061;-167418;47838;26400;4
127943;-168717;48956;26319;1
105773;-175447;47570;25898;1
128339;-170913;48981;26181;8
129149;-172426;49031;26087;4
122716;-171545;48629;26142;2
111113;-177739;47904;25755;1
112112;-177486;47967;25771;2
116576;-164432;48246;26587;2
121774;-190763;48570;24941;8
104545;-176781;47494;25815;4
120503;-178708;48491;25694;8
102455;-179419;47363;25650;8
124410;-169528;48735;26268;8
125286;-170635;48790;26199;2
130523;-168251;49117;26348;4
100960;-185946;47270;25242;4
115322;-181874;48167;25496;8
126548;-186993;48869;25176;2
128749;-167586;49006;26389;2
102027;-176500;47336;25832;8
121867;-183760;48576;25379;4
120738;-171502;48506;26145;4
128601;-176909;48997;25807;8
112953;-193865;48019;24747;4
119439;-179549;48424;25642;1
115687;-186838;48190;25186;2
108916;-181052;47767;25548;1
115156;-180453;48157;25585;2
105465;-174483;47551;25958;8
99310;-172972;47166;26053;2
113639;-168937;48062;26305;4
101597;-166305;47309;26469;4
108291;-188736;47728;25068;8
113549;-186398;48056;25214;1
126308;-188874;48854;25059;2
120130;-188726;48468;25068;8
113015;-171520;48023;26144;1
110015;-174917;47835;25931;4
121419;-173760;48548;26004;1
128646;-169697;49000;26257;8
125750;-171635;48819;26136;1
110699;-193733;47878;24755;8
120030;-169402;48461;26276;8
105584;-193279;47559;24784;4
106511;-164084;47616;26608;8
121073;-166159;48527;26479;8
102596;-165664;47372;26510;8
106381;-171104;47608;26170;4
123536;-169918;48681;26244;4
110654;-194135;47875;24730;4
125757;-168876;48819;26309;2
116253;-180622;48225;25575;2
123860;-173433;48701;26024;2
124859;-188603;48763;25076;4
125000;-171718;48772;26131;1
120850;-183058;48513;25422;4
105607;-174033;47560;25986;8
122728;-182211;48630;25475;2
122560;-175080;48620;25921;1
109489;-188133;47803;25105;4
99747;-182238;47194;25474;4
126923;-166746;48892;26442;1
123789;-170171;48696;26228;2
111127;-193145;47905;24792;4
111259;-181916;47913;25494;8
123415;-193260;48673;24785;4
103538;-177235;47431;25786;1
128480;-172184;48990;26102;4
111066;-183331;47901;25405;1
101563;-174571;47307;25953;8
99886;-175559;47202;25891;2
121701;-178711;48566;25694;1
99736;-180353;47193;25591;4
113396;-175628;48047;25887;4
113522;-183525;48055;25393;2
102839;-176703;47387;25820;1
109940;-171629;47831;26137;1
130092;-172858;49090;26060;8
122421;-189172;48611;25040;8
129415;-177994;49048;25739;2
109666;-180231;47814;25599;8
117939;-165294;48331;26533;4
107694;-167270;47690;26409;1
108851;-185024;47763;25300;1
113842;-179137;48075;25667;4
129679;-172438;49064;26086;1
103288;-178860;47415;25685;8
129694;-163959;49065;26616;4
108215;-178552;47723;25704;2
117194;-166050;48284;26485;2
111020;-186140;47898;25230;8
124253;-170571;48725;26203;2
102940;-164386;47393;26589;1
111522;-184403;47930;25338;1
99960;-183960;47207;25366;2
109119;-178303;47779;25720;8
107846;-185901;47700;25245;8
102794;-169996;47384;26239;4
116748;-186478;48256;25209;8
114141;-174043;48093;25986;2
115965;-180746;48207;25567;2
118606;-170413;48372;26213;2
114540;-169943;48118;26242;4
130959;-166991;49144;26427;4
123976;-191408;48708;24901;8
130092;-175591;49090;25889;1
117664;-174245;48314;25973;2
115170;-165786;48158;26502;2
105952;-167572;47582;26390;2
130526;-177283;49117;25783;2
101858;-169932;47326;26243;4
106118;-176414;47592;25838;1
128081;-174054;48965;25985;8
103493;-173061;47428;26047;4
113571;-193990;48058;24739;4
125388;-185788;48796;25252;1
99505;-182779;47179;25440;4
115395;-189279;48172;25034;8
117842;-169955;48325;26241;8
121184;-183047;48534;25423;4
114754;-166982;48132;26427;8
111427;-192534;47924;24830;8
129745;-169681;49069;26258;4
108878;-171619;47764;26137;4
114346;-183246;48106;25411;2
120217;-174932;48473;25930;8
120889;-179132;48515;25668;1
112020;-190792;47961;24939;2
128280;-177320;48977;25781;2
112356;-180770;47982;25565;1
111100;-174799;47903;25939;8
117753;-183976;48319;25365;2
117366;-171229;48295;26162;8
112707;-187344;48004;25155;2
128174;-172021;48970;26112;2
114645;-185989;48125;25239;1
101135;-167382;47280;26402;8
107586;-170324;47684;26218;2
114946;-182020;48144;25487;4
129175;-168426;49033;26337;1
109703;-175306;47816;25907;2
116496;-164575;48241;26578;2
120558;-183006;48494;25426;4
120785;-187171;48509;25165;4
107639;-185783;47687;25252;1
118623;-177065;48373;25797;1
126036;-173298;48837;26032;4
103939;-166961;47456;26428;8
103803;-175927;47447;25868;4
100069;-173516;47214;26019;4
113403;-176499;48047;25832;2
113482;-176575;48052;25828;1
104958;-180257;47519;25597;8
106669;-182966;47626;25428;4
130060;-175113;49088;25919;1
127056;-164635;48901;26574;4
124725;-166710;48755;26444;2
101379;-181661;47296;25510;2
115710;-191651;48191;24885;4
125099;-168384;48778;26340;4
109100;-187152;47778;25167;1
124203;-182320;48722;25469;8
124894;-164596;48765;26576;4
117526;-172290;48305;26095;4
106558;-168502;47619;26332;2
109197;-189127;47784;25043;4
104221;-176837;47473;25811;2
99208;-183286;47160;25408;8
119566;-178042;48432;25736;2
118005;-169308;48335;26282;1
117554;-183395;48307;25401;4
124830;-167703;48761;26382;1
121352;-185127;48544;25293;4
123914;-189914;48704;24994;1
106067;-193695;47589;24758;1
109743;-163937;47818;26617;2
99557;-167025;47182;26424;1
111471;-175893;47926;25870;4
113698;-180164;48066;25603;1
130037;-186931;49087;25180;8
105638;-174058;47562;25985;8
101646;-177719;47312;25756;2
121698;-176850;48566;25810;8
105764;-191531;47570;24893;8
125776;-193016;48821;24800;1
112779;-177509;48008;25769;2
115153;-189813;48157;25000;4
121493;-176277;48553;25846;4
108386;-178813;47734;25688;1
123003;-175466;48647;25897;2
113149;-176982;48031;25802;2
99996;-181087;47209;25546;1
123404;-182500;48672;25457;4
106158;-184707;47594;25319;8
105884;-182518;47577;25456;4
103998;-177055;47459;25798;8
117718;-183561;48317;25391;1
125625;-188534;48811;25080;2
107226;-168791;47661;26314;4
109807;-182344;47822;25467;1
113781;-195852;48071;24623;2
124886;-171733;48765;26130;1
126220;-191231;48848;24912;8
127727;-166164;48942;26478;4
111457;-178224;47926;25725;8
101089;-177021;47278;25800;4
119363;-179655;48420;25635;1
113681;-182366;48065;25466;4
118855;-167451;48388;26398;4
110167;-178692;47845;25695;1
115557;-185031;48182;25299;8
117571;-195614;48308;24638;1
111143;-196200;47906;24601;8
121316;-167565;48542;26391;2
102167;-173540;47345;26017;8
117607;-174804;48310;25938;2
111093;-181345;47903;25529;2
111733;-184283;47943;25346;1
122858;-166061;48638;26485;4
124135;-173087;48718;26046;8
107153;-171774;47657;26128;1
124384;-164257;48734;26597;8
102172;-176304;47345;25845;2
113183;-184792;48033;25314;1
108853;-192591;47763;24827;8
108302;-183008;47728;25426;2
121042;-184832;48525;25312;1
126980;-179341;48896;25655;4
101555;-178153;47307;25729;2
108153;-164111;47719;26607;4
109678;-193894;47814;24745;4
100155;-184823;47219;25312;1
114051;-187100;48088;25170;2
120510;-169741;48491;26255;2
106860;-186185;47638;25227;1
103318;-169637;47417;26261;8
128964;-167975;49020;26365;4
100243;-176680;47225;25821;2
104970;-191361;47520;24903;1
118324;-171200;48355;26164;2
124492;-168656;48740;26323;1
100065;-180618;47214;25575;2
111959;-193995;47957;24739;2
108586;-169864;47746;26247;8
118176;-186618;48346;25200;2
100509;-176989;47241;25802;2
115312;-192812;48167;24813;4
111432;-191364;47924;24903;4
101570;-182136;47308;25480;8
130066;-176729;49089;25818;8
104118;-170983;47467;26177;2
125744;-185321;48819;25281;2
112854;-182043;48013;25486;4
100586;-167458;47246;26397;8
121663;-173371;48563;26028;4
116517;-194365;48242;24716;4
122784;-171437;48634;26149;2
114689;-189987;48128;24989;1
117333;-176655;48293;25823;8
104725;-190791;47505;24939;1
129161;-174118;49032;25981;4
103311;-173202;47416;26038;1
115882;-164148;48202;26604;4
117497;-164625;48303;26574;8
113990;-180089;48084;25608;4
105209;-190421;47535;24962;4
121531;-167439;48555;26399;1
125825;-192043;48824;24861;1
128900;-183712;49016;25382;4
117096;-189136;48278;25043;1
126477;-179474;48864;25646;1
117321;-177654;48292;25760;1
126255;-184186;48850;25352;2
126140;-170289;48843;26220;8
123628;-190944;48686;24930;4
127663;-167103;48938;26420;1
110458;-195784;47863;24627;8
108567;-188301;47745;25095;2
107530;-183037;47680;25424;2
110659;-164104;47876;26607;4
130594;-165588;49122;26514;1
109840;-196549;47825;24579;4
129647;-175681;49062;25883;2
120955;-166441;48519;26461;1
107132;-182955;47655;25429;2
119435;-169408;48424;26276;1
108167;-179407;47720;25651;4
121325;-175463;48542;25897;8
109020;-180301;47773;25595;4
108369;-169480;47733;26271;8
126831;-185082;48886;25296;1
124594;-190406;48747;24963;4
113836;-186302;48074;25220;1
106941;-186884;47643;25183;8
121524;-192941;48555;24805;4
103835;-185430;47449;25274;8
115928;-189070;48205;25047;1
128498;-166617;48991;26450;8
113146;-181471;48031;25522;4
123123;-188337;48655;25092;4
115996;-168127;48209;26356;2
124992;-189208;48772;25038;2
122219;-171210;48598;26163;4
118450;-167368;48363;26403;8
106965;-179689;47645;25633;2
110688;-174899;47878;25932;4
104800;-187105;47510;25169;4
112202;-181021;47972;25550;2
105800;-193427;47572;24774;2
123139;-169612;48656;26263;1
105306;-165565;47541;26516;2
110539;-188868;47868;25059;8
109939;-182648;47831;25448;2
129376;-171522;49046;26143;2
106113;-177172;47592;25790;4
122381;-171703;48608;26132;2
108996;-188872;47772;25059;2
108613;-168351;47748;26342;4
111145;-184678;47906;25321;8
123758;-193796;48694;24751;1
99537;-179972;47181;25615;2
126787;-189636;48884;25011;2
109355;-164118;47794;26606;1
120207;-189101;48472;25045;2
122146;-173538;48594;26017;4
126985;-164680;48896;26571;8
105264;-165886;47539;26496;4
103751;-165083;47444;26546;2
127823;-187273;48948;25159;1
113034;-180464;48024;25585;1
110905;-181399;47891;25526;8
100782;-177626;47258;25762;2
103967;-185680;47457;25259;1
109209;-186928;47785;25181;4
130241;-193658;49100;24760;1
121150;-189873;48531;24996;8
105328;-165509;47543;26519;8
109224;-164407;47786;26588;4
123447;-171098;48675;26170;4
107332;-187489;47668;25145;2
129033;-175952;49024;25867;2
124919;-190068;48767;24984;8
111407;-174530;47922;25955;4
111381;-185906;47921;25244;2
126298;-191464;48853;24897;2
127814;-177223;48948;25787;2
119502;-169409;48428;26275;1
126468;-189190;48864;25039;1
111150;-186324;47906;25218;8
113429;-183460;48049;25397;4
113522;-194027;48055;24737;4
105882;-166430;47577;26462;1
109664;-187644;47814;25136;4
127947;-182817;48956;25437;4
111319;-183040;47917;25424;4
123282;-170475;48665;26209;8
117920;-169739;48330;26255;2
100704;-175666;47254;25884;8
113835;-182286;48074;25471;1
126669;-164317;48876;26594;4
105893;-193552;47578;24767;8
121128;-183062;48530;25422;1
100245;-177357;47225;25779;8
107280;-176993;47665;25801;8
105023;-166737;47523;26442;2
113716;-184818;48067;25312;2
127178;-177193;48908;25789;8
109905;-195714;47829;24631;2
100304;-171786;47229;26127;2
117687;-191972;48315;24865;4
101238;-179855;47287;25623;8
128747;-169217;49006;26287;2
120534;-171536;48493;26143;1
101565;-176882;47307;25808;8
100029;-180241;47211;25598;2
103805;-170274;47447;26221;1
100897;-167680;47266;26384;2
113962;-185647;48082;25261;1
111079;-190375;47902;24965;8
99228;-175300;47161;25907;1
114246;-181181;48100;25540;4
116657;-178495;48251;25708;8
121757;-193132;48569;24793;8
130604;-170931;49122;26180;1
102903;-173575;47391;26015;1
111065;-182367;47901;25466;1
110286;-195866;47852;24622;2
124328;-165728;48730;26506;4
121156;-179207;48532;25663;8
100340;-168156;47231;26354;4
108828;-183180;47761;25415;8
122169;-179893;48595;25620;2
116705;-166357;48254;26466;1
118588;-182941;48371;25430;4
125364;-168744;48795;26317;1
118953;-179304;48394;25657;2
99425;-180428;47174;25587;2
120557;-182406;48494;25463;2
111052;-175387;47900;25902;2
118900;-178353;48391;25716;2
104796;-190232;47509;24974;1
109686;-179898;47815;25620;4
117239;-193777;48287;24752;1
111447;-180673;47925;25571;1
130156;-191623;49094;24887;8
102535;-177145;47368;25792;2
102760;-165383;47382;26527;4
124285;-186342;48727;25217;1
108628;-190516;47749;24956;4
123440;-174006;48675;25988;1
114027;-189394;48086;25026;2
124973;-186975;48770;25178;2
127427;-170695;48924;26195;8
121624;-181846;48561;25498;2
105927;-176090;47580;25858;8
122975;-182825;48645;25437;4
110557;-183984;47869;25365;2
106107;-193047;47591;24798;8
100245;-174210;47225;25975;8
111780;-189939;47946;24992;1
126272;-179514;48852;25644;1
121550;-173294;48556;26033;1
106736;-167482;47631;26396;8
128218;-168481;48973;26333;4
110419;-194560;47861;24704;1
105106;-183594;47529;25389;4
124653;-193300;48750;24782;1
113678;-187284;48064;25158;1
104936;-166876;47518;26434;2
118192;-189529;48347;25018;4
111434;-194234;47924;24724;1
109406;-178372;47797;25715;4
103048;-174667;47400;25947;1
100855;-174104;47263;25982;4
104927;-177615;47517;25763;8
124329;-182153;48730;25479;8
129356;-173769;49044;26003;1
119259;-169337;48413;26280;4
104909;-176456;47516;25835;8
115396;-191447;48172;24898;4
106930;-171682;47643;26133;1
120015;-171234;48460;26161;1
112297;-174920;47978;25931;1
108624;-188797;47749;25064;8
131017;-170764;49148;26191;8
116512;-186012;48242;25238;1
109125;-181945;47780;25492;2
106786;-169106;47634;26294;1
114613;-182460;48123;25460;2
112004;-183262;47960;25410;8
126659;-172993;48876;26051;2
125706;-167708;48816;26382;8
108156;-168268;47719;26347;4
123717;-171377;48692;26152;2
115815;-191604;48198;24888;2
123233;-166653;48662;26448;8
114133;-172879;48093;26059;1
102375;-169760;47358;26254;1
126584;-184672;48871;25322;8
118336;-192895;48356;24808;8
109073;-185853;47777;25248;1
100459;-175489;47238;25895;2
114058;-190049;48088;24985;4
103372;-184593;47420;25326;1
110891;-176269;47890;25847;1
121472;-185988;48552;25239;8
121402;-177584;48547;25765;2
112202;-184708;47972;25319;1
101803;-166655;47322;26448;8
113090;-164096;48028;26608;2
103032;-174065;47399;25984;4
100416;-177847;47236;25748;2
104749;-166651;47506;26448;1
118311;-180309;48354;25594;2
122284;-181712;48602;25507;1
122804;-175139;48635;25917;1
114001;-195121;48085;24668;4
110776;-194762;47883;24691;4
114601;-169714;48122;26256;8
118795;-170537;48384;26205;4
105103;-188586;47528;25077;2
103571;-165739;47433;26505;1
111019;-178546;47898;25704;2
116571;-185675;48245;25259;4
108504;-169979;47741;26240;4
109894;-196380;47828;24590;8
100088;-167723;47215;26381;2
109885;-171172;47827;26165;4
110579;-172116;47871;26106;1
125325;-186607;48792;25201;1
121548;-180186;48556;25602;1
129680;-169834;49065;26249;2
128799;-194577;49009;24702;4
102136;-166849;47343;26435;2
100997;-164373;47272;26590;1
114045;-185677;48087;25259;1
109012;-166406;47773;26463;1
112563;-184486;47995;25333;1
121281;-186417;48540;25212;2
100844;-174301;47262;25970;4
114354;-181191;48107;25539;2
114248;-170365;48100;26216;4
120352;-187367;48482;25153;8
105948;-191840;47581;24874;8
122276;-171355;48602;26154;8
109657;-187173;47813;25165;4
100466;-166946;47239;26429;8
130247;-175135;49100;25918;1
116284;-186533;48227;25205;8
101377;-165592;47296;26514;1
115290;-166565;48165;26453;2
129319;-168232;49042;26349;2
100336;-177339;47231;25780;2
121391;-177730;48546;25755;8
99912;-167224;47204;26412;8
100093;-180516;47215;25581;2
112272;-196597;47977;24576;8
112549;-177556;47994;25766;2
111828;-177539;47949;25767;1
129529;-168214;49055;26350;2
104892;-184104;47515;25357;8
124968;-169504;48770;26270;2
128213;-172208;48973;26101;4
127432;-175364;48924;25903;4
123589;-191088;48684;24921;1
98957;-178565;47144;25703;8
124268;-187911;48726;25119;8
119452;-194149;48425;24729;4
104974;-165809;47520;26500;1
114383;-170780;48108;26190;4
126052;-183923;48838;25368;4
108179;-187359;47721;25154;2
118374;-177616;48358;25763;1
108999;-180134;47772;25605;8
126840;-166588;48887;26452;8
104975;-189736;47520;25005;2
118780;-178362;48383;25716;8
125462;-187407;48801;25151;2
112644;-172579;48000;26077;8
105195;-189742;47534;25005;2
114068;-188234;48089;25099;1
122633;-177856;48624;25748;1
101911;-177746;47329;25754;8
112036;-189330;47962;25030;4
113986;-175600;48084;25889;4
112059;-174423;47963;25962;1
103620;-169428;47436;26274;8
129060;-175730;49026;25880;8
105937;-179512;47581;25644;1
108710;-181367;47754;25528;1
114018;-187137;48086;25167;8
107953;-190420;47707;24962;2
120350;-183857;48481;25372;4
100346;-173440;47231;26024;2
116057;-188640;48213;25074;1
128957;-176203;49019;25851;2
114467;-182187;48114;25477;2
130860;-176026;49138;25862;4
114273;-169293;48102;26283;8
108346;-178966;47731;25678;2
111078;-193194;47902;24789;1
101651;-174386;47313;25964;1
109851;-185230;47825;25287;1
126258;-190139;48851;24980;1
111140;-178262;47906;25722;8
113647;-181606;48062;25513;1
111061;-179180;47901;25665;2
109325;-186782;47792;25190;8
114500;-169617;48116;26262;4
119163;-167080;48407;26421;8
126568;-189106;48870;25044;4
106787;-170997;47634;26176;8
111612;-178326;47935;25718;8
102549;-179095;47369;25670;1
101233;-178468;47287;25709;4
113766;-181100;48070;25545;8
108105;-169185;47716;26289;2
122136;-167079;48593;26421;1
112254;-181673;47975;25509;8
102656;-169516;47376;26269;8
102217;-178070;47348;25734;4
113996;-166476;48084;26459;8
103469;-176255;47426;25848;8
123842;-179600;48700;25639;4
112002;-189122;47960;25043;2
100370;-168034;47233;26361;4
110531;-191277;47868;24909;4
99391;-177183;47171;25790;4
111023;-182107;47898;25482;8
124293;-183125;48728;25418;2
124815;-181319;48760;25531;2
122433;-167345;48612;26404;8
104154;-172736;47469;26068;1
110119;-167047;47842;26423;1
110948;-191892;47894;24870;8
110851;-195141;47888;24667;2
102693;-165322;47378;26531;1
122804;-179091;48635;25670;1
126926;-171216;48892;26163;1
112847;-190641;48012;24948;4
107859;-169674;47701;26259;4
111524;-182628;47930;25449;4
122580;-183132;48621;25418;4
111363;-174480;47920;25959;1
118099;-174622;48341;25950;1
104780;-187068;47508;25172;4
111444;-195977;47925;24615;1
130543;-167936;49118;26368;2
107559;-183017;47682;25425;1
115677;-176949;48189;25804;4
114391;-180953;48109;25554;8
99625;-168591;47186;26327;2
114527;-180210;48117;25600;2
104911;-185698;47516;25257;1
108490;-167951;47740;26367;8
111500;-177914;47928;25744;4
105949;-195210;47581;24663;2
121707;-185999;48566;25239;4
113225;-186548;48036;25204;2
112228;-180573;47974;25578;8
121516;-193831;48554;24749;8
109571;-179431;47808;25649;4
116255;-191402;48225;24901;2
106109;-176383;47591;25840;8
113748;-186197;48069;25226;2
113505;-194656;48054;24698;4
101011;-178667;47273;25697;2
123041;-186469;48650;25209;8
121804;-183610;48572;25388;1
99433;-179513;47174;25644;1
116268;-172208;48226;26101;4
125758;-165461;48819;26522;2
124974;-169047;48770;26298;8
120137;-169495;48468;26270;1
114759;-169134;48132;26293;2
128469;-169356;48989;26279;8
124191;-169806;48721;26251;8
125421;-185426;48798;25274;2
126050;-167454;48838;26398;2
106276;-192270;47602;24847;2
119058;-175457;48401;25897;8
125751;-179767;48819;25628;2
120559;-178246;48494;25723;8
112893;-164156;48015;26604;1
127310;-180647;48916;25573;8
100017;-180565;47211;25578;1
106525;-184731;47617;25318;4
127556;-179870;48932;25622;4
129010;-176346;49023;25842;2
123877;-182695;48702;25445;4
110720;-196488;47880;24583;4
104916;-190017;47517;24987;2
122990;-188632;48646;25074;8
103853;-173089;47450;26045;2
108347;-180575;47731;25578;4
116080;-184679;48215;25321;8
109512;-185386;47804;25277;2
115875;-171556;48202;26141;2
112969;-187340;48020;25155;8
100198;-174887;47222;25933;4
124777;-170311;48758;26219;8
126671;-172170;48876;26103;4
119080;-169574;48402;26265;8
124217;-184557;48723;25329;2
112731;-184523;48005;25331;4
111785;-185196;47946;25289;1
113581;-187192;48058;25164;4
106598;-166917;47622;26431;2
111471;-196594;47926;24576;2
106843;-167820;47637;26375;2
114797;-170930;48134;26180;4
101783;-166694;47321;26445;1
107781;-179139;47696;25667;1
115200;-167365;48160;26403;8
111479;-182132;47927;25480;1
106592;-195773;47622;24628;1
105033;-170331;47524;26218;1
105368;-170698;47545;26195;4
111697;-182336;47941;25468;8
110774;-178648;47883;25698;4
110991;-183254;47896;25410;2
119759;-176199;48444;25851;1
130140;-167138;49093;26417;2
106218;-196430;47598;24587;8
119269;-169049;48414;26298;8
130957;-166519;49144;26456;4
99880;-174480;47202;25959;1
111870;-185154;47951;25291;4
115869;-192011;48201;24863;4
115507;-169500;48179;26270;1
115007;-166275;48147;26471;8
113196;-163978;48034;26615;8
110325;-187151;47855;25167;8
126295;-183579;48853;25390;4
113846;-190326;48075;24968;4
126464;-180476;48864;25584;2
119620;-173840;48436;25999;2
129644;-177017;49062;25800;4
115273;-187007;48164;25176;2
122224;-166320;48599;26469;2
129042;-164018;49025;26612;2
106723;-180623;47630;25575;4
111511;-177040;47929;25799;8
128364;-168534;48982;26330;8
109944;-190602;47831;24951;4
113346;-187407;48044;25151;1
113893;-190111;48078;24982;4
129923;-186977;49080;25177;1
103302;-169654;47416;26260;2
126689;-189196;48878;25039;8
103652;-168167;47438;26353;2
127871;-180166;48951;25603;2
123131;-179348;48655;25654;2
124953;-168357;48769;26341;1
111955;-174733;47957;25943;1
120065;-188904;48464;25057;4
112880;-193180;48015;24790;2
111389;-179034;47921;25674;4
130449;-165304;49113;26532;1
110559;-181726;47869;25506;2
126023;-178059;48836;25735;2
100854;-183499;47263;25395;8
109016;-188343;47773;25092;2
126657;-164371;48876;26590;8
115218;-190232;48161;24974;2
99667;-181052;47189;25548;8
127981;-176599;48958;25826;2
105189;-191310;47534;24907;4
128492;-164373;48990;26590;1
126094;-192056;48840;24860;8
118492;-192741;48365;24817;2
103295;-173651;47415;26010;4
123314;-188560;48667;25079;4
127723;-164570;48942;26578;8
103401;-169915;47422;26244;2
129448;-166814;49050;26438;2
100012;-167772;47210;26378;2
102304;-165931;47354;26493;4
112676;-172492;48002;26083;2
120934;-184693;48518;25320;8
119975;-174226;48458;25974;8
127853;-170656;48950;26198;8
122992;-167590;48647;26389;8
114008;-173120;48085;26044;2
125029;-182212;48774;25475;1
127238;-179174;48912;25665;8
125227;-164855;48786;26560;2
102969;-178072;47395;25734;1
108485;-182590;47740;25452;8
114628;-189780;48124;25002;4
99716;-179872;47192;25622;4
112162;-175209;47970;25913;8
106604;-184779;47622;25315;1
123236;-177986;48662;25739;8
111214;-174756;47910;25941;8
128907;-183694;49016;25383;4
117003;-172661;48272;26072;8
116161;-167872;48220;26372;2
116263;-186160;48226;25229;4
119325;-181233;48417;25536;1
126885;-189728;48890;25006;2
104064;-169194;47464;26289;1
103409;-172996;47423;26051;4
120264;-184122;48476;25356;4
111257;-195511;47913;24644;1
105502;-195470;47553;24647;8
99246;-177161;47162;25791;2
118887;-191026;48390;24924;4
122527;-178203;48617;25726;2
110476;-184105;47864;25357;4
99807;-180516;47197;25581;2
125566;-187476;48807;25146;8
104845;-165684;47512;26508;8
118267;-165704;48351;26507;4
113023;-181287;48023;25533;2
123120;-174057;48655;25985;1
120615;-186563;48498;25203;4
127964;-171850;48957;26123;1
109338;-186393;47793;25214;1
107348;-184848;47669;25311;4
125600;-181628;48810;25512;4
105862;-196274;47576;24596;8
102731;-180459;47380;25585;1
107329;-182355;47668;25466;1
106987;-190909;47646;24932;1
117211;-184634;48285;25324;2
124415;-164433;48735;26586;2
100575;-174707;47245;25944;4
114949;-194734;48144;24693;2
110769;-194181;47883;24727;4
123544;-183770;48681;25378;2
127764;-195842;48945;24623;8
116139;-164852;48218;26560;8
124710;-170127;48754;26231;1
129857;-167614;49076;26388;2
118959;-176783;48394;25815;8
101237;-183840;47287;25374;1
125185;-164973;48784;26553;8
126954;-179340;48894;25655;4
122172;-173531;48595;26018;4
126367;-168666;48857;26322;2
128256;-173744;48976;26005;8
121920;-179444;48580;25648;4
104662;-185007;47501;25301;1
107830;-183043;47699;25423;8
120327;-176865;48480;25809;2
124321;-169791;48730;26252;1
115665;-169421;48189;26275;8
113178;-175935;48033;25868;4
113315;-166913;48042;26431;8
119911;-171850;48454;26123;1
121576;-183703;48558;25382;4
102004;-176707;47335;25819;4
100471;-175900;47239;25870;8
128220;-166294;48973;26470;4
110369;-187107;47858;25169;4
109814;-188232;47823;25099;4
123244;-181486;48662;25521;8
117468;-170720;48301;26194;2
105249;-166354;47538;26466;2
107119;-184640;47654;25324;8
120611;-177692;48498;25758;2
115518;-169507;48179;26269;4
109328;-191844;47793;24873;2
127099;-183598;48903;25389;1
118836;-177406;48387;25776;4
109039;-187261;47774;25160;4
115213;-167311;48160;26407;1
118251;-188896;48350;25058;8
102494;-169764;47365;26253;8
121056;-169486;48526;26271;1
110115;-178575;47842;25703;8
123639;-188316;48687;25094;8
128924;-178170;49017;25728;1
130242;-185407;49100;25276;1
107902;-169100;47703;26295;8
122078;-192020;48589;24862;1
129226;-172772;49036;26065;4
108018;-169308;47711;26282;1
113093;-176202;48028;25851;8
110206;-178804;47847;25688;8
101912;-180527;47329;25581;2
120716;-182766;48504;25441;2
108642;-183292;47750;25408;1
103414;-174785;47423;25939;8
108305;-185621;47729;25262;1
109170;-191287;47783;24908;4
104378;-170757;47483;26191;8
124889;-186538;48765;25205;8
103041;-170327;47400;26218;4
117573;-184784;48308;25315;2
128588;-171842;48996;26123;2
110811;-171243;47885;26161;8
103029;-169875;47399;26246;8
102938;-184050;47393;25360;4
118744;-167361;48381;26403;2
112537;-172809;47993;26063;8
119025;-178209;48399;25725;8
103791;-183678;47446;25384;8
107423;-180039;47673;25611;1
122222;-173785;48598;26002;1
111836;-165337;47949;26530;8
119828;-176811;48449;25813;2
107513;-189208;47679;25038;4
108312;-181906;47729;25494;4
121330;-185060;48543;25297;2
100822;-175657;47261;25885;2
125491;-187831;48803;25124;4
111091;-177461;47903;25772;2
118394;-178317;48359;25719;2
107625;-192606;47686;24826;4
130791;-163878;49134;26621;2
111351;-184919;47919;25306;2
103262;-175933;47413;25868;1
109538;-191326;47806;24906;2
113008;-185811;48023;25250;1
114784;-183649;48134;25385;8
115243;-192809;48162;24813;1
130102;-166388;49091;26464;1
124639;-169340;48749;26280;2
112366;-164494;47982;26583;2
129484;-166380;49052;26465;4
100125;-174176;47217;25978;1
110970;-172981;47895;26052;4
105066;-170467;47526;26209;1
106152;-182726;47594;25443;1
100766;-176798;47257;25814;1
122462;-177746;48613;25754;1
125072;-179793;48777;25626;8
128753;-176810;49007;25813;2
99355;-166933;47169;26430;8
111201;-188577;47910;25077;8
99099;-176550;47153;25829;1
115741;-193047;48193;24798;1
107925;-190155;47705;24979;1
124144;-175316;48719;25906;8
130827;-176281;49136;25846;1
128023;-181028;48961;25549;4
110157;-176586;47844;25827;1
120082;-180747;48465;25567;2
120959;-171759;48519;26129;4
125846;-185609;48825;25263;1
104621;-176404;47498;25838;8
129064;-164027;49026;26612;2
123668;-192882;48689;24808;8
106738;-183793;47631;25376;8
127229;-171617;48911;26137;4
107639;-167751;47687;26379;8
120378;-182879;48483;25434;2
106873;-184651;47639;25323;4
117164;-187649;48282;25135;4
118555;-188965;48369;25053;2
109784;-195915;47821;24619;8
127109;-190031;48904;24987;4
121911;-185546;48579;25267;8
125928;-188465;48830;25084;2
124249;-184408;48725;25338;2
99372;-180432;47170;25587;4
118970;-187181;48395;25165;8
103116;-179409;47404;25650;8
100289;-182006;47228;25488;4
125669;-187451;48814;25148;1
109293;-172503;47790;26082;8
110421;-171643;47861;26136;8
111592;-189696;47934;25008;2
124497;-175553;48741;25891;1
108261;-193378;47726;24777;8
110018;-164054;47836;26610;4
125018;-165097;48773;26545;1
107048;-184580;47650;25327;8
113489;-173479;48053;26021;2
125102;-179846;48778;25623;8
119300;-167076;48416;26421;2
107459;-179827;47676;25624;4
125970;-180673;48833;25571;1
102864;-177305;47389;25782;1
122173;-184745;48595;25317;8
121860;-178988;48576;25677;4
115193;-193834;48159;24749;1
106247;-183257;47600;25410;8
115576;-186884;48183;25183;4
121029;-171695;48524;26133;4
110945;-178553;47894;25704;4
109019;-188768;47773;25066;1
126284;-179032;48852;25674;8
112145;-171687;47969;26133;1
119413;-191466;48423;24897;4
105471;-173292;47551;26033;1
108931;-191750;47768;24879;1
102622;-165278;47373;26534;8
127328;-171810;48918;26125;1
110907;-192925;47891;24806;8
121735;-171410;48568;26150;4
123917;-187996;48704;25114;2
120410;-179883;48485;25621;1
100365;-182003;47232;25488;1
113129;-180926;48030;25556;2
120486;-171923;48490;26118;8
109094;-177701;47778;25757;8
128397;-166531;48984;26455;4
125888;-164974;48828;26553;8
111577;-190802;47933;24938;8
100785;-183310;47259;25407;8
129087;-174595;49027;25951;4
115598;-169446;48184;26273;4
124400;-182860;48735;25435;1
117690;-178353;48315;25716;8
107334;-178209;47668;25725;1
121882;-184594;48577;25326;8
125854;-179100;48825;25670;2
114787;-170381;48134;26215;4
124362;-189108;48732;25044;4
105084;-166622;47527;26450;1
111712;-182457;47942;25460;8
106341;-193229;47606;24787;8
118241;-168267;48350;26347;8
101393;-173809;47297;26000;4
113354;-195990;48044;24614;8
126740;-175809;48881;25875;1
105053;-174325;47525;25968;2
104937;-176827;47518;25812;2
106705;-168585;47629;26327;4
107449;-185343;47675;25280;1
103348;-173062;47419;26047;2
110475;-177424;47864;25775;2
128228;-176797;48974;25814;1
129209;-174580;49035;25952;8
128816;-165323;49011;26531;8
127550;-173000;48931;26051;4
108797;-184780;47759;25315;1
104589;-169595;47496;26264;8
101152;-163870;47282;26622;2
128157;-174370;48969;25965;1
110774;-186891;47883;25183;2
105037;-185734;47524;25255;1
127505;-192027;48929;24862;2
129446;-173684;49050;26008;2
98466;-178013;47114;25738;2
122005;-185092;48585;25295;2
105486;-175945;47552;25867;8
104477;-169567;47489;26266;4
124778;-186192;48758;25227;8
126262;-188156;48851;25104;1
123139;-169651;48656;26260;4
131046;-165187;49150;26539;8
100043;-181378;47212;25527;4
100986;-174304;47271;25970;4
98552;-177842;47119;25748;2
121056;-168066;48526;26359;2
113239;-196466;48037;24584;8
106420;-168916;47611;26306;8
119238;-169488;48412;26271;4
109066;-182546;47776;25454;4
126487;-186941;48865;25180;2
102825;-178089;47386;25733;4
100542;-175583;47243;25890;4
109098;-177607;47778;25763;4
127611;-190241;48935;24973;4
99878;-181025;47202;25549;4
113850;-176693;48075;25820;4
123444;-165456;48675;26523;1
113921;-170383;48080;26215;8
127561;-166097;48932;26482;4
100046;-185176;47212;25290;8
110648;-190584;47875;24952;1
112921;-175205;48017;25913;8
99136;-173631;47156;26012;8
106990;-186344;47646;25217;2
122956;-164059;48644;26610;8
102046;-180940;47337;25555;8
110198;-165297;47847;26532;2
125230;-183755;48786;25379;2
104778;-185343;47508;25280;2
99176;-177740;47158;25755;4
109419;-181102;47798;25545;1
124609;-180922;48748;25556;4
109518;-186804;47804;25188;8
99565;-180204;47182;25601;4
107402;-177151;47672;25792;1
108881;-187164;47765;25166;4
113613;-164237;48060;26599;8
107470;-182806;47676;25438;2
114068;-180054;48089;25610;8
109797;-175237;47822;25911;8
102797;-178680;47384;25696;8
115468;-184966;48176;25303;8
110193;-177704;47847;25757;8
129389;-178717;49046;25694;2
124046;-179366;48712;25653;4
125655;-170578;48813;26202;4
104824;-189444;47511;25023;4
128319;-169858;48979;26247;1
102602;-170179;47372;26227;1
113389;-167270;48046;26409;4
130233;-167429;49099;26399;1
124672;-189474;48752;25021;1
120533;-168165;48493;26353;8
107336;-187183;47668;25165;8
107678;-182499;47689;25457;8
117869;-169588;48326;26264;4
104675;-171077;47502;26171;2
128911;-185843;49016;25248;1
117572;-189131;48308;25043;4
113272;-168578;48039;26327;1
123060;-173739;48651;26005;2
100740;-176299;47256;25845;8
108763;-171178;47757;26165;8
113165;-175530;48032;25893;1
104866;-189504;47514;25020;8
127632;-168225;48937;26349;2
129798;-170707;49072;26194;1
108112;-165908;47717;26494;2
106890;-179839;47640;25624;8
113387;-180183;48046;25602;2
115915;-167791;48204;26377;4
114508;-174219;48116;25975;2
102345;-175295;47356;25908;2
100035;-180822;47212;25562;8
116565;-185763;48245;25253;8
113266;-183893;48039;25370;2
125865;-184275;48826;25346;1
125736;-192620;48818;24825;1
107287;-187177;47665;25165;4
108964;-185354;47770;25279;4
106220;-166895;47598;26433;8
100217;-182060;47223;25485;2
106680;-166965;47627;26428;2
127621;-166630;48936;26449;2
100346;-181878;47231;25496;4
128626;-179200;48999;25664;8
100260;-177324;47226;25781;2
100321;-168717;47230;26319;8
123824;-166337;48699;26467;8
121894;-175542;48578;25892;4
103761;-165221;47445;26537;8
99467;-176196;47176;25851;2
124041;-170687;48712;26196;1
112253;-185052;47975;25298;2
121467;-179616;48551;25638;4
106082;-184798;47590;25314;4
104905;-176486;47516;25833;4
107130;-170367;47655;26216;2
130460;-170082;49113;26233;2
109660;-177974;47813;25740;8
112663;-175679;48001;25884;1
126302;-193142;48853;24792;4
114357;-194676;48107;24696;1
117441;-195436;48300;24649;8
126982;-189899;48896;24995;4
126986;-183971;48896;25365;8
106340;-168159;47606;26354;1
114143;-184411;48093;25338;2
121310;-174087;48541;25983;2
104330;-169721;47480;26256;2
126266;-164068;48851;26609;1
102126;-178685;47342;25696;2
106896;-163911;47641;26619;8
116780;-190839;48258;24936;8
125776;-164384;48821;26590;1
123046;-186441;48650;25211;4
112617;-173367;47998;26028;2
112167;-187351;47970;25154;4
100413;-175392;47235;25902;8
124077;-185042;48714;25298;2
126975;-181931;48895;25493;4
109654;-178362;47813;25716;4
104071;-172398;47464;26089;1
100848;-177406;47263;25776;1
121609;-172626;48560;26074;8
126011;-179005;48835;25676;1
120336;-169492;48481;26270;1
111427;-172815;47924;26063;2
117126;-178078;48280;25734;4
118060;-177458;48338;25772;1
108706;-182606;47754;25451;4
123538;-179489;48681;25645;4
105115;-177190;47529;25789;8
117099;-190175;48278;24978;8
112917;-176408;48017;25838;8
113724;-178886;48067;25683;4
98629;-178546;47124;25704;1
111468;-185883;47926;25246;1
112837;-168391;48012;26339;4
126097;-166027;48841;26487;8
118500;-173711;48366;26007;8
109238;-184418;47787;25337;4
113979;-170474;48083;26209;8
101809;-175524;47323;25893;8
112340;-188073;47981;25109;8
120231;-189417;48474;25025;4
125334;-189506;48793;25019;4
105818;-191675;47573;24884;8
114531;-186811;48118;25188;2
116694;-192278;48253;24846;1
120323;-183039;48480;25424;1
124355;-182092;48732;25483;2
116280;-193438;48227;24774;1
99999;-181499;47209;25520;4
115802;-170452;48197;26210;2
107906;-168549;47704;26329;4
107869;-169619;47701;26262;8
100415;-174377;47235;25965;1
119591;-175704;48434;25882;8
124417;-185893;48736;25245;2
129350;-168304;49044;26345;4
109508;-177521;47804;25768;1
127248;-165260;48913;26535;8
106023;-167400;47586;26401;4
101688;-175528;47315;25893;4
111143;-176350;47906;25842;8
114736;-170905;48131;26182;1
112680;-165351;48002;26529;2
122600;-188627;48622;25074;1
100113;-175062;47217;25922;1
107791;-191631;47696;24887;8
100752;-183451;47257;25398;4
99710;-167452;47191;26398;4
127700;-163897;48941;26620;4
122512;-187745;48617;25129;2
110626;-191064;47874;24922;4
109583;-164370;47808;26590;2
110589;-182116;47871;25481;8
121944;-177495;48581;25770;2
101550;-182243;47306;25473;1
115532;-185039;48180;25299;2
127941;-177655;48956;25760;8
100490;-174178;47240;25977;8
100906;-179818;47266;25625;2
125976;-171741;48833;26130;4
107013;-169261;47648;26285;1
115583;-184824;48183;25312;4
127862;-196053;48951;24610;8
124451;-175564;48738;25891;2
114973;-167402;48145;26401;2
109080;-182919;47777;25431;4
100110;-171222;47216;26162;4
128867;-177106;49014;25794;8
125487;-182085;48802;25483;1
106755;-184070;47632;25359;4
127896;-168626;48953;26324;2
106207;-193206;47597;24788;2
111738;-164238;47943;26599;2
115960;-191127;48207;24918;2
112549;-168368;47994;26341;2
107886;-171406;47702;26151;8
123873;-178774;48702;25690;4
108366;-183112;47732;25419;2
118401;-174350;48360;25967;8
108653;-169724;47750;26256;8
107303;-177483;47666;25771;8
113185;-180099;48034;25607;1
124473;-164982;48739;26552;8
114324;-179480;48105;25646;1
110874;-178686;47889;25696;2
109265;-191264;47789;24910;8
111389;-196132;47921;24605;1
106971;-186406;47645;25213;2
118846;-168025;48387;26362;2
128939;-176466;49018;25834;8
121324;-178194;48542;25726;4
120856;-175608;48513;25888;1
108343;-190202;47731;24976;4
123846;-180455;48700;25585;4
126402;-178817;48860;25687;2
99985;-181378;47209;25527;4
121623;-176145;48561;25854;8
114037;-180166;48087;25603;2
105515;-175251;47554;25910;8
100564;-174815;47245;25938;2
109655;-187638;47813;25136;1
103863;-184770;47451;25315;4
121011;-176649;48523;25823;4
131066;-170974;49151;26178;1
113914;-166907;48079;26432;1
108510;-180303;47741;25595;4
129276;-173813;49039;26000;8
124464;-186128;48739;25231;2
121640;-176835;48562;25811;1
115497;-165438;48178;26524;2
105847;-183553;47575;25391;4
103533;-176274;47430;25846;2
114444;-168706;48112;26319;2
103638;-172445;47437;26086;8
124657;-187235;48751;25161;2
103624;-165326;47436;26531;8
119650;-175791;48438;25877;8
125763;-172153;48820;26104;8
117073;-166959;48277;26429;4
105106;-174490;47529;25958;2
112841;-178237;48012;25724;8
99309;-183732;47166;25380;4
125974;-173262;48833;26035;8
113889;-188616;48078;25075;8
103150;-177432;47406;25774;2
100983;-167588;47271;26389;2
121535;-190589;48555;24952;2
105340;-188722;47543;25068;4
101776;-178655;47321;25698;1
110370;-185883;47858;25246;8
123011;-173275;48648;26034;8
110262;-188894;47851;25058;2
113834;-179005;48074;25676;1
111095;-190219;47903;24975;1
109906;-172060;47829;26110;8
106555;-176263;47619;25847;8
116817;-175414;48261;25900;1
119568;-179233;48433;25661;8
111352;-191741;47919;24880;4
124468;-181368;48739;25528;4
99485;-180218;47177;25600;8
110619;-181717;47873;25506;8
110102;-195404;47841;24651;2
121798;-184166;48572;25353;2
112205;-184900;47972;25307;1
115001;-193541;48147;24767;2
116217;-169844;48223;26248;8
106617;-176423;47623;25837;8
117291;-164559;48290;26579;1
99486;-167776;47177;26378;1
103008;-165226;47398;26537;2
111899;-188937;47953;25055;4
115746;-169105;48194;26294;2
126305;-191169;48854;24915;8
114170;-190332;48095;24968;2
104088;-169079;47465;26296;4
111111;-182849;47904;25435;1
111915;-178804;47954;25688;8
103400;-174865;47422;25934;2
109373;-186525;47795;25206;8
129736;-168269;49068;26347;8
105963;-170154;47582;26229;8
112400;-184965;47985;25303;4
110483;-181887;47865;25496;8
104217;-169949;47473;26242;1
120543;-168769;48493;26315;8
110700;-182061;47878;25485;1
99083;-178471;47152;25709;1
122180;-179811;48596;25625;8
122293;-167939;48603;26367;8
108477;-171912;47739;26119;2
114358;-185500;48107;25270;8
101138;-184354;47281;25341;2
123884;-182744;48702;25442;1
122750;-181006;48631;25551;1
120771;-173473;48508;26021;2
124485;-168379;48740;26340;8
128534;-169079;48993;26296;8
102966;-172096;47395;26108;8
110635;-181303;47874;25532;2
121869;-184803;48576;25313;4
123051;-176609;48650;25825;2
100124;-174381;47217;25965;4
107023;-177055;47648;25798;4
118272;-174618;48352;25950;1
123752;-188760;48694;25066;2
108218;-190500;47723;24957;2
101460;-185107;47301;25294;8
112418;-171799;47986;26126;2
122890;-176035;48640;25861;8
129768;-167781;49070;26377;4
116226;-165604;48224;26513;8
112517;-179220;47992;25662;8
113226;-187907;48036;25119;8
123378;-183930;48671;25368;1
127747;-177022;48944;25800;4
127682;-172177;48940;26102;2
116247;-170305;48225;26219;8
125893;-190246;48828;24973;2
113107;-173544;48029;26017;8
105176;-186213;47533;25225;1
112779;-192199;48008;24851;1
111013;-185309;47898;25282;1
125193;-182546;48784;25454;8
120042;-182426;48462;25462;4
118732;-188222;48380;25100;8
109102;-182471;47778;25459;2
113710;-182193;48066;25476;2
103605;-168704;47435;26320;4
112944;-184987;48019;25302;4
116166;-189946;48220;24992;1
119653;-174429;48438;25962;8
129880;-189223;49077;25037;8
118562;-170113;48370;26231;4
113091;-185966;48028;25241;8
124811;-188315;48760;25094;1
126542;-170441;48868;26211;4
107980;-187135;47708;25168;8
124737;-194294;48756;24720;1
129073;-175734;49027;25880;2
128627;-164272;48999;26597;1
101457;-181082;47301;25546;4
110590;-194301;47871;24720;4
111221;-195638;47911;24636;8
120361;-185355;48482;25279;8
119256;-167628;48413;26387;1
119214;-167571;48410;26390;2
113830;-178602;48074;25701;8
122327;-174193;48605;25976;4
110205;-177767;47847;25753;4
116794;-164533;48259;26580;4
122630;-192747;48624;24817;4
119624;-169137;48436;26292;8
121959;-169462;48582;26272;2
120194;-183025;48472;25424;4
120520;-176868;48492;25809;2
110393;-190915;47859;24931;2
100124;-168266;47217;26347;1
102088;-179643;47340;25636;4
112531;-191607;47993;24888;4
104458;-178456;47488;25710;8
111462;-193502;47926;24770;4
120843;-179087;48512;25671;2
111655;-189533;47938;25018;4
105124;-176277;47530;25846;1
99227;-177391;47161;25777;8
129328;-176201;49043;25851;8
120461;-186434;48488;25211;4
100275;-179688;47227;25633;1
108360;-179118;47732;25669;1
123995;-170684;48709;26196;4
128933;-185219;49018;25287;1
120593;-186846;48497;25186;1
115822;-184977;48198;25302;1
122126;-192008;48592;24863;4
99645;-166423;47187;26462;8
123283;-169630;48665;26262;2
118091;-187849;48340;25123;1
102806;-173427;47385;26024;1
108155;-172175;47719;26103;1
101666;-180600;47314;25576;8
103543;-170233;47431;26224;4
120159;-170832;48469;26187;2
107551;-171120;47681;26169;4
109237;-190006;47787;24988;2
104123;-169445;47467;26273;4
121331;-177646;48543;25761;2
120445;-175951;48487;25867;2
120409;-184934;48485;25305;4
115074;-165519;48152;26519;8
130218;-175974;49098;25865;8
110194;-167090;47847;26420;4
108106;-177360;47716;25779;8
116298;-187955;48228;25116;1
129569;-173486;49058;26021;2
118407;-178916;48360;25681;2
109275;-191131;47789;24918;1
119918;-173129;48454;26043;8
118259;-174627;48351;25949;2
107631;-190065;47686;24984;1
116973;-166664;48270;26447;1
114021;-181644;48086;25511;4
107240;-171343;47662;26155;4
108545;-190104;47744;24982;8
111156;-196072;47907;24609;2
117217;-169416;48286;26275;8
126390;-165508;48859;26519;2
113779;-166088;48071;26483;8
108252;-187750;47725;25129;8
127276;-180358;48914;25591;4
127755;-166254;48944;26473;8
101065;-177407;47276;25776;1
123085;-171099;48652;26170;2
123270;-185996;48664;25239;2
109775;-177351;47820;25779;4
120084;-166605;48465;26451;8
110413;-189404;47860;25026;8
113734;-195692;48068;24633;4
124885;-180474;48765;25584;2
108517;-182491;47742;25458;8
101955;-173901;47332;25995;8
125423;-187271;48798;25159;4
107228;-185339;47661;25280;4
123085;-179413;48652;25650;8
99927;-173779;47205;26002;2
100369;-180258;47233;25597;8
112248;-175346;47975;25904;4
103667;-172807;47439;26063;1
99460;-175509;47176;25894;1
128663;-176382;49001;25840;2
103839;-173057;47449;26047;4
114437;-190529;48112;24955;4
110253;-187115;47850;25169;4
124213;-183601;48723;25388;4
100493;-176934;47240;25805;1
101010;-184546;47273;25329;8
121091;-169305;48528;26282;4
107517;-192608;47679;24826;8
121011;-178021;48523;25737;2
116317;-186568;48229;25203;1
103315;-174813;47417;25938;1
106400;-170935;47610;26180;1
120094;-189436;48465;25024;4
124967;-180838;48770;25561;2
116162;-189425;48220;25024;8
121179;-186075;48533;25234;1
127375;-165314;48920;26531;1
125871;-178064;48826;25735;2
102232;-177650;47349;25760;4
123990;-170761;48709;26191;4
130107;-168282;49091;26346;1
99584;-184224;47184;25350;8
108111;-165991;47716;26489;1
111119;-186108;47904;25232;4
101691;-183774;47315;25378;2
120836;-172312;48512;26094;8
118915;-176981;48392;25802;2
107000;-176916;47647;25806;8
119082;-178538;48402;25705;2
130122;-176488;49092;25833;1
130983;-171301;49146;26157;1
125894;-185152;48828;25292;4
110777;-188709;47883;25069;1
112293;-193427;47978;24774;2
108467;-187088;47739;25171;8
99937;-174775;47206;25940;8
104899;-177550;47516;25767;2
125161;-187854;48782;25123;2
119900;-179501;48453;25645;4
113244;-195948;48037;24617;2
115119;-166387;48154;26464;4
118602;-167283;48372;26408;8
108577;-191652;47746;24885;8
118233;-176108;48349;25857;8
126078;-189795;48839;25001;4
113716;-183845;48067;25373;8
102153;-173278;47344;26034;4
99888;-176016;47203;25863;4
118062;-169967;48338;26241;2
126966;-166744;48895;26442;8
113217;-178675;48036;25696;4
107123;-172134;47655;26105;8
120365;-184119;48482;25356;8
126542;-189506;48868;25019;1
126490;-193792;48865;24752;1
114785;-190039;48134;24986;2
98906;-177219;47141;25787;8
105433;-167518;47549;26394;8
110719;-190977;47879;24927;8
107284;-168853;47665;26310;1
119832;-169160;48449;26291;2
119651;-174975;48438;25928;1
102787;-176868;47384;25809;4
101671;-185265;47314;25284;1
120855;-174433;48513;25961;8
110230;-176402;47849;25838;2
114183;-180518;48096;25581;1
104672;-186837;47502;25186;2
108408;-186070;47735;25234;2
122365;-184932;48607;25305;2
119624;-189976;48436;24990;8
106619;-182519;47623;25456;1
120887;-168899;48515;26307;2
118672;-169538;48377;26267;8
122872;-185023;48639;25300;2
118883;-175494;48390;25895;1
105206;-190368;47535;24966;4
108316;-178307;47729;25719;2
118005;-166940;48335;26430;4
108337;-168922;47731;26306;1
120975;-167764;48520;26378;1
100498;-184501;47241;25332;8
124819;-185757;48761;25254;4
124533;-189503;48743;25020;8
103147;-170165;47406;26228;4
111793;-191220;47947;24912;4
118383;-183593;48358;25389;4
111846;-179618;47950;25637;1
129037;-174475;49024;25959;2
126998;-188796;48897;25064;4
129830;-167602;49074;26388;8
126277;-190489;48852;24958;1
114364;-170713;48107;26194;1
102975;-178099;47395;25732;2
110579;-185770;47871;25253;2
121340;-174804;48543;25938;8
105051;-188423;47525;25087;1
120949;-176829;48519;25812;2
128238;-173697;48974;26007;4
120575;-168916;48495;26306;8
109797;-189223;47822;25037;1
123909;-167958;48704;26366;2
123595;-165346;48684;26529;2
130983;-166060;49146;26485;8
107376;-169984;47671;26240;8
123878;-185244;48702;25286;1
104698;-187370;47503;25153;1
126149;-173941;48844;25992;4
112209;-181700;47973;25507;1
112032;-195606;47962;24638;2
123475;-167054;48677;26423;2
120115;-171688;48467;26133;8
126637;-164106;48874;26607;1
112413;-185861;47985;25247;2
106027;-166608;47586;26451;2
106872;-186878;47639;25184;8
111265;-165879;47914;26496;2
109032;-187190;47774;25164;2
122973;-174919;48645;25931;2
130649;-187233;49125;25161;4
101460;-168543;47301;26330;2
124693;-184962;48753;25303;2
110167;-187130;47845;25168;1
111570;-183694;47933;25383;2
130426;-171016;49111;26175;4
107778;-183139;47696;25417;1
104459;-178557;47488;25704;8
114656;-176038;48126;25861;2
130233;-185445;49099;25273;1
111113;-175825;47904;25874;8
110186;-184486;47846;25333;2
100216;-167687;47223;26383;4
117434;-190135;48299;24980;4
127008;-168909;48898;26307;2
115412;-189351;48173;25029;8
108310;-170198;47729;26226;1
100419;-181256;47236;25535;2
111259;-172876;47913;26059;4
114312;-181625;48104;25512;2
102884;-169789;47390;26252;8
117518;-185899;48304;25245;2
116000;-193235;48210;24786;8
127134;-183852;48905;25373;1
125745;-185397;48819;25276;1
117181;-192292;48283;24845;1
103147;-164115;47406;26606;1
107219;-186274;47661;25221;8
113438;-167712;48049;26382;2
123339;-183934;48668;25368;8
114801;-176699;48135;25820;2
120219;-166583;48473;26452;1
105514;-173020;47554;26050;8
109347;-184883;47794;25308;4
105227;-178257;47536;25722;8
108230;-167753;47724;26379;8
114246;-179962;48100;25616;8
100596;-167132;47247;26418;8
108233;-192199;47724;24851;2
108772;-189912;47758;24994;8
118592;-186345;48372;25217;2
127496;-180320;48928;25594;2
122477;-176520;48614;25831;8
100486;-174604;47240;25951;4
112873;-168158;48014;26354;1
103669;-170687;47439;26196;2
112615;-165467;47998;26522;8
109776;-184351;47821;25342;1
123691;-188245;48690;25098;1
104186;-185606;47471;25263;2
111400;-194220;47922;24725;2
127981;-180534;48958;25580;4
127718;-172100;48942;26107;4
108863;-187734;47763;25130;1
129591;-172640;49059;26074;2
111603;-175077;47935;25921;4
118055;-176209;48338;25850;8
103931;-168931;47455;26305;2
114603;-193403;48122;24776;8
114910;-170243;48141;26223;2
105023;-188534;47523;25080;4
126122;-178002;48842;25738;1
123942;-171091;48706;26170;2
123914;-168878;48704;26309;1
121383;-179419;48546;25650;2
124402;-185206;48735;25288;1
99316;-172872;47167;26059;2
124616;-165113;48748;26544;4
129041;-163885;49025;26621;2
109949;-188945;47831;25054;8
127051;-183555;48900;25391;1
105688;-194990;47565;24677;1
123566;-192752;48682;24817;1
118149;-181872;48344;25497;8
117361;-176767;48295;25816;1
130082;-193276;49090;24784;4
123763;-193654;48695;24760;4
108348;-192612;47731;24825;1
112779;-192227;48008;24849;4
114526;-183251;48117;25410;4
110217;-184811;47848;25313;2
101053;-176389;47275;25839;1
100804;-168223;47260;26350;8
116621;-188767;48248;25066;8
107167;-183505;47657;25394;1
99650;-171842;47188;26123;4
110801;-173954;47885;25991;1
100000;-167714;47210;26381;2
102342;-163908;47356;26619;4
104772;-176812;47508;25813;4
120766;-187771;48507;25128;1
113307;-178281;48041;25721;2
99465;-175546;47176;25892;2
114184;-189735;48096;25005;2
121216;-178135;48536;25730;8
109650;-187239;47813;25161;1
127668;-168184;48939;26352;1
120938;-178550;48518;25704;2
99739;-168911;47193;26307;8
111036;-193419;47899;24775;2
106252;-170473;47600;26209;2
126193;-190581;48847;24952;2
124261;-184652;48726;25323;1
102426;-166813;47361;26438;2
105758;-176453;47569;25835;2
111878;-188774;47952;25065;1
104294;-176182;47478;25852;2
116810;-165451;48260;26523;1
109454;-178596;47800;25701;2
110147;-175311;47844;25907;2
127591;-170082;48934;26233;8
125450;-170628;48800;26199;8
129171;-175932;49033;25868;4
123895;-165761;48703;26503;2
98789;-177553;47134;25766;4
124864;-171634;48764;26136;2
121638;-186303;48562;25220;2
120989;-177280;48521;25784;4
125520;-184746;48805;25317;2
123438;-193030;48674;24799;2
107635;-183692;47687;25383;2
105498;-175666;47553;25884;4
103243;-176461;47412;25835;4
120407;-175820;48485;25875;2
129996;-167604;49084;26388;1
98547;-177923;47119;25743;1
119917;-173594;48454;26014;1
110699;-189557;47878;25016;4
114436;-187551;48112;25142;1
102320;-168413;47355;26338;2
117391;-185616;48296;25263;1
127263;-187823;48913;25125;1
116190;-167798;48221;26376;8
103266;-173631;47414;26012;4
116337;-187994;48231;25114;2
124194;-169851;48722;26248;8
126883;-191410;48890;24900;8
111897;-172827;47953;26062;8
107674;-170384;47689;26215;1
106389;-168076;47609;26359;2
117156;-165616;48282;26513;2
127314;-171947;48917;26117;4
100005;-182266;47210;25472;8
110910;-181031;47891;25549;4
128522;-177909;48992;25744;8
123849;-168684;48700;26321;2
120938;-182241;48518;25473;4
109722;-189946;47817;24992;4
123005;-173786;48647;26002;2
122791;-175008;48634;25926;1
111142;-179265;47906;25659;4
119000;-179612;48397;25638;4
121339;-183100;48543;25420;4
119482;-170852;48427;26185;4
120673;-170577;48502;26202;2
101158;-164193;47282;26601;2
128978;-185467;49021;25272;4
113818;-179229;48073;25662;2
112966;-176095;48020;25858;8
114711;-169178;48129;26290;2
129333;-178784;49043;25690;4
116249;-185546;48225;25267;4
124330;-175563;48730;25891;4
100052;-174653;47213;25948;4
99432;-166847;47174;26436;4
105893;-165162;47578;26541;1
113774;-195632;48070;24637;8
122250;-180771;48600;25565;8
108363;-170124;47732;26231;1
109949;-196184;47831;24602;8
101230;-174309;47286;25969;8
125152;-168953;48782;26304;2
110456;-188749;47863;25067;2
117562;-168738;48307;26317;2
106003;-174439;47585;25961;8
103895;-175420;47453;25900;8
121116;-168144;48529;26355;2
108569;-180427;47745;25587;8
121423;-177719;48548;25756;2
102950;-184148;47394;25354;2
124962;-183298;48770;25407;8
102114;-178044;47342;25736;8
126281;-164212;48852;26600;2
112088;-187707;47965;25132;8
127318;-168836;48917;26311;4
118631;-181285;48374;25533;2
104715;-174238;47504;25974;8
102493;-173597;47365;26014;1
127984;-190549;48959;24954;4
126853;-165941;48888;26492;2
109376;-191945;47796;24867;8
103187;-175992;47409;25864;8
127793;-189545;48947;25017;1
112458;-193369;47988;24778;2
129274;-181611;49039;25513;8
126426;-164740;48861;26567;2
101392;-166230;47297;26474;8
118665;-167400;48376;26401;2
120251;-188604;48475;25076;4
112319;-171229;47979;26162;4
104712;-170220;47504;26225;1
113540;-166851;48056;26435;1
101578;-165567;47308;26516;1
115346;-181559;48169;25516;4
120416;-175717;48486;25881;1
117388;-188880;48296;25059;8
122378;-178776;48608;25690;1
125861;-185746;48826;25254;4
117265;-167259;48289;26410;4
124714;-189418;48754;25025;4
100770;-166498;47258;26457;2
121966;-190793;48582;24939;8
113844;-184019;48075;25362;4
112035;-184291;47962;25345;1
126629;-193237;48874;24786;2
116161;-165476;48220;26521;4
126762;-185282;48882;25283;1
109118;-189316;47779;25031;4
115997;-186812;48209;25188;4
108635;-180957;47749;25554;2
110084;-180875;47840;25559;4
107040;-186271;47650;25222;2
119565;-171885;48432;26121;1
124572;-186661;48745;25197;2
119939;-176791;48456;25814;8
126733;-190457;48880;24960;4
115462;-185599;48176;25264;4
112506;-183214;47991;25413;8
107876;-182569;47702;25453;4
127786;-169272;48946;26284;4
102665;-169390;47376;26277;8
100491;-166464;47240;26460;1
129944;-184072;49081;25359;4
105438;-170658;47549;26197;1
130053;-168208;49088;26351;1
120120;-190545;48467;24954;4
113266;-178270;48039;25722;4
99569;-175664;47183;25885;4
102989;-165087;47396;26546;1
99764;-167624;47195;26387;4
119787;-169633;48446;26261;4
129753;-182142;49069;25480;4
99739;-180730;47193;25568;8
108412;-188813;47735;25063;8
109820;-186639;47823;25199;8
128072;-176038;48964;25861;4
122023;-173608;48586;26013;4
127734;-164726;48943;26568;1
104476;-169260;47489;26285;2
107492;-188449;47678;25085;2
122245;-167828;48600;26374;4
116738;-193165;48256;24791;8
105670;-192907;47564;24807;4
99068;-177461;47151;25772;4
122863;-179459;48638;25647;8
127103;-166195;48903;26476;1
121744;-183702;48569;25382;2
111006;-182308;47897;25469;2
110320;-194541;47855;24705;1
120299;-179825;48478;25624;1
102444;-179083;47362;25671;2
112840;-185560;48012;25266;1
110355;-172467;47857;26084;1
120293;-185055;48478;25298;4
110791;-194712;47884;24694;8
110234;-165672;47849;26509;2
129753;-176290;49069;25845;2
99439;-176156;47174;25854;2
102277;-168704;47352;26320;1
107645;-189569;47687;25015;8
117084;-166873;48277;26434;1
130369;-169996;49108;26239;1
108455;-169462;47738;26272;4
110493;-194347;47865;24717;2
106866;-189195;47639;25039;8
102926;-176391;47392;25839;8
102254;-179654;47350;25635;8
114006;-189376;48085;25028;1
117688;-177874;48315;25746;2
106402;-193000;47610;24801;1
99728;-173032;47193;26049;2
129823;-176759;49073;25816;8
112333;-192558;47980;24829;2
109665;-178289;47814;25720;4
108188;-179694;47721;25633;8
112549;-185358;47994;25279;2
108593;-191863;47747;24872;4
98742;-178403;47131;25713;8
116802;-186487;48260;25208;1
124283;-193917;48727;24744;8
126636;-189485;48874;25021;2
124415;-169601;48735;26263;1
105229;-193343;47536;24780;4
100614;-178044;47248;25736;4
122292;-168045;48603;26361;1
130141;-164812;49093;26563;2
127334;-179145;48918;25667;2
120915;-167062;48517;26422;2
118425;-170125;48361;26231;4
123279;-190651;48664;24948;4
101066;-184560;47276;25329;8
106708;-183569;47629;25390;8
125442;-184654;48800;25323;8
125022;-167366;48773;26403;8
115247;-180627;48162;25574;1
116864;-168682;48264;26321;4
109945;-165249;47831;26535;8
114228;-177837;48099;25749;2
109233;-191095;47787;24920;4
130053;-183994;49088;25364;8
108678;-188555;47752;25079;1
101446;-179748;47300;25629;4
107210;-190508;47660;24957;2
130818;-167073;49136;26421;2
109545;-182383;47806;25465;8
109639;-189051;47812;25048;1
111092;-181766;47903;25503;2
101020;-170541;47273;26205;1
101188;-184508;47284;25332;8
122754;-186678;48632;25196;8
123665;-176927;48689;25806;1
121451;-191698;48550;24882;1
109208;-191801;47785;24876;8
106359;-167036;47607;26424;1
126338;-190032;48856;24987;8
99596;-172892;47184;26058;1
130031;-184013;49086;25363;1
123837;-176944;48699;25805;4
104811;-188777;47510;25065;4
104061;-169589;47463;26264;1
109580;-185905;47808;25244;4
120960;-173638;48520;26011;2
102365;-169809;47357;26250;1
129011;-185823;49023;25250;2
108148;-178466;47719;25709;4
113531;-196582;48055;24577;1
127217;-175066;48911;25922;2
125683;-184824;48815;25312;1
111160;-177750;47907;25754;8
100356;-181259;47232;25535;2
128779;-184632;49008;25324;4
106315;-176193;47604;25851;1
102436;-179391;47362;25652;1
123920;-179226;48705;25662;4
115119;-166322;48154;26468;2
110277;-187776;47852;25128;1
106380;-168285;47608;26346;4
101592;-168451;47309;26335;8
102255;-175015;47350;25925;2
123460;-186058;48676;25235;1
102067;-176604;47339;25826;2
101440;-184185;47300;25352;1
107785;-182581;47696;25452;4
116075;-167102;48214;26420;1
124560;-186315;48745;25219;2
121657;-177410;48563;25775;1
112671;-164862;48001;26560;8
102297;-178216;47353;25725;4
101562;-166604;47307;26451;8
123077;-188316;48652;25094;2
116022;-164023;48211;26612;4
125030;-180791;48774;25564;2
128891;-168030;49015;26362;2
126309;-177710;48854;25757;8
106879;-179647;47639;25636;8
128070;-172247;48964;26098;8
105867;-174659;47576;25947;1
126961;-177539;48895;25767;1
129577;-166152;49058;26479;2
123440;-182437;48675;25461;8
110217;-182138;47848;25480;8
122736;-188210;48631;25100;8
115557;-169748;48182;26254;1
109540;-175934;47806;25868;2
115720;-188497;48192;25082;4
102734;-176486;47380;25833;4
103777;-183824;47446;25375;4
112293;-177747;47978;25754;8
102815;-173486;47385;26021;2
125903;-182209;48828;25475;2
118557;-177066;48369;25797;8
109878;-172154;47827;26104;2
124522;-189881;48742;24996;1
119542;-167964;48431;26366;2
123215;-191901;48660;24870;2
107013;-184811;47648;25313;1
128783;-183785;49008;25377;2
124051;-180741;48713;25567;8
105156;-171188;47532;26164;2
102352;-177840;47357;25749;8
125054;-189348;48775;25029;2
115551;-188184;48181;25102;4
117540;-185511;48306;25269;8
123118;-192108;48654;24857;1
120598;-183744;48497;25380;1
118139;-167218;48343;26412;4
103651;-178948;47438;25679;1
124933;-185403;48768;25276;4
105295;-189587;47540;25014;1
119178;-174088;48408;25983;2
122426;-177577;48611;25765;2
124986;-189551;48771;25017;4
119773;-189915;48445;24994;1
126962;-166811;48895;26438;8
115763;-169279;48195;26284;2
128469;-167547;48989;26392;1
105635;-166039;47562;26486;4
129332;-172789;49043;26064;8
110768;-191282;47883;24908;2
112902;-168428;48016;26337;2
102781;-164410;47383;26588;1
110568;-185031;47870;25299;2
121539;-187756;48556;25129;8
128557;-177096;48994;25795;2
114001;-175470;48085;25897;2
113527;-186475;48055;25209;4
113593;-195829;48059;24624;4
129636;-169514;49062;26269;8
110356;-194336;47857;24718;1
111283;-192355;47915;24841;1
120750;-172337;48506;26092;8
124939;-188424;48768;25087;8
129032;-166740;49024;26442;4
114765;-182567;48132;25453;4
106570;-195721;47620;24631;1
119224;-189432;48411;25024;8
116011;-187887;48210;25121;8
107407;-183032;47672;25424;8
128568;-166768;48995;26441;2
121543;-167615;48556;26388;1
118410;-184192;48360;25352;4
113803;-187235;48072;25161;2
121335;-174788;48543;25939;4
125255;-181928;48788;25493;4
116192;-186303;48222;25220;2
115230;-180849;48161;25560;8
110574;-181604;47870;25513;8
123744;-193256;48694;24785;1
111348;-187879;47919;25121;8
107850;-183059;47700;25422;8
107082;-170497;47652;26207;1
103127;-165216;47405;26538;2
116360;-165023;48232;26550;2
126341;-184888;48856;25308;4
123282;-169572;48665;26265;1
123725;-168616;48692;26325;8
120169;-169144;48470;26292;2
113991;-164433;48084;26586;1
110396;-177371;47859;25778;8
115592;-185397;48184;25276;1
123868;-185202;48701;25288;8
118788;-167918;48384;26369;8
120898;-166575;48516;26453;2
107484;-185178;47677;25290;8
106265;-192311;47601;24844;1
104567;-176938;47495;25805;4
102428;-179489;47361;25645;8
120271;-175744;48476;25880;8
102401;-178711;47360;25694;1
107380;-170570;47671;26203;4
120660;-175652;48501;25885;2
100989;-174402;47271;25963;2
106737;-170934;47631;26180;1
101431;-173936;47299;25993;4
129802;-189260;49072;25035;4
112166;-177685;47970;25758;8
110519;-179989;47867;25614;2
111615;-191571;47935;24890;1
117392;-193516;48297;24769;8
110438;-174033;47862;25986;2
100717;-178028;47254;25737;8
108495;-167765;47740;26378;2
109944;-188871;47831;25059;2
127496;-168624;48928;26325;2
114396;-170857;48109;26185;2
112489;-182638;47990;25449;8
104095;-172169;47465;26103;4
121392;-172404;48547;26088;2
111392;-166155;47922;26479;1
112742;-194231;48006;24724;4
113040;-185253;48025;25285;4
110187;-165251;47846;26535;8
104314;-176883;47479;25808;2
118563;-165193;48370;26539;1
117883;-195960;48327;24616;8
124747;-171646;48756;26136;4
118134;-168587;48343;26327;8
99913;-181522;47204;25518;1
123225;-179192;48661;25664;2
108662;-190417;47751;24962;1
125418;-172115;48798;26106;4
123293;-164883;48665;26558;4
124176;-175164;48721;25916;8
114022;-182145;48086;25479;1
117794;-183514;48322;25394;2
100081;-182243;47215;25473;8
105009;-188295;47523;25095;1
114412;-183311;48110;25407;2
126988;-170179;48896;26227;4
129249;-185961;49038;25241;8
110972;-171713;47895;26131;1
115876;-191145;48202;24917;4
122267;-178799;48601;25689;4
112927;-175251;48017;25910;4
128000;-174858;48960;25935;4
114100;-170587;48091;26202;2
126152;-173161;48844;26041;1
104776;-172439;47508;26086;1
122254;-182697;48600;25445;8
104160;-170739;47470;26192;2
111385;-180626;47921;25574;2
114348;-175837;48106;25874;4
121951;-173384;48581;26027;1
117869;-171197;48326;26164;2
127731;-172080;48943;26109;1
105647;-164950;47562;26554;1
109341;-164147;47793;26604;4
117861;-186261;48326;25222;1
116088;-167149;48215;26417;8
106017;-195277;47586;24659;2
108312;-165290;47729;26533;1
99972;-175450;47208;25898;4
103229;-174157;47411;25979;1
99178;-175439;47158;25899;1
127993;-170663;48959;26197;2
106894;-169793;47640;26251;8
128082;-172212;48965;26100;8
126761;-188464;48882;25085;1
107270;-192273;47664;24846;1
111908;-181671;47954;25509;2
122237;-168622;48599;26325;2
130462;-170833;49113;26186;4
100961;-178694;47270;25695;4
99352;-172118;47169;26106;8
105023;-174555;47523;25954;2
130929;-169677;49143;26259;2
120299;-188734;48478;25068;4
121761;-169580;48570;26265;1
110515;-181732;47867;25505;8
129234;-172474;49037;26084;8
107385;-178132;47671;25730;1
101160;-174214;47282;25975;2
130580;-166450;49121;26460;1
101047;-177810;47275;25750;4
99247;-173932;47162;25993;2
125366;-164842;48795;26561;1
112733;-179172;48005;25665;1
110950;-186282;47894;25221;4
114355;-168575;48107;26328;8
116491;-194184;48240;24727;1
121930;-178310;48580;25719;1
122204;-179700;48597;25632;2
103571;-164878;47433;26559;4
126352;-178301;48857;25720;8
128558;-172335;48994;26093;8
106437;-163875;47612;26621;4
124471;-180201;48739;25601;2
124993;-167952;48772;26367;4
109851;-180791;47825;25564;4
113370;-164110;48045;26607;1
100366;-184674;47232;25321;2
129967;-164208;49082;26601;4
125171;-182493;48783;25458;4
113261;-185238;48038;25286;8
100345;-174548;47231;25954;2
116129;-165444;48218;26523;2
121949;-172492;48581;26083;8
106880;-172237;47640;26099;2
109952;-164070;47832;26609;1
125283;-183781;48790;25377;2
127667;-165547;48939;26517;1
101487;-166984;47302;26427;8
129843;-166070;49075;26484;8
129040;-164125;49025;26606;4
117546;-185886;48306;25246;2
114664;-189957;48126;24991;4
112342;-163953;47981;26616;2
107759;-189098;47694;25045;8
106417;-171093;47611;26170;8
126263;-173978;48851;25990;1
99866;-184858;47201;25310;4
109507;-177815;47804;25750;4
116993;-183576;48272;25390;4
99773;-184180;47195;25352;2
128662;-168979;49001;26302;8
122727;-189036;48630;25049;4
120316;-184582;48479;25327;8
124958;-184337;48769;25342;2
117439;-195521;48299;24643;4
109265;-181167;47789;25541;4
103214;-164303;47410;26595;2
103606;-171693;47435;26133;1
116049;-193368;48213;24778;1
112303;-171263;47978;26160;8
127070;-183305;48901;25407;4
112958;-186047;48019;25236;4
121042;-177875;48525;25746;2
127276;-170535;48914;26205;8
120211;-181400;48473;25526;1
109669;-188246;47814;25098;1
127025;-173230;48899;26037;8
99477;-175950;47177;25867;1
110268;-185390;47851;25277;8
105132;-188670;47530;25072;2
107180;-167882;47658;26371;4
110721;-190164;47880;24978;2
109416;-186383;47798;25215;8
126060;-180505;48838;25582;1
129770;-178653;49070;25698;4
118029;-178036;48336;25736;1
125684;-187991;48815;25114;1
104533;-176011;47493;25863;4
126271;-192204;48851;24851;4
127770;-163977;48945;26615;8
122419;-177604;48611;25763;1
111175;-175891;47908;25870;2
124106;-172163;48716;26103;1
124357;-188462;48732;25085;1
126559;-182015;48869;25488;2
129305;-172701;49041;26070;4
129231;-174095;49036;25983;8
111037;-179230;47899;25662;4
127204;-191091;48910;24920;4
125571;-187405;48808;25151;8
128916;-175536;49017;25893;1
123985;-189913;48709;24994;1
113773;-166890;48070;26433;1
103788;-173387;47446;26027;4
123534;-165077;48680;26546;2
105040;-187323;47525;25156;1
108238;-170912;47724;26182;8
101407;-176899;47297;25807;1
104455;-165361;47488;26528;8
117998;-180407;48334;25588;2
119778;-176261;48446;25847;4
116541;-164541;48243;26580;1
123874;-168465;48702;26334;8
116759;-191130;48257;24918;2
129781;-167030;49071;26424;4
110249;-179428;47850;25649;2
105557;-164742;47557;26567;8
121886;-172181;48577;26102;2
118925;-167797;48392;26376;2
110365;-175711;47857;25882;8
125151;-184843;48781;25311;4
102660;-173632;47376;26012;4
123474;-187255;48677;25160;2
114120;-178661;48092;25697;8
130669;-163871;49126;26622;8
111466;-191668;47926;24884;1
108431;-171548;47736;26142;8
108090;-168377;47715;26340;2
128011;-174933;48960;25930;4
115197;-180360;48159;25591;2
118940;-181257;48393;25535;2
100511;-184465;47241;25334;8
125473;-178696;48802;25695;1
113498;-183332;48053;25405;1
99912;-179321;47204;25656;4
102302;-173087;47353;26046;8
125164;-192289;48782;24845;1
128430;-170582;48986;26202;2
120698;-169019;48503;26300;1
115621;-185445;48186;25273;4
129426;-166070;49049;26484;8
99087;-177031;47152;25799;8
120361;-187082;48482;25171;8
108774;-176552;47758;25829;8
129680;-182131;49065;25480;4
120461;-175777;48488;25877;1
124776;-164446;48758;26586;1
115771;-167051;48195;26423;8
98724;-178001;47130;25738;4
99935;-184334;47205;25343;2
100161;-174469;47220;25959;8
126565;-185843;48870;25248;4
107154;-167758;47657;26379;1
104513;-171551;47492;26142;4
124961;-172475;48770;26084;1
122940;-174921;48643;25931;8
110056;-190348;47838;24967;4
130011;-168338;49085;26342;2
121990;-178324;48584;25718;4
112768;-188461;48008;25085;4
110279;-187069;47852;25172;8
128898;-175113;49016;25919;2
127297;-171084;48916;26171;1
100435;-176949;47237;25804;1
110735;-184079;47880;25359;2
101741;-180234;47318;25599;8
108670;-188945;47751;25054;1
124427;-189135;48736;25043;4
98969;-177977;47145;25740;2
104521;-176404;47492;25838;1
127783;-165909;48946;26494;4
112147;-193703;47969;24757;2
127300;-177496;48916;25770;1
121339;-173266;48543;26034;4
109918;-175533;47829;25893;2
117594;-178533;48309;25705;4
109663;-175144;47813;25917;1
116769;-191122;48258;24918;2
102341;-172401;47356;26088;4
110768;-193602;47883;24763;2
103281;-174455;47415;25960;4
122110;-175479;48591;25896;2
109091;-177754;47778;25754;8
117299;-172262;48291;26097;4
112389;-189989;47984;24989;4
110220;-194855;47848;24685;8
110099;-195138;47841;24667;1
129798;-166734;49072;26443;8
104655;-169465;47500;26272;1
109139;-181320;47781;25531;8
103947;-174886;47456;25933;2
124030;-184980;48711;25302;8
113923;-166894;48080;26433;2
111478;-180467;47927;25584;4
99095;-173859;47153;25997;8
106636;-171902;47624;26120;4
103069;-164293;47401;26595;4
125224;-191450;48786;24898;8
130700;-166698;49128;26445;2
103905;-175653;47454;25885;8
122649;-182902;48625;25432;4
106572;-167092;47620;26420;2
103186;-175955;47409;25866;8
127769;-192803;48945;24813;4
129575;-173351;49058;26029;1
109601;-191738;47810;24880;1
115734;-188277;48193;25096;2
115891;-170190;48203;26227;2
113265;-183329;48039;25405;1
99770;-180663;47195;25572;1
129914;-172552;49079;26079;2
111718;-195060;47942;24672;2
127168;-173408;48908;26026;4
121838;-166048;48574;26486;8
114115;-186156;48092;25229;2
109605;-190974;47810;24928;2
117533;-168262;48305;26347;2
109928;-181920;47830;25494;8
107640;-171348;47687;26154;1
111164;-181228;47907;25537;8
105616;-176780;47561;25815;2
119987;-179650;48459;25635;1
124480;-182079;48740;25484;8
129827;-175887;49074;25871;8
111775;-174229;47945;25974;8
122791;-186654;48634;25198;4
108386;-178334;47734;25718;4
113367;-168043;48045;26361;4
110565;-164236;47870;26599;8
123355;-164942;48669;26555;4
122520;-182649;48617;25448;1
114149;-180017;48094;25612;8
114313;-181133;48104;25543;8
123638;-173949;48687;25992;8
120190;-175521;48471;25893;8
122226;-171937;48599;26117;2
127486;-182520;48927;25456;4
125635;-182868;48812;25434;1
107212;-186328;47660;25218;4
114432;-168615;48112;26325;4
112536;-165173;47993;26540;1
130326;-185378;49105;25277;1
109050;-180099;47775;25607;8
105498;-195502;47553;24645;1
103636;-166114;47437;26481;1
129034;-173770;49024;26003;1
117328;-192212;48293;24850;2
107473;-186971;47677;25178;4
100720;-170983;47255;26177;4
108547;-176833;47744;25811;1
121954;-178724;48582;25693;8
108403;-179092;47735;25670;8
120151;-174951;48469;25929;1
113526;-188428;48055;25087;8
101928;-177686;47330;25758;2
107321;-177651;47667;25760;4
127448;-168564;48925;26328;2
127092;-176828;48903;25812;2
105465;-188615;47551;25075;4
113606;-176813;48060;25813;4
111460;-182249;47926;25473;2
130368;-168544;49108;26330;1
127136;-173146;48906;26042;8
117624;-178243;48311;25723;2
113141;-163975;48031;26615;4
113717;-181118;48067;25544;2
110032;-194368;47837;24716;1
103024;-175102;47399;25920;2
105788;-191573;47571;24890;2
127673;-180386;48939;25589;8
124411;-168644;48735;26323;8
125887;-189710;48827;25007;4
108604;-185858;47747;25247;1
107569;-179933;47683;25618;1
129273;-172522;49039;26081;4
109509;-175337;47804;25905;8
119713;-174899;48442;25932;4
126831;-166025;48886;26487;1
112033;-181062;47962;25547;2
117122;-165508;48280;26519;1
99460;-182249;47176;25473;4
118210;-181968;48348;25491;8
117779;-180542;48321;25580;2
125109;-168913;48779;26306;4
111677;-196092;47939;24608;2
111755;-179344;47944;25655;2
104114;-175375;47467;25903;4
105207;-193621;47535;24762;8
105690;-193261;47565;24785;8
105893;-193721;47578;24756;4
123814;-183693;48698;25383;4
100376;-176040;47233;25861;8
123193;-169820;48659;26250;8
130944;-167875;49144;26371;2
100345;-168339;47231;26342;1
120803;-173588;48510;26014;4
102231;-168620;47349;26325;4
99308;-172417;47166;26087;8
119574;-175097;48433;25920;4
130658;-167312;49126;26407;1
108387;-191540;47734;24892;1
102128;-172075;47343;26109;1
102766;-169198;47382;26289;2
102362;-171453;47357;26148;1
115335;-192726;48168;24818;1
99246;-173795;47162;26001;8
126653;-164519;48875;26581;8
125087;-164886;48777;26558;2
112806;-183172;48010;25415;4
110748;-191161;47881;24916;4
125831;-181762;48824;25503;1
116141;-164739;48218;26567;1
109728;-187522;47818;25143;1
111768;-182715;47945;25444;2
108126;-172285;47717;26096;4
123691;-170971;48690;26178;2
109518;-182058;47804;25485;1
118328;-167853;48355;26373;4
116855;-168773;48263;26315;8
103446;-183773;47425;25378;2
108413;-191154;47735;24916;1
112735;-166462;48005;26460;4
119327;-175203;48417;25913;1
105113;-170251;47529;26223;1
126957;-187888;48894;25121;4
114659;-193161;48126;24791;4
102564;-165167;47370;26541;1
107266;-187174;47664;25165;1
125999;-182670;48834;25447;1
117763;-180681;48320;25571;8
107840;-179366;47700;25653;4
121627;-196096;48561;24608;2
104804;-177848;47510;25748;4
124813;-171874;48760;26121;2
124458;-183214;48738;25413;4
123846;-173608;48700;26013;8
130023;-183401;49086;25401;2
128658;-169206;49001;26288;4
126184;-189989;48846;24989;1
117539;-179657;48306;25635;8
122412;-173646;48610;26011;2
102574;-173558;47370;26016;4
120016;-182321;48461;25468;2
123698;-164247;48691;26598;2
106943;-169288;47643;26283;8
124722;-170125;48755;26231;8
106176;-196156;47596;24604;4
123142;-163842;48656;26623;8
109980;-187163;47833;25166;1
103966;-177734;47457;25755;8
126400;-188252;48860;25098;1
100640;-167390;47250;26402;8
100602;-170830;47247;26187;2
100785;-183413;47259;25400;2
103070;-175848;47401;25873;1
122906;-177484;48641;25771;8
100545;-184541;47244;25330;4
118796;-169517;48384;26269;4
121979;-168105;48583;26357;4
101862;-178441;47326;25711;8
107671;-167782;47689;26377;8
118444;-182892;48362;25433;2
125799;-166300;48822;26470;1
127417;-168825;48923;26312;1
100655;-174496;47250;25958;2
120770;-182729;48508;25443;2
119536;-177292;48431;25783;8
102512;-166570;47367;26453;4
118778;-184479;48383;25334;8
120485;-182712;48490;25444;4
130463;-168633;49113;26324;4
129569;-176948;49058;25804;1
126840;-171563;48887;26141;4
119086;-177304;48402;25782;4
105286;-176569;47540;25828;4
107881;-180902;47702;25557;4
124861;-182760;48763;25441;2
103837;-178735;47449;25693;1
123346;-190666;48669;24947;2
126350;-165815;48856;26500;4
123853;-182930;48700;25430;4
110552;-163914;47869;26619;2
123572;-185409;48683;25275;4
118362;-178183;48357;25727;1
119354;-181370;48419;25528;8
118996;-179497;48397;25645;1
107575;-168065;47683;26359;4
110000;-185379;47835;25277;2
123981;-167961;48708;26366;1
124028;-175017;48711;25925;8
124232;-185941;48724;25242;2
121919;-168353;48579;26341;1
118245;-177562;48350;25766;4
119656;-179651;48438;25635;8
102040;-181327;47337;25531;8
124766;-190321;48757;24968;8
123038;-183396;48649;25401;2
125031;-190561;48774;24953;8
100819;-174090;47261;25983;1
113701;-190512;48066;24957;8
107144;-169985;47656;26239;1
109378;-192888;47796;24808;8
105616;-171294;47561;26158;1
115749;-167297;48194;26407;8
108239;-180029;47724;25612;1
106762;-172759;47632;26066;2
114321;-182236;48105;25474;1
121280;-196158;48540;24604;2
109674;-188919;47814;25056;1
103068;-173836;47401;25999;8
105507;-191138;47554;24917;4
120748;-187567;48506;25141;1
110133;-188688;47843;25071;1
103165;-177909;47407;25744;2
128113;-176763;48967;25816;4
123617;-170717;48686;26194;2
106967;-170519;47645;26206;8
115590;-168979;48184;26302;4
122343;-185718;48606;25256;2
114327;-190511;48105;24957;4
107640;-187687;47687;25133;1
122912;-184938;48642;25305;2
124610;-165472;48748;26522;1
125501;-165640;48803;26511;8
106289;-194244;47603;24723;1
102567;-168028;47370;26362;4
123885;-189375;48702;25028;1
123790;-168857;48696;26310;8
122112;-179301;48592;25657;8
100023;-173844;47211;25998;4
105928;-179412;47580;25650;1
126569;-182404;48870;25463;1
105271;-189082;47539;25046;8
127097;-178179;48903;25727;1
112341;-175348;47981;25904;8
109667;-195910;47814;24619;4
109381;-192178;47796;24852;8
112512;-180846;47992;25561;8
113203;-165042;48035;26548;8
120850;-175395;48513;25901;2
120219;-172497;48473;26082;2
121713;-186256;48567;25223;2
114119;-164684;48092;26571;2
111299;-179558;47916;25641;4
110030;-171909;47836;26119;8
101340;-176475;47293;25834;1
110775;-180586;47883;25577;2
110663;-185222;47876;25287;8
126872;-177903;48889;25745;8
112411;-194130;47985;24730;1
113635;-164487;48062;26583;8
102424;-178969;47361;25678;2
129440;-178032;49050;25737;1
119169;-174936;48408;25930;4
123029;-167228;48649;26412;4
103688;-165008;47440;26551;8
100405;-174110;47235;25982;1
127069;-163881;48901;26621;8
113741;-187344;48068;25155;2
120332;-185498;48480;25270;1
118398;-177429;48359;25774;8
104729;-177803;47505;25751;4
120094;-174927;48465;25931;1
124870;-190747;48764;24942;2
110848;-173047;47888;26048;4
108166;-191570;47720;24890;1
107679;-165576;47689;26515;1
123052;-164805;48650;26563;4
111024;-190596;47899;24951;1
107066;-167474;47651;26396;8
104193;-184907;47472;25307;8
109737;-196235;47818;24599;1
108050;-180445;47713;25586;4
99346;-174035;47169;25986;2
112593;-180952;47997;25554;1
102402;-173076;47360;26046;8
125810;-188475;48823;25084;4
112888;-183424;48015;25400;1
102407;-165409;47360;26525;4
130017;-168479;49086;26334;1
128811;-169539;49010;26267;8
102441;-164008;47362;26613;4
110582;-179289;47871;25658;8
110510;-163846;47866;26623;4
113321;-175473;48042;25896;2
122541;-184215;48618;25350;2
121566;-190544;48557;24955;1
123170;-192277;48658;24846;1
111724;-181617;47942;25512;1
117759;-177158;48319;25791;4
113820;-177188;48073;25789;1
125493;-168060;48803;26360;4
116557;-193528;48244;24768;2
104660;-178188;47501;25727;1
103925;-166715;47455;26444;8
107762;-189123;47695;25043;1
124520;-180593;48742;25576;2
104454;-176938;47488;25805;2
111407;-188832;47922;25062;2
131053;-167142;49150;26417;4
106866;-171756;47639;26129;4
110611;-192239;47873;24849;8
112536;-177223;47993;25787;4
107598;-190063;47684;24985;8
103692;-172484;47440;26083;2
113881;-183976;48077;25365;1
129663;-188692;49063;25070;2
108000;-180859;47710;25560;2
107900;-167280;47703;26409;8
114220;-194477;48098;24709;8
112558;-179704;47994;25632;4
99660;-179708;47188;25632;4
108692;-177585;47753;25764;2
123395;-189553;48672;25016;4
118387;-171155;48359;26166;8
120776;-182152;48508;25479;4
111608;-188240;47935;25099;4
127261;-172736;48913;26068;1
116684;-168704;48252;26320;2
114886;-180797;48140;25564;2
108724;-187626;47755;25137;8
109484;-178610;47802;25700;4
105568;-183139;47558;25417;4
106005;-193733;47585;24755;2
109458;-187212;47801;25163;2
122835;-171347;48637;26154;4
105332;-173687;47543;26008;2
104823;-165285;47511;26533;8
127508;-182652;48929;25448;8
119086;-168016;48402;26363;1
118190;-165249;48346;26535;4
109677;-183429;47814;25399;8
112173;-190291;47970;24970;8
120958;-169743;48519;26255;2
129653;-176301;49063;25845;4
99859;-182665;47201;25447;2
106082;-192185;47590;24852;2
115845;-191667;48200;24884;4
112799;-183326;48009;25406;4
101340;-177419;47293;25775;1
111787;-184333;47946;25343;2
124038;-188755;48712;25066;2
128802;-167655;49010;26385;1
119223;-177466;48411;25772;1
125776;-164281;48821;26596;2
121931;-166179;48580;26477;8
117485;-171693;48302;26133;1
101106;-184240;47279;25349;2
103479;-176464;47427;25835;1
117419;-164888;48298;26558;2
115289;-184668;48165;25322;1
118383;-167194;48358;26414;2
113012;-184508;48023;25332;2
121742;-182745;48568;25442;2
102255;-163965;47350;26616;4
109495;-191887;47803;24871;8
108283;-168653;47727;26323;4
109493;-185995;47803;25239;4
107545;-182976;47681;25428;2
100927;-176318;47267;25844;8
117533;-185473;48305;25271;4
130103;-165810;49091;26500;2
112836;-190763;48012;24941;4
112491;-180752;47990;25567;4
106192;-167331;47597;26405;2
123484;-183603;48677;25388;2
129595;-168868;49059;26309;1
127223;-166616;48911;26450;4
118931;-167603;48393;26388;1
115569;-191345;48183;24904;2
114496;-183971;48116;25365;4
124591;-180960;48746;25554;4
111033;-188944;47899;25055;4
101417;-170117;47298;26231;4
127399;-180273;48922;25596;8
118764;-181539;48382;25517;1
127365;-174171;48920;25978;1
118096;-167239;48341;26411;1
130538;-167309;49118;26407;8
102133;-173883;47343;25996;1
105007;-185012;47522;25300;1
109603;-188032;47810;25112;4
130154;-176533;49094;25830;8
100756;-182450;47257;25460;2
110345;-184292;47856;25345;4
118322;-188323;48355;25093;2
109009;-192197;47773;24851;8
120322;-169592;48480;26264;8
100446;-180422;47237;25587;4
121194;-191368;48534;24903;8
130982;-187755;49146;25129;8
109778;-188543;47821;25080;8
127181;-169656;48908;26260;8
111555;-185484;47932;25271;4
98987;-177321;47146;25781;8
114670;-193371;48126;24778;4
99243;-182179;47162;25477;2
120281;-181437;48477;25524;8
110374;-177921;47858;25743;4
117534;-164941;48305;26555;1
119534;-179774;48430;25628;2
106337;-168121;47606;26356;2
117754;-164839;48319;26561;1
121771;-166516;48570;26456;2
122511;-171675;48616;26134;4
108159;-189730;47719;25005;2
106719;-186125;47629;25231;4
103142;-174944;47406;25930;8
121033;-171565;48524;26141;2
100036;-184500;47212;25332;4
128532;-175997;48993;25864;4
123267;-179315;48664;25656;1
122290;-176839;48603;25811;2
115405;-189307;48172;25032;2
99420;-179859;47173;25622;2
112845;-173025;48012;26049;2
125465;-191075;48801;24921;8
109686;-183751;47815;25379;8
99575;-183281;47183;25408;8
117319;-191977;48292;24865;1
100885;-164595;47265;26576;8
116979;-187879;48271;25121;2
123747;-185266;48694;25284;4
109828;-175017;47824;25925;2
99661;-174580;47188;25952;8
114299;-168805;48103;26313;2
124545;-175748;48744;25879;4
108133;-179435;47718;25649;4
110309;-182252;47854;25473;1
109729;-177256;47818;25785;8
106304;-193291;47604;24783;4
107674;-192562;47689;24828;8
111754;-189265;47944;25034;1
108205;-190885;47722;24933;2
113229;-175579;48036;25890;8
101641;-181773;47312;25503;4
99623;-169160;47186;26291;4
113525;-184006;48055;25363;2
124683;-180824;48752;25562;4
127977;-165217;48958;26537;1
105018;-193800;47523;24751;4
113189;-192354;48034;24841;1
107112;-172518;47654;26081;8
104495;-169259;47490;26285;2
99869;-181126;47201;25543;4
105820;-170280;47573;26221;1
124740;-166973;48756;26428;8
114542;-169817;48118;26250;4
129561;-166797;49057;26439;8
99496;-182376;47178;25465;4
120805;-177702;48510;25757;4
109084;-177424;47777;25775;8
126182;-167458;48846;26397;2
101024;-169347;47274;26279;1
116032;-187851;48212;25123;8
126324;-171749;48855;26129;4
120911;-175487;48516;25896;1
111926;-190051;47955;24985;4
109943;-190434;47831;24961;1
109140;-177387;47781;25777;2
105658;-169548;47563;26267;4
112321;-184957;47980;25304;2
115747;-191431;48194;24899;1
110544;-189800;47869;25001;2
106498;-186589;47616;25202;1
124051;-184516;48713;25331;8
107468;-165626;47676;26512;1
114516;-192146;48117;24854;1
102475;-173647;47364;26011;1
112088;-185284;47965;25283;4
101310;-174068;47291;25984;4
125066;-178082;48776;25733;2
125470;-184907;48801;25307;4
104758;-190414;47507;24963;4
105193;-164646;47534;26573;1
100389;-176826;47234;25812;4
112534;-182321;47993;25468;2
114590;-170842;48121;26186;1
106013;-182921;47585;25431;8
109197;-164726;47784;26568;8
100001;-176901;47210;25807;4
111856;-188396;47951;25089;8
102963;-164873;47395;26559;4
108056;-168004;47713;26363;1
99421;-176259;47173;25847;8
111941;-195659;47956;24635;1
124567;-168819;48745;26312;8
117821;-178512;48323;25707;2
123555;-184999;48682;25301;2
105474;-173009;47552;26050;8
107679;-188481;47689;25083;2
117537;-188505;48306;25082;2
111031;-182616;47899;25450;4
109842;-193305;47825;24782;8
127301;-171817;48916;26125;1
122378;-188626;48608;25074;2
109951;-186401;47831;25213;8
110333;-181022;47855;25550;2
126663;-183504;48876;25395;1
101483;-183984;47302;25365;2
117048;-190841;48275;24936;8
112246;-177010;47975;25800;1
120462;-191401;48488;24901;8
126263;-196569;48851;24578;2
126967;-169167;48895;26291;2
100880;-180667;47265;25572;1
111502;-194379;47928;24715;8
126583;-173043;48871;26048;4
100052;-181111;47213;25544;1
110219;-187565;47848;25141;8
121033;-169577;48524;26265;1
122631;-182619;48624;25450;1
126962;-189120;48895;25044;2
114778;-189880;48133;24996;1
106760;-171648;47632;26136;8
108150;-168047;47719;26361;4
114622;-168661;48123;26322;1
125649;-188901;48813;25057;4
108355;-191620;47732;24887;2
120817;-180268;48511;25597;4
105968;-196475;47583;24584;1
115177;-195356;48158;24654;8
124810;-182410;48760;25463;4
127544;-163896;48931;26620;2
107065;-186280;47651;25221;1
105191;-174403;47534;25963;1
105366;-194274;47545;24721;1
124958;-182601;48769;25451;4
116276;-188715;48227;25069;4
104843;-178532;47512;25705;4
122861;-191637;48638;24886;4
106765;-169193;47632;26289;2
117044;-190932;48275;24930;8
106324;-170144;47605;26230;2
118220;-186456;48348;25210;2
101738;-173765;47318;26003;2
109352;-192655;47794;24823;4
110358;-179526;47857;25643;8
124847;-167755;48762;26379;2
105208;-166321;47535;26468;2
104872;-177548;47514;25767;4
112185;-189319;47971;25031;8
117005;-170707;48272;26194;4
107218;-165078;47661;26546;1
99323;-176431;47167;25837;4
101125;-176275;47280;25846;2
112986;-186072;48021;25234;2
112332;-195356;47980;24654;8
110434;-194926;47862;24681;4
128851;-168880;49013;26309;2
104851;-175998;47513;25864;1
98988;-176021;47146;25862;2
129177;-175676;49033;25884;8
100572;-180068;47245;25609;4
118608;-177216;48373;25788;1
123712;-169813;48692;26250;8
105959;-169280;47582;26284;2
105059;-184703;47526;25320;1
127171;-180321;48908;25593;8
124610;-182394;48748;25464;8
123807;-194333;48697;24718;4
109731;-172170;47818;26103;4
99830;-176430;47199;25837;2
105208;-176729;47535;25818;2
115344;-184979;48169;25302;2
127909;-196070;48954;24609;8
114081;-178606;48090;25701;8
108048;-180427;47713;25587;4
109579;-194320;47808;24719;1
122926;-170881;48642;26183;8
114509;-170853;48116;26185;4
126292;-181482;48853;25521;4
109562;-187377;47807;25152;1
123090;-179291;48653;25658;1
114108;-178069;48091;25734;1
109830;-194002;47824;24738;8
100668;-177193;47251;25789;4
122397;-183116;48609;25419;8
128133;-167098;48968;26420;1
112842;-184503;48012;25332;8
120064;-175113;48464;25919;4
100559;-180299;47244;25595;2
130878;-167911;49139;26369;2
106152;-166853;47594;26435;1
101542;-185320;47306;25281;8
105730;-163934;47568;26618;1
126372;-165327;48858;26531;1
109244;-193112;47787;24794;4
109985;-171368;47834;26153;1
114769;-181223;48133;25537;4
105610;-176786;47560;25814;2
108132;-180359;47718;25591;1
105628;-191531;47561;24893;8
101905;-166348;47329;26467;4
106619;-167622;47623;26387;1
116019;-166077;48211;26484;2
111794;-179520;47947;25644;2
125288;-167280;48790;26409;8
114796;-180468;48134;25584;1
106501;-166802;47616;26438;1
99881;-178935;47202;25680;4
121133;-196118;48530;24606;4
113774;-166870;48070;26434;4
130563;-171115;49120;26169;1
121288;-185214;48540;25288;8
120479;-180731;48489;25568;1
106832;-167859;47637;26372;2
109937;-178068;47831;25734;4
112151;-192689;47969;24820;4
125247;-171712;48787;26132;2
128754;-167717;49007;26381;8
102028;-166808;47336;26438;1
104447;-173200;47487;26039;1
111342;-171455;47918;26148;8
105532;-182952;47555;25429;2
124903;-185845;48766;25248;2
109362;-191821;47795;24875;4
121301;-186410;48541;25213;8
121739;-172852;48568;26060;4
109951;-186858;47831;25185;4
120529;-171307;48493;26157;8
113893;-183835;48078;25374;2
104866;-186551;47514;25204;4
114893;-195398;48140;24651;8
130373;-193764;49108;24753;4
99778;-165762;47196;26503;1
103845;-166599;47450;26451;1
126349;-167423;48856;26400;4
117183;-184109;48283;25357;2
103980;-175662;47458;25885;8
108342;-168964;47731;26303;8
129463;-173358;49051;26029;4
111733;-181389;47943;25527;1
106922;-176926;47642;25806;1
129924;-167364;49080;26403;4
112100;-177597;47966;25764;4
108713;-177410;47754;25775;4
112308;-194439;47979;24711;2
130248;-165280;49100;26534;4
121051;-184712;48525;25319;2
120284;-184649;48477;25323;2
111462;-184549;47926;25329;8
104857;-189621;47513;25012;8
127146;-181510;48906;25519;1
100246;-176997;47225;25801;2
109524;-183865;47805;25372;2
121031;-168899;48524;26307;4
110752;-180241;47882;25598;1
128336;-178087;48981;25733;4
122273;-188364;48602;25091;1
110459;-182440;47863;25461;1
108925;-181811;47767;25500;4
123797;-165724;48697;26506;1
118987;-166142;48396;26480;2
114150;-181944;48094;25492;8
116460;-171598;48238;26139;4
100527;-175652;47242;25885;2
100155;-176813;47219;25813;8
106713;-172446;47629;26086;8
109552;-178664;47807;25697;4
107906;-168014;47704;26363;1
114024;-178128;48086;25731;1
127080;-166162;48902;26478;4
118403;-167880;48360;26371;2
114339;-169216;48106;26288;4
130608;-166556;49123;26454;8
129913;-170325;49079;26218;8
111315;-165867;47917;26497;4
110417;-192440;47861;24836;4
114206;-182200;48097;25476;2
129890;-175945;49078;25867;2
127564;-171113;48932;26169;8
102671;-175876;47376;25871;8
120127;-179851;48467;25623;2
125444;-182775;48800;25440;1
108629;-187773;47749;25128;4
105035;-189464;47524;25022;4
105457;-180986;47551;25552;1
115922;-170022;48205;26237;8
104378;-166999;47483;26426;1
118106;-177582;48341;25765;1
110528;-186106;47868;25232;8
122446;-183499;48612;25395;1
124138;-170894;48718;26183;8
118025;-193162;48336;24791;4
113523;-195912;48055;24619;2
118063;-178657;48338;25697;2
111740;-178988;47943;25677;2
119162;-181625;48407;25512;8
121203;-168171;48535;26353;1
110609;-177619;47873;25762;1
109011;-188437;47773;25086;8
125815;-191428;48823;24899;8
128740;-181514;49006;25519;8
111158;-196039;47907;24611;8
123625;-170669;48686;26197;8
125856;-185151;48826;25292;4
112884;-185657;48015;25260;8
128407;-169504;48985;26270;8
105812;-195328;47573;24656;4
128239;-168544;48974;26330;1
127654;-167157;48938;26416;2
125895;-185739;48828;25255;2
118132;-166662;48343;26447;2
105872;-171121;47577;26168;4
123036;-175432;48649;25899;4
124011;-191429;48710;24899;4
116013;-164653;48210;26573;1
124548;-171695;48744;26133;2
128277;-177294;48977;25783;8
125315;-179718;48792;25631;8
122949;-176021;48644;25862;2
125270;-182227;48789;25474;2
126652;-170836;48875;26186;4
108540;-191836;47743;24874;1
102877;-173493;47389;26020;4
122170;-165388;48595;26527;4
130365;-164680;49107;26571;1
100212;-185475;47223;25271;4
119019;-169189;48398;26289;2
112890;-168156;48015;26354;4
114978;-165728;48146;26506;4
106894;-165481;47640;26521;4
113473;-194619;48052;24700;1
111318;-165592;47917;26514;8
123420;-163873;48673;26621;2
121431;-176505;48549;25832;2
123864;-166723;48701;26443;4
111866;-189243;47951;25036;1
105867;-174544;47576;25955;8
125689;-182534;48815;25455;2
104428;-166006;47486;26488;1
107220;-168788;47661;26314;1
116694;-193160;48253;24791;8
106708;-176326;47629;25843;4
102507;-178923;47366;25681;4
109646;-172033;47812;26111;4
129591;-181820;49059;25500;4
106637;-183650;47624;25385;2
119163;-188953;48407;25054;8
106473;-195335;47614;24655;2
120020;-169510;48461;26269;1
108396;-179191;47734;25664;4
111291;-185094;47915;25295;4
108440;-192400;47737;24839;1
108824;-189546;47761;25017;1
99799;-169643;47197;26261;8
114592;-195855;48122;24623;4
103586;-178340;47434;25717;8
115337;-189297;48168;25032;8
99438;-180804;47174;25563;4
117237;-167231;48287;26412;1
115978;-166201;48208;26476;2
108260;-165906;47726;26494;8
120142;-190206;48468;24976;4
108678;-186026;47752;25237;2
106267;-170590;47601;26202;8
130150;-164650;49094;26573;2
110430;-183975;47861;25365;8
117248;-176656;48288;25823;8
128999;-177551;49022;25767;8
101718;-184286;47317;25346;8
105661;-176769;47563;25815;8
123413;-186014;48673;25238;1
115490;-179888;48178;25621;1
106557;-176707;47619;25819;8
101604;-182083;47310;25483;1
123014;-192079;48648;24859;1
108355;-182649;47732;25448;2
116212;-189636;48223;25011;1
104610;-169577;47498;26265;1
127876;-180898;48952;25557;4
123463;-183656;48676;25385;2
123541;-170471;48681;26209;8
108912;-191786;47767;24877;1
124291;-169211;48728;26288;2
119194;-167645;48409;26386;4
126382;-165262;48858;26535;4
115897;-188312;48203;25094;8
99607;-180975;47185;25553;1
113011;-184444;48023;25336;8
99699;-182603;47191;25451;1
112290;-180324;47978;25593;8
106917;-167596;47642;26389;8
128974;-173499;49020;26020;4
122799;-183852;48634;25373;8
129019;-168907;49023;26307;2
110934;-172862;47893;26060;1
124445;-180125;48737;25606;1
129490;-176043;49053;25861;4
116705;-193744;48254;24755;4
113439;-177524;48049;25768;4
100238;-184737;47224;25317;4
116094;-165947;48215;26492;8
123909;-183643;48704;25386;4
125355;-171891;48794;26120;2
109046;-188853;47775;25060;8
105188;-170068;47534;26234;8
107747;-190197;47694;24976;4
117064;-167359;48276;26404;8
104698;-173793;47503;26001;4
104794;-188612;47509;25075;2
107067;-168527;47651;26331;1
117536;-185943;48306;25242;8
122007;-179359;48585;25654;8
124764;-185299;48757;25282;4
109408;-179650;47798;25635;8
109428;-190936;47799;24930;4
100000;-173537;47210;26017;4
110133;-195181;47843;24665;8
105665;-174391;47564;25964;4
124838;-179182;48762;25665;2
127094;-187192;48903;25164;8
116456;-180621;48238;25575;1
101992;-169930;47334;26243;2
110740;-185146;47881;25292;4
127997;-176026;48959;25862;8
122163;-173688;48595;26008;2
104980;-185902;47521;25245;4
125538;-186414;48806;25213;2
105993;-174834;47584;25936;4
103121;-171993;47405;26114;1
130405;-166181;49110;26477;2
125853;-179266;48825;25659;4
128301;-176456;48978;25835;8
110792;-192217;47884;24850;1
107769;-190839;47695;24936;4
108335;-180531;47730;25580;8
111862;-191697;47951;24882;4
110174;-193452;47845;24773;8
119713;-173743;48442;26005;4
114114;-170653;48092;26198;2
110686;-196520;47877;24581;2
103901;-173119;47453;26044;4
122771;-184962;48633;25303;1
115864;-166684;48201;26446;8
112459;-175973;47988;25865;1
125082;-166013;48777;26488;4
112824;-180830;48011;25562;1
122402;-176889;48610;25808;8
102211;-179601;47348;25638;8
110688;-189956;47878;24991;4
101729;-174081;47318;25983;4
128877;-168957;49014;26304;1
110373;-172811;47858;26063;8
107502;-179648;47678;25636;1
105062;-170461;47526;26210;2
128642;-173873;49000;25996;8
102139;-172154;47343;26104;4
130466;-167504;49114;26395;8
107285;-188489;47665;25083;4
114196;-170458;48097;26210;2
110740;-177981;47881;25740;8
113029;-188706;48024;25069;4
109642;-181187;47812;25539;1
110729;-190989;47880;24927;2
101954;-164761;47332;26566;1
100935;-183849;47268;25373;4
117343;-189104;48293;25045;2
102403;-169996;47360;26239;2
121568;-172823;48558;26062;2
128639;-175505;48999;25894;1
113574;-164032;48058;26612;4
127107;-177602;48904;25763;4
128013;-165920;48960;26494;2
128194;-174581;48972;25952;2
113207;-166828;48035;26437;1
103237;-165223;47412;26537;8
100340;-176284;47231;25846;4
122360;-179949;48607;25617;2
112719;-168364;48004;26341;8
122358;-178532;48607;25705;2
107501;-186069;47678;25234;2
105213;-189426;47535;25024;1
113535;-184855;48055;25310;2
111729;-179443;47943;25648;4
130302;-165342;49103;26530;2
115931;-185337;48205;25280;2
110134;-174671;47843;25947;2
116079;-167008;48214;26426;8
105629;-193414;47561;24775;1
115328;-193914;48168;24744;2
108086;-190326;47715;24968;1
110810;-189819;47885;25000;1
125723;-182676;48817;25446;2
102486;-164596;47365;26576;2
129268;-180133;49039;25605;2
104052;-175669;47463;25884;1
120232;-175974;48474;25865;8
118906;-181584;48391;25515;8
105862;-177173;47576;25790;2
102540;-171653;47368;26135;1
106313;-166945;47604;26429;1
120297;-175638;48478;25886;1
119842;-181119;48450;25544;4
117650;-176321;48313;25843;4
124070;-184662;48714;25322;8
109665;-187361;47814;25153;8
114601;-180819;48122;25562;4
107696;-178319;47691;25719;8
120132;-191438;48468;24899;8
107967;-171461;47707;26147;2
104932;-180349;47518;25592;4
102409;-177693;47360;25758;2
113156;-164374;48032;26590;8
113757;-178705;48069;25694;2
107957;-179829;47707;25624;4
103134;-174022;47405;25987;2
121972;-172246;48583;26098;8
124763;-190269;48757;24972;1
118659;-181157;48376;25541;2
107732;-192618;47693;24825;2
108272;-170006;47727;26238;8
101457;-183432;47301;25399;4
126509;-168462;48866;26335;4
122133;-168787;48593;26314;2
118815;-179617;48385;25637;2
113322;-187553;48042;25141;2
104883;-184076;47515;25359;1
117184;-187359;48284;25154;8
108202;-187697;47722;25132;2
116807;-190814;48260;24938;8
117927;-191309;48330;24907;2
114771;-195552;48133;24642;2
112035;-189613;47962;25013;1
107312;-178215;47667;25725;1
123817;-179596;48698;25639;4
125909;-191281;48829;24908;4
126143;-168321;48843;26343;8
108736;-190292;47756;24970;1
111657;-187062;47938;25172;4
106140;-174725;47593;25943;1
121081;-183419;48527;25400;8
124682;-170557;48752;26204;4
110467;-178202;47864;25726;2
105428;-194748;47549;24692;1
128692;-176170;49003;25853;2
100713;-178658;47254;25697;1
105464;-191587;47551;24889;2
113629;-193997;48061;24739;8
122021;-184070;48586;25359;4
118197;-181586;48347;25514;1
104884;-174305;47515;25969;1
126061;-164997;48838;26551;1
107555;-179296;47682;25658;4
110665;-182267;47876;25472;2
99752;-176234;47194;25849;1
108576;-187841;47746;25123;4
110401;-195701;47860;24632;4
115171;-189781;48158;25002;1
124969;-177968;48770;25741;1
113741;-189840;48068;24999;8
107786;-179155;47696;25666;8
117182;-167345;48283;26404;4
114270;-177081;48101;25796;4
103097;-164156;47403;26604;2
108624;-177205;47749;25788;1
109250;-191479;47788;24896;8
112365;-190887;47982;24933;8
106748;-191342;47631;24905;8
100240;-180714;47225;25569;1
128624;-173681;48999;26008;8
110316;-195062;47854;24672;4
126626;-167032;48874;26424;8
127040;-169038;48900;26299;4
128030;-178955;48961;25679;8
104996;-178384;47522;25715;1
110491;-193337;47865;24780;8
111329;-181709;47918;25507;4
103948;-175306;47456;25907;2
118825;-178543;48386;25705;4
125109;-190568;48779;24953;4
126660;-166572;48876;26453;2
101674;-181126;47314;25543;2
123270;-164795;48664;26564;8
126732;-171568;48880;26141;2
116393;-190278;48234;24971;4
108910;-177665;47766;25759;8
116116;-169586;48217;26264;1
105437;-167517;47549;26394;1
110092;-182275;47840;25471;4
113633;-180180;48062;25602;8
112931;-167077;48018;26421;1
99607;-167623;47185;26387;8
120909;-172392;48516;26089;1
113189;-186537;48034;25205;8
114208;-184378;48098;25340;2
119028;-167037;48399;26424;2
121686;-167525;48565;26393;4
112326;-190013;47980;24988;8
121629;-171164;48561;26166;8
109733;-176030;47818;25862;1
130001;-169909;49085;26244;1
124778;-168937;48758;26305;2
115277;-183688;48164;25383;2
120205;-173469;48472;26022;4
104556;-171863;47494;26122;4
100804;-164438;47260;26586;4
112156;-175802;47969;25876;1
125615;-186293;48810;25220;2
101035;-163959;47274;26616;4
130064;-183783;49089;25377;8
130055;-178116;49088;25731;1
119083;-179467;48402;25647;4
111767;-187777;47945;25127;1
127515;-179786;48929;25627;2
103797;-170133;47447;26230;2
123109;-177004;48654;25801;4
108261;-193207;47726;24788;1
129490;-174246;49053;25973;8
127486;-175349;48927;25904;8
117600;-178347;48310;25717;8
99454;-175392;47175;25902;2
107900;-169669;47703;26259;4
111956;-177959;47957;25741;4
109304;-185753;47791;25254;8
105399;-169982;47547;26240;2
105844;-163943;47575;26617;4
123862;-178922;48701;25681;1
129413;-173621;49048;26012;1
113869;-178360;48076;25716;2
128175;-172632;48970;26074;8
129907;-166108;49079;26482;1
113179;-193112;48033;24794;4
123154;-174428;48657;25962;1
105200;-177087;47535;25796;4
124421;-189835;48736;24999;8
121359;-176559;48544;25829;4
115959;-188027;48207;25112;8
109606;-179456;47810;25648;2
124612;-182213;48748;25475;1
124843;-170709;48762;26194;2
121495;-179287;48553;25658;8
109280;-184695;47790;25320;4
126781;-163891;48883;26620;2
100897;-183053;47266;25423;1
109805;-172308;47822;26094;2
130055;-184824;49088;25312;1
113919;-164819;48079;26562;8
116880;-190002;48265;24988;4
119854;-174901;48450;25932;1
119594;-171881;48434;26121;4
110535;-176135;47868;25855;4
111412;-180517;47923;25581;8
126664;-187028;48876;25174;8
125502;-171960;48803;26116;8
104222;-170761;47473;26191;1
127809;-169310;48948;26282;1
121134;-183011;48530;25425;1
130540;-167017;49118;26425;4
129382;-175587;49046;25889;1
124186;-171526;48721;26143;4
102724;-178783;47380;25690;1
126761;-172836;48882;26061;1
112316;-182749;47979;25442;4
109583;-183499;47808;25395;8
121256;-178149;48538;25729;1
127397;-190590;48922;24952;2
126105;-167565;48841;26391;1
99285;-172418;47165;26087;2
113192;-180878;48034;25559;8
99638;-174534;47187;25955;8
122283;-181929;48602;25493;2
107661;-192464;47688;24835;8
122711;-177532;48629;25768;2
120569;-190995;48495;24926;2
100970;-178310;47270;25719;4
123284;-166153;48665;26479;4
105451;-188629;47550;25074;4
110993;-165843;47897;26498;4
130121;-177199;49092;25789;4
108967;-193199;47770;24789;4
101597;-181291;47309;25533;2
109764;-164527;47820;26581;2
127170;-192518;48908;24831;4
104916;-174711;47517;25944;2
124876;-190609;48764;24950;8
104171;-167205;47470;26413;8
126208;-168801;48848;26313;8
124676;-164499;48752;26582;4
107429;-190798;47674;24939;8
113501;-177285;48053;25783;8
108159;-180177;47719;25602;8
100879;-180653;47264;25573;8
113514;-178411;48054;25713;4
120292;-182392;48478;25464;4
100313;-179988;47229;25614;2
123439;-187478;48674;25146;4
130527;-177526;49117;25768;2
125181;-171654;48783;26135;2
109447;-185897;47800;25245;4
105736;-182891;47568;25433;8
109684;-189122;47815;25043;2
124120;-168609;48717;26325;2
109009;-192862;47773;24810;2
112753;-196523;48007;24581;4
115594;-185634;48184;25261;8
113526;-188358;48055;25091;8
130683;-171179;49127;26165;8
108227;-187954;47724;25116;4
102329;-175017;47355;25925;8
112774;-172982;48008;26052;1
102921;-163939;47392;26617;2
110163;-171521;47845;26143;1
130132;-165137;49093;26542;8
119252;-171151;48413;26167;2
123409;-190431;48673;24962;2
126872;-174608;48889;25951;8
108993;-166521;47772;26456;2
103587;-174819;47434;25937;1
104901;-174617;47516;25950;4
101305;-184017;47291;25362;1
107597;-182501;47684;25457;2
130955;-165130;49144;26543;2
127233;-169039;48912;26299;1
105855;-182955;47575;25429;4
116917;-187861;48267;25122;4
113846;-175275;48075;25909;2
116980;-170868;48271;26184;4
103275;-178780;47414;25690;1
113889;-185891;48078;25245;1
120084;-191240;48465;24911;8
122288;-184834;48603;25311;1
105940;-193487;47581;24771;8
103638;-173396;47437;26026;1
129487;-166933;49052;26430;1
113599;-186794;48059;25189;2
123431;-178258;48674;25722;4
121979;-175294;48583;25908;2
117410;-168995;48298;26301;8
126955;-171791;48894;26127;2
121420;-174949;48548;25929;2
99348;-175147;47169;25917;8
120967;-180715;48520;25569;8
114556;-184232;48119;25349;8
114496;-180115;48116;25606;4
118651;-174811;48375;25938;8
109376;-192212;47796;24850;4
120189;-189956;48471;24991;1
114070;-178879;48089;25684;8
102214;-179975;47348;25615;2
127702;-180438;48941;25586;4
102244;-178404;47350;25713;2
114992;-194072;48147;24734;4
100996;-182475;47272;25459;4
113350;-184409;48044;25338;4
111563;-191367;47932;24903;4
103273;-174618;47414;25950;2
104026;-169281;47461;26283;8
99955;-171924;47207;26118;1
101174;-177961;47283;25741;8
110576;-186285;47871;25221;8
125470;-190533;48801;24955;2
111346;-180528;47919;25581;1
110440;-175279;47862;25909;1
104875;-188530;47514;25080;4
110434;-196028;47862;24612;2
120310;-182510;48479;25457;4
109912;-181960;47829;25491;1
121546;-182590;48556;25452;1
100581;-177440;47246;25774;1
111639;-176650;47937;25823;4
113961;-176819;48082;25812;8
123848;-182932;48700;25430;8
109096;-188595;47778;25076;4
121893;-167560;48578;26391;1
110517;-194042;47867;24736;1
127822;-180005;48948;25613;1
126193;-187812;48847;25125;8
117557;-191641;48307;24886;8
125303;-178052;48791;25735;4
125765;-178466;48820;25709;1
110725;-166435;47880;26461;1
126025;-192887;48836;24808;2
128658;-169635;49001;26261;2
126943;-166825;48893;26437;2
122186;-167005;48596;26426;8
118647;-166809;48375;26438;4
106985;-179962;47646;25616;4
119375;-169160;48420;26291;2
111683;-172321;47940;26093;1
126806;-171028;48885;26174;2
108809;-166504;47760;26457;2
100974;-179323;47270;25656;2
111028;-176527;47899;25831;4
120301;-185453;48478;25273;4
127450;-173353;48925;26029;8
109952;-185516;47832;25269;1
120929;-169299;48518;26282;1
128899;-168245;49016;26348;1
113825;-176784;48074;25815;1
100877;-174845;47264;25936;8
119696;-168228;48441;26349;8
106247;-170649;47600;26198;8
123518;-170849;48679;26185;4
105607;-176099;47560;25857;2
114033;-184636;48087;25324;4
124336;-165066;48731;26547;4
124620;-189675;48748;25009;8
121714;-179019;48567;25675;4
103633;-166050;47437;26485;2
127904;-172290;48954;26095;2
103353;-176801;47419;25813;1
112159;-177721;47969;25756;8
127651;-164154;48938;26604;8
113714;-183869;48067;25372;8
126973;-173108;48895;26044;8
123606;-175313;48685;25906;4
118003;-185171;48335;25290;2
102898;-173208;47391;26038;8
105637;-171378;47562;26152;8
99672;-168849;47189;26310;1
105248;-192491;47538;24833;8
103391;-176163;47421;25853;2
130409;-193171;49110;24790;1
106106;-196153;47591;24604;1
109434;-181319;47799;25531;8
116307;-193658;48229;24760;4
120737;-176530;48506;25830;4
124579;-187750;48746;25129;8
117297;-163879;48291;26621;4
104024;-170315;47461;26219;4
110043;-182197;47837;25476;2
117736;-179337;48318;25655;8
122113;-177240;48592;25786;4
121387;-184997;48546;25301;8
106332;-171220;47605;26162;2
116144;-166377;48219;26465;8
109839;-171630;47824;26137;1
117222;-187655;48286;25135;2
118697;-178639;48378;25699;8
109266;-190864;47789;24935;1
118019;-174680;48336;25946;2
109942;-192571;47831;24828;1
113016;-193479;48023;24771;8
130266;-184482;49101;25333;4
107803;-177362;47697;25778;1
110925;-178968;47892;25678;2
105176;-173627;47533;26012;4
100776;-174578;47258;25952;4
130205;-176194;49097;25851;4
128002;-165960;48960;26491;4
109591;-193393;47809;24776;8
127603;-171024;48935;26175;2
111818;-194035;47948;24736;8
116158;-189624;48219;25012;2
130103;-176301;49091;25845;1
108352;-180366;47732;25591;4
108269;-191491;47726;24895;1
121947;-177284;48581;25783;1
101252;-178054;47288;25735;8
101325;-170024;47292;26237;8
130004;-164721;49085;26568;1
103305;-173397;47416;26026;8
116494;-190640;48240;24949;4
126351;-172517;48856;26081;2
123230;-184368;48661;25341;1
104618;-177417;47498;25775;2
113010;-185206;48023;25288;1
118028;-193233;48336;24786;8
105683;-195128;47565;24668;2
104677;-187152;47502;25167;8
103795;-164968;47447;26553;2
104429;-169498;47486;26270;4
125583;-169256;48808;26285;4
121235;-188795;48537;25064;8
127840;-177002;48950;25801;1
128491;-170548;48990;26204;2
129605;-174307;49060;25969;1
123928;-183049;48705;25423;8
121621;-187822;48561;25125;2
119134;-183173;48405;25415;2
126677;-191837;48877;24874;2
130900;-163968;49141;26616;2
118388;-167814;48359;26375;4
127452;-173051;48925;26048;1
113208;-177777;48035;25752;4
105562;-173446;47557;26023;4
109814;-184367;47823;25341;1
121364;-179713;48545;25631;1
118639;-170120;48374;26231;8
123936;-164074;48706;26609;8
122750;-182882;48631;25433;2
128922;-168226;49017;26349;1
123921;-191397;48705;24901;4
125474;-187985;48802;25114;2
112316;-182304;47979;25470;1
122860;-191617;48638;24887;2
116795;-194069;48259;24734;8
117683;-179093;48315;25670;4
108941;-177008;47768;25801;8
129681;-167913;49065;26369;1
109683;-185964;47815;25241;1
127166;-172515;48907;26081;2
126018;-186288;48836;25221;4
115752;-169445;48194;26273;1
107837;-165836;47699;26499;1
123373;-187294;48670;25158;8
123112;-170447;48654;26211;8
108310;-180694;47729;25570;4
126439;-171897;48862;26120;8
105466;-164284;47551;26596;2
120035;-174304;48462;25970;8
116544;-190662;48244;24947;8
102980;-173407;47396;26026;4
108459;-185563;47738;25266;2
111182;-173057;47908;26047;8
121936;-179277;48581;25659;1
114985;-185077;48146;25296;4
105845;-194622;47575;24700;2
107188;-176570;47659;25828;1
114184;-189713;48096;25006;8
108066;-187641;47714;25136;2
102327;-178668;47355;25697;4
129886;-176528;49077;25831;2
114972;-188594;48145;25076;4
105690;-193284;47565;24783;1
116262;-190222;48226;24975;1
116852;-177564;48263;25766;2
121843;-195542;48575;24642;2
105047;-189792;47525;25002;8
113363;-180294;48045;25595;8
99811;-179806;47198;25626;2
100138;-175147;47218;25917;2
121262;-178271;48538;25722;2
124836;-187775;48762;25128;8
107434;-188346;47674;25092;1
113351;-186927;48044;25181;8
113008;-178172;48023;25728;4
115041;-196536;48150;24580;2
104229;-170871;47474;26184;2
122564;-184712;48620;25319;2
109076;-191616;47777;24888;2
110460;-193812;47863;24750;1
105527;-191128;47555;24918;8
111479;-196204;47927;24601;1
109798;-186632;47822;25199;2
113456;-181163;48051;25541;8
104843;-167645;47512;26386;4
101517;-165541;47304;26517;2
112687;-164839;48002;26561;8
112223;-165385;47973;26527;1
105671;-179208;47564;25663;1
98891;-175940;47140;25867;2
101197;-174313;47284;25969;4
112106;-184750;47966;25317;2
125387;-164650;48796;26573;1
113905;-187989;48079;25114;8
127491;-174295;48928;25970;2
127687;-186419;48940;25212;2
126297;-183216;48853;25413;4
100054;-166671;47213;26447;4
99240;-177441;47162;25773;8
127305;-180396;48916;25589;1
122550;-175188;48619;25914;2
128408;-173670;48985;26009;2
112994;-167236;48022;26411;8
110002;-183221;47835;25412;8
102383;-175205;47358;25913;4
116386;-164195;48234;26601;2
126410;-180691;48860;25570;2
122943;-169925;48643;26243;8
116037;-165569;48212;26515;4
101327;-178046;47292;25736;1
125514;-165686;48804;26508;2
99743;-181658;47193;25510;4
101273;-173705;47289;26007;1
118553;-192366;48369;24841;1
126595;-165108;48872;26544;8
124171;-184147;48720;25354;8
106983;-171588;47646;26139;8
111093;-186609;47903;25200;1
125619;-188857;48811;25060;8
108281;-177548;47727;25767;2
106760;-182810;47632;25438;1
115642;-188676;48187;25071;8
107244;-164977;47662;26552;4
122512;-187765;48617;25128;4
111036;-174401;47899;25963;4
110982;-192096;47896;24858;1
111196;-163849;47909;26623;2
108683;-191612;47752;24888;1
114515;-170688;48117;26196;8
125742;-186051;48818;25235;8
110078;-185214;47839;25288;2
108341;-168875;47731;26309;4
110070;-186254;47839;25223;1
126941;-172831;48893;26062;4
123405;-169440;48672;26274;2
127815;-180132;48948;25605;2
118867;-170598;48389;26201;8
127201;-172823;48910;26062;2
118097;-177657;48341;25760;1
110855;-192631;47888;24824;8
114983;-193607;48146;24763;1
99578;-183368;47183;25403;4
113363;-194720;48045;24694;1
108253;-187835;47725;25124;1
111158;-178281;47907;25721;2
111412;-195167;47923;24666;8
113787;-174447;48071;25961;8
113277;-196353;48039;24591;8
99629;-180926;47186;25556;8
125969;-178873;48833;25684;1
126500;-184931;48866;25305;1
120453;-167877;48488;26371;1
124931;-165008;48768;26551;1
108840;-181003;47762;25551;8
114731;-189802;48130;25001;4
121794;-179432;48572;25649;1
129086;-171960;49027;26116;8
110639;-183815;47874;25375;4
111786;-172847;47946;26061;4
112089;-189566;47965;25016;1
112977;-175378;48021;25902;4
124022;-165214;48711;26538;8
104687;-177783;47502;25752;4
108624;-190499;47749;24957;8
109639;-177740;47812;25755;8
109142;-178394;47781;25714;4
110256;-183787;47851;25377;2
113658;-178316;48063;25719;1
117952;-182822;48332;25437;8
122976;-182624;48646;25450;2
120061;-178146;48463;25729;1
109397;-177749;47797;25754;8
100761;-177320;47257;25781;1
112902;-190829;48016;24937;8
110628;-193976;47874;24740;2
110028;-187409;47836;25150;2
124077;-172234;48714;26099;8
99477;-175916;47177;25869;8
111436;-184343;47924;25342;8
106676;-170506;47627;26207;1
107720;-185493;47692;25270;8
127445;-164910;48925;26557;1
112084;-174739;47965;25942;4
112953;-182160;48019;25479;8
123650;-166259;48688;26472;4
114905;-183522;48141;25393;2
108353;-170818;47732;26187;4
124053;-169069;48713;26297;2
119394;-181263;48422;25535;8
119654;-179246;48438;25661;1
105439;-188168;47549;25103;2
109190;-172539;47784;26080;8
111750;-190461;47944;24960;4
113075;-166467;48027;26459;1
105011;-193924;47523;24743;2
108063;-182307;47713;25469;2
114433;-181112;48112;25544;8
108025;-190083;47711;24983;2
125487;-187428;48802;25149;2
128048;-178233;48963;25724;1
107787;-177371;47696;25778;1
117225;-177702;48286;25757;2
113966;-166390;48082;26464;8
110632;-184966;47874;25303;8
119811;-168898;48448;26307;1
111163;-185712;47907;25257;2
122071;-179879;48589;25621;2
121159;-174729;48532;25943;8
99342;-176529;47168;25830;4
123555;-192461;48682;24835;1
130015;-176534;49085;25830;1
107250;-169626;47663;26262;2
114471;-190579;48114;24952;2
111732;-176692;47943;25820;2
100808;-174103;47260;25982;4
130269;-175971;49101;25865;8
129733;-168330;49068;26343;8
130336;-165968;49106;26491;2
111919;-186876;47954;25184;1
118100;-184098;48341;25357;2
109098;-180944;47778;25555;1
107028;-178029;47649;25737;4
121766;-171274;48570;26159;8
103962;-176579;47457;25827;2
108039;-188086;47712;25108;2
120862;-171507;48513;26144;2
115191;-180810;48159;25563;2
103735;-174934;47443;25930;8
107844;-191512;47700;24894;2
129479;-177066;49052;25797;8
109468;-180834;47801;25561;8
107919;-185486;47704;25271;8
107239;-192386;47662;24839;1
107525;-189983;47680;24990;2
108415;-178487;47735;25708;8
121403;-166149;48547;26479;8
129529;-166553;49055;26454;8
108186;-187990;47721;25114;8
102364;-164731;47357;26568;1
129432;-173330;49049;26030;1
114092;-178510;48090;25707;2
122240;-167954;48600;26366;8
127240;-173147;48912;26042;1
111860;-172634;47951;26074;4
99560;-183020;47182;25425;4
115585;-169800;48184;26251;1
123015;-182829;48648;25437;4
99629;-167623;47186;26387;1
104852;-167092;47513;26420;8
106336;-192293;47606;24845;2
102051;-181125;47338;25543;8
119453;-176651;48425;25823;1
108912;-189031;47767;25049;1
98965;-175821;47145;25875;1
110154;-182076;47844;25484;4
124556;-182458;48744;25460;4
113909;-175473;48079;25896;8
121372;-173178;48545;26040;2
112978;-164252;48021;26598;8
108442;-192616;47737;24825;4
109491;-194278;47803;24721;1
111976;-176262;47958;25847;4
125447;-185149;48800;25292;1
108931;-167411;47768;26400;2
110701;-190758;47878;24941;4
100081;-174995;47215;25926;1
122723;-187453;48630;25148;8
110447;-182445;47862;25461;2
121361;-182094;48545;25483;4
109589;-190931;47809;24930;2
105499;-176686;47553;25821;4
120363;-184090;48482;25358;4
123357;-164925;48669;26556;1
103708;-175259;47441;25910;4
125085;-178105;48777;25732;4
99722;-176093;47192;25858;4
129249;-176017;49038;25862;8
110540;-192168;47868;24853;1
112758;-193173;48007;24790;8
114216;-180346;48098;25592;2
104228;-165529;47474;26518;4
100027;-174797;47211;25939;1
125430;-166520;48799;26456;8
123108;-165669;48654;26509;2
126818;-179443;48886;25648;2
117957;-170953;48332;26179;4
124099;-171001;48716;26176;4
123138;-174131;48656;25980;4
125018;-179523;48773;25643;4
125333;-187894;48793;25120;2
116092;-191280;48215;24909;1
103176;-173182;47408;26040;4
105511;-178758;47554;25691;2
114793;-180769;48134;25565;1
121863;-168728;48576;26318;4
102235;-165754;47349;26504;4
124562;-175948;48745;25867;4
111959;-173158;47957;26041;1
99747;-176898;47194;25807;1
99608;-183577;47185;25390;8
102897;-170275;47391;26221;2
129698;-168426;49066;26337;8
119280;-169342;48415;26280;2
127227;-188262;48911;25097;2
123870;-169833;48701;26249;1
105714;-176795;47567;25814;1
114239;-179581;48099;25640;1
112296;-186178;47978;25227;8
122581;-177621;48621;25762;2
107138;-171536;47656;26143;1
106269;-192803;47601;24813;8
130533;-167208;49118;26413;2
129868;-172474;49076;26084;2
109695;-164380;47815;26590;4
126507;-188610;48866;25075;8
108636;-190337;47749;24967;8
121809;-173084;48573;26046;4
116753;-175351;48257;25904;8
110081;-185493;47840;25270;4
126220;-171861;48848;26122;1
129723;-175519;49067;25894;8
124795;-184162;48759;25353;4
109698;-190931;47816;24930;2
122315;-176847;48604;25811;1
112593;-195222;47997;24662;2
129789;-174059;49071;25985;1
99887;-174956;47202;25929;1
100995;-180245;47272;25598;8
103686;-170933;47440;26180;8
99893;-175520;47203;25894;1
107416;-189106;47673;25044;4
102445;-173305;47362;26032;8
124428;-189515;48736;25019;4
121513;-173900;48554;25995;8
124923;-191661;48767;24885;8
117911;-187413;48329;25150;8
124742;-170496;48756;26208;4
112239;-174313;47974;25969;2
113551;-194751;48056;24692;1
128791;-176309;49009;25844;8
104995;-184647;47522;25323;8
130741;-168233;49131;26349;2
102381;-169366;47358;26278;4
109564;-183445;47807;25398;8
113101;-194759;48028;24691;1
100073;-184628;47214;25324;2
130525;-167357;49117;26404;4
130238;-165380;49099;26527;2
110661;-189746;47876;25004;4
108423;-168608;47736;26326;2
106992;-184630;47647;25324;2
109347;-187178;47794;25165;2
127738;-166856;48943;26435;1
111306;-189401;47916;25026;1
128201;-174784;48972;25940;1
112091;-174801;47965;25938;2
125367;-167755;48795;26379;8
110033;-182906;47837;25432;1
105064;-190265;47526;24972;1
108765;-185847;47757;25248;8
117192;-167634;48284;26386;1
119638;-175851;48437;25873;2
105645;-164636;47562;26574;1
128648;-183148;49000;25417;4
104387;-166754;47484;26441;1
107460;-187404;47676;25151;8
128952;-180953;49019;25554;2
114407;-183133;48110;25418;2
100448;-176055;47238;25860;8
100765;-166833;47257;26436;8
121863;-168328;48576;26343;1
105266;-192367;47539;24841;4
124367;-171521;48732;26143;2
111068;-175196;47901;25914;1
124860;-186694;48763;25195;4
106723;-176148;47630;25854;4
121060;-165911;48526;26494;8
128574;-179625;48995;25637;4
105694;-178024;47565;25737;8
127520;-168191;48930;26352;8
102279;-178905;47352;25682;8
125674;-172038;48814;26111;8
110913;-171740;47892;26130;1
121362;-184973;48545;25303;8
113482;-188594;48052;25076;8
125106;-194386;48779;24714;2
120447;-171581;48487;26140;4
109856;-176696;47826;25820;1
126160;-183525;48845;25393;1
100795;-164204;47259;26601;1
105101;-193592;47528;24764;4
126206;-187465;48847;25147;8
111899;-181485;47953;25521;1
107424;-186737;47674;25192;4
110662;-177235;47876;25786;8
106805;-180479;47635;25584;4
127027;-166282;48899;26471;4
115963;-165804;48207;26501;4
125019;-192047;48773;24861;4
124121;-181016;48717;25550;8
120687;-169215;48502;26288;2
102500;-164784;47366;26565;4
104030;-184870;47461;25309;1
114411;-183167;48110;25416;1
128235;-181124;48974;25543;8
111836;-179568;47949;25641;4
121415;-179162;48548;25666;1
116725;-177823;48255;25750;8
100004;-175927;47210;25868;1
124470;-185417;48739;25275;8
109486;-193058;47802;24797;2
107946;-169778;47706;26252;1
119286;-176142;48415;25855;8
123221;-165967;48661;26491;4
120751;-165564;48506;26516;2
119829;-169204;48449;26288;4
110999;-183205;47897;25413;4
108213;-170334;47723;26218;8
130776;-167342;49133;26405;1
104956;-186876;47519;25184;1
99614;-168601;47185;26326;4
118416;-188216;48361;25100;4
124145;-175598;48719;25889;4
123193;-167134;48659;26418;1
108269;-179545;47726;25642;2
112784;-179247;48009;25661;1
119136;-167097;48406;26420;1
106355;-173680;47607;26009;1
111886;-194467;47952;24709;8
114121;-179911;48092;25619;4
101046;-179061;47275;25672;2
99418;-167118;47173;26419;4
102591;-168692;47371;26320;8
104280;-167333;47477;26405;1
116042;-191853;48212;24873;1
105278;-177344;47539;25780;2
124039;-168340;48712;26342;8
101514;-176798;47304;25814;4
113424;-177093;48049;25795;1
120802;-180260;48510;25597;2
129088;-174365;49028;25966;2
126135;-170161;48843;26228;4
112824;-180316;48011;25594;4
130005;-178167;49085;25728;1
102031;-178426;47336;25712;2
99851;-183459;47200;25397;4
109760;-195898;47820;24620;8
105361;-165322;47545;26531;4
127320;-182387;48917;25464;2
128167;-167454;48970;26398;4
100711;-174768;47254;25941;8
109472;-175346;47802;25904;8
115555;-189121;48182;25043;4
122768;-173989;48633;25989;4
122408;-178941;48610;25680;8
107650;-183693;47688;25383;8
121337;-177048;48543;25798;2
104158;-176447;47469;25836;2
130303;-184497;49103;25332;1
110256;-187444;47851;25148;8
119395;-169127;48422;26293;8
123889;-185468;48703;25272;2
111339;-184872;47918;25309;2
103355;-163951;47419;26617;2
110987;-191474;47896;24896;8
105419;-180825;47548;25562;8
118496;-167686;48366;26383;4
123111;-183851;48654;25373;8
106524;-179055;47617;25673;1
104025;-168854;47461;26310;4
122326;-177983;48605;25740;2
100208;-167705;47223;26382;1
121659;-171193;48563;26164;4
114058;-168899;48088;26307;8
112328;-185319;47980;25281;8
109902;-186277;47828;25221;2
110075;-189950;47839;24992;8
99558;-182933;47182;25430;8
103424;-176415;47424;25838;1
112318;-189324;47979;25031;8
130934;-165731;49143;26505;8
109824;-190549;47824;24954;4
110241;-182055;47850;25485;4
104270;-178256;47476;25723;2
128944;-178156;49019;25729;4
103228;-177856;47411;25748;1
115498;-190771;48178;24940;8
115621;-194695;48186;24695;4
125484;-187528;48802;25143;8
125295;-168666;48790;26322;8
100278;-173672;47227;26009;8
125183;-170709;48783;26194;4
106839;-166704;47637;26445;1
122987;-173706;48646;26007;2
113624;-188588;48061;25077;2
105238;-175994;47537;25864;2
123168;-178702;48658;25695;8
120290;-169182;48478;26290;1
121706;-177053;48566;25798;1
122495;-175226;48615;25912;8
112207;-190983;47972;24927;8
128035;-171261;48962;26160;8
114968;-167243;48145;26411;2
123769;-165353;48695;26529;1
129058;-166833;49026;26436;1
126662;-164147;48876;26604;8
110831;-182892;47886;25433;1
99252;-182247;47163;25473;2
105023;-189512;47523;25019;2
109440;-193112;47800;24794;4
101141;-178249;47281;25723;2
117279;-166401;48289;26463;4
100697;-174210;47253;25975;8
129764;-172914;49070;26056;4
116579;-167848;48246;26373;1
102213;-171522;47348;26143;4
113839;-186304;48074;25220;4
119795;-175479;48447;25896;4
126938;-189120;48893;25044;8
112160;-189832;47970;24999;2
104088;-175451;47465;25898;2
109717;-171194;47817;26164;2
115502;-181129;48178;25543;1
112527;-173357;47992;26029;2
117675;-174265;48314;25972;4
101902;-175532;47328;25893;2
123291;-190555;48665;24954;2
107851;-189114;47700;25044;2
98943;-177302;47143;25782;2
111467;-178140;47926;25730;1
102510;-169457;47366;26272;1
99642;-184515;47187;25331;4
127732;-168170;48943;26353;1
110667;-181283;47876;25533;2
120617;-170510;48498;26207;4
126702;-180744;48878;25567;1
114783;-191955;48133;24866;1
111893;-179451;47953;25648;8
100203;-184475;47222;25334;8
110346;-177154;47856;25791;1
101396;-184944;47297;25305;8
118571;-175689;48370;25883;4
105585;-164318;47559;26594;8
105696;-169289;47566;26283;4
130479;-164589;49114;26577;8
99768;-166162;47195;26478;2
99948;-183898;47206;25370;8
99825;-179137;47199;25667;1
109890;-182079;47828;25484;2
112359;-196063;47982;24610;2
110459;-193857;47863;24747;1
109009;-180211;47773;25600;2
100775;-176242;47258;25848;2
107551;-179825;47681;25624;1
111935;-191028;47955;24924;4
106186;-176413;47596;25838;8
113167;-180648;48032;25573;1
123323;-170696;48667;26195;4
116242;-187318;48225;25156;1
126847;-190358;48887;24966;8
120627;-183350;48499;25404;2
111083;-176101;47902;25857;8
106707;-186668;47629;25197;8
123103;-164922;48653;26556;2
114987;-165844;48146;26498;2
122626;-177877;48624;25746;2
121743;-171097;48568;26170;8
99870;-169065;47201;26297;1
109821;-175201;47823;25913;2
126213;-177010;48848;25800;8
127593;-175642;48934;25886;1
110607;-187767;47872;25128;1
106688;-167646;47628;26386;2
105960;-176178;47582;25852;4
105440;-188284;47550;25096;4
117976;-165296;48333;26533;2
126658;-183801;48876;25376;1
111377;-192356;47921;24841;8
112757;-186803;48007;25188;4
110796;-173893;47884;25995;8
113574;-188440;48058;25086;2
127967;-180967;48957;25553;4
127949;-176019;48956;25862;4
129124;-181624;49030;25512;4
125825;-182493;48824;25458;2
120770;-172393;48508;26089;2
105828;-176224;47574;25850;8
109475;-193491;47802;24770;8
118193;-168488;48347;26333;2
105638;-175802;47562;25876;4
111837;-184980;47949;25302;8
109130;-188962;47780;25053;2
125245;-185521;48787;25268;2
121667;-172744;48564;26067;4
114582;-185171;48121;25290;1
129853;-172247;49075;26098;1
113117;-180884;48029;25558;4
115578;-184781;48183;25315;1
127609;-168778;48935;26315;1
107093;-170564;47653;26203;4
131036;-176294;49149;25845;1
110305;-183794;47854;25376;1
108635;-171106;47749;26169;1
105039;-183325;47524;25406;1
111418;-180723;47923;25568;4
106445;-195372;47612;24653;1
115766;-185068;48195;25297;2
108620;-186904;47748;25182;2
126607;-164426;48872;26587;8
108180;-179055;47721;25673;4
130639;-171174;49124;26165;4
115264;-170616;48164;26200;4
128079;-174191;48964;25977;1
112688;-172196;48003;26101;4
120065;-190255;48464;24973;8
100059;-174136;47213;25980;2
102208;-179861;47348;25622;1
128301;-168923;48978;26306;1
124510;-184615;48741;25325;8
125608;-171376;48810;26153;4
112477;-195844;47989;24623;1
117609;-184550;48310;25329;8
126187;-178975;48846;25678;4
117961;-186533;48332;25205;4
122616;-189046;48623;25048;1
117889;-177915;48328;25744;2
119013;-174879;48398;25934;8
127284;-187886;48915;25121;4
126823;-177582;48886;25765;1
127376;-176683;48921;25821;8
117892;-183364;48328;25403;8
117270;-177585;48289;25764;4
116088;-164713;48215;26569;8
109685;-193722;47815;24756;4
115266;-180977;48164;25552;8
111197;-192968;47909;24803;2
121648;-193120;48563;24794;4
104013;-176970;47460;25803;4
110080;-177109;47840;25794;2
127855;-190449;48950;24960;4
110735;-175980;47880;25865;2
108291;-171241;47728;26161;2
113475;-172321;48052;26093;8
111911;-184719;47954;25319;8
102445;-173454;47362;26023;8
113656;-194617;48063;24700;4
117796;-183524;48322;25393;1
119711;-177640;48441;25761;2
130778;-165296;49133;26533;8
110314;-191573;47854;24890;2
120642;-176896;48500;25808;2
130587;-177575;49121;25765;4
99555;-171296;47182;26158;4
123317;-178126;48667;25731;1
118207;-167450;48347;26398;1
129005;-184249;49022;25348;1
103322;-172306;47417;26094;8
111232;-163998;47912;26614;8
110581;-192898;47871;24807;1
110786;-165069;47884;26547;4
105946;-191885;47581;24871;8
105825;-176967;47574;25803;1
105474;-182930;47552;25430;1
109647;-190612;47812;24950;1
105162;-165811;47532;26500;1
107667;-181512;47689;25519;4
125728;-184167;48818;25353;4
113971;-165803;48083;26501;1
113870;-174266;48076;25972;1
100596;-180308;47247;25594;8
100950;-175568;47269;25891;8
112001;-178129;47960;25730;8
111680;-171446;47940;26148;1
120884;-169221;48515;26287;4
107885;-168637;47702;26324;4
120279;-184072;48477;25359;8
110545;-192925;47869;24806;1
110735;-192796;47880;24814;4
102377;-175284;47358;25908;8
124243;-164281;48725;26596;8
103293;-163899;47415;26620;1
114279;-188023;48102;25112;1
126096;-187498;48841;25145;4
118908;-175719;48391;25881;1
128744;-167597;49006;26389;4
109958;-195627;47832;24637;2
108397;-188334;47734;25093;8
104654;-171397;47500;26151;1
113901;-178801;48078;25688;8
103452;-164477;47425;26584;4
125274;-178802;48789;25688;2
115583;-192894;48183;24808;4
121999;-179328;48584;25656;1
111910;-195662;47954;24635;8
124901;-167438;48766;26399;2
103061;-173742;47401;26005;8
119704;-175430;48441;25899;4
125148;-194423;48781;24712;2
101053;-177482;47275;25771;8
129865;-173082;49076;26046;2
127223;-173370;48911;26028;4
100451;-166990;47238;26427;2
114085;-170455;48090;26210;4
100087;-176864;47215;25810;1
120165;-166606;48470;26451;8
124581;-164187;48746;26602;8
108922;-184860;47767;25310;1
118966;-191422;48395;24900;8
107888;-187860;47703;25122;2
103259;-177750;47413;25754;4
124273;-183753;48727;25379;2
108849;-166675;47763;26446;4
104809;-172848;47510;26061;1
126561;-181957;48870;25491;8
122443;-184709;48612;25319;8
104871;-180272;47514;25597;4
126836;-168349;48887;26342;8
108668;-188658;47751;25072;1
113150;-182115;48031;25481;1
109810;-183340;47823;25405;4
112274;-171179;47977;26165;2
101938;-178052;47331;25735;8
110666;-194923;47876;24681;4
112759;-167263;48007;26410;4
125275;-181481;48789;25521;8
110598;-185760;47872;25254;8
126566;-180792;48870;25564;4
108311;-181476;47729;25521;4
109699;-178369;47816;25715;8
115867;-191559;48201;24891;2
127329;-190322;48918;24968;1
101443;-173982;47300;25990;8
120468;-183538;48489;25392;1
125896;-182204;48828;25476;4
116374;-164063;48233;26610;8
114934;-191062;48143;24922;2
104063;-172352;47463;26092;8
123210;-166641;48660;26448;8
117749;-177276;48319;25784;8
111017;-190247;47898;24973;8
113126;-182133;48030;25480;4
115833;-185667;48199;25259;4
126120;-191942;48842;24867;4
125878;-187360;48827;25154;2
100873;-176232;47264;25849;8
108375;-181695;47733;25508;4
123227;-186602;48661;25201;1
127191;-177759;48909;25754;8
109126;-190381;47780;24965;8
110732;-189715;47880;25006;8
124911;-188083;48766;25108;8
113134;-166642;48030;26448;8
115489;-169636;48178;26261;1
112143;-196592;47968;24577;2
122461;-188547;48613;25079;4
100694;-179482;47253;25646;4
121164;-169278;48532;26284;4
108905;-176675;47766;25821;4
124962;-178020;48770;25737;1
122591;-176889;48621;25808;8
124158;-182548;48719;25454;1
117210;-167179;48285;26415;2
112787;-188629;48009;25074;8
112450;-176434;47988;25836;2
124778;-166856;48758;26435;1
109254;-189166;47788;25041;1
122398;-176867;48609;25809;1
118984;-179514;48396;25644;1
113332;-184623;48043;25325;2
130054;-184705;49088;25319;2
126727;-163883;48880;26621;2
117351;-171497;48294;26145;1
114101;-172843;48091;26061;4
124529;-182553;48743;25454;2
126485;-165577;48865;26515;2
110555;-164298;47869;26595;4
110726;-192940;47880;24805;2
110165;-184920;47845;25306;4
123946;-168394;48706;26339;1
108003;-171160;47710;26166;2
122867;-177599;48639;25764;8
122894;-186038;48640;25236;4
123839;-179072;48699;25672;1
122736;-172829;48631;26062;2
112822;-193518;48011;24769;2
122924;-176019;48642;25862;1
111062;-173260;47901;26035;8
106892;-167650;47640;26385;4
99354;-176103;47169;25857;4
130178;-165476;49096;26521;8
112599;-172524;47997;26081;2
101101;-176009;47278;25863;1
104021;-164025;47461;26612;2
116169;-164967;48220;26553;8
127032;-191335;48899;24905;4
105238;-173132;47537;26043;8
125153;-167488;48782;26396;1
124862;-183535;48763;25393;2
108056;-167088;47713;26421;8
124029;-167940;48711;26367;1
100312;-173247;47229;26036;4
103340;-183838;47418;25374;1
112282;-177950;47977;25742;2
124334;-182734;48730;25443;4
123399;-179913;48672;25619;2
118419;-191684;48361;24883;2
109870;-179350;47826;25654;2
123722;-181055;48692;25548;8
99451;-172962;47175;26053;1
118905;-167605;48391;26388;8
116478;-165442;48239;26523;4
100413;-174909;47235;25932;4
118502;-170237;48366;26224;2
100204;-177076;47222;25796;2
128643;-174668;49000;25947;1
125791;-186493;48821;25208;2
108237;-190113;47724;24981;1
116313;-169215;48229;26288;8
123182;-191944;48658;24867;2
105384;-178808;47546;25688;4
123545;-168966;48681;26303;8
109981;-171462;47833;26147;4
107846;-167920;47700;26369;8
126076;-186266;48839;25222;1
122943;-176055;48643;25860;2
115114;-190267;48154;24972;8
104238;-170168;47474;26228;4
126659;-181987;48876;25489;8
100407;-178768;47235;25691;8
102353;-176059;47357;25860;8
121083;-183312;48527;25407;8
104811;-183536;47510;25393;2
103224;-169350;47411;26279;2
108466;-183015;47739;25425;1
108693;-192464;47753;24835;8
108029;-166383;47711;26465;4
117840;-176698;48325;25820;8
113312;-175803;48042;25876;1
108883;-187721;47765;25131;2
100843;-169334;47262;26280;1
117997;-181255;48334;25535;1
113220;-183782;48036;25377;8
110638;-190147;47874;24979;2
108818;-189375;47761;25028;1
101123;-174432;47280;25962;4
110852;-179036;47888;25674;1
102851;-164214;47388;26600;4
122503;-192594;48616;24826;4
112193;-174323;47972;25968;4
127646;-166728;48937;26443;2
105902;-191913;47578;24869;1
109695;-180235;47815;25599;1
122096;-179519;48591;25644;2
128192;-170218;48972;26225;2
110334;-181945;47855;25492;8
111229;-188018;47911;25112;8
117875;-176727;48327;25818;8
115922;-186711;48205;25194;1
102795;-175727;47384;25881;4
110866;-188594;47889;25076;4
127117;-182158;48904;25479;1
105076;-174641;47527;25948;8
127546;-171616;48931;26138;8
118620;-171560;48373;26141;1
107727;-168330;47692;26343;2
124611;-165469;48748;26522;4
127831;-181015;48949;25550;4
107999;-167295;47709;26408;4
120118;-174730;48467;25943;1
113350;-196435;48044;24586;4
127472;-173096;48927;26045;1
118026;-187420;48336;25150;1
102518;-164248;47367;26598;4
129238;-174508;49037;25957;1
119733;-169518;48443;26269;1
123704;-193151;48691;24792;8
117629;-178391;48311;25714;2
122447;-191056;48612;24923;8
120527;-176778;48492;25815;8
124122;-168024;48717;26362;4
99893;-182957;47203;25429;1
110459;-177985;47863;25739;2
101173;-170023;47283;26237;1
122399;-171756;48609;26129;4
106671;-171921;47626;26118;1
125431;-164690;48799;26570;2
130371;-170513;49108;26206;1
115152;-189221;48157;25037;1
109782;-194269;47821;24722;2
112532;-186853;47993;25185;4
108587;-181819;47746;25500;2
122101;-185100;48591;25295;2
108909;-180548;47766;25579;8
129420;-167038;49048;26424;4
101919;-166544;47329;26455;8
114239;-185687;48099;25258;4
122843;-179217;48637;25662;2
122131;-176811;48593;25813;1
124472;-168428;48739;26337;8
113165;-177627;48032;25762;1
128518;-173955;48992;25991;4
99217;-183665;47161;25384;1
130316;-169788;49104;26252;8
102159;-175128;47344;25918;1
121976;-172101;48583;26107;2
123045;-187427;48650;25149;4
102411;-163847;47360;26623;8
121889;-193123;48578;24793;1
101819;-178669;47323;25697;8
113115;-178740;48029;25692;4
122911;-175205;48641;25913;8
102572;-168551;47370;26329;4
109580;-188042;47808;25111;2
130798;-163959;49134;26616;8
125587;-177659;48809;25760;8
106498;-176232;47616;25849;1
116854;-187700;48263;25132;8
114032;-181705;48087;25507;2
113785;-163927;48071;26618;2
99160;-178700;47157;25695;4
110913;-189247;47892;25036;2
126843;-175649;48887;25885;8
108258;-186578;47726;25202;8
123941;-166636;48706;26449;1
122991;-186014;48646;25238;4
109822;-173230;47823;26037;4
130136;-176647;49093;25823;1
109679;-178835;47814;25686;1
112176;-190878;47971;24934;2
101111;-178610;47279;25700;4
103219;-165218;47411;26537;4
108316;-164489;47729;26583;2
120573;-183519;48495;25394;8
106159;-195944;47594;24617;2
114280;-183812;48102;25375;2
109353;-176322;47794;25843;1
126216;-168756;48848;26316;4
102172;-174260;47345;25972;2
108291;-180775;47728;25565;4
108085;-185525;47715;25268;1
127936;-176487;48956;25833;4
106741;-191163;47631;24916;4
107235;-178116;47662;25731;4
106425;-170957;47611;26179;1
111402;-187507;47922;25144;2
114014;-186145;48085;25229;4
103071;-172129;47401;26105;2
108070;-190632;47714;24949;8
114710;-169207;48129;26288;4
130451;-166417;49113;26462;8
113695;-186467;48065;25209;1
125305;-171688;48791;26133;4
127185;-187753;48909;25129;2
104210;-177653;47473;25760;8
100231;-181971;47224;25490;4
114724;-183441;48130;25398;2
99675;-180735;47189;25568;1
126662;-181559;48876;25516;2
115618;-186915;48186;25181;8
126515;-180748;48867;25567;1
101817;-168406;47323;26338;8
100344;-177141;47231;25792;4
120816;-165523;48511;26518;2
100722;-175251;47255;25910;8
117365;-169107;48295;26294;1
114766;-183507;48132;25394;1
105858;-176067;47576;25859;2
121243;-184987;48537;25302;4
104373;-177227;47483;25787;4
118449;-167309;48363;26407;4
129552;-166713;49057;26444;4
110836;-166184;47887;26477;1
116874;-194195;48264;24726;1
109711;-196010;47816;24613;1
113715;-178205;48067;25726;1
112442;-181198;47987;25539;2
122899;-178715;48641;25694;8
112362;-195212;47982;24663;8
128127;-165589;48967;26514;2
109326;-181528;47792;25518;8
124370;-179928;48733;25618;1
120728;-176579;48505;25827;4
102435;-165773;47362;26503;4
107718;-166253;47692;26473;2
106783;-191250;47633;24910;8
124320;-171484;48730;26146;8
128828;-177052;49011;25798;8
101113;-176454;47279;25835;1
98960;-178530;47145;25705;1
108289;-190029;47728;24987;4
117608;-171160;48310;26166;8
100069;-181222;47214;25537;8
105502;-178952;47553;25679;4
126057;-178371;48838;25715;2
105460;-165389;47551;26527;2
105798;-168141;47572;26355;2
119486;-190576;48427;24953;1
113577;-168893;48058;26308;2
108381;-188714;47733;25069;1
104604;-178247;47497;25723;2
113456;-196483;48051;24583;8
113242;-167160;48037;26416;1
121941;-178857;48581;25685;4
109544;-177731;47806;25755;2
110547;-196514;47869;24581;4
115497;-181273;48178;25534;1
122269;-182883;48601;25433;1
108273;-180166;47727;25603;4
126718;-178645;48879;25698;4
113658;-178411;48063;25713;1
110142;-186499;47843;25207;4
114072;-189399;48089;25026;8
125305;-163863;48791;26622;4
128054;-176384;48963;25840;2
110942;-182253;47893;25473;4
124769;-168913;48758;26306;8
128987;-165745;49021;26504;1
108966;-188908;47770;25057;8
123688;-164184;48690;26602;1
122729;-171325;48630;26156;2
126974;-184741;48895;25317;1
115283;-194190;48165;24727;8
110511;-177380;47866;25777;2
116624;-166508;48249;26457;1
116792;-164417;48259;26587;1
106422;-194862;47611;24685;4
102800;-175981;47385;25865;4
119778;-179367;48446;25653;2
123738;-182912;48693;25432;8
126510;-192112;48866;24857;8
121505;-180241;48554;25598;4
109861;-175237;47826;25911;4
107884;-170272;47702;26222;4
100166;-172110;47220;26107;1
121384;-173885;48546;25996;4
123135;-179355;48655;25654;8
122520;-181973;48617;25490;1
107015;-180016;47648;25613;8
122288;-178655;48603;25698;8
121367;-173820;48545;26000;1
115925;-192118;48205;24856;8
114097;-184413;48091;25338;2
126575;-182472;48870;25459;8
121932;-183834;48580;25374;4
120095;-182574;48465;25453;8
126390;-177703;48859;25757;4
126266;-182376;48851;25465;8
122809;-183763;48635;25378;1
125802;-179042;48822;25673;4
130803;-187533;49135;25143;1
120344;-171033;48481;26174;2
123069;-176286;48651;25846;8
104502;-173913;47491;25994;8
115640;-184927;48187;25306;2
126381;-168677;48858;26321;1
112106;-178031;47966;25737;8
100438;-181798;47237;25501;1
108504;-165339;47741;26530;4
130151;-167546;49094;26392;4
119135;-182549;48405;25454;4
109847;-191018;47825;24925;4
117644;-178395;48312;25714;1
123243;-166589;48662;26452;1
117736;-168792;48318;26314;2
110355;-174048;47857;25986;8
117692;-177888;48315;25746;1
122651;-170524;48625;26206;2
112085;-181703;47965;25507;1
113609;-171700;48060;26132;2
105994;-174102;47584;25982;4
103116;-178685;47404;25696;4
122765;-178088;48632;25733;2
125809;-184294;48823;25345;8
130690;-184548;49128;25329;4
110792;-191150;47884;24917;2
102432;-164310;47362;26594;4
117261;-190323;48288;24968;8
114972;-183969;48145;25365;8
99852;-173502;47200;26020;4
114725;-188359;48130;25091;2
114713;-195697;48129;24632;2
111637;-179632;47937;25637;1
115401;-190330;48172;24968;8
114634;-189402;48124;25026;4
109422;-184790;47798;25314;1
120401;-173716;48485;26006;1
129299;-176141;49041;25855;1
123138;-180110;48656;25607;8
114723;-180500;48130;25582;4
127769;-165283;48945;26533;1
99717;-184150;47192;25354;2
112073;-189003;47964;25051;4
115733;-180238;48193;25599;2
104578;-175401;47496;25901;1
100833;-183652;47262;25385;1
116079;-188593;48214;25076;1
107744;-181312;47694;25532;8
108900;-177262;47766;25785;4
128856;-163941;49013;26617;1
129089;-164048;49028;26611;8
98979;-177587;47146;25764;2
119479;-172919;48427;26056;1
127212;-173493;48910;26020;1
126403;-189012;48860;25050;2
121037;-177141;48524;25792;1
126999;-171257;48897;26160;1
125022;-190587;48773;24952;1
100195;-175770;47222;25878;2
107859;-169466;47701;26272;1
112403;-179616;47985;25638;2
124921;-187097;48767;25170;8
107305;-171796;47666;26126;1
110984;-182328;47896;25468;1
114193;-165736;48097;26505;4
125469;-171598;48801;26139;2
115482;-191388;48177;24902;2
101070;-177794;47276;25751;1
119419;-177381;48423;25777;8
100287;-175151;47227;25917;1
127241;-175220;48912;25912;4
120110;-188773;48466;25065;1
122874;-186642;48639;25198;2
120752;-169213;48507;26288;2
122566;-182711;48620;25444;8
103030;-179498;47399;25645;2
112376;-185716;47983;25256;1
100150;-177198;47219;25789;4
122648;-182632;48625;25449;2
112857;-177425;48013;25774;2
113823;-181649;48073;25510;8
126102;-189638;48841;25011;4
128700;-168480;49003;26334;1
111391;-172282;47921;26096;1
121996;-182597;48584;25451;8
100502;-180645;47241;25573;8
124475;-171568;48739;26141;1
128827;-176547;49011;25829;4
108686;-176992;47752;25802;2
101362;-185406;47295;25276;8
112006;-183228;47960;25412;8
110569;-171640;47870;26136;4
116821;-165161;48261;26541;8
118309;-174401;48354;25963;1
115912;-168877;48204;26309;4
127940;-172373;48956;26090;1
128173;-164020;48970;26612;2
113302;-184754;48041;25316;4
107387;-190822;47671;24937;1
110464;-190754;47864;24941;1
108391;-191145;47734;24917;4
122309;-179759;48604;25629;1
128711;-171584;49004;26140;4
122052;-169859;48588;26247;8
107170;-169618;47658;26262;2
103121;-183902;47405;25370;1
110581;-175556;47871;25891;2
101064;-185010;47276;25300;2
128519;-169423;48992;26275;4
105298;-175496;47541;25895;8
119323;-173625;48417;26012;1
120617;-169211;48498;26288;2
124264;-175171;48726;25915;1
122052;-168435;48588;26336;1
114909;-170626;48141;26199;1
104897;-172397;47516;26089;1
116351;-180646;48231;25573;4
110002;-195012;47835;24675;8
130100;-194343;49091;24717;1
124532;-187392;48743;25152;4
113759;-179086;48069;25671;1
110256;-164819;47851;26562;1
100989;-175492;47271;25895;2
120058;-173899;48463;25995;8
112866;-193308;48014;24782;4
125417;-187988;48798;25114;8
126346;-192598;48856;24826;8
107557;-166914;47682;26431;1
105496;-194409;47553;24713;8
130780;-163874;49133;26621;1
113477;-166998;48052;26426;2
125098;-179793;48778;25626;2
107262;-168477;47663;26334;1
127723;-170857;48942;26185;4
100079;-181946;47214;25492;8
124406;-169484;48735;26271;2
126406;-192326;48860;24843;1
111583;-194411;47933;24713;2
102191;-178938;47346;25680;1
104688;-187836;47503;25124;8
116018;-180061;48211;25610;1
100205;-178096;47222;25733;4
109666;-184838;47814;25311;2
117691;-177277;48315;25784;8
128289;-175027;48978;25924;8
108386;-167488;47734;26396;8
110136;-185549;47843;25267;8
111124;-193597;47905;24764;2
121868;-176801;48576;25813;8
113050;-179434;48025;25649;8
111828;-194621;47949;24700;8
100785;-182699;47259;25445;8
125563;-182116;48807;25481;8
106018;-173262;47586;26035;1
127963;-167458;48957;26397;2
129050;-166815;49025;26438;2
107479;-182126;47677;25481;8
114796;-193302;48134;24782;4
130058;-166495;49088;26458;8
102752;-174603;47382;25951;4
108169;-177420;47720;25775;1
112215;-193248;47973;24786;1
100261;-177033;47226;25799;8
99818;-179641;47198;25636;1
109537;-187131;47806;25168;1
128256;-170112;48976;26232;1
111209;-196165;47910;24603;8
115582;-184857;48183;25310;8
113821;-174709;48073;25944;4
112598;-184255;47997;25348;8
107924;-168015;47705;26363;8
120655;-168966;48500;26303;1
121266;-185002;48539;25301;8
113585;-187575;48059;25140;2
126542;-177478;48868;25771;2
129830;-182695;49074;25445;8
121348;-178205;48544;25726;2
106372;-170921;47608;26181;4
103996;-176425;47459;25837;2
123500;-183657;48678;25385;1
104217;-165530;47473;26518;4
123073;-170257;48652;26222;4
121506;-175281;48554;25908;4
112319;-163949;47979;26617;8
107394;-176568;47672;25828;4
117319;-172347;48292;26092;4
105329;-166474;47543;26459;2
116908;-189134;48266;25043;1
112035;-186770;47962;25190;2
130502;-169275;49116;26284;4
120408;-178867;48485;25684;4
128599;-169083;48997;26296;8
114681;-168777;48127;26315;4
126943;-166520;48893;26456;2
109837;-189219;47824;25037;8
104021;-166485;47461;26458;8
119334;-182452;48418;25460;2
122588;-191144;48621;24917;2
106816;-180434;47636;25586;2
108305;-190689;47729;24945;1
121815;-180366;48573;25591;2
100776;-166887;47258;26433;8
126288;-183352;48853;25404;1
119853;-169495;48450;26270;8
128385;-169371;48984;26278;8
104926;-187329;47517;25155;2
114339;-190411;48106;24963;8
126856;-183434;48888;25399;4
102334;-178064;47355;25735;2
111677;-184854;47939;25310;1
120144;-168815;48469;26313;8
102967;-177919;47395;25744;2
125120;-189729;48780;25005;1
108242;-172213;47725;26100;2
111117;-171951;47904;26117;2
106794;-180028;47634;25612;4
102887;-176628;47390;25824;2
120003;-178905;48460;25682;1
106863;-166709;47638;26444;2
105868;-175464;47576;25897;1
110965;-192441;47895;24836;8
100850;-174022;47263;25987;8
120572;-171439;48495;26149;4
116789;-168987;48259;26302;8
128659;-175522;49001;25893;1
124551;-188885;48744;25058;1
106937;-179942;47643;25617;8
117439;-170683;48299;26196;4
107542;-192338;47681;24842;2
112107;-174740;47966;25942;8
106660;-183687;47626;25383;8
109667;-182523;47814;25456;8
128961;-176408;49020;25838;4
127293;-190461;48915;24960;4
124860;-184858;48763;25310;1
128940;-184875;49018;25309;8
104688;-185054;47503;25298;8
130038;-182885;49087;25433;8
124445;-189196;48737;25039;2
100824;-163872;47261;26622;4
109045;-193385;47775;24777;1
108078;-181401;47714;25526;1
127442;-168833;48925;26311;8
111180;-172918;47908;26056;8
113211;-181215;48035;25538;8
100689;-177856;47253;25748;1
117663;-176381;48313;25840;1
108988;-187446;47771;25148;2
126520;-164851;48867;26560;8
124648;-169620;48750;26262;4
119136;-182780;48406;25440;4
107850;-179652;47700;25635;8
122388;-170750;48609;26192;2
119390;-176488;48421;25833;8
102429;-164109;47361;26607;4
100190;-177179;47221;25790;4
106152;-194805;47594;24688;8
113426;-177355;48049;25779;2
127462;-173715;48926;26006;1
125434;-164669;48799;26572;8
122558;-176660;48619;25822;1
118961;-168036;48395;26361;1
112617;-177995;47998;25739;1
123270;-189270;48664;25034;2
123616;-165033;48686;26549;1
117830;-176393;48324;25839;4
102123;-173772;47342;26003;2
106640;-172658;47625;26072;1
126247;-177691;48850;25758;4
129192;-177212;49034;25788;4
120517;-169031;48492;26299;2
101126;-170652;47280;26198;1
127653;-168035;48938;26361;4
117770;-181458;48320;25522;4
115661;-194749;48188;24692;4
125601;-191897;48810;24870;4
108865;-171645;47764;26136;4
112269;-190490;47976;24958;1
113524;-176782;48055;25815;4
99495;-166943;47178;26430;1
126567;-185790;48870;25252;2
111201;-165054;47910;26548;8
112936;-176244;48018;25848;8
108894;-181862;47765;25497;2
100000;-181963;47210;25491;4
110236;-175516;47849;25894;2
102643;-165209;47375;26538;1
110746;-165945;47881;26492;2
126678;-185808;48877;25251;2
117434;-188646;48299;25073;4
118269;-165848;48351;26498;8
126634;-166499;48874;26457;1
101315;-174398;47292;25964;2
112952;-171340;48019;26155;2
116099;-169582;48216;26265;4
120820;-187191;48511;25164;1
113759;-188329;48069;25093;4
123148;-171100;48656;26170;2
108834;-193338;47762;24780;2
103370;-169678;47420;26259;8
105465;-190029;47551;24987;4
110424;-174226;47861;25974;1
125994;-191116;48834;24919;4
122924;-170289;48642;26220;1
115406;-191461;48172;24897;8
117267;-169464;48289;26272;4
123822;-185391;48698;25277;4
107711;-170581;47691;26202;2
113670;-164253;48064;26598;8
103946;-177388;47456;25777;4
117863;-163991;48326;26614;2
104641;-166971;47500;26428;2
125627;-170599;48811;26201;4
118455;-170119;48363;26231;8
108517;-182229;47742;25474;2
122197;-185682;48597;25258;2
114638;-189843;48124;24998;8
126742;-169130;48881;26293;2
129248;-171397;49038;26151;1
108780;-188250;47758;25098;4
112408;-187351;47985;25154;1
123876;-166645;48702;26448;4
106103;-167337;47591;26405;1
120553;-182609;48494;25450;1
109667;-164572;47814;26578;2
112955;-185734;48019;25255;8
110056;-180979;47838;25552;2
108140;-180106;47718;25607;2
106910;-183780;47641;25377;1
118976;-191468;48396;24897;2
128111;-164903;48966;26557;2
126787;-184519;48884;25331;8
111124;-165095;47905;26545;4
114623;-165922;48123;26493;2
104315;-169017;47479;26300;2
113917;-179762;48079;25628;8
100684;-178655;47252;25698;4
104427;-177771;47486;25753;2
101554;-184558;47307;25329;1
106636;-185437;47624;25274;2
124532;-185114;48743;25294;4
116463;-170996;48238;26176;2
126101;-166674;48841;26446;8
124646;-180378;48750;25590;1
106721;-172655;47630;26073;4
99300;-178043;47166;25736;1
130617;-167508;49123;26394;8
120226;-166561;48474;26453;2
112773;-180468;48008;25584;4
117781;-193484;48321;24771;4
120391;-165661;48484;26510;8
112434;-191615;47987;24888;8
107647;-190678;47687;24946;2
115794;-170718;48197;26194;2
120473;-169851;48489;26248;2
125075;-169292;48777;26283;1
100980;-183946;47271;25367;8
109686;-193315;47815;24781;8
103832;-173000;47449;26051;1
118839;-177382;48387;25777;8
124964;-189709;48770;25007;8
106632;-167237;47624;26411;4
126834;-191610;48887;24888;8
122279;-180957;48602;25554;2
120329;-183500;48480;25395;8
119166;-167405;48407;26401;8
128745;-170354;49006;26216;1
111101;-175880;47903;25871;2
110693;-191349;47878;24904;2
112978;-193806;48021;24751;4
117190;-193272;48284;24784;8
118351;-167515;48356;26394;2
125162;-184928;48782;25306;4
128099;-174053;48966;25985;2
123430;-193415;48674;24775;1
109787;-196366;47821;24591;2
110984;-182104;47896;25482;2
120058;-168865;48463;26309;2
125113;-184038;48779;25361;4
119706;-175463;48441;25897;4
110924;-189763;47892;25003;2
115322;-166668;48167;26447;4
110449;-195819;47863;24625;8
107977;-171916;47708;26119;1
121073;-167787;48527;26377;2
129754;-182266;49069;25472;8
105245;-165383;47537;26527;2
108831;-188667;47761;25072;4
101018;-173987;47273;25989;2
100414;-167199;47235;26414;4
124905;-184939;48766;25305;1
108381;-170087;47733;26233;4
111242;-174369;47912;25965;8
108857;-180747;47763;25567;4
115849;-185729;48200;25255;1
123973;-186572;48708;25203;2
127714;-166790;48942;26439;4
110796;-166540;47884;26455;2
114587;-168796;48121;26314;2
105078;-170743;47527;26192;2
112629;-178098;47999;25732;2
115275;-180864;48164;25560;1
128179;-166469;48971;26459;8
130357;-168288;49107;26346;4
122530;-177218;48618;25787;1
110144;-190753;47844;24941;8
109734;-180525;47818;25581;2
120449;-165317;48488;26531;8
124426;-168529;48736;26330;2
117559;-178476;48307;25709;2
120195;-178989;48472;25677;1
102591;-165581;47371;26515;8
128066;-180461;48964;25585;4
113834;-178631;48074;25699;2
124023;-166277;48711;26471;8
99769;-173377;47195;26027;2
127337;-180543;48918;25580;4
114092;-164633;48090;26574;8
105016;-166869;47523;26434;8
122416;-171849;48611;26123;1
110524;-177807;47867;25751;1
129633;-175567;49062;25891;4
106985;-185164;47646;25291;1
112804;-182321;48010;25468;2
124809;-182433;48760;25461;8
105738;-194307;47568;24719;8
107458;-171894;47676;26120;1
113957;-170415;48082;26213;4
100542;-166996;47243;26426;2
105201;-166351;47535;26467;8
102936;-176271;47393;25847;4
109006;-182936;47772;25430;8
127196;-180805;48909;25563;1
110780;-164020;47883;26612;1
119791;-173087;48446;26046;4
128704;-176766;49004;25816;2
128864;-172744;49014;26067;4
108731;-186827;47755;25187;8
122442;-185842;48612;25248;1
130840;-170597;49137;26201;8
126121;-168972;48842;26303;4
128068;-172409;48964;26088;4
123121;-188313;48655;25094;4
108232;-183139;47724;25417;4
100809;-174628;47260;25949;4
114460;-166717;48113;26444;8
110510;-172389;47866;26089;8
126722;-164956;48880;26554;4
128396;-163957;48984;26616;8
99810;-178760;47198;25691;1
108614;-189773;47748;25003;1
123011;-170721;48648;26193;2
103328;-173088;47418;26046;2
118370;-183606;48358;25388;8
123969;-163972;48708;26615;1
126071;-181712;48839;25507;4
113873;-176730;48077;25818;2
104021;-177933;47461;25743;1
105085;-171229;47527;26162;2
102829;-173520;47386;26019;2
102077;-181368;47339;25528;4
114272;-169405;48102;26276;8
107694;-177928;47690;25743;2
118591;-177799;48371;25751;8
102234;-174139;47349;25980;4
104151;-167237;47469;26411;2
107833;-182494;47699;25458;1
112929;-193415;48018;24775;2
111045;-171789;47900;26127;2
123882;-188639;48702;25074;8
113841;-166819;48075;26437;4
117835;-190004;48324;24988;4
112664;-165371;48001;26528;4
125726;-170583;48817;26202;1
104461;-167453;47488;26398;1
128752;-175912;49007;25869;2
113572;-182130;48058;25480;2
113909;-174282;48079;25971;8
120465;-168127;48489;26356;8
117718;-187606;48317;25138;8
130067;-169889;49089;26245;4
101791;-166363;47321;26466;1
105895;-167658;47578;26385;4
107532;-179994;47680;25614;8
115594;-168014;48184;26363;8
128919;-164103;49017;26607;1
129720;-170537;49067;26205;4
99685;-183175;47190;25415;1
112931;-175146;48018;25917;8
118770;-166841;48383;26436;1
122869;-173654;48639;26010;2
130991;-163875;49146;26621;1
111264;-179366;47914;25653;4
120355;-179558;48482;25641;1
116150;-168107;48219;26357;8
126885;-166385;48890;26464;4
110590;-178223;47871;25725;1
130976;-176301;49146;25845;4
117546;-183365;48306;25403;4
104659;-175810;47501;25875;2
116912;-191409;48267;24900;8
119747;-169178;48444;26290;4
108109;-184998;47716;25301;4
106729;-191008;47630;24926;2
109201;-184580;47785;25327;8
123606;-184198;48685;25351;4
111324;-195264;47917;24660;2
110237;-172054;47849;26110;8
108033;-190313;47712;24969;2
99229;-181456;47161;25523;8
128172;-168549;48970;26329;8
113984;-172201;48084;26101;4
101188;-167405;47284;26401;8
102797;-176294;47384;25845;4
118444;-171498;48362;26145;8
125327;-178865;48792;25684;4
114164;-170645;48095;26198;4
103677;-165254;47439;26535;1
125802;-186392;48822;25214;2
108324;-185603;47730;25263;4
110934;-186468;47893;25209;1
124719;-184763;48754;25316;2
125740;-173580;48818;26015;1
117212;-187719;48285;25131;1
113181;-182175;48033;25478;4
112157;-184355;47969;25341;8
105887;-194776;47577;24690;1
113564;-186753;48057;25191;4
122724;-188606;48630;25076;8
127088;-169912;48903;26244;1
103861;-177036;47451;25799;2
101604;-176896;47310;25808;1
113047;-164433;48025;26586;4
111741;-187354;47943;25154;4
126244;-186826;48850;25187;2
129194;-178271;49034;25722;4
119601;-190419;48435;24962;1
105182;-165303;47533;26532;2
129676;-166069;49064;26484;8
110987;-179155;47896;25666;4
120253;-169295;48475;26283;8
126165;-190356;48845;24966;2
120918;-182267;48517;25472;2
102687;-173883;47377;25996;2
107914;-190317;47704;24969;2
100649;-169158;47250;26291;4
108403;-178819;47735;25687;8
124787;-184074;48759;25359;1
129222;-171445;49036;26148;4
104834;-183381;47512;25402;4
117125;-191906;48280;24869;2
124408;-165664;48735;26510;4
128426;-179387;48986;25652;2
125987;-189949;48834;24992;2
114846;-167509;48137;26394;8
128624;-177918;48999;25744;8
113170;-185410;48033;25275;2
119983;-174159;48458;25979;8
115944;-180660;48206;25572;4
124835;-190804;48762;24938;4
99832;-175055;47199;25923;2
107922;-176659;47705;25822;2
100436;-177920;47237;25744;4
112966;-185084;48020;25296;1
130658;-170588;49126;26202;2
114275;-187521;48102;25143;4
122750;-167512;48631;26394;1
122328;-179920;48605;25619;8
120060;-183551;48463;25392;8
118439;-188314;48362;25094;1
116683;-166426;48252;26462;8
126012;-193174;48835;24790;8
124897;-171903;48766;26120;1
115826;-187099;48199;25170;1
111333;-175579;47918;25890;8
113837;-195393;48074;24651;1
109187;-176002;47784;25863;1
123913;-176256;48704;25848;1
111571;-171259;47933;26160;4
122749;-182444;48631;25461;2
120675;-169200;48502;26289;4
102308;-177972;47354;25740;2
106554;-171130;47619;26168;8
126623;-164446;48873;26586;2
111067;-164136;47901;26605;8
107015;-179577;47648;25640;1
124375;-187933;48733;25118;1
120979;-170184;48521;26227;1
125231;-178091;48786;25733;8
123140;-186898;48656;25182;2
119181;-177352;48408;25779;4
129817;-176859;49073;25810;4
127173;-170190;48908;26227;8
107011;-191034;47648;24924;4
99322;-176045;47167;25861;1
130681;-177637;49127;25761;4
107736;-165950;47693;26492;8
127288;-190449;48915;24960;2
110919;-190635;47892;24949;4
130564;-177628;49120;25762;1
115043;-185022;48150;25300;1
121126;-165556;48530;26516;4
119128;-168986;48405;26302;1
119105;-174553;48404;25954;8
117720;-183687;48317;25383;4
109415;-179469;47798;25647;1
125986;-189862;48834;24997;1
112904;-187338;48016;25155;8
122290;-179803;48603;25626;8
110385;-187506;47859;25144;4
123413;-192566;48673;24828;8
98797;-174608;47134;25951;4
124539;-182266;48743;25472;2
119010;-171496;48398;26145;1
108752;-172138;47757;26105;2
113708;-166140;48066;26480;1
107354;-176909;47669;25807;1
107861;-179736;47701;25630;1
110238;-194881;47849;24683;4
105797;-193270;47572;24784;4
111659;-187563;47938;25141;2
112369;-164631;47983;26574;1
128115;-176493;48967;25833;1
100147;-165788;47219;26502;4
106951;-172563;47644;26078;8
104373;-164208;47483;26601;4
130133;-184342;49093;25342;8
107453;-177120;47675;25794;2
112196;-193821;47972;24750;2
101720;-177689;47317;25758;2
129613;-176890;49060;25808;1
105742;-166162;47568;26478;1
126087;-189664;48840;25010;8
125922;-164084;48830;26608;2
117964;-169664;48332;26260;2
116176;-169526;48221;26268;4
126776;-185041;48883;25298;4
103855;-166513;47450;26456;2
112247;-174573;47975;25953;4
104160;-172225;47470;26099;4
113961;-195510;48082;24644;2
103298;-170134;47416;26230;4
109010;-171143;47773;26167;8
127764;-167641;48945;26386;2
125080;-169233;48777;26286;4
112176;-189038;47971;25049;1
109400;-184783;47797;25315;2
114640;-183253;48125;25410;2
105847;-179393;47575;25651;4
103797;-174205;47447;25976;2
113794;-188769;48072;25065;1
114392;-185028;48109;25299;2
122736;-177735;48631;25755;4
114710;-195649;48129;24635;2
127577;-163918;48933;26619;1
108794;-190850;47759;24935;4
125577;-178600;48808;25701;1
114402;-169070;48110;26297;8
110690;-190885;47878;24933;8
123168;-174075;48658;25984;1
128329;-173006;48980;26051;8
107984;-167836;47709;26374;8
126260;-183306;48851;25407;8
114146;-186126;48094;25231;4
108239;-168123;47724;26356;1
126399;-171891;48859;26120;4
119133;-168728;48405;26318;1
104368;-166889;47483;26433;4
109577;-194154;47808;24729;8
119426;-177168;48424;25791;4
104714;-189227;47504;25037;4
103416;-173961;47423;25991;1
128759;-167758;49007;26379;4
113122;-178756;48030;25691;1
111444;-174399;47925;25964;8
118297;-174660;48353;25947;4
125802;-164329;48822;26593;1
100401;-168151;47235;26354;1
125766;-187330;48820;25155;4
102300;-169090;47353;26295;8
108473;-183008;47739;25426;2
112640;-171534;48000;26143;8
119121;-172847;48405;26061;1
116814;-189140;48260;25042;1
124633;-187907;48749;25119;1
109239;-182684;47787;25446;2
109099;-176171;47778;25853;4
99993;-173491;47209;26020;4
112807;-182062;48010;25485;8
124246;-184720;48725;25319;2
113681;-187316;48065;25156;8
115355;-169270;48169;26284;2
107142;-169686;47656;26258;8
127616;-172299;48936;26095;8
114372;-176832;48108;25812;4
130842;-167666;49137;26384;2
101396;-176551;47297;25829;8
123462;-193005;48676;24801;8
123694;-194156;48690;24729;4
99782;-168721;47196;26318;8
111461;-195074;47926;24671;4
121624;-176091;48561;25858;4
103890;-168941;47453;26305;8
103009;-184194;47398;25351;4
112390;-175929;47984;25868;4
119100;-181631;48403;25512;8
125723;-185829;48817;25249;1
109826;-182237;47824;25474;2
126253;-174180;48850;25977;4
101049;-170818;47275;26187;1
113383;-196053;48046;24610;8
116426;-165444;48236;26523;8
110134;-184946;47843;25304;1
101068;-173993;47276;25989;1
130375;-164256;49108;26598;4
100215;-181360;47223;25529;8
104675;-178500;47502;25707;1
129920;-165660;49080;26510;2
107270;-185954;47664;25241;1
108587;-180898;47746;25557;8
107027;-179484;47649;25646;2
109284;-192836;47790;24811;2
99175;-178482;47158;25708;4
114981;-186929;48146;25180;1
100999;-180421;47272;25587;1
116476;-187162;48239;25166;2
107644;-180479;47687;25584;4
101870;-180725;47326;25568;2
120119;-173820;48467;26000;2
100317;-177739;47229;25755;4
117132;-169343;48280;26280;8
110296;-194731;47853;24693;1
103890;-172323;47453;26093;1
115778;-169569;48196;26265;2
128277;-172165;48977;26103;1
116406;-190572;48235;24953;2
105487;-165967;47552;26491;2
126540;-180136;48868;25605;8
106341;-164057;47606;26610;4
116635;-190381;48249;24965;8
130027;-167523;49086;26393;8
127381;-189759;48921;25004;8
102431;-177713;47361;25756;2
102753;-175855;47382;25873;1
111342;-174168;47918;25978;8
120991;-173478;48521;26021;1
101526;-184380;47305;25340;1
107057;-191220;47651;24912;4
111259;-182216;47913;25475;8
118596;-172644;48372;26073;2
119801;-175506;48447;25894;2
118918;-181129;48392;25543;2
101280;-174673;47290;25946;2
116139;-189932;48218;24993;1
125396;-177801;48797;25751;8
120911;-177836;48516;25749;1
121534;-182646;48555;25448;1
127687;-176046;48940;25861;1
115194;-170479;48159;26209;8
100250;-168181;47225;26352;4
123593;-170626;48684;26199;2
101562;-180890;47307;25558;8
115969;-180749;48208;25567;8
122079;-188715;48589;25069;4
126800;-171555;48885;26141;8
113305;-178554;48041;25704;8
108855;-182746;47763;25442;4
100731;-177483;47255;25771;8
122432;-187177;48612;25165;8
128437;-170545;48987;26204;8
110736;-194640;47881;24699;8
99846;-175782;47200;25877;4
118310;-183697;48354;25382;8
126546;-164332;48869;26593;4
99355;-180441;47169;25586;8
124408;-168683;48735;26321;8
110534;-189440;47868;25024;8
105212;-180085;47535;25608;2
121850;-166412;48575;26463;8
122266;-183076;48601;25421;2
123661;-191523;48688;24893;2
102425;-165512;47361;26519;2
128870;-176301;49014;25845;4
111858;-172171;47951;26103;8
117875;-169403;48327;26276;4
124491;-187375;48740;25153;8
121677;-180500;48564;25582;4
103856;-184629;47451;25324;2
107016;-184561;47648;25328;8
116565;-190107;48245;24982;4
107270;-170208;47664;26226;8
107117;-180331;47654;25593;1
107402;-188961;47672;25053;8
101976;-176878;47333;25809;4
107705;-168539;47691;26330;1
112915;-178162;48017;25728;1
101345;-183935;47294;25368;8
116599;-190461;48247;24960;2
125646;-182334;48812;25468;4
113234;-164302;48037;26595;1
106548;-172012;47619;26113;8
118154;-174582;48344;25952;4
107942;-178508;47706;25707;2
99799;-176898;47197;25807;4
114758;-181207;48132;25538;4
122748;-164251;48631;26598;8
108434;-186108;47737;25232;8
111967;-194435;47957;24711;2
114867;-166085;48139;26483;8
117928;-180320;48330;25594;4
116035;-165256;48212;26535;2
112037;-184713;47962;25319;1
129807;-168076;49072;26359;2
109789;-187130;47821;25168;2
103271;-170764;47414;26191;8
126884;-190700;48890;24945;1
129682;-166737;49065;26442;8
100102;-174249;47216;25973;4
114154;-184726;48094;25318;2
121898;-185494;48578;25270;1
124065;-176253;48714;25848;2
111837;-190958;47949;24929;2
124817;-167018;48761;26425;4
120301;-166591;48478;26452;2
107229;-179850;47661;25623;2
100154;-167351;47219;26404;8
126328;-168827;48855;26312;2
112391;-180236;47984;25599;2
122453;-181926;48613;25493;8
103960;-175646;47457;25886;2
126565;-179015;48870;25675;2
105835;-168338;47574;26342;2
101281;-176480;47290;25834;4
114914;-188241;48142;25098;8
113051;-168697;48025;26320;4
106850;-186122;47638;25231;2
101321;-181582;47292;25515;2
121586;-180471;48559;25584;2
117353;-172340;48294;26092;4
98968;-177288;47145;25783;8
107887;-171393;47702;26151;2
117429;-171510;48299;26144;4
128437;-166645;48987;26448;1
123279;-170205;48664;26226;1
115812;-187807;48198;25126;1
118395;-165570;48359;26515;8
115178;-188830;48158;25062;1
117215;-164264;48285;26597;8
123192;-186670;48659;25197;2
100073;-181763;47214;25503;8
118969;-171623;48395;26137;1
115914;-188150;48204;25104;4
118171;-174418;48345;25962;1
122492;-188291;48615;25095;8
110557;-183030;47869;25424;4
126711;-191643;48879;24886;8
110083;-177110;47840;25794;1
101983;-176618;47333;25825;4
104813;-170810;47510;26188;8
113665;-174622;48064;25950;2
108246;-170441;47725;26211;2
112414;-185219;47985;25287;1
109905;-192147;47829;24854;4
109666;-178948;47814;25679;2
123116;-164884;48654;26558;1
107611;-189206;47685;25038;1
104867;-165984;47514;26490;4
109326;-191750;47792;24879;1
106895;-167148;47640;26417;2
104532;-185199;47493;25289;2
113875;-176786;48077;25814;1
123606;-177129;48685;25793;1
111689;-189102;47940;25045;8
106815;-186721;47635;25193;4
126459;-189148;48863;25042;2
110630;-188917;47874;25056;4
127885;-167433;48952;26399;2
112756;-178628;48007;25699;2
112491;-184207;47990;25351;2
111558;-185112;47932;25294;2
110551;-180022;47869;25612;1
125190;-171904;48784;26120;2
100479;-174408;47239;25963;1
125968;-192169;48833;24853;2
100192;-176204;47222;25851;4
120128;-189329;48468;25030;4
115492;-192663;48178;24822;8
123676;-190809;48689;24938;1
101637;-177671;47312;25759;1
100209;-167917;47223;26369;8
103267;-172482;47414;26083;1
104807;-188886;47510;25058;1
110793;-188026;47884;25112;1
126827;-181699;48886;25507;8
125694;-177765;48815;25753;2
99014;-176654;47148;25823;4
114419;-166838;48111;26436;2
100633;-166594;47249;26451;2
114607;-188899;48122;25057;1
101719;-179424;47317;25650;4
103016;-174955;47398;25929;8
102943;-184001;47393;25363;8
127089;-191106;48903;24919;1
102189;-177008;47346;25801;8
123861;-164304;48701;26595;4
120146;-191326;48469;24906;4
120384;-167900;48484;26370;2
121795;-168274;48572;26346;8
124040;-190187;48712;24977;1
101837;-180119;47324;25606;2
122244;-180812;48600;25563;1
120226;-181488;48474;25521;4
121723;-178712;48567;25694;4
100446;-175170;47237;25915;2
119421;-173669;48423;26009;2
108380;-184642;47733;25323;2
121998;-169068;48584;26297;4
112464;-185310;47989;25282;2
114527;-185271;48117;25284;1
100914;-170804;47267;26188;8
120916;-183498;48517;25395;1
108899;-186873;47766;25184;8
119964;-176850;48457;25810;1
123414;-181070;48673;25547;8
111759;-184396;47944;25339;1
128765;-176925;49007;25806;8
115051;-168644;48150;26323;2
107582;-189361;47683;25028;2
128595;-169079;48997;26296;2
108598;-191717;47747;24881;1
129509;-174310;49054;25969;2
108144;-169074;47719;26296;2
107907;-190169;47704;24978;8
119914;-175487;48454;25896;1
122220;-174731;48598;25943;2
113794;-181741;48072;25505;1
105796;-191625;47572;24887;2
107967;-181306;47707;25532;2
123215;-171040;48660;26174;1
107672;-185903;47689;25245;2
123132;-183378;48655;25402;8
117032;-165197;48274;26539;2
104689;-178202;47503;25726;1
104621;-177569;47498;25765;8
126661;-186668;48876;25197;4
99507;-174197;47179;25976;1
110906;-187811;47891;25125;2
118032;-187875;48337;25121;1
107670;-166153;47689;26479;2
111755;-188316;47944;25094;4
113554;-181571;48057;25515;8
128689;-173875;49003;25996;2
115914;-189087;48204;25046;2
102612;-172464;47373;26085;1
117376;-188960;48296;25054;4
122025;-183400;48586;25401;1
111814;-194025;47948;24737;4
106358;-170285;47607;26221;2
113260;-181354;48038;25529;2
126750;-171902;48881;26120;1
130110;-164749;49091;26567;1
128253;-176300;48975;25845;4
110753;-188619;47882;25075;2
124134;-188640;48718;25074;1
111545;-178179;47931;25727;4
99626;-184237;47186;25349;2
103036;-176068;47399;25859;1
111406;-174875;47922;25934;2
126276;-164390;48852;26589;2
104216;-171494;47473;26145;8
126947;-166902;48894;26432;2
126306;-189994;48854;24989;4
124734;-171789;48755;26127;1
105298;-194569;47541;24703;1
121856;-178892;48576;25683;8
124742;-186548;48756;25204;4
99462;-181488;47176;25521;8
121118;-166974;48529;26428;8
119684;-176724;48440;25818;1
120970;-182952;48520;25429;1
116522;-171528;48242;26143;8
117310;-165577;48291;26515;4
105805;-176406;47572;25838;8
115545;-170254;48181;26223;4
127389;-180459;48921;25585;8
106952;-169274;47644;26284;4
100804;-174117;47260;25981;1
109608;-189518;47810;25019;2
115396;-184470;48172;25334;8
126872;-180874;48889;25559;8
101012;-168247;47273;26348;4
108423;-190136;47736;24980;1
102499;-164482;47366;26583;8
110946;-189135;47894;25043;8
116518;-164530;48242;26580;8
101008;-180342;47273;25592;4
129798;-182779;49072;25440;2
99798;-175096;47197;25920;2
105307;-173167;47541;26041;1
127609;-171878;48935;26121;8
102141;-180111;47343;25607;4
127387;-165268;48921;26534;4
125166;-191165;48782;24916;4
113992;-194947;48084;24679;4
108994;-177689;47772;25758;4
111663;-187818;47938;25125;1
116092;-191476;48215;24896;4
125757;-182705;48819;25444;1
117969;-166578;48333;26452;1
111491;-183838;47928;25374;2
113364;-172391;48045;26089;4
99721;-183926;47192;25368;4
100433;-174686;47237;25946;1
100254;-168619;47225;26325;8
115796;-191230;48197;24912;4
111581;-175885;47933;25871;1
109942;-191421;47831;24900;8
117938;-165644;48331;26511;1
112530;-178000;47993;25739;8
122655;-164950;48625;26554;4
122347;-168759;48606;26316;1
113914;-179256;48079;25660;1
118135;-177013;48343;25800;2
125481;-187071;48802;25172;1
111712;-193868;47942;24747;8
114521;-185892;48117;25245;2
126453;-178812;48863;25688;1
110561;-188481;47870;25083;8
117187;-163914;48284;26619;2
106934;-170563;47643;26203;2
123753;-191207;48694;24913;2
114483;-165742;48115;26505;8
121914;-175639;48579;25886;4
121292;-169639;48540;26261;1
123213;-166423;48660;26462;8
123255;-183402;48663;25401;1
123471;-172888;48676;26058;8
101825;-175245;47324;25911;8
114549;-190164;48119;24978;8
105116;-166592;47529;26452;8
102398;-170728;47359;26193;1
123222;-164716;48661;26569;4
123811;-163957;48698;26616;8
115279;-167356;48164;26404;1
123567;-187274;48682;25159;4
104440;-165284;47487;26533;1
114196;-166848;48097;26436;4
126736;-181118;48881;25544;1
105540;-194317;47556;24719;8
123386;-182164;48671;25478;8
115551;-185536;48181;25268;1
130333;-193654;49105;24760;1
124951;-171778;48769;26127;1
114354;-172460;48107;26085;8
126691;-177691;48878;25758;8
123685;-166976;48690;26428;2
123344;-189211;48669;25038;8
127462;-173381;48926;26027;8
128247;-168482;48975;26333;2
120961;-175364;48520;25903;8
122190;-167163;48596;26416;4
113616;-188018;48061;25112;8
105481;-178874;47552;25684;1
113022;-194476;48023;24709;4
117808;-164899;48323;26557;2
122990;-183671;48646;25384;2
101829;-166280;47324;26471;4
112586;-165261;47996;26535;1
123201;-186888;48660;25183;2
114653;-176024;48125;25862;2
118344;-177444;48356;25773;8
122394;-177179;48609;25790;1
108879;-191204;47764;24913;1
111004;-183302;47897;25407;2
109889;-191720;47828;24881;4
116258;-171430;48226;26149;1
117483;-177526;48302;25768;2
104873;-180346;47514;25592;4
127990;-190535;48959;24955;8
118890;-175657;48390;25885;8
122375;-177374;48608;25778;2
112502;-190015;47991;24988;8
103336;-183930;47418;25368;2
106493;-184656;47615;25323;8
124958;-191528;48769;24893;8
109703;-177338;47816;25780;8
118132;-166871;48343;26434;2
127182;-171869;48908;26122;1
112991;-180101;48021;25607;4
111206;-192978;47910;24802;8
113214;-167119;48035;26419;1
114326;-182362;48105;25466;8
128764;-172300;49007;26095;4
102017;-173457;47336;26022;8
110699;-190555;47878;24954;8
121199;-168632;48534;26324;4
113324;-175694;48042;25883;8
117085;-178281;48277;25721;2
105289;-167113;47540;26419;1
124005;-168302;48710;26345;8
111978;-196551;47958;24579;8
106653;-186173;47625;25228;1
105196;-189025;47534;25049;1
112352;-176864;47982;25810;4
125792;-182693;48822;25445;1
117653;-187568;48313;25141;2
99278;-174140;47164;25980;1
120897;-182210;48516;25475;2
112272;-196100;47977;24607;2
121401;-171014;48547;26175;1
129191;-172712;49034;26069;4
125732;-185247;48818;25286;4
117709;-179405;48316;25651;4
125732;-171979;48818;26115;2
100950;-171131;47269;26168;1
120668;-169122;48501;26293;1
106468;-194891;47614;24683;8
124365;-184371;48732;25340;4
105386;-170028;47546;26237;8
120503;-175616;48491;25888;2
104396;-175477;47484;25896;2
119429;-173688;48424;26008;2
125763;-189947;48820;24992;4
106776;-176811;47633;25813;4
120307;-173850;48479;25998;4
125906;-178895;48829;25683;2
123721;-182481;48692;25458;1
111872;-183311;47952;25407;1
99921;-183030;47205;25424;1
107112;-169088;47654;26296;2
105773;-175592;47570;25889;1
125745;-191202;48819;24913;1
126874;-171424;48889;26150;4
122661;-179138;48626;25667;4
121941;-182783;48581;25440;8
99470;-179349;47176;25654;1
129933;-165215;49080;26538;8
120416;-175942;48486;25867;4
111711;-185148;47941;25292;2
130062;-166104;49088;26482;1
123124;-174004;48655;25988;8
98812;-175000;47135;25926;4
124115;-170601;48717;26201;1
113884;-185125;48077;25293;2
113302;-167217;48041;26412;8
122355;-171282;48607;26158;8
124772;-165436;48758;26524;2
119167;-166406;48407;26463;1
129132;-173745;49030;26004;8
126173;-166710;48845;26444;4
105369;-176696;47545;25820;8
117972;-165095;48333;26545;1
125495;-193082;48803;24796;2
117556;-172611;48307;26075;2
125896;-192679;48828;24821;8
108756;-190273;47757;24971;2
108064;-167184;47714;26415;8
111988;-184793;47959;25314;2
104235;-175368;47474;25903;1
103212;-172930;47410;26055;2
117025;-167860;48274;26372;2
101926;-181205;47330;25538;4
128008;-181045;48960;25548;4
126322;-192132;48855;24855;8
125591;-164437;48809;26586;4
128014;-171703;48960;26132;2
112442;-184218;47987;25350;1
108916;-192147;47767;24854;8
115689;-191642;48190;24886;1
117910;-165103;48329;26545;4
113686;-189887;48065;24996;4
110883;-178408;47890;25713;4
123858;-193107;48701;24794;4
110989;-171895;47896;26120;1
122281;-185740;48602;25255;8
115085;-183978;48152;25365;1
130353;-193734;49107;24755;2
107711;-178359;47691;25716;1
118575;-179156;48370;25666;2
105229;-165117;47536;26544;1
107053;-172038;47650;26111;2
107742;-179862;47693;25622;1
114411;-179508;48110;25644;4
121387;-179558;48546;25641;2
116004;-165558;48210;26516;1
128777;-181068;49008;25547;1
103966;-169183;47457;26290;1
115789;-184847;48196;25311;8
129410;-170445;49048;26211;2
127176;-181706;48908;25507;1
105451;-188351;47550;25092;8
124565;-170556;48745;26204;4
108121;-185113;47717;25294;1
102633;-168513;47374;26331;2
125084;-178574;48777;25703;8
113641;-187978;48062;25115;8
111714;-190263;47942;24972;2
111572;-176885;47933;25808;4
119151;-189221;48406;25037;8
103039;-177672;47399;25759;2
110593;-181263;47872;25535;4
104758;-179260;47507;25660;4
117075;-164229;48277;26599;1
108239;-170535;47724;26205;1
127842;-176528;48950;25831;8
127512;-186567;48929;25203;8
117641;-192910;48312;24807;1
108359;-168399;47732;26339;1
108609;-191703;47748;24882;8
110410;-194668;47860;24697;4
129371;-176602;49045;25826;2
113292;-187476;48040;25146;8
126614;-177437;48873;25774;4
117744;-164881;48319;26558;1
99862;-176108;47201;25857;8
115853;-185782;48200;25252;4
105959;-179536;47582;25643;8
111297;-172458;47916;26085;8
113448;-188604;48050;25076;2
101073;-177916;47277;25744;1
105397;-191576;47547;24890;1
117130;-172106;48280;26107;2
109146;-181360;47781;25529;4
120126;-174138;48467;25980;8
118998;-169108;48397;26294;2
128969;-179541;49020;25642;1
99180;-179771;47158;25628;1
124337;-194294;48731;24720;8
124214;-180760;48723;25566;1
104157;-170733;47469;26193;4
125107;-185900;48779;25245;2
116933;-191178;48268;24915;1
112740;-193506;48006;24769;8
111363;-174397;47920;25964;2
110054;-176608;47838;25826;8
119498;-167609;48428;26388;8
108372;-170989;47733;26177;8
108792;-183230;47759;25412;4
125852;-181850;48825;25498;8
107948;-168372;47706;26340;2
101084;-174784;47277;25940;1
102394;-164391;47359;26589;4
118017;-184731;48336;25318;8
111689;-191676;47940;24884;1
122398;-170567;48609;26203;2
126586;-171364;48871;26153;1
113847;-182276;48075;25471;2
127688;-173131;48940;26043;8
108092;-182808;47715;25438;2
126571;-189230;48870;25037;4
113513;-189186;48054;25039;8
126125;-195704;48842;24632;4
109512;-183510;47804;25394;4
110636;-176049;47874;25860;8
107466;-170166;47676;26228;4
110836;-192903;47887;24807;8
106423;-167894;47611;26370;2
126712;-188972;48879;25053;1
110957;-163997;47894;26614;4
115799;-167776;48197;26378;1
102627;-165619;47374;26512;1
107334;-179918;47668;25619;4
124265;-181316;48726;25531;8
120966;-176947;48520;25804;8
116453;-164707;48238;26569;8
108715;-190478;47754;24959;2
111819;-172175;47948;26103;1
119770;-176557;48445;25829;1
115053;-184867;48150;25309;1
109004;-167043;47772;26423;4
117794;-189981;48322;24990;2
103756;-175991;47444;25864;1
104601;-165441;47497;26523;4
100765;-174872;47257;25934;1
108207;-184898;47722;25307;8
113806;-177130;48072;25793;1
109254;-186944;47788;25180;2
113796;-189913;48072;24994;2
130232;-167764;49099;26378;1
109110;-192879;47779;24809;4
102328;-171776;47355;26128;8
99901;-168973;47203;26303;4
99625;-184479;47186;25334;2
116757;-175471;48257;25897;8
99528;-179359;47180;25654;2
123935;-168691;48705;26320;8
102448;-171658;47363;26135;8
109628;-193728;47811;24756;1
103781;-173321;47446;26031;4
118578;-169542;48371;26267;2
105855;-169444;47575;26273;1
110821;-184128;47886;25356;2
108341;-182714;47731;25444;1
104740;-179044;47506;25673;2
127781;-166265;48946;26472;1
114250;-187550;48100;25142;8
123766;-165216;48695;26538;4
118963;-172705;48395;26069;1
109967;-185561;47832;25266;8
108950;-180817;47769;25562;8
102313;-170047;47354;26236;4
118198;-165380;48347;26527;2
110312;-195601;47854;24638;4
128292;-176889;48978;25808;4
117281;-169461;48290;26272;1
110643;-177552;47875;25767;4
114276;-189759;48102;25004;8
104520;-177305;47492;25782;4
126758;-181628;48882;25512;1
102125;-173888;47342;25996;1
109863;-179292;47826;25658;4
122020;-175429;48586;25899;1
115925;-166904;48205;26432;8
128755;-172240;49007;26099;1
115037;-192851;48149;24810;8
127249;-170421;48913;26212;2
102928;-174663;47393;25947;4
99466;-176175;47176;25853;2
107449;-170684;47675;26196;2
110452;-185116;47863;25294;2
129005;-167998;49022;26364;2
115731;-170304;48193;26220;1
109062;-189216;47776;25038;2
128391;-164708;48984;26569;8
121171;-168100;48533;26357;4
98836;-177464;47137;25772;2
122781;-186778;48633;25190;1
121065;-180566;48526;25578;8
112027;-183221;47961;25412;2
113030;-194435;48024;24711;8
102614;-167848;47373;26373;4
117939;-177462;48331;25772;4
112022;-188666;47961;25072;2
127110;-173144;48904;26042;4
124172;-184748;48720;25317;8
123922;-183722;48705;25381;2
123027;-184921;48649;25306;2
112132;-190963;47968;24928;2
104270;-169641;47476;26261;1
103023;-177677;47398;25759;4
126008;-165966;48835;26491;8
106118;-169842;47592;26248;2
116106;-168177;48216;26352;1
113988;-195017;48084;24675;8
108894;-166514;47765;26456;4
103075;-178870;47402;25684;4
115875;-193238;48202;24786;8
127812;-195206;48948;24663;1
119573;-179610;48433;25638;1
120890;-179275;48515;25659;8
103186;-177652;47409;25760;2
113848;-186563;48075;25203;4
120284;-173722;48477;26006;2
107880;-190206;47702;24976;2
120446;-164672;48487;26572;1
108251;-185790;47725;25252;8
110951;-181332;47894;25530;8
123785;-173482;48696;26021;1
121443;-171195;48550;26164;8
101237;-176421;47287;25837;4
122102;-168852;48591;26310;8
116006;-164845;48210;26561;2
115652;-188309;48188;25094;1
103948;-169148;47456;26292;4
125304;-187950;48791;25117;1
109658;-172068;47813;26109;2
108918;-183150;47767;25417;1
108501;-186979;47741;25177;4
100120;-168682;47217;26321;8
123649;-175964;48688;25866;8
130384;-165965;49109;26491;8
109061;-191964;47776;24866;1
111442;-177184;47925;25790;1
112957;-171218;48019;26162;4
122254;-167114;48600;26419;4
127400;-183202;48922;25413;2
121759;-182288;48569;25471;8
125607;-188537;48810;25080;2
116346;-187260;48231;25160;2
105472;-165635;47552;26511;8
120242;-189415;48475;25025;8
108143;-189791;47718;25002;1
125531;-185412;48805;25275;2
112809;-180110;48010;25607;4
123314;-185434;48667;25274;1
100281;-176939;47227;25805;2
125447;-179565;48800;25641;2
110547;-193004;47869;24801;8
130798;-168318;49134;26344;8
110900;-195252;47891;24660;1
122256;-167763;48601;26378;4
106379;-169764;47608;26253;1
109679;-187190;47814;25164;8
108730;-188823;47755;25062;4
111033;-185110;47899;25294;8
110758;-186369;47882;25215;8
126769;-168928;48883;26306;1
126921;-171669;48892;26134;4
128431;-165481;48986;26521;1
111213;-182731;47910;25443;2
105196;-188294;47534;25095;1
120269;-183978;48476;25365;2
105139;-186506;47531;25207;2
111097;-174497;47903;25957;8
105270;-183035;47539;25424;1
109598;-177280;47809;25784;2
125815;-180933;48823;25555;8
122853;-179550;48638;25642;1
113446;-172191;48050;26102;4
127809;-190255;48948;24973;8
103030;-164766;47399;26566;8
124194;-188985;48722;25052;1
117980;-165312;48333;26532;8
130337;-170564;49106;26203;8
114854;-185734;48138;25255;8
119637;-176099;48437;25857;1
100713;-168401;47254;26338;2
124185;-184454;48721;25335;4
103813;-166511;47448;26457;1
110550;-191272;47869;24909;4
117133;-165940;48280;26492;4
111258;-180991;47913;25552;4
110600;-190020;47872;24987;4
114091;-170274;48090;26221;2
107789;-180658;47696;25572;8
112629;-191268;47999;24909;8
108852;-189348;47763;25029;8
128364;-176522;48982;25831;2
107184;-182240;47659;25474;8
127759;-195450;48944;24648;8
110863;-178997;47888;25676;2
106739;-185455;47631;25273;4
104215;-178123;47473;25731;4
107226;-167284;47661;26408;8
111870;-187562;47951;25141;8
121549;-176791;48556;25814;2
119530;-169306;48430;26282;8
111115;-189086;47904;25046;8
111727;-175852;47942;25873;4
103576;-166135;47433;26480;4
118946;-167711;48394;26382;4
113901;-166798;48078;26439;1
112905;-171324;48016;26156;2
101777;-174974;47321;25928;8
114268;-187591;48101;25139;8
121771;-190844;48570;24936;8
118331;-174268;48355;25972;4
104851;-177805;47513;25751;8
113745;-194656;48069;24698;1
129196;-170295;49034;26220;4
99661;-182546;47188;25454;1
123838;-188300;48699;25095;4
109817;-182463;47823;25460;1
103826;-175830;47449;25874;2
106632;-166938;47624;26430;4
109648;-195959;47813;24616;8
125169;-183983;48783;25365;1
125505;-187288;48804;25158;4
100357;-164016;47232;26613;4
122008;-167944;48585;26367;4
124325;-184972;48730;25303;8
116631;-164991;48249;26552;1
118151;-188821;48344;25062;1
116365;-185694;48232;25258;1
101267;-164587;47289;26577;2
104934;-178227;47518;25724;4
125782;-186046;48821;25236;8
125406;-167821;48797;26375;1
127312;-175161;48917;25916;1
105224;-177218;47536;25787;4
113171;-167933;48033;26368;2
107990;-166914;47709;26431;1
117174;-192477;48283;24834;1
126412;-186463;48860;25210;2
127441;-168810;48925;26313;4
113440;-186298;48050;25220;1
114232;-167011;48099;26425;4
106203;-167514;47597;26394;8
113800;-185905;48072;25244;4
123962;-185820;48707;25250;2
120079;-178187;48464;25727;8
129114;-173153;49029;26041;4
116380;-191813;48233;24875;8
112987;-176098;48021;25857;1
122339;-173813;48606;26000;1
128335;-167787;48980;26377;1
117608;-183558;48310;25391;4
126413;-187544;48860;25142;8
114308;-168970;48104;26303;2
120023;-176598;48461;25826;2
100320;-166825;47230;26437;4
126778;-168947;48883;26304;4
99933;-167390;47205;26402;2
113737;-178094;48068;25733;2
111293;-188426;47915;25087;4
115706;-188195;48191;25101;4
112768;-180574;48008;25578;2
108862;-191612;47763;24888;1
122150;-185703;48594;25257;1
105255;-164780;47538;26565;2
100959;-173803;47269;26001;1
105099;-184937;47528;25305;1
127415;-174139;48923;25980;2
118141;-177438;48343;25774;1
119444;-181399;48425;25526;4
128758;-171683;49007;26133;2
105723;-179055;47567;25673;2
121458;-169703;48551;26257;8
115904;-191057;48204;24922;4
112588;-191389;47996;24902;4
121113;-174083;48529;25983;8
104115;-167241;47467;26411;2
115440;-167092;48175;26420;1
104064;-177445;47464;25773;8
125034;-169255;48774;26285;1
128216;-164162;48973;26603;2
105058;-174329;47526;25968;8
123402;-169333;48672;26280;8
124517;-182088;48742;25483;1
108984;-186787;47771;25189;2
100576;-166466;47246;26459;8
111464;-182132;47926;25480;4
103747;-168229;47444;26349;4
104666;-169581;47501;26265;1
111177;-175816;47908;25875;1
111112;-195813;47904;24625;4
113027;-180430;48024;25587;2
108248;-181309;47725;25532;8
122680;-179210;48627;25663;8
107642;-190797;47687;24939;1
112254;-174357;47975;25966;8
109909;-175099;47829;25920;4
121863;-176810;48576;25813;8
122256;-166321;48601;26468;4
125865;-193094;48826;24795;4
120246;-184093;48475;25358;4
117628;-179089;48311;25670;1
126773;-172839;48883;26061;2
122953;-170791;48644;26189;1
104686;-167106;47502;26419;1
113641;-167787;48062;26377;4
106304;-192710;47604;24819;1
130181;-168419;49096;26337;8
100448;-168226;47238;26349;2
126080;-164076;48840;26609;8
111480;-185982;47927;25240;8
121367;-169942;48545;26242;8
123117;-188295;48654;25095;4
117959;-181910;48332;25494;4
104579;-185183;47496;25290;8
129927;-190940;49080;24930;8
128196;-174287;48972;25971;8
106026;-165679;47586;26509;4
113053;-187640;48025;25136;2
103535;-165834;47430;26499;4
111369;-174799;47920;25939;1
100860;-170398;47263;26214;4
104635;-176551;47499;25829;8
106553;-168325;47619;26343;1
109358;-189927;47794;24993;8
111327;-185098;47917;25295;1
103200;-178142;47410;25730;2
130441;-193182;49112;24790;8
120707;-177871;48504;25747;1
117656;-171573;48313;26140;2
118746;-178022;48381;25737;2
128144;-176253;48969;25848;1
121520;-182739;48555;25442;4
101928;-166238;47330;26474;8
111139;-175625;47906;25887;4
129630;-169495;49061;26270;2
111859;-181581;47951;25515;2
129965;-164102;49082;26607;1
103874;-166797;47452;26439;4
124517;-189469;48742;25022;4
122081;-167361;48590;26403;4
117227;-165912;48286;26494;4
99146;-178165;47156;25728;4
117709;-193628;48316;24762;1
104975;-187027;47520;25174;4
126976;-178191;48896;25727;1
114616;-168546;48123;26329;1
129529;-176061;49055;25860;2
100759;-166645;47257;26448;1
106646;-179168;47625;25666;4
114698;-193252;48128;24785;4
126335;-180945;48855;25554;1
122944;-179584;48644;25640;1
123307;-164810;48666;26563;1
119317;-167318;48417;26406;8
123485;-165050;48677;26548;1
124482;-185184;48740;25290;2
121752;-187903;48569;25120;1
122198;-173315;48597;26031;4
99825;-180954;47199;25554;1
123355;-174235;48669;25974;8
115155;-170080;48157;26234;8
106381;-192436;47608;24836;8
128495;-172615;48990;26075;8
120295;-183976;48478;25365;1
99549;-176418;47181;25837;4
109493;-178580;47803;25702;8
102140;-168751;47343;26317;1
123897;-191158;48703;24916;2
126858;-173170;48888;26040;4
112834;-188523;48012;25081;1
124902;-187745;48766;25129;1
101329;-183943;47293;25367;4
104866;-178242;47514;25723;1
112549;-172250;47994;26098;8
111653;-172963;47938;26053;4
113538;-180329;48056;25593;4
104000;-176448;47460;25836;2
121779;-168393;48571;26339;1
110145;-175341;47844;25905;4
108110;-169679;47716;26259;8
111934;-187461;47955;25147;1
111455;-192621;47925;24825;2
115256;-166114;48163;26481;1
117316;-170048;48292;26236;2
105483;-194166;47552;24728;8
128155;-171571;48969;26140;1
119004;-167866;48397;26372;8
113920;-184574;48080;25328;4
107978;-169343;47708;26280;1
108084;-184991;47715;25302;4
114797;-187570;48134;25140;1
104869;-165989;47514;26489;2
126286;-165260;48852;26535;4
125762;-181452;48820;25523;2
108097;-188079;47716;25109;8
125323;-191409;48792;24900;4
108751;-188256;47756;25098;2
104797;-177182;47509;25790;4
111961;-194554;47957;24704;4
104859;-186848;47513;25186;1
99907;-173514;47204;26019;2
128086;-174104;48965;25982;8
126657;-164580;48876;26577;8
116961;-167845;48270;26373;2
116222;-167748;48223;26379;2
114614;-186781;48123;25190;4
117667;-178264;48314;25722;1
103088;-164480;47403;26584;2
106455;-194302;47613;24720;2
121128;-179129;48530;25668;4
107103;-171631;47653;26137;4
129766;-172849;49070;26060;1
99840;-182260;47200;25472;8
116083;-166131;48215;26480;4
129465;-177895;49051;25745;4
101666;-185223;47314;25287;4
127984;-171888;48959;26121;8
102551;-175901;47369;25870;8
121410;-183206;48548;25413;2
115311;-166460;48166;26460;8
105408;-194221;47548;24725;8
106125;-194912;47592;24682;1
108853;-188809;47763;25063;2
119078;-176776;48402;25815;1
112187;-180616;47971;25575;1
125662;-186495;48813;25208;1
107471;-171128;47676;26168;2
125886;-182172;48827;25478;1
99559;-181392;47182;25527;2
108973;-181519;47770;25519;1
122568;-167344;48620;26405;1
124264;-168558;48726;26329;4
113560;-185361;48057;25278;8
111827;-188383;47949;25090;4
102038;-174982;47337;25927;1
110330;-186229;47855;25224;8
118003;-177725;48335;25756;4
113800;-174847;48072;25936;4
123664;-188487;48689;25083;2
100377;-180434;47233;25586;8
104766;-177573;47507;25765;2
114682;-174403;48127;25963;8
116307;-186272;48229;25222;8
100593;-164127;47247;26606;8
121809;-171103;48573;26170;2
129043;-163929;49025;26618;8
116975;-189976;48270;24990;8
104001;-163901;47460;26620;1
127083;-188699;48902;25070;1
117067;-166897;48276;26432;2
106216;-172208;47598;26101;1
101180;-166289;47283;26470;2
128420;-174423;48986;25962;1
131050;-165972;49150;26490;2
112287;-189403;47977;25026;1
99942;-181591;47206;25514;1
119040;-167965;48400;26366;4
110360;-175620;47857;25887;1
106838;-179356;47637;25654;8
103862;-164930;47451;26555;2
122341;-166420;48606;26462;1
122983;-164910;48646;26557;1
123919;-170649;48704;26198;1
109890;-181928;47828;25493;8
127498;-168163;48928;26353;1
129054;-176105;49025;25857;4
103152;-183868;47407;25372;8
112463;-180248;47988;25598;8
126264;-192820;48851;24812;2
107052;-179608;47650;25638;8
119961;-176571;48457;25828;8
123704;-170706;48691;26194;4
114971;-181029;48145;25549;8
127780;-169279;48946;26284;4
129741;-176520;49068;25831;1
104713;-171182;47504;26165;2
113183;-184226;48033;25349;8
125060;-167461;48776;26397;1
126203;-184232;48847;25349;4
117404;-190124;48297;24981;1
108914;-187284;47767;25158;1
113299;-182221;48041;25475;4
100253;-171979;47225;26115;2
114037;-195228;48087;24662;2
124092;-168088;48715;26358;1
104911;-165408;47516;26526;2
128605;-173853;48997;25998;8
115849;-170051;48200;26235;2
105571;-173018;47558;26050;1
104900;-187283;47516;25158;4
105300;-175908;47541;25869;4
121657;-193064;48563;24797;4
112138;-189684;47968;25008;1
130953;-170924;49144;26181;2
109016;-188356;47773;25091;1
125028;-170737;48774;26192;2
104211;-173745;47473;26004;4
100674;-177882;47252;25746;8
118584;-181688;48371;25508;1
108056;-170750;47713;26192;1
110916;-188935;47892;25055;8
128251;-174605;48975;25951;1
128914;-180865;49017;25559;8
123818;-168527;48698;26331;4
114977;-166312;48146;26469;2
121434;-166208;48549;26476;1
103112;-165044;47404;26548;1
101163;-179735;47282;25630;8
102550;-171709;47369;26132;2
121811;-187265;48573;25159;2
115818;-167176;48198;26415;4
110763;-185889;47882;25245;2
106728;-176637;47630;25824;4
110038;-182613;47837;25450;8
103093;-178647;47403;25698;1
125754;-179082;48819;25671;4
125483;-169043;48802;26298;4
99552;-177160;47182;25791;4
117863;-176736;48326;25818;4
100491;-175921;47240;25868;4
118927;-177390;48392;25777;4
130446;-163898;49112;26620;2
113061;-178007;48026;25738;1
123943;-169680;48706;26259;2
126746;-187768;48881;25128;8
115235;-188869;48162;25059;4
127465;-169582;48926;26265;1
116566;-190398;48245;24964;4
107636;-189712;47687;25007;4
104158;-170959;47469;26179;2
126938;-180943;48893;25555;2
110709;-186852;47879;25185;2
104335;-177849;47480;25748;1
124012;-171093;48710;26170;4
128218;-164182;48973;26602;4
122011;-164554;48585;26579;8
112602;-178849;47997;25685;4
110207;-182755;47847;25441;8
118252;-182677;48350;25446;4
122347;-184767;48606;25316;4
98771;-176567;47133;25828;1
126131;-170320;48843;26219;2
119972;-182937;48458;25430;1
105170;-170943;47533;26180;8
121662;-167651;48563;26385;1
111574;-185835;47933;25249;1
125870;-171578;48826;26140;8
124445;-180067;48737;25609;8
105812;-183537;47573;25392;2
121174;-179152;48533;25667;8
111684;-176673;47940;25821;4
110754;-190816;47882;24938;4
121278;-166473;48539;26459;2
122244;-169919;48600;26244;2
100329;-173544;47230;26017;8
125377;-167871;48796;26372;8
113192;-177911;48034;25744;2
101186;-179511;47284;25644;2
115286;-189678;48165;25009;2
102622;-167863;47373;26372;4
115024;-194256;48149;24723;2
105022;-189081;47523;25046;1
111226;-174618;47911;25950;2
101057;-174246;47276;25973;2
120532;-183464;48493;25397;8
106105;-186272;47591;25222;1
124663;-187740;48751;25130;2
116448;-164752;48238;26567;2
116699;-193405;48253;24776;4
119984;-180912;48459;25557;4
112248;-175058;47975;25922;1
129387;-171556;49046;26141;1
121688;-173751;48565;26004;2
119441;-179622;48425;25637;4
105866;-177241;47576;25786;1
105269;-167061;47539;26422;4
117683;-184144;48315;25355;2
117748;-181947;48319;25492;1
117284;-167393;48290;26401;4
109010;-185345;47773;25279;2
126040;-167438;48837;26399;8
121879;-168552;48577;26329;4
118418;-168379;48361;26340;1
108257;-190133;47726;24980;1
122906;-175133;48641;25918;2
109007;-191403;47772;24901;4
128968;-164139;49020;26605;8
118178;-181582;48346;25515;4
130528;-164484;49118;26583;1
124521;-180446;48742;25586;8
116853;-192174;48263;24853;8
109552;-177706;47807;25757;2
118384;-178259;48359;25722;1
98687;-177437;47127;25774;2
105466;-180962;47551;25553;8
108781;-188147;47758;25104;2
121148;-165621;48531;26512;2
118050;-167014;48338;26425;4
111037;-183192;47899;25414;2
107838;-192480;47699;24834;8
128629;-164805;48999;26563;8
128809;-169318;49010;26281;4
99591;-167329;47184;26405;8
125913;-182758;48829;25441;1
112027;-194625;47961;24699;8
108609;-181478;47748;25521;8
107570;-171310;47683;26157;8
124568;-186725;48745;25193;1
122278;-171182;48602;26165;8
120323;-175568;48480;25891;2
118636;-165138;48374;26542;2
115758;-169404;48194;26276;1
113426;-187637;48049;25136;8
111539;-182236;47931;25474;2
126020;-167654;48836;26385;8
107490;-189246;47678;25036;1
105254;-189667;47538;25009;4
111208;-188549;47910;25079;4
102033;-178744;47337;25692;1
130298;-193657;49103;24760;1
108405;-181739;47735;25505;1
128418;-172640;48986;26074;1
99600;-174524;47185;25956;8
105645;-191251;47562;24910;2
107840;-178061;47700;25735;8
103689;-168086;47440;26358;4
118721;-178227;48380;25724;2
127844;-195956;48950;24616;2
115918;-191459;48204;24897;4
130292;-184779;49103;25315;2
127607;-180323;48935;25593;4
125718;-192646;48817;24823;2
125742;-184648;48818;25323;2
129035;-165722;49024;26506;8
115730;-188495;48193;25083;4
125315;-178888;48792;25683;8
107848;-179404;47700;25651;8
116443;-186115;48237;25231;2
110675;-186717;47877;25194;8
128873;-181595;49014;25514;1
124089;-185925;48715;25243;2
105475;-195062;47552;24672;1
112978;-172811;48021;26063;4
114378;-170355;48108;26216;4
121260;-166517;48538;26456;4
125198;-170726;48784;26193;1
125129;-168632;48780;26324;8
111068;-183216;47901;25413;1
104496;-187175;47491;25165;4
123714;-182515;48692;25456;4
119291;-173930;48415;25993;1
112084;-189404;47965;25026;8
118504;-186528;48366;25206;8
114280;-170007;48102;26238;1
128842;-176359;49012;25841;4
127479;-183299;48927;25407;8
104543;-172609;47493;26075;8
107147;-179557;47656;25641;8
113882;-166506;48077;26457;8
101346;-179977;47294;25615;8
119721;-177774;48442;25753;4
117972;-168415;48333;26338;1
120819;-170618;48511;26200;4
117608;-172742;48310;26067;1
100005;-179460;47210;25647;4
127111;-168670;48904;26322;1
123035;-185014;48649;25300;8
130871;-171675;49139;26134;2
112213;-175180;47973;25915;4
127096;-169758;48903;26254;8
109989;-195412;47834;24650;4
110896;-175826;47891;25874;8
110324;-165641;47855;26511;8
103633;-172376;47437;26090;1
114589;-189602;48121;25013;4
107981;-190628;47708;24949;8
105063;-164343;47526;26592;4
131012;-166058;49148;26485;2
103529;-172491;47430;26083;1
108106;-168270;47716;26347;4
126039;-167432;48837;26399;8
121813;-182011;48573;25488;4
116362;-169115;48232;26294;4
118600;-181252;48372;25535;8
108982;-188816;47771;25063;8
129338;-172473;49043;26084;8
125918;-174416;48829;25963;1
121163;-189856;48532;24998;2
124040;-185515;48712;25269;8
108432;-185679;47737;25259;4
106190;-172239;47596;26099;8
102048;-175153;47338;25916;1
120177;-190012;48471;24988;1
128259;-170893;48976;26183;1
104185;-175402;47471;25901;8
114736;-167075;48131;26421;8
127955;-190665;48957;24947;8
118194;-181527;48347;25518;4
130035;-163851;49087;26623;4
114867;-185948;48139;25242;2
125791;-179310;48821;25657;1
101888;-175195;47328;25914;8
120803;-171435;48510;26149;1
102568;-176825;47370;25812;4
99498;-176481;47178;25833;8
109381;-193487;47796;24771;1
127039;-166640;48899;26449;1
107383;-187803;47671;25126;4
121697;-169701;48566;26257;1
129407;-180940;49047;25555;1
119216;-170955;48411;26179;2
110139;-192196;47843;24851;8
111514;-187897;47929;25120;2
128786;-175233;49009;25911;8
102111;-174672;47341;25947;2
130212;-167134;49098;26418;8
102415;-166046;47360;26486;8
119329;-179565;48418;25641;2
122170;-184702;48595;25320;8
103953;-168821;47457;26312;2
103568;-164969;47433;26553;4
128561;-174509;48995;25957;1
106039;-195686;47587;24633;8
109892;-196343;47828;24592;2
111249;-174208;47913;25976;2
122337;-174300;48606;25970;1
113250;-194052;48038;24735;4
116450;-190825;48238;24937;4
103089;-178074;47403;25734;1
112484;-181676;47990;25509;4
124439;-180050;48737;25610;8
114887;-193945;48140;24742;8
121770;-187714;48570;25131;2
120767;-173671;48507;26009;1
122215;-188945;48598;25054;4
111228;-184608;47911;25326;2
120490;-176131;48490;25855;1
106281;-163948;47602;26617;8
115821;-188306;48198;25094;2
114649;-186793;48125;25189;8
129354;-176103;49044;25857;2
116843;-171732;48262;26130;1
124497;-185019;48741;25300;8
128962;-174486;49020;25958;8
117615;-177771;48310;25753;2
110862;-193151;47888;24792;2
120677;-183753;48502;25379;1
127791;-165393;48946;26526;8
103388;-170264;47421;26222;2
119945;-169538;48456;26267;1
125973;-168898;48833;26307;4
123706;-191133;48691;24918;4
121940;-173112;48581;26044;8
116755;-189055;48257;25048;2
102502;-171145;47366;26167;4
125860;-179075;48826;25671;8
130801;-167272;49135;26409;2
104149;-176498;47469;25832;1
105803;-194572;47572;24703;2
123622;-164295;48686;26595;8
114793;-169077;48134;26296;1
111232;-171397;47912;26151;4
108267;-193163;47726;24791;2
110491;-172066;47865;26109;4
101369;-185454;47295;25273;2
125208;-185520;48785;25269;1
105877;-196050;47577;24610;2
114120;-183670;48092;25384;8
111783;-189037;47946;25049;8
126849;-179510;48888;25644;1
106405;-193510;47610;24769;2
114935;-182221;48143;25475;1
114229;-170401;48099;26213;2
108595;-185364;47747;25278;2
118940;-174449;48393;25960;4
113365;-179766;48045;25628;4
121625;-166576;48561;26453;4
113782;-178288;48071;25721;2
115896;-170495;48203;26208;2
125952;-171729;48832;26130;4
102345;-172902;47356;26057;2
105681;-166086;47565;26483;8
103242;-178162;47412;25728;2
120297;-184166;48478;25353;8
100943;-177910;47268;25744;1
123579;-184989;48683;25302;2
117523;-185899;48305;25245;2
111986;-164370;47959;26590;2
120034;-174682;48462;25946;4
121197;-195904;48534;24620;4
109149;-166267;47781;26472;4
107798;-182512;47697;25457;4
112449;-193830;47988;24749;1
122201;-188838;48597;25061;1
117891;-169871;48328;26247;1
114792;-184662;48134;25322;8
129829;-172292;49074;26095;4
99793;-181252;47197;25535;2
130093;-193166;49090;24791;4
124450;-185056;48738;25298;1
116485;-167752;48240;26379;8
106085;-169755;47590;26254;8
99668;-181501;47189;25520;8
109392;-181522;47797;25518;4
109728;-180556;47818;25579;4
111959;-178835;47957;25686;1
126131;-184188;48843;25352;1
125911;-167689;48829;26383;1
124245;-171597;48725;26139;8
115902;-187966;48203;25116;2
122792;-183491;48634;25395;8
115243;-170035;48162;26236;2
123475;-182507;48677;25457;8
126999;-172850;48897;26060;2
122825;-175045;48636;25923;1
124928;-189352;48768;25029;1
108455;-190063;47738;24985;4
129322;-186494;49042;25208;4
126627;-191633;48874;24886;8
123386;-179058;48671;25672;1
107813;-169793;47698;26251;8
104545;-176996;47494;25801;1
124020;-186399;48711;25214;4
119681;-171865;48440;26122;8
121649;-182600;48563;25451;4
112703;-178561;48003;25703;2
126808;-188241;48885;25098;8
101559;-182519;47307;25456;2
107346;-168452;47669;26335;4
118926;-175998;48392;25864;4
99504;-167564;47179;26391;4
126078;-165361;48839;26528;8
106889;-191246;47640;24911;2
113001;-171140;48022;26167;2
128187;-175219;48971;25912;4
123786;-167993;48696;26364;2
126071;-167380;48839;26402;8
125022;-190661;48773;24947;8
107104;-179585;47654;25639;4
111007;-175000;47897;25926;1
104546;-165331;47494;26530;1
106590;-178990;47621;25677;8
101624;-178668;47311;25697;4
104342;-172663;47481;26072;4
121718;-177320;48567;25781;4
121260;-183938;48538;25367;2
110488;-189684;47865;25008;4
114774;-181090;48133;25545;4
109416;-177760;47798;25754;1
118032;-187812;48337;25125;4
127269;-165158;48914;26541;4
110552;-175531;47869;25893;4
124049;-182484;48713;25458;1
124134;-196044;48718;24611;8
123141;-179238;48656;25661;8
108942;-166379;47768;26465;1
112535;-185478;47993;25271;4
109350;-183534;47794;25393;2
122314;-184329;48604;25343;8
125201;-187399;48785;25151;1
108633;-171753;47749;26129;1
101476;-168462;47302;26335;2
121858;-178375;48576;25715;1
127204;-166561;48910;26453;8
123976;-190265;48708;24972;2
109831;-194637;47824;24699;4
120336;-174730;48481;25943;1
116733;-171127;48255;26168;2
107491;-165545;47678;26517;8
128987;-194658;49021;24697;2
109862;-179382;47826;25652;2
103596;-170808;47434;26188;4
119761;-177649;48445;25760;1
122214;-191094;48598;24920;4
106789;-186458;47634;25210;2
109387;-166183;47796;26477;2
120112;-179349;48467;25654;4
117991;-174844;48334;25936;1
124336;-184139;48731;25355;2
123126;-164849;48655;26560;1
113562;-164568;48057;26578;4
100834;-177570;47262;25765;8
107858;-180153;47701;25604;2
117911;-176957;48329;25804;1
109075;-191236;47777;24911;1
125851;-190793;48825;24939;8
106933;-180050;47643;25610;2
102470;-171149;47364;26167;2
109046;-192595;47775;24826;2
109163;-192129;47782;24855;2
127585;-175397;48934;25901;4
117953;-169266;48332;26284;2
128610;-178935;48998;25680;4
108457;-167765;47738;26378;8
106273;-193131;47602;24793;8
111163;-188569;47907;25078;8
121360;-175614;48545;25888;4
126954;-181795;48894;25501;8
123232;-187480;48662;25146;1
118006;-169204;48335;26288;8
105053;-189815;47525;25000;1
128300;-168870;48978;26309;2
107412;-171032;47673;26174;8
115074;-190200;48152;24976;4
115115;-189189;48154;25039;2
98757;-176852;47132;25810;2
104399;-173590;47484;26014;1
107441;-188507;47675;25082;4
120269;-190173;48476;24978;1
107240;-185329;47662;25280;4
99698;-165848;47191;26498;1
118049;-166859;48338;26435;1
115432;-165322;48174;26531;2
106403;-195418;47610;24650;1
120311;-190317;48479;24969;1
99846;-175287;47200;25908;4
125929;-190507;48830;24957;4
101921;-173564;47330;26016;1
102434;-165728;47362;26506;8
126249;-168250;48850;26348;4
103759;-165003;47444;26551;8
121173;-179091;48533;25670;8
110869;-182310;47889;25469;1
107275;-190792;47664;24939;2
102770;-170116;47383;26231;4
121998;-174306;48584;25969;2
110004;-195344;47835;24655;8
125069;-183991;48776;25364;4
123687;-181031;48690;25549;1
124244;-186583;48725;25202;2
117013;-166523;48273;26456;8
119988;-170790;48459;26189;8
103466;-177455;47426;25773;1
123906;-190080;48704;24984;1
110954;-181167;47894;25541;4
125038;-184850;48774;25310;8
130105;-184401;49091;25338;4
114145;-184364;48094;25341;8
109449;-184721;47800;25318;4
118054;-178530;48338;25705;1
113597;-177031;48059;25799;4
105550;-175259;47556;25910;1
109891;-190935;47828;24930;1
112834;-179276;48012;25659;2
100464;-181037;47239;25549;1
127507;-164395;48929;26589;4
105510;-178837;47554;25686;1
110350;-178203;47856;25726;2
112870;-179239;48014;25661;1
118338;-167868;48356;26372;1
122688;-185818;48628;25250;2
127856;-174679;48951;25946;1
128490;-179071;48990;25672;4
118315;-171207;48354;26163;1
121180;-166903;48533;26432;1
117980;-193190;48333;24789;8
120381;-173673;48483;26009;8
124640;-189406;48750;25026;4
114043;-190002;48087;24988;1
110144;-167082;47844;26421;1
119119;-168237;48404;26349;4
123014;-183528;48648;25393;2
104146;-167052;47469;26423;2
106594;-168398;47622;26339;8
102395;-172893;47359;26058;2
106458;-192892;47613;24808;4
125562;-187343;48807;25155;4
110285;-195096;47852;24670;1
107713;-192434;47692;24836;8
112205;-175293;47972;25908;8
122372;-177538;48608;25767;8
125443;-187872;48800;25122;1
111835;-163985;47949;26614;2
123151;-164759;48656;26566;4
111118;-182765;47904;25441;2
108290;-188888;47728;25058;8
112603;-193128;47997;24793;4
108708;-183029;47754;25424;4
117132;-169606;48280;26263;1
110482;-164884;47865;26558;1
128026;-173841;48961;25998;1
111131;-172086;47905;26108;2
105111;-166795;47529;26439;8
130395;-170691;49109;26195;2
116499;-185658;48241;25260;8
108119;-186807;47717;25188;4
114392;-182163;48109;25478;1
105047;-166675;47525;26446;2
124831;-184873;48761;25309;8
117935;-187550;48330;25142;4
109548;-189827;47806;24999;2
121432;-167102;48549;26420;4
123648;-195450;48688;24648;4
124090;-167941;48715;26367;8
124183;-175168;48721;25916;4
120783;-169010;48508;26300;1
127000;-171645;48897;26136;4
113343;-164719;48043;26569;8
105787;-175450;47571;25898;1
112883;-184420;48015;25337;2
111939;-190781;47956;24940;4
120843;-168814;48512;26313;4
126063;-186353;48838;25216;1
113506;-171562;48054;26141;8
119592;-190702;48434;24945;4
129896;-166029;49078;26487;8
106695;-166940;47628;26430;2
100990;-177161;47271;25791;1
112925;-166429;48017;26462;8
101787;-175264;47321;25910;1
121508;-183607;48554;25388;4
113256;-188568;48038;25078;1
114060;-194778;48088;24690;8
106696;-191286;47628;24908;4
115601;-194801;48185;24688;8
113408;-187436;48048;25149;4
106497;-190946;47616;24929;2
114925;-170702;48142;26195;4
115732;-188048;48193;25111;4
102710;-177378;47379;25777;2
100770;-167510;47258;26394;8
115643;-180312;48187;25594;4
122524;-188555;48617;25079;4
116173;-170692;48220;26195;4
107296;-171774;47666;26128;8
129488;-164465;49053;26584;4
124452;-184941;48738;25305;4
103610;-168842;47435;26311;1
102939;-172363;47393;26091;8
107956;-183862;47707;25372;2
108640;-180526;47750;25581;4
128008;-167692;48960;26383;8
125581;-172024;48808;26112;2
129036;-174156;49024;25979;1
101872;-177951;47327;25742;2
127115;-173513;48904;26019;1
118850;-178517;48388;25706;8
107488;-187444;47678;25148;2
103009;-176292;47398;25845;4
120163;-190190;48470;24977;1
124253;-179775;48725;25628;8
119721;-189861;48442;24997;8
107745;-183733;47694;25380;8
112104;-195709;47966;24632;4
100314;-173296;47229;26033;2
125935;-178097;48830;25732;2
104420;-177735;47486;25755;8
126379;-165312;48858;26532;2
127594;-173010;48934;26050;8
114890;-192785;48140;24814;1
123262;-181994;48663;25489;4
109529;-186991;47805;25177;2
122831;-177302;48636;25782;4
122591;-175052;48621;25923;2
107419;-179363;47673;25653;2
110358;-187469;47857;25147;1
112243;-175546;47975;25892;2
122314;-181667;48604;25509;4
112646;-171235;48000;26161;1
114755;-189624;48132;25012;8
102505;-169461;47366;26272;2
122049;-183411;48588;25400;4
119974;-176021;48458;25862;2
110525;-181782;47867;25502;4
113794;-183514;48072;25394;1
119119;-168915;48404;26306;4
114478;-183990;48114;25364;2
100799;-179899;47259;25620;4
121629;-176854;48561;25810;1
120615;-167107;48498;26419;4
99767;-182453;47195;25460;1
130088;-183702;49090;25382;1
100509;-164113;47241;26606;4
109190;-175957;47784;25866;8
127652;-163921;48938;26618;4
103738;-170997;47443;26176;8
110184;-190607;47846;24951;4
104687;-186738;47502;25192;2
109858;-180697;47826;25570;2
107003;-172185;47647;26102;2
104933;-183322;47518;25406;1
112611;-191029;47998;24924;8
112370;-181701;47983;25507;1
103028;-164389;47399;26589;1
122720;-191311;48630;24907;8
123964;-191061;48707;24922;1
113541;-177115;48056;25794;8
108343;-169501;47731;26270;1
124878;-188997;48764;25051;2
123431;-165475;48674;26521;4
123106;-192190;48654;24852;8
128833;-194677;49012;24696;2
116594;-190810;48247;24938;1
128177;-178157;48971;25729;1
120815;-171338;48510;26155;4
119887;-177662;48452;25760;1
113042;-192262;48025;24847;8
112895;-173551;48015;26017;4
108570;-179699;47745;25632;1
122554;-184459;48619;25335;4
124105;-171495;48716;26145;8
110553;-180095;47869;25608;8
119425;-181394;48424;25526;1
126959;-172230;48894;26099;4
130363;-167200;49107;26414;1
106681;-191256;47627;24910;8
109620;-163904;47811;26620;2
124907;-183801;48766;25376;1
116413;-165455;48235;26523;4
113856;-190251;48076;24973;1
107839;-169611;47699;26263;1
117127;-166198;48280;26476;2
110517;-178271;47867;25722;1
113137;-164328;48031;26593;2
127494;-178766;48928;25691;8
123083;-188604;48652;25076;1
109886;-179436;47827;25649;1
115371;-165142;48170;26542;4
102063;-177969;47338;25740;4
101246;-164257;47287;26597;4
112503;-172298;47991;26095;1
118766;-186963;48382;25178;4
107362;-177458;47670;25772;1
113914;-174756;48079;25941;8
127725;-180404;48942;25588;1
123016;-164746;48648;26567;2
125001;-182593;48772;25451;1
120345;-168042;48481;26361;2
102480;-178142;47365;25730;8
122097;-174166;48591;25978;8
121779;-187731;48571;25130;4
101092;-174979;47278;25927;4
102360;-172688;47357;26071;1
116640;-164692;48250;26570;1
109647;-188165;47812;25103;4
128172;-172656;48970;26073;8
104583;-179896;47496;25620;2
103416;-178964;47423;25678;8
104651;-176452;47500;25835;4
131034;-187761;49149;25128;2
122489;-175135;48615;25918;2
110040;-185546;47837;25267;8
121931;-173080;48580;26046;2
99676;-176537;47189;25830;4
128267;-168894;48976;26308;2
109246;-172572;47787;26078;4
126997;-172438;48897;26086;1
117948;-187580;48331;25140;2
109735;-196492;47818;24583;4
111820;-193944;47948;24742;4
130733;-169100;49130;26295;8
103304;-178994;47416;25676;2
107906;-184862;47704;25310;1
124178;-185875;48721;25246;8
100628;-180141;47249;25605;1
111650;-177209;47938;25788;4
101901;-181473;47328;25521;4
112761;-164447;48007;26586;8
130382;-192517;49108;24831;1
115833;-191408;48199;24901;2
124978;-181069;48771;25547;1
122046;-183697;48587;25382;4
119626;-173947;48436;25992;2
100397;-180729;47234;25568;2
116238;-180663;48224;25572;1
128789;-163907;49009;26619;2
121134;-191356;48530;24904;2
108472;-192580;47739;24827;8
108026;-190276;47711;24971;4
124840;-180611;48762;25575;4
99009;-176293;47148;25845;8
99640;-180276;47187;25596;1
101426;-170135;47299;26230;2
102510;-169718;47366;26256;4
113408;-185296;48048;25283;8
128105;-181064;48966;25547;2
101951;-176733;47331;25818;1
116635;-171654;48249;26135;1
112245;-174480;47975;25959;8
100289;-184685;47228;25321;4
110799;-181334;47884;25530;8
102005;-175551;47335;25892;4
109136;-193682;47781;24758;2
119176;-177975;48408;25740;4
109902;-186503;47828;25207;1
121904;-175600;48579;25889;2
128030;-173731;48961;26005;4
113803;-192923;48072;24806;2
103897;-183980;47453;25365;8
106685;-172710;47627;26069;2
121509;-165841;48554;26498;2
105010;-185945;47523;25242;2
122197;-188869;48597;25059;1
100136;-174809;47218;25938;4
104799;-185465;47509;25272;2
114965;-187670;48145;25134;4
127233;-168010;48912;26363;1
110024;-163989;47836;26614;1
110896;-181476;47891;25521;1
99757;-180137;47194;25605;4
110490;-177259;47865;25785;4
113384;-189156;48046;25041;2
111274;-175790;47914;25877;2
116738;-195294;48256;24658;4
122801;-182698;48635;25445;1
121037;-168897;48524;26307;1
129074;-178954;49027;25679;8
112643;-176468;48000;25834;8
101004;-168268;47272;26347;4
122168;-180013;48595;25613;4
112062;-184960;47963;25304;2
100151;-163903;47219;26620;4
128372;-176313;48983;25844;8
120930;-168884;48518;26308;8
105148;-179869;47531;25622;8
107654;-167016;47688;26425;4
103424;-177223;47424;25787;8
109088;-178065;47778;25734;4
105279;-165393;47539;26526;2
130540;-166480;49118;26459;1
128514;-179129;48992;25668;1
107553;-171381;47682;26152;8
129503;-172720;49053;26069;2
125616;-192078;48811;24859;4
120887;-178455;48515;25710;4
105915;-195320;47579;24656;8
116661;-165309;48251;26532;2
118073;-177734;48339;25755;1
113096;-175246;48028;25911;1
103097;-177920;47403;25744;8
113418;-166809;48048;26438;1
116435;-191734;48237;24880;2
103256;-177444;47413;25773;2
128643;-166903;49000;26432;1
100098;-176171;47216;25853;8
101729;-180490;47318;25583;1
112315;-186020;47979;25237;8
104602;-171669;47497;26134;1
101540;-174263;47306;25972;1
125341;-168805;48793;26313;2
104669;-183761;47501;25378;8
101457;-176622;47301;25825;4
121385;-173739;48546;26005;2
116234;-186247;48224;25223;8
127115;-172463;48904;26085;8
116998;-165239;48272;26536;2
122380;-175886;48608;25871;1
105281;-189637;47540;25011;4
125696;-171635;48816;26136;8
118529;-174786;48368;25939;1
131070;-176289;49151;25845;2
129766;-163869;49070;26622;8
114761;-183645;48132;25386;4
129480;-165893;49052;26495;1
110770;-194474;47883;24709;1
108742;-187248;47756;25161;8
100019;-180773;47211;25565;2
120046;-176605;48462;25826;4
107592;-189395;47684;25026;4
106598;-170040;47622;26236;8
126499;-189229;48866;25037;2
124816;-190086;48761;24983;2
114405;-190165;48110;24978;2
129605;-166182;49060;26477;1
128885;-169505;49015;26269;1
105469;-180710;47551;25569;8
108933;-184262;47768;25347;2
124629;-164918;48749;26556;2
99072;-176094;47152;25858;2
126895;-190605;48890;24951;4
108843;-171185;47762;26164;2
114194;-184598;48097;25326;1
109654;-181229;47813;25537;2
106343;-193409;47606;24775;1
113327;-175722;48042;25881;4
104367;-169355;47482;26279;4
128033;-175695;48962;25883;8
107707;-180879;47691;25559;8
126322;-191349;48855;24904;8
114850;-180776;48138;25565;2
120293;-172514;48478;26081;2
105626;-191313;47561;24906;1
109898;-175340;47828;25905;8
105893;-196072;47578;24609;2
107378;-165691;47671;26508;8
98763;-175049;47132;25923;1
113380;-164114;48046;26606;4
110136;-190347;47843;24967;1
113932;-183602;48080;25388;2
126628;-180834;48874;25561;2
127961;-190577;48957;24952;4
111838;-194683;47949;24696;4
106656;-184717;47626;25319;4
121261;-175397;48538;25901;4
101306;-176218;47291;25850;8
124142;-188791;48718;25064;4
129709;-182337;49066;25467;4
125954;-165251;48832;26535;4
112946;-164888;48019;26558;2
127184;-182187;48909;25477;4
99622;-165667;47186;26509;2
112402;-185454;47985;25273;8
110453;-171413;47863;26150;4
117666;-167430;48314;26399;8
105161;-186720;47532;25194;8
118414;-188255;48360;25098;8
114435;-176004;48112;25863;2
119383;-181223;48421;25537;8
110458;-178268;47863;25722;8
122904;-170343;48641;26217;1
99658;-172561;47188;26078;2
124172;-171913;48720;26119;2
101175;-180168;47283;25603;4
115966;-170281;48207;26221;1
130088;-194428;49090;24712;2
126836;-179425;48887;25649;1
108825;-182597;47761;25451;1
126416;-193280;48861;24784;1
107772;-170055;47695;26235;8
103956;-176539;47457;25830;8
110669;-175428;47876;25899;4
117413;-165377;48298;26527;4
115830;-188014;48199;25113;4
107089;-176563;47653;25828;8
112215;-177336;47973;25780;1
115585;-184899;48184;25307;2
109717;-196351;47817;24592;8
108280;-178900;47727;25682;4
109738;-184710;47818;25319;4
111033;-174798;47899;25939;8
104675;-186401;47502;25213;2
126491;-188600;48865;25076;4
130283;-168350;49102;26342;8
127179;-172524;48908;26081;1
104987;-186535;47521;25205;4
101839;-170437;47324;26211;8
120513;-170569;48492;26203;1
129175;-169105;49033;26294;1
117599;-184361;48309;25341;4
119995;-175802;48459;25876;2
118228;-171686;48349;26133;1
121602;-171484;48560;26146;4
125258;-191442;48788;24898;4
108000;-180816;47710;25563;1
102011;-175365;47335;25903;1
127564;-190863;48932;24935;8
124864;-182583;48764;25452;8
115259;-196260;48163;24597;8
110164;-188521;47845;25081;1
125266;-167176;48789;26415;8
124737;-175445;48756;25898;4
117126;-185012;48280;25300;2
99751;-173052;47194;26048;4
130532;-167298;49118;26407;1
106417;-195425;47611;24649;1
103556;-166102;47432;26482;4
101990;-168135;47334;26355;2
111457;-180734;47926;25568;8
115224;-189435;48161;25024;2
110560;-194120;47870;24731;1
102075;-166302;47339;26470;8
99410;-176635;47173;25824;2
124339;-185825;48731;25249;1
126014;-192429;48835;24837;1
104204;-175685;47472;25883;4
108713;-191562;47754;24891;2
109873;-183568;47827;25391;8
124011;-165133;48710;26543;4
126502;-179582;48866;25640;1
99723;-176472;47192;25834;2
102466;-179068;47364;25672;2
117515;-184340;48304;25342;8
105451;-163973;47550;26615;8
127112;-177622;48904;25762;2
109164;-186713;47782;25194;8
99378;-176908;47171;25807;8
117235;-184375;48287;25340;2
105807;-168337;47572;26342;4
122542;-177908;48618;25744;8
127480;-168999;48927;26301;4
123405;-180353;48672;25591;4
124336;-165803;48731;26501;1
124420;-183304;48736;25407;4
102232;-180098;47349;25607;8
99875;-177951;47202;25742;8
116958;-191642;48269;24886;2
126031;-170054;48836;26235;1
111348;-179567;47919;25641;2
105820;-168594;47573;26326;1
109880;-180874;47827;25559;2
110374;-177954;47858;25741;1
124934;-190533;48768;24955;2
123471;-165113;48676;26544;4
110975;-192724;47895;24818;1
129399;-169018;49047;26300;4
122577;-176760;48621;25816;8
124963;-170845;48770;26186;8
106802;-184089;47635;25358;1
112028;-190923;47961;24931;1
110575;-178916;47870;25681;2
127027;-176466;48899;25834;1
110049;-190269;47838;24972;4
111775;-165265;47945;26534;2
109977;-180224;47833;25600;2
99863;-171694;47201;26133;2
110473;-188083;47864;25108;4
121658;-173516;48563;26019;8
116356;-170958;48232;26179;4
119169;-172697;48408;26070;4
113232;-180627;48037;25574;1
130555;-170002;49119;26238;1
111235;-179175;47912;25665;4
123071;-177452;48651;25773;2
114657;-174457;48126;25960;8
100319;-171787;47229;26127;1
114165;-168948;48095;26304;8
102819;-173191;47386;26039;1
112426;-195067;47986;24672;8
124702;-171186;48753;26164;1
129918;-169933;49079;26243;1
119420;-181218;48423;25537;1
103431;-164453;47424;26585;2
124694;-181482;48753;25521;4
124011;-190459;48710;24960;1
103703;-174717;47441;25944;1
125316;-179858;48792;25622;2
121426;-179218;48549;25662;1
110211;-195393;47848;24651;2
104202;-169220;47472;26287;2
114480;-170860;48115;26185;4
124818;-168668;48761;26322;1
109836;-173256;47824;26035;8
100895;-174045;47265;25986;2
123426;-180473;48674;25584;4
109346;-181627;47794;25512;2
103787;-165223;47446;26537;2
101147;-176131;47281;25855;8
114876;-184560;48139;25329;2
105718;-175791;47567;25877;4
110338;-195251;47856;24660;1
129951;-164729;49081;26568;2
116896;-166828;48266;26437;8
100279;-168259;47227;26347;2
107313;-187981;47667;25115;1
127693;-167686;48940;26383;2
105029;-185161;47524;25291;2
99991;-171714;47209;26131;1
112132;-175087;47968;25921;1
104273;-170139;47477;26230;4
118674;-168056;48377;26360;2
128653;-175579;49000;25890;2
128928;-176013;49018;25863;4
119107;-170860;48404;26185;2
104443;-169412;47487;26275;2
104740;-187218;47506;25162;1
129955;-164736;49082;26568;1
127579;-190257;48933;24972;8
118289;-186597;48353;25201;8
128711;-168910;49004;26307;8
117657;-191550;48313;24892;1
111219;-182652;47911;25448;8
125709;-185435;48816;25274;2
114732;-185052;48130;25298;2
124819;-181283;48761;25533;4
102120;-165114;47342;26544;1
125265;-181484;48789;25521;1
99355;-177722;47169;25756;2
117419;-171581;48298;26140;4
125938;-172580;48831;26077;2
123012;-192119;48648;24856;1
100891;-176570;47265;25828;2
111601;-182332;47935;25468;4
118726;-169488;48380;26271;4
129072;-181504;49027;25520;2
102028;-181281;47336;25533;8
113081;-167030;48027;26424;4
123006;-170848;48647;26186;8
126540;-170526;48868;26206;1
126108;-190684;48841;24946;8
129732;-178411;49068;25713;1
109679;-164402;47814;26588;4
113786;-187000;48071;25176;4
119672;-179541;48439;25642;4
112053;-182889;47963;25433;4
120422;-182344;48486;25467;1
119146;-174371;48406;25965;2
106102;-184730;47591;25318;4
106959;-171429;47644;26149;8
130288;-168291;49103;26345;2
117661;-179264;48313;25660;1
99944;-183850;47206;25373;8
124253;-188664;48725;25072;4
104755;-188772;47507;25065;1
100955;-177068;47269;25797;8
113072;-189827;48027;24999;4
101214;-167381;47285;26402;2
103592;-184527;47434;25331;2
110799;-166682;47884;26446;1
129068;-178977;49026;25677;4
124753;-189621;48757;25012;1
102946;-173402;47394;26026;4
124766;-180342;48757;25592;8
109718;-187545;47817;25142;4
102397;-168977;47359;26302;8
116346;-170289;48231;26220;2
115144;-168310;48156;26344;8
111747;-174115;47944;25981;4
108415;-179124;47735;25668;2
114733;-170459;48130;26210;8
114936;-184585;48143;25327;8
127593;-185667;48934;25259;2
126805;-172053;48885;26110;2
119745;-169117;48444;26294;8
122091;-178746;48590;25692;8
106928;-184502;47643;25332;8
116456;-165467;48238;26522;2
115961;-167639;48207;26386;8
121028;-175777;48524;25877;2
120631;-173538;48499;26017;1
115053;-180613;48150;25575;4
127585;-173171;48934;26040;8
110020;-179286;47836;25658;1
109862;-183667;47826;25384;8
108227;-169955;47724;26241;8
127678;-164066;48939;26609;4
115224;-169267;48161;26284;8
107295;-170371;47665;26215;4
111358;-182471;47919;25459;8
122437;-185925;48612;25243;8
120047;-178576;48462;25703;4
122688;-187354;48628;25154;2
127040;-185407;48900;25276;8
102949;-172953;47394;26054;4
110476;-175201;47864;25913;2
129234;-180177;49037;25602;4
112359;-163858;47982;26622;1
101032;-183823;47274;25375;2
103442;-171082;47425;26171;8
115378;-185123;48171;25293;8
121397;-172385;48547;26089;8
122937;-183591;48643;25389;1
107319;-165646;47667;26511;4
120189;-173977;48471;25990;2
128608;-174439;48998;25961;8
113929;-183900;48080;25370;8
100857;-182253;47263;25473;8
100083;-171194;47215;26164;2
101393;-178002;47297;25738;8
123028;-192074;48649;24859;1
109465;-185122;47801;25293;1
114408;-169788;48110;26252;4
124764;-182293;48757;25470;4
123764;-175564;48695;25891;1
130239;-167252;49099;26410;2
120101;-181060;48466;25547;4
123930;-191595;48705;24889;1
108282;-186518;47727;25206;4
103808;-177126;47448;25793;8
129881;-182641;49077;25448;1
108486;-190035;47740;24986;1
127281;-169604;48915;26263;2
111695;-191709;47940;24882;2
108854;-171157;47763;26166;4
130401;-167076;49110;26421;4
112802;-173028;48010;26049;1
104811;-175457;47510;25897;2
127317;-168337;48917;26342;8
107523;-169058;47680;26297;2
123291;-173147;48665;26042;8
102126;-166188;47342;26477;1
114957;-165993;48144;26489;2
124402;-193860;48735;24747;1
112287;-166698;47977;26445;2
107451;-190140;47675;24980;2
124814;-183919;48760;25369;4
108687;-181320;47752;25531;4
127227;-183523;48911;25393;4
128482;-169731;48990;26255;1
104008;-183299;47460;25407;8
118585;-185807;48371;25251;4
100030;-173985;47211;25989;4
113616;-187156;48061;25166;2
124570;-170737;48745;26192;4
119260;-179374;48413;25653;1
118353;-192128;48357;24856;4
115034;-181085;48149;25546;8
121755;-166085;48569;26483;8
117851;-191400;48325;24901;8
111310;-181477;47916;25521;2
106513;-168382;47617;26340;8
101122;-185331;47280;25280;4
113913;-183784;48079;25377;1
110699;-196287;47878;24596;2
108201;-171867;47722;26122;4
100507;-164363;47241;26591;2
123006;-175102;48647;25920;2
128886;-164490;49015;26583;1
110865;-191261;47889;24910;4
99913;-181368;47204;25528;4
101169;-169575;47283;26265;4
104143;-170501;47468;26207;1
120857;-168722;48513;26318;4
101690;-165703;47315;26507;1
120534;-167716;48493;26381;4
119490;-178991;48428;25677;4
112710;-181292;48004;25533;2
109845;-191447;47825;24898;8
117468;-177521;48301;25768;1
122182;-174754;48596;25941;8
115118;-166263;48154;26472;4
128741;-173866;49006;25997;8
104891;-179227;47515;25662;2
126722;-168539;48880;26330;2
108539;-191826;47743;24874;8
104988;-179793;47521;25626;8
111719;-177990;47942;25739;4
100671;-167414;47251;26400;8
102791;-175724;47384;25881;8
121248;-179248;48538;25661;4
122190;-167151;48596;26417;8
120519;-175798;48492;25876;4
111795;-189873;47947;24996;2
125877;-171599;48827;26139;8
111124;-174866;47905;25934;8
102609;-177559;47373;25766;8
108574;-182682;47745;25446;2
117994;-165491;48334;26520;1
110497;-164317;47866;26594;4
113249;-175948;48038;25867;1
116851;-186330;48263;25218;2
104546;-173548;47494;26017;1
123695;-181095;48690;25545;2
100186;-179185;47221;25664;1
110481;-190840;47865;24936;4
128815;-171637;49010;26136;8
124856;-188042;48763;25111;4
114428;-181574;48111;25515;4
103854;-173340;47450;26030;1
99860;-176941;47201;25805;1
107258;-169611;47663;26263;8
114441;-180991;48112;25552;8
108360;-188852;47732;25060;1
124936;-184834;48768;25311;4
103969;-166788;47458;26439;8
126354;-167345;48857;26404;2
104980;-170715;47521;26194;2
122777;-171165;48633;26166;8
101444;-176693;47300;25820;8
113938;-172349;48081;26092;1
111027;-185738;47899;25255;2
110846;-185954;47887;25241;2
110881;-181619;47890;25512;1
124609;-189635;48748;25011;2
108258;-179018;47726;25675;8
110664;-186408;47876;25213;2
123988;-186193;48709;25226;2
123691;-171388;48690;26152;4
123696;-179803;48691;25626;1
108035;-179617;47712;25637;2
110598;-176439;47872;25836;8
109724;-183368;47817;25403;4
107500;-167574;47678;26390;2
112877;-187416;48014;25150;2
108790;-181672;47759;25509;1
110082;-176022;47840;25862;4
113381;-175656;48046;25885;2
122516;-184573;48617;25328;4
107186;-190512;47659;24957;1
120956;-176826;48519;25812;2
109663;-180321;47813;25593;4
120302;-171896;48478;26120;2
100367;-167155;47232;26416;1
117940;-168440;48331;26336;4
126917;-190537;48892;24955;2
117305;-193322;48291;24781;1
117894;-191302;48328;24907;8
119111;-175826;48404;25874;4
102155;-176291;47344;25845;4
100773;-164020;47258;26612;4
122850;-176988;48638;25802;1
127468;-168809;48926;26313;4
130508;-167438;49116;26399;2
103725;-169456;47442;26273;8
100708;-167408;47254;26401;4
122859;-183558;48638;25391;2
120904;-175376;48516;25903;2
123171;-163844;48658;26623;2
112819;-168141;48011;26355;4
124314;-179948;48729;25617;1
126269;-192856;48851;24810;4
111499;-173183;47928;26040;1
115987;-189442;48209;25023;2
122270;-185683;48601;25258;8
123067;-179100;48651;25670;8
101989;-174787;47334;25939;2
126067;-179005;48839;25676;2
106306;-194294;47604;24720;1
127818;-187340;48948;25155;2
124774;-180992;48758;25552;4
119152;-182570;48407;25453;1
106735;-170613;47630;26200;2
123149;-177139;48656;25792;8
100616;-165441;47248;26523;1
121876;-178721;48577;25693;4
114538;-167123;48118;26418;8
124009;-171941;48710;26117;2
111255;-182666;47913;25447;8
114722;-189926;48130;24993;1
109453;-180425;47800;25587;2
108633;-183022;47749;25425;2
104095;-173747;47465;26004;1
121155;-167013;48532;26425;1
114575;-186689;48120;25195;8
110511;-181579;47866;25515;4
103916;-168462;47454;26335;2
102449;-179976;47363;25615;2
115195;-194755;48159;24691;1
110662;-178753;47876;25691;2
129765;-178355;49070;25716;4
117387;-178017;48296;25737;4
110547;-175119;47869;25919;4
124089;-194207;48715;24726;8
113665;-177472;48064;25772;1
111955;-196113;47957;24606;4
124837;-187714;48762;25131;2
107448;-181960;47675;25491;8
118052;-170411;48338;26213;1
130082;-178113;49090;25731;1
119374;-169534;48420;26268;8
106097;-193882;47591;24746;1
111572;-191674;47933;24884;1
108563;-179768;47745;25628;4
112690;-182443;48003;25461;4
108429;-192073;47736;24859;4
104055;-167007;47463;26426;8
108801;-181472;47760;25522;2
125132;-167239;48780;26411;4
110416;-179437;47861;25649;4
125157;-191097;48782;24920;1
128246;-165388;48975;26527;8
103304;-175841;47416;25873;4
104644;-187035;47500;25174;8
125666;-186294;48814;25220;4
119038;-166121;48399;26481;8
122282;-184351;48602;25342;1
117590;-180096;48309;25608;2
115818;-184652;48198;25323;8
130260;-164838;49101;26561;1
127435;-169773;48924;26253;2
114606;-169983;48122;26240;1
120937;-175668;48518;25884;4
120403;-178566;48485;25703;4
108003;-182612;47710;25450;1
103323;-170266;47417;26222;1
125186;-168056;48784;26360;8
120479;-186478;48489;25209;4
102795;-175035;47384;25924;1
112610;-191329;47998;24905;4
110890;-166588;47890;26452;2
111319;-164654;47917;26573;8
117015;-167557;48273;26391;4
120225;-172508;48474;26082;8
125405;-185861;48797;25247;1
113678;-194476;48064;24709;8
111056;-185235;47901;25286;1
104529;-169523;47493;26268;8
104291;-175244;47478;25911;1
124085;-166428;48715;26462;2
130696;-184493;49128;25333;1
120244;-179643;48475;25636;1
130955;-171640;49144;26136;1
108710;-187741;47754;25130;4
128454;-174110;48988;25982;8
107003;-167154;47647;26416;8
125129;-165748;48780;26504;8
111690;-182365;47940;25466;2
105516;-165901;47554;26495;8
128999;-185294;49022;25283;1
99210;-174157;47160;25979;2
110669;-193746;47876;24754;1
120145;-173895;48469;25995;8
111371;-196481;47920;24583;4
121683;-169994;48565;26239;1
115019;-183620;48148;25387;8
126137;-177283;48843;25783;2
122670;-167459;48626;26397;4
123137;-184340;48656;25342;8
115620;-184464;48186;25335;2
127949;-190702;48956;24945;1
112589;-171530;47996;26143;4
130788;-167320;49134;26406;8
121450;-174865;48550;25934;1
107834;-168321;47699;26343;4
124386;-170863;48734;26185;4
125635;-171800;48812;26126;4
100866;-180795;47264;25564;2
108037;-190366;47712;24966;4
105577;-183656;47558;25385;4
129738;-169755;49068;26254;1
129691;-173480;49065;26021;4
126445;-167254;48862;26410;2
109374;-186243;47795;25223;1
104731;-176618;47505;25825;2
113554;-177339;48057;25780;8
103185;-175299;47409;25907;4
102398;-171031;47359;26174;4
118544;-171573;48369;26140;1
112816;-173523;48011;26018;2
121579;-184664;48558;25322;2
113477;-189308;48052;25032;2
106203;-182989;47597;25427;8
124397;-179910;48734;25619;1
125936;-171604;48831;26138;2
105313;-185746;47542;25254;2
128037;-171325;48962;26156;2
103117;-184498;47404;25332;1
113234;-167163;48037;26416;8
126622;-166857;48873;26435;2
110245;-195893;47850;24620;8
110742;-181470;47881;25522;2
122101;-168817;48591;26312;4
102833;-170243;47387;26223;2
124294;-175891;48728;25870;2
113715;-184669;48067;25322;4
107976;-177345;47708;25779;4
100829;-166495;47261;26458;1
118810;-172177;48385;26102;1
115899;-187026;48203;25174;1
108814;-193205;47760;24788;2
118882;-183269;48390;25409;4
109641;-183810;47812;25375;8
119651;-190403;48438;24963;8
114085;-174102;48090;25982;2
104790;-189550;47509;25017;8
118139;-175428;48343;25899;8
123414;-179455;48673;25648;2
129504;-169451;49054;26273;8
102399;-171118;47359;26169;4
121041;-168745;48525;26317;2
113976;-166995;48083;26426;4
123242;-166851;48662;26435;1
128171;-166252;48970;26473;8
124832;-192025;48762;24862;8
99253;-176271;47163;25847;4
105810;-164879;47573;26559;1
117945;-168628;48331;26324;4
107778;-185026;47696;25299;2
116851;-166817;48263;26437;2
125898;-165115;48828;26544;2
104358;-173563;47482;26016;8
124146;-185481;48719;25271;1
116961;-194457;48270;24710;2
128722;-171622;49005;26137;2
102632;-175974;47374;25865;2
115142;-166295;48156;26470;2
111206;-193511;47910;24769;8
130531;-170031;49118;26237;1
115923;-193189;48205;24789;4
101183;-183924;47283;25368;2
118045;-168536;48337;26330;2
129624;-165042;49061;26548;1
117439;-177480;48299;25771;1
110265;-195169;47851;24665;1
119739;-175582;48443;25890;1
99337;-179913;47168;25619;2
111147;-195735;47906;24630;8
108811;-180800;47760;25564;4
108127;-169287;47717;26283;8
126107;-177554;48841;25766;4
119181;-167101;48408;26420;4
127796;-163855;48947;26623;2
100930;-175292;47268;25908;4
102541;-175379;47368;25902;1
127175;-175041;48908;25923;8
106177;-194173;47596;24728;2
116860;-194130;48263;24730;4
105449;-167289;47550;26408;1
123895;-185403;48703;25276;2
129475;-176403;49052;25838;8
112740;-173356;48006;26029;4
117867;-180415;48326;25588;2
103009;-169991;47398;26239;8
100862;-175705;47263;25882;1
118451;-171502;48363;26145;1
106931;-184495;47643;25333;4
123120;-177481;48655;25771;1
101684;-177858;47315;25747;1
129425;-163929;49049;26618;2
101247;-185146;47287;25292;8
108371;-187796;47733;25126;4
111772;-172156;47945;26104;1
105244;-170459;47537;26210;1
104879;-176850;47514;25810;2
100445;-181868;47237;25497;2
119982;-182294;48458;25470;2
101560;-180895;47307;25558;8
122645;-188281;48625;25096;2
108031;-169265;47711;26284;2
110679;-177322;47877;25781;2
122724;-173922;48630;25993;4
114254;-189147;48100;25042;8
121041;-177387;48525;25777;2
111746;-188982;47944;25052;8
113854;-179768;48075;25628;8
99396;-173663;47172;26010;2
109592;-179236;47809;25661;4
123702;-190821;48691;24937;8
111953;-185242;47957;25286;1
124301;-182112;48728;25482;1
103157;-170233;47407;26224;8
110621;-195804;47873;24626;1
112453;-184136;47988;25355;2
110139;-186656;47843;25198;2
105669;-193288;47564;24783;1
110027;-191331;47836;24905;4
110809;-189710;47885;25007;4
125847;-183749;48825;25379;2
113443;-185450;48050;25273;8
114023;-184337;48086;25342;4
107236;-177003;47662;25801;1
114421;-169974;48111;26240;8
107393;-190745;47672;24942;1
114340;-188238;48106;25099;8
123237;-187295;48662;25158;2
103111;-175579;47404;25890;4
105184;-170977;47534;26177;1
119191;-167526;48409;26393;4
118718;-171101;48379;26170;2
113733;-164271;48068;26597;4
110784;-182240;47884;25474;1
126714;-185223;48879;25287;2
101252;-184004;47288;25363;8
102199;-176746;47347;25817;4
129782;-168059;49071;26360;4
106744;-168670;47631;26322;1
125120;-185962;48780;25241;1
105029;-179586;47524;25639;8
128221;-175898;48973;25870;8
110621;-194913;47873;24681;1
107079;-184931;47652;25305;2
111567;-177687;47932;25758;2
109385;-164296;47796;26595;1
126220;-168871;48848;26309;2
108483;-182483;47740;25458;8
106635;-172479;47624;26084;1
126490;-186097;48865;25232;1
99648;-165854;47188;26498;1
112964;-181277;48020;25534;2
105039;-188556;47524;25079;4
125760;-179003;48820;25676;4
109380;-171442;47796;26148;8
106807;-172371;47635;26090;8
102595;-173664;47372;26010;8
129626;-163876;49061;26621;1
129230;-185816;49036;25250;4
115823;-189239;48198;25036;1
111950;-184779;47956;25315;1
111222;-183331;47911;25405;2
112452;-184617;47988;25325;4
113947;-189400;48081;25026;1
107671;-165810;47689;26500;2
118580;-181652;48371;25510;8
108607;-180605;47747;25576;1
109723;-186750;47817;25192;2
109475;-180788;47802;25564;1
99760;-174524;47195;25956;1
116423;-180567;48236;25578;8
107725;-181557;47692;25516;2
103043;-172036;47400;26111;4
121205;-165552;48535;26517;4
101217;-170145;47286;26229;2
106667;-176665;47626;25822;2
109419;-192752;47798;24817;8
111199;-193568;47909;24766;4
124337;-168585;48731;26327;8
101068;-169924;47276;26243;4
120022;-175105;48461;25919;2
124835;-168805;48762;26313;4
117272;-164557;48289;26579;2
108708;-179059;47754;25672;8
109791;-186013;47821;25238;2
128045;-166732;48962;26443;8
124203;-179746;48722;25629;4
99421;-174677;47173;25946;4
126495;-188321;48865;25093;1
117673;-183599;48314;25389;2
117669;-171590;48314;26139;1
124799;-182352;48759;25467;4
117991;-164750;48334;26567;4
120766;-165867;48507;26497;8
111153;-189085;47907;25046;4
99275;-172870;47164;26059;2
103483;-163879;47427;26621;8
99815;-179157;47198;25666;1
116389;-171593;48234;26139;4
101845;-170573;47325;26203;1
120185;-169153;48471;26291;1
118674;-181186;48377;25539;1
117985;-170045;48334;26236;4
119592;-175011;48434;25925;8
113318;-179072;48042;25672;1
113392;-178958;48047;25679;4
125719;-165167;48817;26541;2
120358;-187235;48482;25161;1
113532;-194046;48055;24736;8
127380;-163898;48921;26620;1
105959;-194761;47582;24691;1
102838;-173593;47387;26014;1
130034;-173947;49087;25992;1
101634;-165896;47312;26495;2
110649;-186691;47875;25195;2
118483;-174281;48365;25971;1
125512;-171741;48804;26130;2
102599;-168215;47372;26350;1
105620;-191258;47561;24910;8
107381;-179667;47671;25634;1
112745;-187216;48006;25163;2
111252;-172519;47913;26081;8
119081;-166037;48402;26486;2
100164;-175110;47220;25919;2
103349;-175747;47419;25879;8
125823;-171552;48823;26142;2
100690;-167027;47253;26424;2
124345;-167815;48731;26375;2
120597;-178333;48497;25718;1
104803;-170256;47510;26223;8
100543;-175490;47243;25895;4
107690;-189174;47690;25040;8
110027;-179117;47836;25669;2
124040;-168703;48712;26320;4
111801;-175685;47947;25883;2
107990;-181440;47709;25524;4
110683;-181335;47877;25530;2
118311;-175943;48354;25867;8
107073;-166915;47652;26431;2
113189;-192316;48034;24844;1
101576;-178227;47308;25724;1
109734;-189078;47818;25046;2
109548;-191585;47806;24889;1
120093;-181473;48465;25521;1
108835;-185082;47762;25296;2
108453;-189077;47738;25046;2
114365;-172198;48107;26101;1
111361;-192606;47920;24826;1
102487;-176677;47365;25821;2
127340;-180489;48918;25583;8
120875;-178520;48514;25706;4
131034;-170724;49149;26193;2
106159;-182584;47594;25452;1
103653;-173160;47438;26041;4
103018;-176240;47398;25849;2
111021;-186210;47898;25225;8
129082;-173060;49027;26047;2
101429;-181235;47299;25536;8
117444;-187540;48300;25142;8
124476;-168407;48739;26338;2
125305;-172242;48791;26098;8
123487;-164421;48677;26587;2
105825;-194579;47574;24702;8
112756;-186401;48007;25213;2
101191;-174119;47284;25981;2
117611;-180064;48310;25610;2
112399;-193804;47984;24751;1
124107;-168410;48716;26338;8
118068;-191064;48339;24922;2
122330;-182094;48605;25483;8
110657;-164351;47876;26592;8
100113;-171164;47217;26166;1
104355;-169536;47482;26268;8
121191;-176039;48534;25861;8
112081;-171288;47965;26158;4
119336;-181688;48418;25508;2
120612;-178836;48498;25686;8
111913;-190388;47954;24964;2
105553;-166793;47557;26439;1
124457;-169346;48738;26279;4
123516;-192520;48679;24831;8
103311;-174029;47416;25987;8
123769;-168586;48695;26327;1
100574;-178823;47245;25687;2
111907;-194730;47954;24693;8
128808;-168089;49010;26358;8
122755;-167776;48632;26378;1
128451;-178048;48988;25736;1
112821;-189265;48011;25034;8
101209;-169500;47285;26270;4
100269;-174359;47226;25966;8
121882;-177988;48577;25739;8
102439;-168356;47362;26341;1
123440;-179519;48675;25644;2
101541;-174988;47306;25927;4
107544;-168232;47681;26349;8
108028;-176872;47711;25809;2
99308;-176113;47166;25856;8
100390;-181060;47234;25547;2
123236;-178017;48662;25737;1
123299;-166160;48666;26479;8
101426;-181174;47299;25540;8
116315;-164091;48229;26608;1
118183;-169400;48346;26276;8
114012;-187549;48085;25142;1
99722;-183528;47192;25393;1
100595;-164033;47247;26611;2
105955;-169957;47582;26241;2
122203;-167114;48597;26419;2
110293;-188982;47853;25052;1
110034;-194347;47837;24717;8
101491;-184116;47303;25356;4
124175;-189038;48720;25049;4
107218;-185417;47661;25275;8
110642;-175758;47875;25879;4
114040;-186166;48087;25228;8
123368;-187390;48670;25152;4
127946;-168506;48956;26332;8
110484;-183663;47865;25385;2
111337;-172108;47918;26107;4
98984;-177234;47146;25786;4
108373;-185656;47733;25260;2
111654;-171938;47938;26117;2
124222;-189820;48723;25000;4
118451;-174210;48363;25975;4
110122;-174658;47842;25947;2
108086;-189728;47715;25006;2
111394;-177952;47922;25742;1
122351;-178667;48606;25697;1
110832;-165943;47887;26492;8
109894;-180678;47828;25571;1
113666;-164315;48064;26594;1
108377;-171362;47733;26153;2
115312;-191510;48167;24894;1
119937;-171707;48456;26132;1
127313;-190675;48917;24946;1
107471;-190844;47676;24936;1
112764;-167024;48007;26425;2
107896;-178066;47703;25734;8
117622;-169970;48311;26240;8
127573;-179832;48933;25624;8
114878;-187012;48139;25175;1
100389;-177056;47234;25798;1
111887;-182562;47952;25453;4
105127;-170165;47530;26228;8
121267;-186410;48539;25213;1
110829;-176955;47886;25804;4
121876;-184272;48577;25347;1
106828;-191463;47636;24897;1
123343;-192177;48668;24852;8
99841;-172785;47200;26064;8
115803;-184901;48197;25307;1
101562;-168542;47307;26330;1
116946;-167380;48269;26402;1
99837;-176690;47199;25820;2
107019;-184877;47648;25309;8
107397;-169831;47672;26249;4
125583;-164567;48808;26578;8
118985;-177381;48396;25777;8
108485;-167740;47740;26380;2
114504;-185487;48116;25271;2
107883;-182960;47702;25429;4
99566;-183482;47182;25396;1
113692;-183912;48065;25369;4
104985;-185098;47521;25295;4
126598;-187697;48872;25132;2
117907;-181278;48329;25534;1
117367;-185328;48295;25281;8
125706;-186443;48816;25211;8
106139;-196603;47593;24576;2
112617;-193587;47998;24764;4
102530;-165037;47368;26549;8
122584;-184816;48621;25313;2
116450;-167578;48238;26390;2
106169;-165880;47595;26496;2
100066;-180335;47214;25593;1
105523;-164026;47555;26612;1
125552;-191075;48807;24921;4
129537;-166786;49056;26439;4
127414;-188006;48923;25113;1
112124;-186396;47967;25214;8
110550;-178334;47869;25718;4
123654;-173374;48688;26028;2
110642;-176512;47875;25832;8
114702;-189765;48128;25003;1
107270;-176679;47664;25821;8
114216;-168935;48098;26305;1
113267;-178808;48039;25688;1
125984;-188349;48834;25092;8
107212;-171251;47660;26160;8
109482;-187734;47802;25130;1
130195;-193163;49097;24791;4
121282;-185149;48540;25292;1
127406;-173631;48922;26012;4
121715;-191838;48567;24874;1
101011;-184259;47273;25347;4
129310;-169150;49041;26292;2
102865;-171222;47389;26162;2
126281;-181343;48852;25530;2
109921;-186615;47830;25200;8
113857;-187022;48076;25175;8
102147;-179647;47344;25636;4
108448;-177557;47738;25766;2
122052;-166177;48588;26477;8
130145;-194921;49094;24681;2
109539;-175241;47806;25911;1
110618;-178706;47873;25694;8
108214;-188057;47723;25110;8
107937;-182980;47706;25427;1
120322;-176012;48480;25863;2
112278;-175033;47977;25924;4
113656;-188747;48063;25067;1
102894;-171973;47390;26115;4
112990;-182753;48021;25441;8
124555;-186688;48744;25196;2
114029;-190461;48086;24960;2
128821;-163891;49011;26620;4
112957;-166961;48019;26428;4
125053;-184131;48775;25355;1
118000;-168954;48335;26304;4
123769;-180636;48695;25574;8
128621;-182960;48998;25429;1
104898;-189767;47516;25003;2
110041;-177005;47837;25801;8
116666;-166150;48251;26479;8
110110;-195738;47841;24630;2
105518;-164460;47554;26585;2
117424;-171221;48299;26162;1
124261;-164219;48726;26600;8
122748;-182118;48631;25481;1
108971;-181593;47770;25514;4
125042;-184315;48775;25344;8
108903;-190867;47766;24934;1
105449;-175775;47550;25878;4
117779;-169807;48321;26251;1
103797;-177520;47447;25769;1
128179;-167517;48971;26394;4
110824;-194769;47886;24690;4
101875;-179317;47327;25656;4
112963;-194319;48020;24719;8
122345;-174029;48606;25987;1
111619;-191672;47936;24884;8
120173;-176569;48470;25828;8
115004;-192825;48147;24812;4
124119;-184563;48717;25328;4
100309;-166873;47229;26434;2
122287;-191354;48602;24904;8
108852;-190270;47763;24972;2
108173;-178482;47720;25708;8
117560;-172437;48307;26086;4
108281;-182754;47727;25441;2
107939;-165925;47706;26493;4
104568;-177722;47495;25756;2
111466;-189807;47926;25001;4
114735;-189507;48130;25019;8
109491;-184681;47803;25321;1
107405;-178259;47672;25722;8
109538;-177887;47806;25746;1
101185;-184461;47284;25335;4
127899;-174052;48953;25985;8
111727;-187173;47942;25165;2
124986;-165070;48771;26547;4
104993;-170403;47522;26213;1
111427;-182264;47924;25472;8
106861;-176818;47638;25812;1
103885;-175029;47452;25924;1
105245;-165608;47537;26513;2
103442;-165681;47425;26508;8
123926;-171525;48705;26143;1
109602;-183830;47810;25374;8
124173;-166168;48720;26478;1
114005;-169314;48085;26281;8
108614;-178049;47748;25735;1
104132;-177417;47468;25775;2
100164;-171613;47220;26138;8
127399;-170559;48922;26204;1
102634;-179060;47374;25672;2
99367;-177374;47170;25778;4
124446;-187709;48737;25132;1
128363;-170971;48982;26178;2
112540;-177730;47993;25755;2
109385;-185729;47796;25255;2
121681;-178994;48565;25676;2
127976;-169121;48958;26293;2
114151;-187473;48094;25146;1
107451;-188625;47675;25074;1
122791;-183370;48634;25403;4
102833;-173020;47387;26050;4
111422;-172779;47923;26065;2
108908;-190514;47766;24956;1
120536;-183493;48493;25395;4
111971;-173100;47958;26045;4
127215;-192634;48910;24824;1
109084;-191160;47777;24916;8
109820;-193643;47823;24761;8
129431;-173589;49049;26014;1
106322;-192364;47605;24841;8
100163;-165719;47220;26506;4
123296;-164487;48666;26583;2
120297;-170427;48478;26212;1
105178;-180104;47533;25607;2
110237;-183694;47849;25383;4
124067;-171454;48714;26148;8
113595;-178946;48059;25679;1
123616;-170684;48686;26196;8
106105;-170753;47591;26191;8
118803;-179022;48385;25675;2
113778;-178327;48071;25718;1
113738;-178282;48068;25721;4
113447;-178897;48050;25682;4
121281;-186421;48540;25212;2
107577;-168236;47683;26349;2
122713;-194179;48629;24727;2
123971;-183764;48708;25378;8
126383;-188256;48858;25098;2
123894;-189156;48703;25041;4
99409;-177028;47173;25799;1
111446;-175025;47925;25924;8
105434;-176032;47549;25862;2
99876;-177005;47202;25801;8
117976;-164918;48333;26556;8
118326;-169993;48355;26239;8
120689;-168746;48503;26317;1
109851;-179643;47825;25636;1
104991;-189696;47521;25008;4
124728;-186552;48755;25204;2
130090;-184231;49090;25349;1
127944;-168749;48956;26317;4
119941;-175359;48456;25904;4
126961;-169974;48895;26240;4
104255;-176740;47475;25817;2
117387;-189100;48296;25045;8
126536;-190506;48868;24957;8
109452;-185722;47800;25256;1
108977;-192187;47771;24852;8
102086;-171700;47340;26132;4
111237;-164032;47912;26612;4
129342;-180891;49043;25558;2
112289;-188059;47978;25110;2
117971;-180686;48333;25571;2
104989;-183306;47521;25407;4
113601;-176885;48060;25808;8
99884;-175560;47202;25891;2
106057;-194973;47588;24678;2
121016;-166189;48523;26477;2
113892;-179177;48078;25665;1
104736;-184037;47506;25361;8
123899;-173464;48703;26022;4
123028;-176338;48649;25842;8
117962;-181674;48332;25509;8
124587;-180427;48746;25587;2
113575;-177215;48058;25788;8
100473;-173840;47239;25999;8
106973;-179726;47645;25631;4
110810;-186579;47885;25202;1
127195;-178459;48909;25710;1
126495;-183707;48865;25382;4
105937;-193618;47581;24762;2
102895;-166935;47390;26430;8
125754;-181711;48819;25507;8
111382;-181770;47921;25503;2
112958;-183177;48019;25415;8
101016;-174277;47273;25971;1
108758;-190279;47757;24971;1
111882;-181668;47952;25509;1
105536;-195033;47556;24674;2
129666;-165996;49064;26489;4
116520;-194321;48242;24718;2
105101;-176299;47528;25845;2
121708;-167455;48566;26398;1
124192;-181163;48722;25541;4
100225;-176290;47224;25845;1
126462;-165338;48863;26530;2
118900;-192384;48391;24840;8
111218;-194155;47911;24729;1
127285;-164930;48915;26555;1
119277;-170864;48414;26185;4
117763;-164875;48320;26559;2
117067;-193247;48276;24786;1
113258;-180049;48038;25610;4
120307;-181000;48479;25551;8
100445;-167443;47237;26398;2
106502;-168566;47616;26328;4
118848;-177852;48388;25748;4
104843;-178227;47512;25724;1
117874;-180490;48327;25583;4
106841;-191333;47637;24905;8
107083;-191495;47652;24895;8
128994;-185905;49022;25244;8
129862;-167670;49076;26384;4
112035;-189220;47962;25037;4
105989;-168129;47584;26355;2
105629;-195035;47561;24674;8
108370;-191630;47733;24887;4
103387;-173292;47421;26033;1
119951;-170961;48456;26178;8
123672;-165253;48689;26535;8
122302;-176838;48603;25811;8
128598;-169617;48997;26262;8
100682;-168593;47252;26326;8
109169;-166248;47783;26473;4
128127;-167505;48967;26394;8
110740;-195348;47881;24654;1
117259;-176679;48288;25821;8
105321;-187404;47542;25151;8
128318;-176818;48979;25812;8
125714;-184262;48817;25347;4
111089;-181362;47903;25528;2
107436;-184970;47674;25303;8
110245;-178345;47850;25717;8
127324;-187930;48917;25118;4
104798;-189039;47509;25049;8
106865;-186742;47639;25192;1
128659;-173505;49001;26019;4
118766;-188203;48382;25101;8
122347;-184796;48606;25314;4
104312;-178194;47479;25726;8
104966;-184524;47520;25331;4
125386;-171986;48796;26114;1
110512;-175319;47867;25906;4
112459;-174388;47988;25964;1
107432;-186015;47674;25238;8
121247;-166061;48537;26485;8
102032;-173339;47337;26030;2
107893;-165943;47703;26492;1
124465;-181258;48739;25535;1
108339;-182011;47731;25488;2
124810;-165013;48760;26550;8
100376;-178220;47233;25725;2
109193;-182458;47784;25460;2
123888;-182427;48703;25462;4
110065;-180196;47839;25601;1
104985;-185572;47521;25265;1
112524;-168391;47992;26339;1
124091;-168152;48715;26354;2
120725;-187124;48505;25168;8
116267;-180668;48226;25572;8
125016;-170646;48773;26198;4
100469;-175376;47239;25903;8
104342;-179374;47481;25653;2
105223;-167131;47536;26418;1
105825;-182698;47574;25445;4
128335;-170637;48980;26199;2
100198;-171161;47222;26166;8
107340;-176553;47668;25829;8
99703;-172653;47191;26073;2
115071;-166954;48151;26429;8
130039;-182777;49087;25440;1
105151;-176518;47531;25831;8
103364;-174969;47420;25928;2
109927;-174986;47830;25927;2
121085;-168902;48527;26307;2
101953;-176576;47332;25828;4
113578;-187844;48058;25123;2
126217;-196541;48848;24580;8
119077;-174071;48402;25984;2
108968;-189370;47770;25028;1
104369;-171980;47483;26115;4
112014;-175405;47960;25901;1
120010;-180874;48460;25559;4
112838;-171556;48012;26141;2
122268;-182297;48601;25470;2
122708;-167616;48629;26388;4
107887;-187223;47702;25162;8
109801;-190620;47822;24950;1
115232;-183406;48162;25401;8
109444;-180942;47800;25555;1
110266;-187693;47851;25133;4
124807;-190939;48760;24930;4
100144;-178361;47219;25716;1
110726;-196595;47880;24576;4
125013;-189731;48773;25005;1
105508;-178899;47554;25682;1
122465;-171095;48614;26170;8
116059;-166099;48213;26482;2
100942;-163937;47268;26617;1
118847;-178553;48387;25704;2
103758;-166363;47444;26466;2
115263;-169229;48163;26287;4
107323;-168946;47667;26304;4
105468;-170270;47551;26222;2
114947;-180594;48144;25576;8
126554;-180548;48869;25579;4
127484;-163856;48927;26623;4
106296;-192420;47603;24837;8
109434;-176416;47799;25838;1
105076;-172592;47527;26077;2
114879;-188101;48139;25107;8
111364;-189038;47920;25049;2
120071;-188870;48464;25059;4
125349;-183781;48794;25377;4
127563;-164008;48932;26613;8
116997;-164044;48272;26611;2
124430;-189058;48736;25047;8
113195;-194233;48034;24724;4
126775;-166102;48883;26482;8
121363;-178334;48545;25718;8
128706;-177050;49004;25798;8
108617;-183226;47748;25412;8
110936;-182377;47893;25465;1
111491;-184218;47928;25350;4
126749;-188331;48881;25093;1
114427;-181587;48111;25514;4
118108;-193311;48341;24782;8
122715;-188197;48629;25101;2
102367;-163866;47357;26622;4
105422;-180920;47548;25556;2
105998;-174769;47584;25940;1
123126;-181840;48655;25499;4
118180;-181764;48346;25503;1
109965;-184461;47832;25335;4
100374;-174451;47233;25960;4
108546;-193159;47744;24791;8
129646;-167977;49062;26365;1
110959;-190689;47894;24945;1
107222;-172096;47661;26108;4
120607;-170661;48497;26197;4
111174;-187587;47908;25139;1
105441;-170691;47550;26195;2
118139;-168629;48343;26324;4
126435;-192608;48862;24826;8
124706;-194290;48754;24720;4
125647;-188951;48812;25054;2
104489;-165996;47490;26489;8
118416;-191654;48361;24885;2
122963;-177413;48645;25775;4
117084;-164315;48277;26594;1
129253;-166901;49038;26432;4
107645;-168571;47687;26328;2
127848;-192904;48950;24807;8
102683;-164477;47377;26584;2
113717;-165914;48067;26494;8
115277;-166056;48164;26485;1
105796;-164914;47572;26556;2
100687;-170942;47252;26180;8
114600;-193622;48122;24762;1
126000;-191206;48835;24913;4
116740;-193159;48256;24791;2
103029;-164827;47399;26562;2
113776;-179162;48071;25666;2
108268;-185071;47726;25297;4
124100;-172273;48716;26096;8
109431;-190859;47799;24935;4
105317;-177208;47542;25788;2
122156;-173552;48594;26017;2
130271;-176167;49101;25853;1
121852;-175793;48575;25876;2
123351;-183845;48669;25373;8
111373;-177291;47920;25783;4
112238;-173851;47974;25998;8
110568;-171632;47870;26137;4
112231;-185377;47974;25277;1
111567;-195862;47932;24622;2
104380;-164226;47483;26599;1
114861;-181019;48138;25550;2
104307;-170410;47479;26213;2
98996;-177169;47147;25790;4
100033;-179545;47212;25642;4
107798;-170445;47697;26211;8
101144;-177921;47281;25743;8
109123;-184381;47780;25340;1
127344;-165058;48919;26547;8
108116;-165937;47717;26492;4
110162;-167422;47845;26400;8
113542;-187531;48056;25143;1
111091;-174795;47903;25939;4
117406;-165186;48297;26539;8
121994;-191162;48584;24916;1
99173;-174149;47158;25979;2
112627;-182336;47999;25468;8
99013;-175766;47148;25878;1
113838;-189846;48074;24998;2
124939;-185487;48768;25271;4
113764;-196396;48070;24589;1
107460;-171810;47676;26125;4
100052;-172091;47213;26108;4
124422;-190747;48736;24942;4
108536;-188229;47743;25099;4
111844;-191581;47950;24890;1
105653;-174568;47563;25953;8
99994;-166032;47209;26487;8
126495;-180640;48865;25574;8
106407;-167269;47610;26409;2
123987;-169704;48709;26257;2
130014;-165797;49085;26501;2
106280;-192124;47602;24856;4
100924;-176661;47267;25822;4
105578;-164414;47558;26588;2
129927;-183458;49080;25397;4
104180;-170983;47471;26177;4
130841;-171049;49137;26173;2
110478;-163853;47864;26623;4
122039;-173817;48587;26000;4
128207;-176326;48972;25843;8
130516;-164517;49117;26581;4
101171;-163940;47283;26617;2
107709;-177860;47691;25747;2
128807;-184581;49010;25327;8
117932;-166659;48330;26447;2
115640;-185499;48187;25270;2
109863;-196264;47826;24597;1
130190;-175934;49096;25868;8
118548;-171648;48369;26136;8
103013;-173425;47398;26024;8
126490;-189039;48865;25049;4
110753;-194306;47882;24719;1
113172;-196573;48033;24578;2
120009;-173713;48460;26006;1
119573;-173757;48433;26004;1
109735;-188793;47818;25064;4
123863;-165585;48701;26514;2
115586;-168168;48184;26353;8
124467;-193562;48739;24766;8
105393;-166800;47547;26439;8
129158;-166880;49032;26434;4
117851;-179159;48325;25666;8
123629;-184915;48686;25306;2
106749;-172456;47631;26085;2
104515;-174431;47492;25962;2
103704;-168117;47441;26356;1
111284;-192554;47915;24829;2
128231;-165380;48974;26527;2
109665;-193570;47814;24765;1
129657;-173737;49063;26005;4
124551;-194289;48744;24720;8
99729;-182227;47193;25474;1
121991;-174339;48584;25967;4
106021;-186560;47586;25204;4
119200;-171192;48410;26164;2
115827;-191578;48199;24890;2
105772;-176510;47570;25832;4
119574;-173788;48433;26002;1
121378;-175538;48546;25892;1
107849;-189151;47700;25042;2
111163;-196074;47907;24609;1
120148;-189353;48469;25029;1
105732;-193502;47568;24770;2
100540;-175523;47243;25893;2
107296;-187345;47666;25154;2
126848;-188079;48888;25109;1
110545;-194897;47869;24682;2
110542;-190592;47868;24952;4
121360;-185310;48545;25282;8
115939;-167618;48206;26387;8
109908;-190678;47829;24946;2
123249;-186939;48663;25180;8
100398;-168602;47234;26326;8
109582;-179535;47808;25643;8
99126;-178045;47155;25736;2
119118;-169065;48404;26297;4
102588;-179615;47371;25638;4
112397;-186000;47984;25239;2
124700;-185065;48753;25297;8
107564;-184582;47682;25327;8
129649;-172548;49063;26079;2
124138;-168721;48718;26318;8
99094;-176628;47153;25824;8
106412;-170564;47610;26203;4
108848;-181995;47763;25489;2
109339;-172761;47793;26066;4
117178;-187719;48283;25131;8
115615;-169100;48185;26295;1
127252;-164013;48913;26613;1
125585;-187103;48809;25170;8
120220;-172497;48473;26082;8
116185;-190931;48221;24930;2
109424;-172722;47799;26068;4
126258;-190524;48851;24956;8
118158;-174216;48344;25975;4
111160;-173841;47907;25998;1
121380;-171227;48546;26162;1
123334;-176605;48668;25826;2
113335;-178493;48043;25708;8
108624;-187898;47749;25120;4
112272;-183449;47977;25398;1
128069;-165711;48964;26507;2
123457;-193193;48676;24789;2
98447;-177959;47112;25741;2
112510;-187288;47991;25158;1
104064;-177917;47464;25744;4
105108;-194245;47529;24723;4
113304;-173446;48041;26023;2
107710;-166522;47691;26456;2
127591;-186375;48934;25215;4
113413;-194554;48048;24704;8
126220;-165727;48848;26506;8
107455;-179426;47675;25649;2
126818;-191533;48886;24893;2
123017;-167187;48648;26414;4
113185;-167946;48034;26367;4
124510;-167765;48741;26378;1
124799;-184164;48759;25353;1
105603;-194968;47560;24678;4
121204;-165574;48535;26515;2
128136;-169765;48968;26253;1
119185;-169167;48409;26291;8
126440;-187069;48862;25172;4
110323;-182590;47855;25452;8
121583;-178568;48558;25703;4
124168;-181168;48720;25541;4
125139;-168753;48781;26316;2
122196;-182835;48597;25436;8
114692;-170961;48128;26178;4
100440;-173960;47237;25991;2
121621;-181880;48561;25496;1
111728;-185158;47943;25291;1
117591;-180083;48309;25608;8
126930;-164134;48893;26605;8
127098;-169887;48903;26246;8
116340;-164687;48231;26571;2
110304;-189986;47854;24989;1
128216;-175353;48973;25904;4
100374;-167552;47233;26392;1
109869;-186629;47826;25199;2
116609;-177827;48248;25749;4
103804;-174624;47447;25950;8
111936;-186876;47956;25184;2
100945;-170914;47269;26181;8
105911;-171254;47579;26160;2
111947;-194596;47956;24701;4
112081;-189039;47965;25049;8
121928;-169126;48580;26293;2
111130;-177674;47905;25759;8
117267;-167975;48289;26365;8
126039;-188289;48837;25095;1
122072;-179318;48589;25656;2
126229;-165301;48849;26532;2
121777;-177426;48571;25774;8
103667;-166205;47439;26476;4
108919;-181383;47767;25527;4
100212;-173983;47223;25990;1
100085;-184046;47215;25361;8
129727;-176243;49067;25848;4
106066;-182445;47589;25461;8
108518;-178963;47742;25678;2
114290;-185644;48103;25261;8
126162;-168508;48845;26332;2
107980;-190699;47708;24945;4
113425;-171522;48049;26143;1
113968;-175392;48083;25902;8
113008;-172922;48023;26056;4
116086;-186964;48215;25178;4
122281;-166382;48602;26465;8
127160;-181676;48907;25509;8
107400;-171247;47672;26161;2
105385;-180376;47546;25590;8
101541;-166070;47306;26484;4
101739;-165690;47318;26508;1
104906;-189816;47516;25000;1
114997;-165665;48147;26509;1
108118;-170735;47717;26193;8
112830;-180600;48011;25576;2
100085;-185172;47215;25290;2
113380;-167530;48046;26393;1
123193;-188185;48659;25102;2
102407;-164954;47360;26554;2
100631;-170383;47249;26215;2
108802;-193256;47760;24785;2
107427;-188332;47674;25093;2
110467;-182102;47864;25482;1
118585;-181353;48371;25529;4
118225;-165846;48349;26498;1
126129;-188806;48843;25063;2
102625;-176071;47374;25859;4
100255;-176173;47225;25853;4
126873;-184565;48889;25328;1
119515;-176768;48429;25816;1
116854;-190495;48263;24958;1
123132;-185548;48655;25267;8
122627;-188213;48624;25100;2
109011;-176935;47773;25805;2
104226;-177092;47474;25795;4
103987;-177661;47459;25760;8
117628;-186000;48311;25239;4
99464;-173642;47176;26011;8
124186;-184123;48721;25356;2
103200;-165237;47410;26536;4
124595;-164888;48747;26558;4
128057;-165773;48963;26503;2
103984;-170135;47459;26230;4
120290;-184114;48478;25356;1
123953;-166382;48707;26465;4
116092;-166944;48215;26430;1
125436;-189767;48799;25003;8
110104;-167031;47841;26424;4
123084;-176171;48652;25853;8
116819;-193776;48261;24753;2
124831;-185127;48761;25293;4
130556;-185652;49119;25260;4
115748;-184701;48194;25320;1
112937;-166440;48018;26461;4
127927;-178348;48955;25717;4
128008;-164771;48960;26565;1
123930;-172011;48705;26113;4
101979;-178172;47333;25728;8
102511;-165980;47366;26490;2
126563;-189029;48870;25049;4
122319;-177410;48604;25775;1
127602;-175705;48935;25882;2
126503;-193695;48866;24758;2
127714;-178684;48942;25696;2
123223;-167120;48661;26419;1
126839;-188725;48887;25068;4
111670;-174856;47939;25935;8
114277;-189036;48102;25049;4
114156;-194826;48094;24687;4
119252;-170793;48413;26189;4
125239;-167670;48787;26384;4
125182;-165561;48783;26516;8
100417;-179675;47236;25634;8
127589;-171908;48934;26119;2
128675;-176616;49002;25825;1
120540;-182928;48493;25431;2
119382;-177582;48421;25765;2
124159;-183779;48719;25377;1
107821;-168518;47698;26331;1
129293;-173575;49040;26015;2
125774;-182784;48820;25440;4
106336;-173655;47606;26010;4
115815;-188056;48198;25110;4
130053;-184078;49088;25359;4
129185;-185938;49034;25242;1
124992;-189519;48772;25019;1
105316;-164656;47542;26573;2
117892;-180782;48328;25565;8
120405;-184670;48485;25322;4
108425;-181643;47736;25511;2
119478;-167607;48427;26388;2
110339;-193659;47856;24760;4
119123;-167886;48405;26371;2
112172;-181102;47970;25545;8
112301;-166659;47978;26447;2
108741;-177414;47756;25775;1
115753;-188481;48194;25083;4
124621;-180386;48748;25589;2
119515;-190109;48429;24982;2
109796;-164594;47822;26576;2
108629;-182780;47749;25440;8
124946;-186986;48769;25177;4
102794;-174493;47384;25958;1
100418;-174436;47236;25961;2
108677;-190356;47752;24966;2
110513;-182919;47867;25431;2
102634;-168375;47374;26340;2
106893;-182850;47640;25435;1
124811;-169321;48760;26281;1
130222;-177233;49098;25786;8
128457;-174507;48988;25957;8
124025;-170025;48711;26237;2
101122;-176533;47280;25830;4
116214;-168093;48223;26358;4
124364;-165718;48732;26506;8
108669;-191575;47751;24890;2
115891;-170280;48203;26221;4
107077;-182851;47652;25435;8
112149;-177380;47969;25777;4
115925;-169681;48205;26258;8
130498;-163877;49116;26621;1
123843;-167027;48700;26424;8
112373;-174933;47983;25930;2
109666;-181995;47814;25489;2
108638;-191782;47749;24877;8
124532;-193543;48743;24767;4
102541;-171789;47368;26127;4
110862;-165743;47888;26505;8
102391;-169577;47359;26265;1
100865;-183500;47264;25395;4
113403;-176538;48047;25830;1
116064;-165919;48214;26494;1
127373;-180543;48920;25580;1
108194;-168539;47722;26330;4
111725;-187784;47942;25127;8
123024;-179900;48649;25620;1
125838;-188548;48824;25079;4
106777;-186678;47633;25196;4
111961;-193528;47957;24768;1
126667;-172022;48876;26112;2
126445;-192212;48862;24850;1
110707;-192204;47879;24851;1
110002;-180324;47835;25593;4
130735;-169671;49130;26259;4
129683;-163965;49065;26616;1
110358;-182325;47857;25468;8
126272;-187548;48852;25142;8
120562;-186429;48495;25212;2
121499;-186228;48553;25224;4
108355;-190328;47732;24968;2
115448;-192799;48175;24814;1
101379;-167190;47296;26414;1
105447;-173788;47550;26002;4
114008;-166979;48085;26427;4
107912;-171929;47704;26118;2
127631;-166537;48936;26455;2
111350;-187861;47919;25122;1
114933;-169469;48143;26272;1
103235;-169997;47412;26239;1
109824;-183422;47824;25400;2
128417;-163886;48986;26621;1
112943;-192363;48018;24841;8
109698;-189549;47816;25017;4
99996;-182846;47209;25436;4
129419;-174864;49048;25935;1
114783;-193275;48133;24784;2
103044;-184396;47400;25339;8
99916;-183055;47204;25423;8
120601;-171332;48497;26155;1
126590;-184004;48871;25363;2
110216;-177700;47848;25757;4
109037;-180302;47774;25595;4
100485;-170473;47240;26209;1
128905;-175620;49016;25887;1
100839;-171500;47262;26145;4
104592;-185563;47497;25266;4
102113;-173786;47342;26002;2
104820;-169181;47511;26290;1
101563;-183077;47307;25421;1
109872;-195638;47827;24636;2
112401;-194009;47985;24738;1
108076;-169276;47714;26284;8
127740;-176672;48943;25822;4
106250;-166336;47600;26468;4
109798;-189904;47822;24995;4
122128;-168784;48593;26315;4
110480;-165228;47865;26537;1
114121;-170320;48092;26219;2
124780;-186870;48758;25184;1
109177;-182937;47783;25430;4
108189;-185809;47721;25250;4
127806;-177177;48947;25790;2
113043;-171243;48025;26161;4
119897;-176130;48453;25855;1
107249;-167606;47663;26388;1
108328;-170033;47730;26236;1
101883;-166972;47327;26428;4
123227;-170522;48661;26206;1
110804;-164101;47885;26607;1
124700;-184761;48753;25316;8
108840;-189019;47762;25050;2
126868;-166640;48889;26449;4
128749;-195926;49006;24618;1
127951;-169067;48956;26297;8
103209;-176582;47410;25827;2
126206;-190044;48847;24986;2
100782;-174417;47258;25962;4
101584;-184520;47309;25331;1
106069;-168156;47589;26354;4
117882;-181734;48327;25505;8
107700;-170034;47691;26236;8
130082;-174999;49090;25926;8
99532;-183203;47180;25413;2
103442;-163931;47425;26618;4
126769;-189760;48883;25004;2
116242;-165587;48225;26514;8
120069;-181065;48464;25547;1
108338;-191716;47731;24881;2
125624;-191920;48811;24869;4
106703;-177573;47628;25765;4
123205;-183865;48660;25372;4
124707;-171668;48754;26134;2
129880;-167016;49077;26425;4
110184;-180929;47846;25555;2
125745;-193009;48819;24800;1
100160;-184692;47220;25320;4
110028;-187326;47836;25156;2
108561;-185956;47745;25241;4
127324;-165124;48917;26543;2
113463;-176643;48051;25823;8
124737;-182738;48756;25442;1
119236;-167048;48412;26423;8
115704;-164343;48191;26592;2
129687;-176382;49065;25840;4
100472;-174077;47239;25984;1
114612;-193534;48123;24768;8
120746;-178684;48506;25696;4
101511;-184398;47304;25339;2
110649;-182222;47875;25475;8
112245;-193483;47975;24771;1
100436;-181796;47237;25501;4
101592;-165877;47309;26496;2
109775;-189191;47820;25039;1
117418;-189213;48298;25038;4
114402;-183339;48110;25405;8
115032;-167020;48149;26425;2
109743;-186653;47818;25198;8
111166;-193026;47907;24799;4
127287;-180597;48915;25576;8
105735;-169429;47568;26274;4
115690;-169523;48190;26268;4
119651;-179625;48438;25637;1
128083;-166454;48965;26460;4
105294;-174527;47540;25956;2
121632;-177395;48562;25776;8
124578;-175799;48746;25876;8
122734;-167615;48630;26388;1
130740;-184416;49131;25338;2
106872;-172550;47639;26079;2
117677;-168505;48314;26332;1
111413;-196528;47923;24581;2
120024;-169422;48461;26275;1
129453;-176509;49050;25832;1
113114;-185926;48029;25243;1
108942;-182876;47768;25434;4
125287;-186703;48790;25195;8
103312;-174781;47417;25940;4
119864;-174962;48451;25928;4
125332;-181778;48793;25502;4
104178;-177012;47471;25800;4
108751;-181292;47756;25533;2
128258;-174136;48976;25980;1
124139;-179351;48718;25654;2
107581;-180364;47683;25591;8
129274;-177244;49039;25786;4
99675;-180877;47189;25559;4
98976;-177994;47146;25739;4
100540;-166991;47243;26427;4
118109;-167554;48341;26391;8
126674;-168404;48877;26338;1
127692;-168167;48940;26353;1
114466;-166876;48114;26434;8
113507;-187799;48054;25126;4
104503;-166922;47491;26431;8
118273;-174714;48352;25944;2
124394;-168509;48734;26332;1
102993;-164300;47397;26595;8
117406;-172201;48297;26101;8
124914;-187695;48767;25133;4
124194;-188616;48722;25075;4
122088;-167239;48590;26411;4
104621;-185045;47498;25298;8
112581;-195269;47996;24659;2
119499;-177525;48428;25768;2
129513;-186544;49054;25205;4
115131;-184140;48155;25355;1
111725;-177323;47942;25781;8
124315;-180879;48729;25559;4
101096;-178951;47278;25679;4
107878;-188907;47702;25057;4
100421;-175408;47236;25901;1
120220;-180061;48473;25610;4
129826;-177222;49074;25787;4
127028;-185412;48899;25275;1
125419;-187390;48798;25152;8
128299;-173711;48978;26007;4
124405;-176240;48735;25849;4
114565;-183412;48120;25400;8
126247;-183403;48850;25401;2
129833;-182960;49074;25429;2
108980;-183026;47771;25424;4
105637;-168219;47562;26350;2
119567;-176655;48432;25823;8
118909;-177825;48391;25749;2
109656;-164560;47813;26579;2
101169;-179944;47283;25617;2
124895;-171803;48765;26126;1
121813;-172735;48573;26068;2
127530;-186445;48930;25211;1
121827;-169620;48574;26262;4
108600;-190503;47747;24957;1
102733;-178881;47380;25683;1
126484;-186036;48865;25236;1
114123;-178534;48092;25705;4
129145;-173745;49031;26004;2
106774;-191169;47633;24915;8
125597;-177739;48809;25755;2
127939;-170579;48956;26202;4
128202;-178084;48972;25733;2
115089;-170049;48153;26235;4
102094;-168825;47340;26312;1
107085;-191192;47652;24914;4
101412;-180997;47298;25551;8
113607;-182041;48060;25486;8
124935;-178097;48768;25732;1
128276;-176895;48977;25808;8
128023;-166497;48961;26457;2
106260;-183549;47601;25392;1
112293;-171525;47978;26143;2
120282;-169200;48477;26289;1
115286;-187729;48165;25130;8
108936;-185802;47768;25251;8
125296;-187996;48791;25114;8
102949;-176109;47394;25857;1
112839;-184686;48012;25321;8
125699;-182297;48816;25470;2
108707;-191309;47754;24907;2
101812;-180552;47323;25579;8
114328;-169337;48105;26280;4
129580;-168114;49058;26356;1
117056;-167625;48276;26387;2
118311;-178085;48354;25733;1
112964;-164648;48020;26573;1
111142;-194262;47906;24722;8
127312;-177526;48917;25768;8
99270;-175074;47164;25921;4
127696;-166580;48941;26452;8
128691;-176924;49003;25806;1
111109;-185497;47904;25270;4
123549;-167641;48681;26386;4
116222;-189955;48223;24991;4
117907;-187306;48329;25157;2
120336;-165655;48481;26510;1
99606;-167089;47185;26420;4
102385;-169738;47359;26255;1
122755;-188653;48632;25073;8
102842;-176093;47387;25858;2
111678;-175200;47939;25914;2
101375;-178037;47295;25736;4
117934;-168449;48330;26335;8
121990;-175669;48584;25884;2
112062;-189254;47963;25035;8
108862;-171516;47763;26144;8
102847;-174709;47387;25944;2
130635;-169101;49124;26295;1
125026;-171851;48774;26123;2
115902;-165835;48203;26499;8
108018;-179637;47711;25636;1
121961;-168714;48582;26319;4
120947;-187808;48519;25126;8
112596;-172274;47997;26096;4
108897;-180700;47766;25570;2
129443;-173346;49050;26029;4
120490;-188383;48490;25090;2
125895;-181746;48828;25504;2
107554;-169841;47682;26248;1
107465;-187730;47676;25130;2
109813;-177228;47823;25787;2
107321;-177658;47667;25760;4
104931;-187093;47518;25170;8
103287;-173988;47415;25989;8
104489;-178737;47490;25692;2
110553;-185855;47869;25248;4
105703;-193163;47566;24791;2
115188;-184557;48159;25329;2
109456;-187645;47801;25136;8
128496;-175482;48991;25896;1
118295;-167999;48353;26364;1
119186;-167492;48409;26395;8
102543;-165309;47368;26532;1
101498;-178029;47303;25737;2
115648;-167804;48188;26376;2
123419;-188550;48673;25079;4
120751;-182150;48506;25479;4
129666;-170497;49064;26207;2
116907;-167707;48266;26382;2
100766;-181883;47257;25496;2
101054;-168239;47275;26349;4
122906;-184014;48641;25363;4
112139;-175350;47968;25904;1
113494;-194680;48053;24696;4
121916;-175014;48579;25925;1
129835;-172473;49074;26084;2
124688;-182753;48753;25441;2
128713;-172256;49004;26098;1
111045;-195915;47900;24619;8
124939;-183394;48768;25401;2
121424;-168187;48549;26352;4
115220;-168259;48161;26347;4
112323;-182519;47980;25456;2
115304;-168334;48166;26343;8
109550;-187270;47806;25159;2
130070;-178095;49089;25733;2
120110;-179653;48466;25635;8
102992;-170311;47397;26219;8
127571;-177523;48933;25768;8
108729;-166875;47755;26434;2
118529;-181292;48368;25533;1
123730;-190834;48693;24936;8
123145;-173992;48656;25989;2
110233;-185342;47849;25280;2
120024;-184029;48461;25362;4
109800;-181243;47822;25536;4
99564;-180036;47182;25611;1
128804;-183772;49010;25378;4
128611;-171888;48998;26121;8
119138;-168051;48406;26360;2
100164;-165805;47220;26501;4
111704;-177821;47941;25750;2
112229;-171631;47974;26137;4
122856;-173024;48638;26050;1
104328;-185087;47480;25296;8
119898;-176235;48453;25849;4
102402;-177746;47360;25754;2
103977;-170043;47458;26236;8
107751;-188487;47694;25083;8
121556;-182086;48557;25483;8
128727;-163862;49005;26622;4
108126;-185872;47717;25247;2
116815;-166860;48260;26435;4
107067;-179752;47651;25629;8
128835;-177059;49012;25797;4
103469;-173059;47426;26047;1
113507;-181675;48054;25509;2
101162;-176673;47282;25821;2
104937;-187200;47518;25164;1
116519;-167764;48242;26378;4
113279;-180703;48039;25570;2
124822;-181849;48761;25498;8
120388;-184114;48484;25356;1
121627;-177952;48561;25742;4
104854;-184149;47513;25354;1
111549;-193899;47931;24745;8
113562;-178326;48057;25718;8
107138;-191641;47656;24886;8
113604;-183208;48060;25413;4
101116;-184482;47279;25333;2
109567;-175215;47807;25913;1
124493;-190651;48740;24948;2
112179;-177325;47971;25781;4
124905;-180413;48766;25588;4
124144;-169085;48719;26296;1
124335;-181032;48730;25549;2
109664;-182195;47814;25476;2
100204;-173915;47222;25994;2
123179;-183703;48658;25382;2
120872;-180769;48514;25565;2
101758;-179423;47319;25650;8
114908;-193520;48141;24769;1
121821;-169644;48573;26261;1
120303;-185083;48478;25296;4
116299;-168223;48228;26350;8
107986;-185972;47709;25240;2
105811;-168125;47573;26356;1
109174;-182112;47783;25482;4
108967;-181915;47770;25494;1
109923;-193881;47830;24746;8
112270;-184249;47976;25348;2
115744;-187920;48194;25119;4
123701;-170747;48691;26192;4
104249;-165133;47475;26543;4
124062;-190176;48713;24978;4
109578;-193426;47808;24774;8
122267;-191114;48601;24919;1
112365;-186432;47982;25212;1
128319;-167685;48979;26383;1
108220;-167335;47723;26405;8
106469;-163893;47614;26620;2
129827;-163929;49074;26618;4
107758;-182407;47694;25463;8
130223;-164759;49098;26566;1
107789;-189840;47696;24999;8
129430;-177149;49049;25792;4
123231;-188499;48661;25082;4
102942;-171992;47393;26114;2
122614;-165298;48623;26532;1
116239;-164709;48224;26569;8
121355;-186593;48544;25201;2
108700;-185017;47753;25300;8
126001;-184517;48835;25331;4
123375;-169586;48670;26264;2
101585;-173821;47309;26000;1
110295;-167027;47853;26424;8
130497;-165273;49116;26534;8
112201;-174550;47972;25954;8
110546;-163893;47869;26620;4
104928;-171009;47518;26175;2
107835;-168505;47699;26332;1
111319;-195534;47917;24643;1
100478;-178208;47239;25726;4
117901;-187454;48328;25148;1
112380;-174933;47983;25930;2
112055;-175910;47963;25869;2
113142;-175642;48031;25886;8
103042;-184061;47400;25360;1
110177;-187691;47846;25133;1
126742;-172355;48881;26091;8
118037;-193139;48337;24792;4
123741;-194298;48693;24720;1
109824;-176217;47824;25850;8
120350;-175863;48481;25872;1
112267;-187324;47976;25156;2
100114;-171973;47217;26115;4
122861;-164963;48638;26553;8
107126;-169971;47655;26240;1
105156;-188347;47532;25092;8
123133;-173916;48655;25994;1
104693;-176622;47503;25825;2
119291;-173950;48415;25992;2
123998;-180911;48709;25557;8
106289;-183482;47603;25396;2
126430;-168631;48861;26324;4
129834;-168144;49074;26355;4
123505;-169130;48679;26293;8
109825;-190615;47824;24950;4
117542;-172278;48306;26096;8
115481;-190825;48177;24937;4
123820;-189291;48698;25033;1
131033;-170403;49149;26213;2
117076;-173116;48277;26044;2
112095;-177777;47965;25752;4
121094;-175027;48528;25924;8
128123;-181434;48967;25524;2
103738;-184329;47443;25343;8
118402;-178153;48360;25729;8
125987;-169056;48834;26298;8
123417;-163901;48673;26620;1
122783;-176005;48633;25863;4
111276;-177948;47914;25742;2
101764;-170719;47320;26194;4
127086;-168775;48902;26315;8
112757;-191619;48007;24887;1
104827;-176594;47511;25826;2
127358;-190300;48919;24970;2
117492;-163967;48303;26616;1
105287;-180561;47540;25578;8
113077;-181479;48027;25521;2
109969;-195641;47833;24636;2
103811;-170345;47448;26217;4
111408;-180496;47923;25583;2
126933;-164538;48893;26580;2
112544;-172261;47994;26097;1
121572;-178208;48558;25726;1
130048;-191734;49088;24880;8
117730;-179459;48318;25647;2
109703;-177398;47816;25776;4
116192;-187005;48222;25176;4
115413;-192762;48173;24816;1
124471;-189501;48739;25020;8
112070;-175476;47964;25896;1
107900;-189171;47703;25040;4
111295;-184414;47915;25338;2
112172;-182597;47970;25451;1
106713;-167466;47629;26397;1
107053;-172356;47650;26091;8
130511;-169439;49116;26274;8
105250;-173210;47538;26038;4
126330;-196415;48855;24588;8
99746;-175625;47194;25887;1
109987;-181549;47834;25517;4
104241;-177836;47475;25749;4
110429;-176704;47861;25820;4
111159;-163978;47907;26615;1
111197;-172021;47909;26112;2
110771;-178765;47883;25691;2
104077;-167077;47464;26421;8
116581;-167927;48246;26368;2
124297;-164073;48728;26609;1
107727;-188970;47692;25053;1
128708;-176318;49004;25844;4
122522;-177569;48617;25765;1
116035;-165600;48212;26514;8
101067;-169907;47276;26244;8
108394;-189543;47734;25017;8
117001;-171033;48272;26174;1
108017;-183129;47711;25418;2
102326;-175161;47355;25916;8
112956;-184426;48019;25337;2
124172;-171350;48720;26154;8
127081;-180199;48902;25601;2
103027;-172986;47399;26052;8
112838;-180454;48012;25585;1
112125;-190811;47967;24938;1
100344;-184826;47231;25312;1
109435;-187085;47799;25171;8
107868;-166559;47701;26454;8
118884;-181509;48390;25519;4
119649;-169272;48438;26284;1
104612;-187282;47498;25158;8
121642;-176773;48562;25815;2
121568;-173052;48558;26048;8
124553;-171404;48744;26151;2
126848;-171079;48888;26171;8
128153;-183022;48969;25425;4
109025;-191477;47774;24896;8
127106;-174851;48904;25935;2
113496;-177411;48053;25775;1
126287;-181279;48852;25534;8
128474;-164355;48989;26591;8
129207;-186151;49035;25229;8
124917;-181796;48767;25501;1
123605;-183859;48685;25372;2
103260;-173017;47413;26050;4
127263;-165164;48913;26541;1
111776;-189966;47946;24991;2
107249;-176985;47663;25802;2
126491;-169884;48865;26246;8
105814;-167118;47573;26419;2
123310;-188104;48666;25107;8
107095;-167605;47653;26388;4
119522;-173864;48430;25997;8
102269;-177890;47351;25745;2
112456;-186140;47988;25230;2
108757;-181343;47757;25530;8
112138;-186816;47968;25188;4
130194;-168117;49097;26356;8
102300;-164879;47353;26559;8
102439;-166250;47362;26473;2
117945;-166407;48331;26463;4
101368;-174708;47295;25944;1
125129;-183127;48780;25418;2
112582;-179527;47996;25643;8
120294;-172522;48478;26081;4
114643;-166756;48125;26441;8
99437;-180107;47174;25607;8
121837;-179964;48574;25616;1
111248;-164558;47913;26579;8
110806;-185239;47885;25286;2
126510;-183606;48866;25388;4
119533;-176675;48430;25821;2
99824;-175094;47199;25920;2
109124;-189377;47780;25027;2
105471;-170099;47551;26232;1
119533;-177426;48430;25774;8
103626;-166399;47436;26464;2
113068;-171759;48026;26129;1
125234;-191757;48787;24879;2
119738;-173737;48443;26005;1
121908;-182534;48579;25455;8
125440;-190339;48800;24967;1
105076;-191932;47527;24868;2
110771;-189830;47883;24999;4
108268;-167857;47726;26372;4
130588;-187138;49121;25167;8
116532;-167934;48243;26368;1
130294;-170965;49103;26178;8
118111;-174504;48341;25957;2
126911;-187132;48891;25168;4
100438;-181165;47237;25541;8
115411;-167102;48173;26420;1
117627;-172414;48311;26088;1
120466;-191082;48489;24921;2
123382;-170727;48671;26193;2
126634;-178425;48874;25712;8
111729;-171510;47943;26144;8
111108;-165857;47904;26497;8
103346;-173163;47419;26041;8
99675;-171819;47189;26125;2
126927;-163851;48892;26623;8
130902;-187445;49141;25148;4
114523;-189308;48117;25032;2
101091;-179154;47278;25666;4
101927;-180483;47330;25583;1
126027;-165076;48836;26546;2
124549;-169065;48744;26297;2
113327;-166063;48042;26485;4
125564;-184344;48807;25342;8
114950;-169359;48144;26279;2
102275;-178080;47352;25734;1
111161;-181202;47907;25538;2
120855;-168651;48513;26323;2
123588;-180097;48684;25607;8
102767;-163844;47382;26623;4
114733;-195467;48130;24647;2
120033;-182950;48462;25429;1
125231;-181974;48786;25490;4
108809;-180567;47760;25578;8
105889;-182838;47578;25436;2
107983;-166918;47708;26431;2
121665;-184447;48564;25336;8
112145;-176973;47969;25803;2
114537;-190145;48118;24979;4
103267;-170388;47414;26214;1
106903;-176941;47641;25805;8
124384;-169601;48734;26263;4
105167;-165500;47532;26520;2
104292;-183746;47478;25379;4
126965;-191004;48895;24926;2
104946;-179433;47519;25649;2
110015;-185004;47835;25301;1
106398;-193762;47609;24753;2
107892;-181254;47703;25535;1
116819;-193239;48261;24786;8
99307;-179496;47166;25645;4
107376;-169894;47671;26245;8
101568;-173985;47308;25989;2
128905;-186092;49016;25233;4
124305;-188275;48729;25096;8
130925;-170402;49142;26213;2
105374;-188473;47545;25084;2
112041;-175967;47962;25866;2
127462;-165271;48926;26534;4
123978;-191006;48708;24926;8
103119;-172088;47404;26108;1
99242;-172544;47162;26080;2
102968;-175964;47395;25866;4
105248;-183060;47538;25422;8
129812;-172541;49073;26080;1
127770;-187381;48945;25152;2
108749;-181954;47756;25491;8
105375;-164163;47545;26603;4
99189;-175173;47159;25915;8
105082;-173742;47527;26005;1
100854;-171008;47263;26176;4
110398;-181174;47859;25540;1
101885;-177161;47327;25791;2
128951;-184639;49019;25324;1
109263;-193034;47788;24799;8
123333;-170463;48668;26210;1
126810;-189655;48885;25010;1
115969;-167986;48208;26364;2
112043;-171385;47962;26152;8
109505;-193586;47804;24764;4
128194;-164556;48972;26579;2
126256;-183496;48851;25395;2
100481;-178670;47240;25697;1
113995;-186155;48084;25229;8
129793;-168030;49072;26362;4
126320;-189991;48855;24989;1
123402;-168963;48672;26303;4
124512;-188814;48742;25063;1
113060;-182108;48026;25482;1
116165;-189353;48220;25029;2
99469;-181449;47176;25523;2
122651;-173056;48625;26048;8
114311;-184204;48104;25351;8
126495;-186397;48865;25214;4
112701;-194493;48003;24708;4
111682;-190259;47940;24972;1
111558;-181645;47932;25511;1
102271;-176794;47351;25814;8
108820;-180600;47761;25576;2
98931;-176352;47143;25842;4
107473;-169467;47677;26272;8
101353;-165676;47294;26509;8
108523;-170743;47742;26192;4
124788;-182350;48759;25467;8
119763;-169209;48445;26288;8
128873;-175854;49014;25873;2
101911;-166147;47329;26479;8
112679;-181807;48002;25501;4
112256;-185447;47976;25273;1
112674;-187206;48002;25163;4
110442;-173203;47862;26038;2
113616;-164925;48061;26556;2
107034;-169249;47649;26285;8
111000;-171705;47897;26132;4
100529;-174813;47243;25938;2
99540;-168439;47181;26336;1
102390;-178838;47359;25686;2
122768;-177494;48633;25770;8
130518;-166489;49117;26458;4
120082;-171766;48465;26128;2
129712;-167744;49067;26380;4
106761;-182882;47632;25433;8
105375;-187701;47545;25132;8
110235;-196582;47849;24577;4
128239;-181457;48974;25522;4
108044;-180466;47712;25584;2
109594;-180608;47809;25576;8
99673;-182479;47189;25459;2
127623;-180360;48936;25591;8
128219;-190404;48973;24963;1
129131;-164148;49030;26604;1
115768;-191485;48195;24896;1
126261;-165571;48851;26515;2
103021;-169487;47398;26271;4
113310;-180196;48041;25601;2
129149;-164634;49031;26574;1
109678;-182094;47814;25483;2
105331;-188776;47543;25065;4
125514;-183804;48804;25376;2
119260;-172656;48413;26073;4
101023;-167497;47273;26395;8
114309;-177773;48104;25753;1
118039;-169418;48337;26275;8
110590;-185796;47871;25251;4
109636;-175146;47812;25917;2
113732;-190075;48068;24984;2
130152;-169924;49094;26243;2
123714;-191215;48692;24913;4
116045;-188552;48212;25079;4
113279;-194667;48039;24697;8
105988;-168118;47584;26356;4
110996;-175714;47897;25881;8
119499;-190055;48428;24985;2
122721;-168999;48630;26301;2
125666;-182553;48814;25454;4
123935;-170054;48705;26235;1
113017;-171555;48023;26141;4
118092;-169523;48340;26268;2
122002;-179955;48585;25616;1
106895;-176814;47640;25813;4
122838;-173556;48637;26016;2
116260;-186136;48226;25230;4
129768;-187863;49070;25122;8
100385;-175554;47234;25891;1
109009;-184960;47773;25304;8
124131;-183436;48718;25399;4
107960;-171392;47707;26152;2
120140;-171827;48468;26124;8
108683;-187618;47752;25137;8
108630;-171521;47749;26143;8
113495;-167729;48053;26380;2
110927;-191271;47892;24909;1
102445;-167087;47362;26421;4
104320;-178417;47480;25712;1
130721;-187310;49130;25157;8
123043;-183091;48650;25420;4
102331;-184154;47355;25354;4
119009;-175910;48398;25869;4
129769;-176160;49070;25854;8
123616;-165035;48686;26549;2
113358;-164738;48044;26567;8
100064;-179156;47214;25666;2
116773;-193574;48258;24765;4
99850;-173704;47200;26007;1
114117;-177193;48092;25789;2
128961;-180911;49020;25557;2
113510;-176534;48054;25830;1
120156;-175979;48469;25865;2
119629;-176111;48436;25857;1
120312;-181216;48479;25538;4
109285;-186275;47790;25221;8
122117;-165563;48592;26516;1
120690;-178131;48503;25730;8
122680;-185229;48627;25287;1
112585;-183209;47996;25413;8
128736;-169062;49006;26297;2
107126;-184869;47655;25309;1
114501;-175230;48116;25912;4
102231;-179049;47349;25673;8
124577;-169411;48746;26275;1
113070;-173396;48026;26026;1
112183;-193329;47971;24780;4
114257;-189229;48101;25037;1
112558;-166806;47994;26438;8
113886;-186255;48077;25223;4
100285;-181897;47227;25495;4
130378;-193662;49108;24760;8
105230;-189306;47536;25032;8
125903;-178879;48828;25684;1
121238;-196105;48537;24607;4
114900;-168522;48141;26331;8
101388;-167247;47296;26411;2
107990;-182285;47709;25471;1
108853;-191844;47763;24873;1
122913;-176105;48642;25857;2
112845;-164291;48012;26595;2
102053;-176868;47338;25809;2
128967;-168437;49020;26336;2
122372;-187152;48608;25167;1
112763;-177768;48007;25753;4
104910;-165645;47516;26511;1
107143;-172063;47656;26110;4
101906;-178447;47329;25711;2
130636;-170907;49124;26182;2
122123;-192022;48592;24862;8
113851;-182273;48075;25471;2
117974;-181392;48333;25527;4
111598;-175884;47934;25871;4
104177;-173669;47471;26009;1
106893;-167557;47640;26391;1
123500;-183753;48678;25379;1
116466;-168525;48239;26331;1
126967;-173052;48895;26048;8
101715;-178921;47317;25681;4
102923;-165161;47392;26541;4
110589;-181954;47871;25491;4
128959;-185794;49019;25251;4
111342;-195232;47918;24662;8
100585;-171699;47246;26132;4
115649;-169232;48188;26287;4
109887;-191498;47827;24895;4
129977;-175146;49083;25917;8
120460;-178067;48488;25734;1
99621;-180563;47186;25578;8
106587;-176509;47621;25832;1
116305;-190171;48229;24978;2
106467;-193722;47614;24756;4
125784;-185621;48821;25262;8
126681;-171750;48877;26129;8
110411;-176744;47860;25817;4
107851;-189894;47700;24995;1
110851;-171673;47888;26134;8
122991;-170838;48646;26186;1
106985;-185469;47646;25272;8
120222;-183540;48473;25392;1
121618;-170091;48561;26233;2
107998;-181171;47709;25540;1
118646;-177357;48375;25779;4
102260;-177004;47351;25801;1
100074;-166228;47214;26474;2
109177;-180203;47783;25601;8
128381;-175387;48983;25902;4
107326;-169956;47667;26241;4
119797;-175395;48447;25901;2
105360;-188019;47545;25112;8
120375;-171692;48483;26133;8
117105;-178062;48279;25735;4
125516;-171940;48804;26117;4
109003;-177074;47772;25796;4
112416;-185504;47986;25270;4
119686;-169132;48440;26293;1
103982;-176484;47458;25833;8
119854;-181048;48450;25548;4
116699;-171669;48253;26134;1
117873;-183467;48327;25397;1
120320;-175992;48480;25864;2
121502;-169709;48553;26257;8
117675;-191998;48314;24864;4
114178;-183104;48096;25420;8
122522;-192513;48617;24831;4
121741;-190738;48568;24942;1
123855;-184143;48700;25355;8
122597;-182740;48622;25442;8
123529;-189639;48680;25011;2
128671;-167618;49001;26387;1
113813;-184602;48073;25326;8
118627;-181554;48374;25516;2
106734;-169814;47630;26250;1
108621;-191439;47748;24899;1
116611;-185933;48248;25243;1
102415;-170012;47360;26238;1
113464;-167934;48051;26368;8
99829;-182494;47199;25458;1
102447;-165773;47362;26503;1
119573;-177633;48433;25761;4
108451;-171840;47738;26124;2
109324;-164570;47792;26578;8
128032;-181389;48962;25527;2
108315;-168945;47729;26304;8
113339;-194086;48043;24733;4
130607;-169336;49122;26280;2
118423;-177673;48361;25759;4
126132;-191881;48843;24871;1
104635;-183766;47499;25378;1
117751;-176303;48319;25845;4
118611;-167624;48373;26387;8
123966;-195734;48707;24630;2
120797;-175577;48509;25890;1
121758;-182331;48569;25468;4
113308;-191393;48041;24901;1
126601;-180277;48872;25596;1
121656;-181863;48563;25497;4
125317;-183271;48792;25409;8
128509;-163909;48991;26619;1
110975;-178100;47895;25732;1
112802;-190755;48010;24941;2
125469;-178616;48801;25700;8
124255;-186579;48725;25202;2
112545;-180819;47994;25562;2
112564;-179630;47995;25637;2
117481;-193202;48302;24788;2
102846;-169269;47387;26284;8
109507;-178994;47804;25676;2
130184;-176076;49096;25859;1
111286;-175661;47915;25885;4
120998;-177362;48522;25778;4
108403;-168045;47735;26361;4
106659;-185379;47626;25277;1
110663;-163989;47876;26614;1
116602;-167727;48247;26381;4
123963;-169964;48707;26241;8
113235;-196459;48037;24585;8
118743;-166789;48381;26439;1
107840;-190185;47700;24977;8
101173;-180017;47283;25612;1
126358;-180701;48857;25570;1
119322;-181542;48417;25517;2
106666;-191048;47626;24923;8
116972;-168624;48270;26325;1
121854;-175860;48575;25872;2
104687;-186934;47502;25180;8
113276;-178678;48039;25696;2
110648;-194959;47875;24679;1
112638;-166892;47999;26433;2
123896;-185257;48703;25285;4
127318;-190595;48917;24951;8
123561;-171203;48682;26163;1
129904;-172479;49079;26084;4
103404;-177467;47422;25772;8
120382;-174840;48483;25936;4
110200;-171476;47847;26146;2
99783;-168795;47196;26314;4
130629;-168891;49124;26308;8
113782;-184907;48071;25307;4
126007;-191137;48835;24917;8
107243;-179804;47662;25626;1
99686;-168925;47190;26306;8
123835;-171397;48699;26151;1
108061;-185609;47713;25263;2
130081;-176603;49090;25826;1
120672;-186562;48502;25203;8
103308;-177045;47416;25798;8
114645;-180977;48125;25552;1
112469;-184178;47989;25352;4
114048;-184979;48088;25302;1
118330;-168263;48355;26347;1
128684;-176272;49002;25847;8
110238;-184933;47849;25305;1
109004;-189499;47772;25020;2
129382;-165049;49046;26548;8
118409;-191687;48360;24883;8
106051;-184712;47588;25319;1
109798;-185934;47822;25243;1
116961;-195893;48270;24620;8
109323;-187196;47792;25164;2
110504;-181796;47866;25501;4
124782;-167620;48758;26387;8
102309;-184067;47354;25359;8
117579;-167160;48308;26416;1
105314;-187586;47542;25139;8
120388;-184272;48484;25347;4
129423;-168667;49048;26322;2
127507;-165189;48929;26539;4
105277;-188270;47539;25097;8
107169;-177605;47658;25763;4
112262;-175297;47976;25907;4
123962;-170856;48707;26185;8
111257;-191725;47913;24881;1
126985;-185452;48896;25273;1
108902;-179180;47766;25665;2
112918;-184638;48017;25324;8
127028;-187980;48899;25115;4
116619;-178645;48248;25698;2
126957;-191109;48894;24919;8
111012;-195940;47898;24617;8
99947;-174103;47206;25982;8
122381;-169014;48608;26300;1
117223;-172513;48286;26081;8
100495;-175630;47240;25887;1
103060;-172215;47401;26100;1
128861;-170188;49013;26227;1
102483;-165773;47365;26503;8
120941;-166320;48518;26469;4
112024;-181899;47961;25495;4
128598;-173711;48997;26007;1
124081;-173200;48715;26039;2
110605;-187076;47872;25171;1
113037;-168768;48024;26316;2
124828;-183914;48761;25369;2
110205;-181583;47847;25515;1
120842;-178346;48512;25717;1
128525;-173789;48992;26002;2
118236;-167413;48349;26400;8
118392;-165048;48359;26548;8
100661;-171599;47251;26139;4
110518;-194273;47867;24721;8
103172;-177382;47408;25777;4
112923;-190037;48017;24986;8
106206;-174202;47597;25976;4
103721;-165633;47442;26511;1
110914;-175531;47892;25893;4
129403;-164787;49047;26564;8
105339;-164882;47543;26558;1
104964;-166301;47520;26470;1
123908;-187132;48704;25168;4
100905;-170431;47266;26212;2
108477;-171637;47739;26136;2
111071;-164004;47901;26613;8
115232;-184535;48162;25330;4
129635;-167859;49062;26372;4
110053;-195600;47838;24639;8
120819;-180318;48511;25594;4
128475;-167626;48989;26387;8
114817;-167372;48136;26403;2
116472;-191646;48239;24886;1
129454;-182005;49050;25488;8
126404;-167145;48860;26417;1
118000;-166759;48335;26441;1
117620;-174765;48311;25941;8
109819;-196168;47823;24603;4
106469;-171071;47614;26172;1
122360;-181736;48607;25505;4
119468;-182292;48426;25470;1
103431;-173049;47424;26048;8
112421;-186208;47986;25226;8
108221;-167561;47723;26391;1
130837;-170309;49137;26219;1
113133;-177550;48030;25767;2
130607;-169259;49122;26285;2
126130;-189941;48843;24992;1
107439;-182028;47674;25487;4
102715;-174636;47379;25949;1
108844;-165256;47762;26535;8
105825;-194333;47574;24718;1
108142;-167852;47718;26373;8
110856;-180911;47888;25557;8
119094;-181492;48403;25520;2
106229;-182624;47599;25450;8
125151;-189471;48781;25022;2
115529;-180534;48180;25580;2
124746;-180882;48756;25558;1
100964;-182541;47270;25455;4
126170;-186126;48845;25231;4
99382;-176271;47171;25847;4
120318;-189354;48479;25029;8
100372;-168018;47233;26362;4
105576;-169879;47558;26246;4
122746;-169918;48631;26244;8
112978;-175502;48021;25895;4
104197;-171845;47472;26123;2
125314;-169284;48792;26283;1
127972;-190714;48958;24944;1
113813;-180196;48073;25601;1
103941;-177836;47456;25749;8
113786;-166247;48071;26473;4
118185;-193217;48346;24787;2
100921;-182302;47267;25470;2
99556;-167984;47182;26365;1
115989;-168840;48209;26311;8
99617;-176328;47186;25843;1
102718;-164420;47379;26587;1
123638;-170949;48687;26179;8
130323;-170090;49105;26233;1
124171;-166320;48720;26469;2
110693;-174988;47878;25927;1
127676;-179986;48939;25614;8
123875;-175124;48702;25918;8
127447;-173783;48925;26002;4
108736;-180542;47756;25580;2
104776;-176805;47508;25813;4
108546;-184811;47744;25313;8
126173;-167021;48845;26425;8
124463;-175514;48738;25894;4
125090;-179829;48778;25624;2
112724;-194047;48005;24736;2
125844;-165346;48825;26529;8
109466;-187455;47801;25148;2
131048;-170474;49150;26209;8
111266;-164579;47914;26577;2
103232;-176697;47412;25820;8
108841;-190949;47762;24929;4
127930;-167413;48955;26400;2
123223;-166493;48661;26458;2
100063;-168835;47213;26311;8
113216;-180097;48036;25607;1
125721;-192658;48817;24822;4
105351;-176042;47544;25861;4